seg 25 40000 5
ch 0 204 22 50 75 w p 58 76 52 - - 74 65 86 50 73 - - - - 54 50 59 66 56 78 57 75 81 - 69 55 85 61 73 - 60 83 76 51 55 62 64 89 85 83 50 65 81 86 53 65 55 67 71 68 64 60 68 74 75 61 - 62 89 61 61 58 82 84 76 69 65 70 - 74 - - 56 - 75 77 86 76 57 77 86 86 86 50 58 62 58 67 - 64 50 86 - 80 53 68 - 53 58 60 - 82 66 66 78 63 69 54 71 60 81 82 58 57 84 67 80 85 63 82 83 88 72 59 82 58 87 67 63 61 58 59 74 57 58 81 71 70 64 78 70 56 60 59 72 55 60 62 85 73 66 53 85 86 51 75 85 70 85 59 67 77 55 85 74 64 66 88 69 69 66 82 80 65 69 72 68 - 66 79 89 50 - 89 79 82 68 70 75 68 - - 73 81 - 71 51 79 50 68 70 67 73 82
ch 0 186 10 50 89 e p 82 76 87 75 62 72 73 - 56 82 52 77 60 84 58 73 60 63 58 59 - 62 64 65 64 78 71 - 76 89 73 61 79 52 75 76 51 69 70 71 - 79 80 - 67 74 79 79 59 52 55 78 81 87 - 66 70 73 68 59 57 58 67 76 85 64 81 61 68 62 88 66 50 68 55 78 64 85 63 89 81 83 53 72 78 84 80 61 77 89 88 54 80 59 72 69 69 64 65 78 65 55 68 52 57 - 58 53 67 56 80 67 88 - 57 58 65 56 72 83 59 69 56 71 51 69 87 81 88 77 89 70 78 85 78 71 56 63 76 88 50 71 67 72 65 79 55 87 67 58 50 72 - 54 66 85 54 83 52 82 51 74 86 80 61 65 65 89 53 75 64 87 65 87 74 87 - 75 50 61 81 77 84 53 85 86
ch 0 179 15 50 75 w p 72 54 81 56 84 68 89 52 52 73 - 79 59 50 54 64 - - 53 72 89 57 55 59 82 62 75 84 - - 55 60 69 75 66 85 67 86 61 63 - 50 50 59 68 83 65 89 62 75 61 70 80 69 61 64 58 67 69 75 63 56 73 57 51 53 68 60 68 59 62 50 - 86 69 86 66 64 70 77 64 53 63 - 52 88 78 75 78 67 58 60 57 62 82 64 75 78 65 66 79 66 62 52 75 71 75 64 74 50 74 68 71 88 88 - 75 - 68 80 72 65 60 65 78 62 62 52 74 59 68 65 74 52 70 66 79 89 63 77 - 80 72 50 83 78 58 68 78 56 - 71 - 51 85 57 58 71 68 82 66 77 59 75 55 66 61 - 52 68 77 81 54 - 87 71 74 80 63
ch 0 204 13 50 75 w p 71 70 63 53 77 51 68 78 68 66 82 55 66 54 85 86 74 67 75 77 57 50 55 63 57 - 71 56 72 56 70 71 63 56 55 65 62 75 66 70 67 55 87 - 64 89 84 67 57 78 86 74 66 69 53 66 67 60 72 71 77 79 61 62 89 - - 83 - 57 72 77 82 89 51 76 56 73 64 79 68 79 62 77 51 51 78 85 81 62 58 61 69 - 52 88 87 65 57 58 78 86 53 65 53 59 89 88 69 - 51 71 55 71 69 53 53 82 60 - 76 58 51 72 79 56 88 79 57 54 82 83 - 85 55 74 67 78 66 56 76 60 68 76 75 81 57 53 73 72 54 51 77 70 55 58 87 78 78 80 69 77 56 76 51 56 - 70 83 63 70 84 53 87 52 54 82 80 53 89 85 82 56 89 - 72 70 - 50 72 50 70 81 - 81 75 86 58 68 68 62 50 74 63
ch 0 175 16 50 75 w p 61 65 54 77 77 55 55 - 83 85 65 - 87 85 86 83 87 87 85 62 63 57 67 50 66 - 73 85 54 75 78 57 81 86 77 82 61 57 58 80 72 78 - 80 51 57 70 74 59 55 67 61 67 63 60 74 79 82 51 64 - 77 56 83 79 51 81 50 83 52 - 73 80 71 - 78 - 79 81 69 73 54 64 77 73 68 53 - - 83 79 66 66 58 88 79 69 82 52 55 70 75 - 73 72 75 73 64 76 - 64 86 50 72 71 71 89 69 82 51 63 89 57 59 75 83 54 84 80 88 67 74 52 75 84 74 80 85 80 87 75 81 84 88 57 88 56 66 73 88 55 70 66 83 69 57 66 81 62 - 70 87 66 86 69 78 51 - 88 86 69 - 78 - 65
ch 0 202 7 50 75 w p 83 75 70 71 84 62 72 86 72 55 57 67 53 83 61 72 74 54 70 79 86 75 85 79 55 87 53 81 70 69 88 81 - 59 59 79 83 65 59 77 68 51 79 81 50 85 78 74 69 53 - 73 62 67 - 59 80 88 79 80 86 84 61 84 53 72 50 62 56 - 78 52 64 72 60 73 59 63 66 62 75 - 56 69 54 84 67 79 88 71 59 62 64 50 56 84 87 64 72 61 68 54 57 61 66 71 70 53 73 58 79 55 62 - 62 87 54 82 88 64 75 89 83 75 86 88 78 54 54 50 56 50 58 61 76 77 52 73 77 53 76 67 88 77 81 - 77 81 56 87 71 63 63 53 50 89 52 74 89 52 56 78 64 78 61 73 71 65 50 69 61 57 73 64 63 55 73 61 70 75 85 82 71 69 50 72 82 61 78 81 88 57 76 68 84 56 76 80 53 78 83 54
ch 0 173 19 50 89 e p - 80 62 - 74 64 61 74 - 70 81 - 61 80 72 70 62 88 58 70 82 54 75 74 66 67 82 89 68 66 59 78 58 - 72 51 65 - 77 60 75 52 - 61 51 79 70 - 83 80 51 57 56 71 72 53 69 - 51 - 82 75 68 56 - 88 78 76 53 56 51 51 72 55 63 89 77 85 82 53 - 71 83 63 62 62 66 87 88 62 82 74 86 59 85 82 60 52 81 83 64 89 51 58 59 - 68 51 62 63 89 55 88 83 63 83 51 58 53 50 81 65 54 89 75 55 57 75 72 88 60 53 50 84 - 84 70 81 - 75 68 55 57 - 72 73 64 75 74 71 85 77 79 52 - 83 72 - 71 65 53 60 67 75 78 81 53 54 51 63 - 71 60
ch 0 224 10 50 75 w p 84 61 80 60 88 77 64 89 67 63 - 83 58 83 57 85 65 - 74 60 53 60 51 78 83 82 85 87 86 58 75 80 53 75 - 77 50 81 81 58 61 72 81 89 69 59 81 69 - 63 69 50 88 64 84 51 70 57 - 83 62 65 78 83 55 69 66 87 71 63 57 70 64 58 87 - 58 51 61 86 74 76 67 72 84 51 77 64 72 50 85 88 81 83 79 53 79 76 62 85 89 - 70 62 85 68 59 88 67 69 69 73 87 - 78 56 74 73 86 76 70 71 85 82 55 54 66 83 73 63 66 65 67 74 51 80 86 51 67 69 86 89 84 82 71 63 85 81 86 65 58 56 64 53 84 65 88 81 61 54 69 74 85 52 61 58 85 67 55 56 56 83 52 76 64 76 87 79 76 77 78 79 - 74 73 56 86 77 62 - 63 53 61 52 83 70 84 77 59 71 77 59 59 65 61 59 75 70 53 60 83 79 70 56 83 71 69 63 60 87 75 57 57 83
ch 0 213 10 50 89 e p 61 56 60 68 68 68 62 55 82 86 52 81 75 89 89 87 50 54 65 83 86 61 62 64 55 76 59 50 86 52 79 69 89 81 63 80 80 52 84 - 87 72 73 69 62 51 64 56 78 66 74 52 66 72 50 60 61 59 63 50 54 87 59 - 60 87 - 63 51 54 72 56 66 - 88 55 - 66 86 84 66 - 72 74 63 87 50 54 67 61 89 68 89 86 - 61 64 82 50 89 88 57 60 68 85 85 63 58 70 62 - 86 86 73 82 52 80 86 87 73 80 82 83 59 82 62 76 60 86 68 56 51 66 83 50 66 - 80 64 72 - 88 89 87 76 61 81 66 72 84 51 51 73 86 82 62 82 88 51 72 54 72 80 79 88 67 86 57 88 75 71 81 71 53 85 58 53 83 51 63 58 87 89 86 50 69 88 59 67 63 64 57 77 83 58 80 81 57 76 85 57 88 51 62 65 56 74 78 71 79 73 75 87
ch 0 195 20 50 75 w p 52 56 82 59 81 - 73 69 51 65 59 80 50 - - 86 61 77 - 56 83 - 64 52 56 51 78 52 - 57 82 52 62 64 50 75 - 52 64 82 58 67 66 63 70 84 79 53 68 74 87 62 62 54 50 50 73 70 55 - - 88 52 52 60 56 80 76 66 75 57 70 - 62 81 55 66 59 85 54 52 73 66 54 61 - 55 87 - 77 67 86 59 74 87 65 73 88 - 79 - 63 82 62 - 86 65 69 - 68 81 74 74 89 61 66 64 58 53 72 73 51 64 67 51 79 84 84 - 52 88 88 57 81 73 76 69 73 87 58 - 53 62 75 86 76 76 72 66 61 78 82 89 60 85 55 80 69 55 88 55 67 59 80 62 88 73 70 50 87 71 59 59 67 60 78 84 55 59 72 71 71 80 60 76 52 67 77 - 89 - 60 52 57 77
ch 0 187 17 50 89 e p 74 71 - 79 81 58 71 60 - 57 64 65 66 68 77 87 57 - 75 55 59 87 61 89 - - 72 71 53 72 79 73 61 66 79 76 54 57 66 64 71 75 78 86 84 55 66 66 63 68 79 73 76 63 87 69 64 85 58 - 69 54 60 58 58 64 - 71 76 62 83 72 - 55 85 56 79 87 81 66 89 72 67 57 70 84 57 70 77 84 79 71 81 50 58 61 69 54 88 80 63 88 56 55 64 67 71 60 82 89 74 74 75 60 60 85 - - 60 76 80 74 53 73 80 56 51 66 74 - 73 70 51 - - 69 72 84 63 68 69 70 79 69 67 59 57 81 79 76 57 73 65 66 68 83 - 50 80 78 63 72 51 74 - 78 77 68 56 87 68 65 - 84 74 54 81 - 88 52 54 59 57 70 62 53 79
ch 0 209 4 50 89 e p 61 62 61 50 73 76 83 70 88 76 60 89 70 70 71 70 63 59 64 69 75 71 77 88 53 77 63 81 76 51 71 70 76 50 56 54 78 53 88 63 88 51 58 75 76 68 60 82 59 53 70 72 84 71 72 63 56 80 56 62 84 65 64 79 55 86 77 56 57 85 89 82 59 88 83 59 - 60 55 82 87 86 72 70 69 60 89 80 67 68 82 58 80 77 75 60 88 62 58 56 80 80 76 66 89 62 68 83 50 64 79 62 67 59 70 80 52 60 81 81 60 84 59 76 71 65 85 69 59 83 57 76 64 53 64 67 77 89 66 78 56 - 86 56 80 59 75 50 82 87 73 83 86 79 61 83 66 83 68 77 80 70 60 58 66 51 87 61 65 84 57 89 78 63 53 64 89 60 76 50 70 69 72 55 79 58 74 59 - 81 57 75 61 86 - 50 74 70 66 56 85 68 78 80 73 59 52 87 67
ch 0 230 18 50 75 w p 86 72 59 88 50 66 89 58 55 52 71 75 55 63 89 67 53 77 86 - 81 66 77 65 52 - 59 53 73 84 66 55 63 - 89 62 86 64 57 70 55 52 83 53 - 66 66 51 76 70 60 - 78 54 85 62 86 62 62 55 80 53 65 86 58 - 84 58 62 60 55 78 88 54 54 69 88 86 85 76 89 75 62 50 60 60 60 52 79 86 61 86 - 52 69 - 83 55 72 66 89 - 67 54 57 74 55 64 85 64 59 67 - 75 55 60 68 69 82 53 - 85 64 74 73 50 - 60 69 - 89 72 55 68 54 62 61 56 77 51 78 89 63 58 84 63 85 84 57 55 63 87 64 53 - 53 64 56 56 87 77 73 61 72 73 58 53 68 74 58 69 59 75 71 73 - 86 67 52 79 65 57 71 68 69 85 83 64 86 74 55 88 74 54 63 89 89 65 62 79 63 65 57 74 60 50 - 83 56 88 73 67 79 59 82 - 72 51 78 89 53 79 63 - 72 54 71 54 57 75
ch 0 202 12 50 75 w p 65 89 54 55 79 77 82 - 70 67 75 64 66 50 54 - 66 86 56 54 75 87 56 86 57 77 74 77 74 80 58 55 77 87 56 76 78 59 72 87 79 67 65 51 54 58 72 65 - - 74 64 89 58 62 69 55 82 71 88 60 86 82 58 68 59 88 79 52 52 - 79 85 54 53 - 73 59 52 58 84 69 78 86 60 85 56 59 - 57 64 76 88 59 82 79 64 79 55 66 58 63 60 89 55 79 56 69 68 75 74 62 59 61 68 52 70 71 69 74 73 76 77 71 87 56 75 60 64 80 - 68 79 89 81 56 51 53 54 62 51 77 55 79 79 74 51 76 80 66 64 68 87 63 55 53 81 85 77 72 84 64 67 52 54 66 - 71 67 67 69 75 63 54 76 59 83 78 67 84 52 62 68 72 79 78 88 66 76 87 88 81 73 71 83 - 74 - 75 59 55 -
ch 0 181 16 50 75 w p 77 86 62 62 75 51 72 64 67 - 66 69 77 65 50 50 72 55 75 59 69 73 - 73 78 89 76 86 63 78 63 79 76 71 51 86 74 71 72 81 75 61 77 72 74 67 65 72 61 58 80 68 74 58 76 73 - 89 77 - 72 52 62 58 68 57 52 57 76 66 80 69 85 89 89 88 74 87 63 79 65 68 83 55 61 - 56 68 57 61 - 73 65 89 62 52 78 63 - 65 57 - 69 77 59 60 50 - 69 68 - 87 82 82 78 59 55 82 73 69 53 57 78 50 62 50 69 - 73 74 69 73 89 68 74 55 85 70 60 - 71 53 54 55 67 71 63 64 65 55 70 82 52 88 74 64 74 83 - 63 - 75 70 79 50 56 79 50 63 81 59 - 87 80 87 67 - 83 62 61 87
ch 0 206 14 50 75 w p 59 89 66 56 79 50 70 74 62 81 85 52 68 85 57 58 87 79 58 - 66 70 51 77 83 86 89 71 86 67 69 56 62 - 63 79 69 73 66 87 72 - 53 66 - - 57 61 62 85 77 69 75 67 - 84 50 72 52 59 81 76 59 80 51 66 89 89 58 56 50 63 65 72 86 78 - 66 55 71 83 79 82 63 67 75 60 60 62 59 74 76 53 73 70 55 75 83 73 69 63 89 80 78 65 55 62 68 54 79 83 73 69 63 67 51 69 62 83 60 78 82 - 82 77 81 76 87 60 73 84 78 51 63 75 62 - 81 73 56 70 64 67 57 53 55 87 - 79 88 55 64 79 - 61 52 61 88 76 89 73 56 69 73 63 58 88 67 73 80 78 71 81 67 59 76 82 85 88 67 72 57 - - 82 72 63 70 74 76 76 69 70 50 - 65 77 66 61 56 73 81 74 68 89 64
ch 0 209 24 50 75 w p 59 84 68 83 85 79 52 73 66 89 61 - 88 87 75 83 57 58 53 82 76 66 85 68 60 56 77 50 64 52 62 - 71 69 71 65 76 82 59 52 69 82 61 - 73 78 52 - 85 83 62 71 78 76 - 52 64 89 83 62 85 62 58 59 - 85 79 89 70 87 75 74 88 68 82 74 75 69 58 77 63 73 - - - 78 68 59 77 - 87 76 52 88 55 83 - 80 58 78 - - 54 89 73 79 70 70 79 88 68 85 87 63 52 69 65 66 74 67 54 80 58 87 50 89 51 53 62 86 77 87 89 70 75 51 60 - 69 54 68 - 86 88 86 56 54 73 60 - 68 88 51 55 79 73 89 74 51 83 60 78 73 81 63 69 84 84 58 80 - 56 81 - 62 67 67 73 71 63 - 89 54 79 71 76 78 86 86 69 64 60 87 - 70 80 82 - 77 50 84 - 81 72 81 - - 64 79
ch 0 179 15 50 89 e p 70 89 52 85 73 - 79 64 65 56 64 77 - 81 56 57 83 50 64 74 60 82 58 64 79 63 80 63 71 81 59 67 56 57 - 72 56 73 61 88 - 85 55 53 58 - 53 52 51 59 50 89 83 54 70 52 73 50 59 65 56 67 54 62 82 89 60 66 70 81 58 - 63 54 66 77 84 60 - - 85 61 69 81 87 66 56 82 66 76 82 57 71 76 51 55 - 51 75 83 61 - 85 63 66 89 64 67 70 59 65 85 69 73 63 83 87 64 73 89 56 79 62 87 52 88 54 69 53 71 62 57 - 59 60 63 - 58 66 50 63 74 89 55 84 52 78 58 85 79 56 50 89 79 73 52 53 56 71 - 85 65 68 58 74 - 56 - 66 51 50 79 55 70 66 61 75 83 62
ch 0 209 12 50 89 e p 80 59 76 83 57 - 74 54 88 89 71 66 76 71 75 75 75 64 52 - 64 65 65 68 58 66 87 73 59 70 55 69 71 54 58 78 - 64 88 82 71 84 78 62 77 - - 64 79 85 61 50 77 68 69 85 72 - 64 69 64 70 74 69 75 86 58 57 50 80 60 84 77 72 73 76 72 72 77 60 - 59 88 67 87 53 67 - 81 85 61 83 79 70 87 61 83 70 68 59 82 54 80 52 80 78 69 64 56 83 - 66 75 52 52 - 63 63 77 80 84 68 78 65 73 69 68 62 86 65 76 79 64 66 55 61 54 76 51 59 80 72 52 77 83 51 52 81 71 80 57 63 56 89 73 72 87 59 63 52 60 68 52 54 61 61 83 60 69 69 - 87 53 - 57 84 61 86 51 89 53 82 87 66 82 70 81 88 79 61 52 66 85 72 53 54 57 60 54 81 77 60 85 62 54 82 77 70 71
ch 0 225 16 50 75 w p 82 - 53 70 84 53 53 64 61 64 82 89 77 - 55 68 52 86 62 - 85 74 86 58 52 81 82 64 84 60 85 68 86 81 88 69 77 - 73 74 79 81 61 64 65 83 75 79 61 64 89 50 - 63 70 - 69 51 51 85 54 - 62 62 81 56 - 72 88 62 52 83 70 86 64 81 83 76 52 56 81 58 69 52 79 63 58 62 78 56 59 55 87 55 58 70 61 64 80 56 55 79 84 62 58 70 80 65 72 51 87 88 62 67 66 54 53 - 74 72 51 60 59 89 80 75 67 56 87 62 84 55 66 - 69 50 84 54 85 66 71 59 74 71 79 82 68 68 55 83 67 79 - 83 62 83 58 68 53 73 74 55 72 56 - 55 79 71 79 82 53 62 62 69 76 85 65 72 51 69 65 77 64 73 73 60 64 86 59 81 79 64 69 81 56 73 50 73 67 54 78 66 81 55 65 - 58 83 - 88 59 50 78 - 54 89 80 - 70 87 54 67 56 89 75
ch 0 218 15 50 89 e p 64 71 89 57 54 77 73 74 84 86 79 88 76 51 81 55 62 - 54 89 62 68 72 55 54 64 61 82 63 53 69 81 88 57 73 87 77 66 78 75 71 66 58 57 64 83 51 89 51 77 71 - 65 51 - - 58 63 83 59 87 71 67 53 74 82 80 - 75 60 68 81 79 68 85 73 - 58 72 69 50 81 - 68 68 80 71 88 87 78 - 59 66 74 85 57 84 73 51 54 - 59 89 54 60 - 66 85 - 85 61 67 61 55 51 69 70 88 89 59 58 51 74 74 71 58 62 - 54 83 72 63 66 81 53 65 86 84 52 53 80 65 82 87 68 88 55 67 82 52 53 86 84 56 62 71 84 58 65 78 89 83 81 53 81 87 79 57 69 75 76 88 88 54 79 52 60 72 89 55 67 85 69 50 87 59 71 68 54 83 84 69 87 51 50 75 - 63 - 54 68 71 77 86 65 83 50 89 75 84 76 61 52 74 - 53 82 78
ch 0 194 16 50 75 w p 52 85 83 81 - 64 76 61 67 54 89 66 52 73 53 51 51 - 50 81 - - 70 74 84 79 86 89 52 67 67 80 81 86 55 71 77 61 73 67 79 56 86 79 70 88 52 69 86 79 60 67 57 89 60 87 72 86 54 62 82 66 76 71 55 73 53 52 85 68 - 67 63 83 54 58 - - 58 53 60 86 58 69 - 56 57 83 84 57 77 62 56 51 71 84 73 82 89 71 58 65 60 76 56 87 81 78 87 55 - - 87 76 50 69 56 79 - - 82 84 78 75 61 69 66 77 84 - 57 54 69 61 76 61 - 71 79 64 85 65 63 65 56 52 73 67 80 54 72 73 57 81 62 58 62 69 78 61 75 76 84 80 62 57 70 61 89 80 - 53 - 64 58 67 53 62 75 51 59 76 65 75 76 68 76 75 64 89 78 85 80 63
ch 0 183 16 50 75 w p 58 63 84 59 88 87 71 - 89 80 66 62 88 89 - 85 86 74 64 - 88 53 78 75 58 65 81 64 65 65 79 82 82 73 67 84 57 - 77 75 81 61 50 84 78 71 80 50 58 75 74 52 74 73 70 - 75 69 85 61 82 78 53 86 - 70 50 63 66 53 75 66 78 76 67 76 67 81 81 80 73 52 - 60 77 56 69 82 86 61 52 - - 66 53 67 82 81 - 81 51 84 66 72 60 85 63 70 87 75 75 52 67 64 58 72 87 75 68 57 68 72 85 85 64 56 72 55 88 - 83 78 80 61 72 89 80 85 74 53 78 - 65 84 51 - 88 89 69 52 52 89 - 54 77 76 78 72 87 80 63 81 62 83 79 67 76 55 75 57 70 - 50 54 80 56 68 - 58 58 77 54 84
ch 0 192 16 50 89 e p - 75 79 83 51 60 76 76 70 73 87 76 61 63 77 87 59 67 59 54 73 60 76 59 72 82 73 63 77 78 55 86 52 - 61 80 74 54 - 60 52 88 74 88 74 72 52 53 66 61 66 52 83 69 77 59 85 86 82 65 51 65 86 64 66 68 85 62 55 57 82 - - 61 75 62 56 71 69 59 61 77 75 76 52 89 55 56 76 55 61 - 84 53 54 76 64 65 84 82 58 85 71 61 - 67 86 79 - 72 54 53 64 50 63 85 85 59 68 78 64 71 83 68 59 72 - 71 52 74 62 70 86 62 - 86 67 - - - 60 61 77 87 56 63 - 85 77 70 - 61 71 84 - 77 53 55 79 61 59 62 78 52 51 77 72 50 68 50 82 87 55 52 71 88 72 73 67 63 89 89 57 70 50 78 79 76 79 85 89 85
ch 0 174 9 50 75 w p 68 80 85 50 62 67 56 61 86 74 75 72 87 75 50 89 52 68 50 65 73 78 62 51 54 64 64 80 56 58 83 54 70 68 62 58 66 68 87 76 72 83 89 83 55 - 51 56 51 51 54 77 85 52 - 69 65 56 - 52 69 85 61 78 61 71 74 52 58 87 72 79 71 65 77 50 58 70 - 84 64 50 - 77 - 76 78 86 58 85 89 80 - 83 84 62 58 62 84 77 50 64 57 66 72 51 89 80 78 67 54 59 62 71 65 64 62 83 54 85 63 64 65 80 54 - 65 58 74 58 66 68 62 58 85 63 57 55 78 54 84 57 76 81 76 58 60 77 81 86 77 80 65 69 88 88 66 - 72 69 72 83 71 88 76 85 81 67 82 65 80 55 86 77
ch 0 172 9 50 89 e p 51 80 82 76 67 56 63 83 64 85 65 63 - 66 70 74 78 50 59 72 71 69 65 72 55 51 56 71 78 50 - 53 87 81 83 64 74 82 - 84 66 78 72 55 79 81 53 76 - 83 68 - 84 62 86 65 71 76 73 62 87 73 80 88 - 89 58 75 56 80 78 60 76 81 87 - 60 53 - 60 53 81 87 70 52 82 59 70 69 66 62 68 50 66 78 57 88 78 59 68 55 82 54 52 81 86 88 80 68 54 65 51 59 56 74 79 75 81 52 69 87 - 54 54 55 68 51 81 74 83 77 65 77 61 56 51 75 68 79 62 73 50 59 80 86 77 65 89 64 87 67 54 74 78 89 63 61 53 79 71 60 59 70 71 87 75 63 61 80 63 78 66
ch 0 177 20 50 75 w p 50 68 61 61 53 61 55 82 74 86 54 76 51 - - 84 54 58 - 57 62 80 70 58 74 57 63 86 82 73 74 58 84 61 81 88 55 78 88 60 83 60 65 66 54 - 70 87 - 60 78 53 59 66 78 55 53 58 78 - 87 77 81 62 - 72 54 69 - 73 79 58 68 58 - 63 64 66 80 59 71 - - 78 67 51 87 62 61 76 51 68 69 59 56 65 56 72 68 64 81 71 58 - - 89 65 62 82 89 52 74 67 77 79 80 64 - - 88 - 67 84 83 56 52 66 67 80 - 50 64 64 87 85 71 52 70 - 57 84 77 53 52 67 76 51 88 79 50 67 82 70 87 57 - 85 73 - 80 59 67 73 56 65 80 67 66 74 57 74 53 89 51 84 59 57
ch 0 176 11 50 89 e p 86 55 88 78 89 75 80 60 75 70 61 88 79 76 76 66 88 53 - 51 84 80 68 72 77 - 71 80 54 68 61 69 78 63 51 88 55 88 62 54 55 74 85 57 78 71 57 50 - 75 - 55 53 50 76 52 59 85 50 63 81 87 67 73 75 64 57 70 - 71 82 69 50 70 52 58 80 83 78 65 78 56 50 58 73 60 76 - 89 64 73 65 69 56 62 59 83 76 55 64 54 - 71 73 82 54 84 59 81 62 56 73 59 62 77 62 73 76 81 - 64 79 50 78 84 77 58 67 73 63 65 85 52 50 80 72 51 75 64 81 63 69 56 - 53 51 65 64 87 70 72 68 50 55 86 81 86 61 77 79 65 78 75 72 80 60 79 53 57 76 - 55 64 78 88 -
ch 0 172 8 75 75 w p 65 89 83 80 80 56 52 - 68 79 62 68 64 51 65 86 79 85 54 60 84 84 81 57 74 60 83 75 70 69 74 83 72 76 63 67 79 - 87 83 85 84 80 57 61 84 72 81 88 69 81 71 53 83 55 69 54 76 83 55 75 76 78 79 67 88 85 78 84 55 60 83 68 86 73 73 - 67 68 79 65 62 86 61 68 51 72 59 66 66 72 61 58 79 62 73 79 79 62 - 68 51 75 79 59 69 63 68 75 81 56 66 76 89 60 64 80 81 53 77 66 89 - 71 77 81 53 88 74 66 59 64 61 64 89 75 62 54 66 59 77 58 64 - 55 53 88 58 54 52 78 67 53 88 75 56 55 89 61 51 57 79 69 - 80 60 - 60 68 68 54 69
ch 0 199 14 50 75 w p 81 - 81 89 84 - 60 79 67 - 89 89 68 54 85 61 50 81 73 88 74 64 66 71 67 87 - 77 59 50 52 67 84 80 - 51 50 61 79 64 67 64 84 66 52 51 55 65 65 81 71 65 88 88 56 81 66 67 62 61 71 81 83 79 82 60 88 64 52 71 - 78 52 73 64 60 76 56 72 87 82 83 86 55 66 79 70 80 77 77 59 61 70 82 68 67 55 68 68 56 70 58 78 - 55 50 53 88 - - 65 60 82 62 89 62 - 62 76 59 63 69 66 50 61 58 79 - 73 88 72 81 66 77 66 87 77 78 53 72 65 73 77 72 60 72 61 52 61 50 57 60 62 84 70 55 83 74 84 79 63 - 64 65 73 84 59 61 64 78 74 88 73 63 53 74 79 81 59 51 52 62 55 83 57 68 81 - - 58 87 81 89 61 70 64 60 73 85
ch 0 221 15 50 89 e p 75 - 53 83 64 79 76 - 74 - 81 51 53 89 80 51 53 51 53 84 78 74 81 80 81 72 56 62 58 87 58 74 51 60 52 60 52 75 75 79 72 68 85 81 72 55 72 57 73 79 87 80 85 58 73 88 60 87 54 76 56 50 78 74 88 - 52 77 89 77 56 70 83 55 88 - 66 59 79 84 65 52 84 - 79 63 - 68 86 83 60 79 67 - 74 59 57 52 81 55 55 64 66 72 78 54 70 78 76 73 60 61 62 76 69 83 79 51 - 79 86 58 59 56 76 - 69 89 80 81 - 82 76 74 58 82 85 - 71 55 71 66 57 71 67 80 65 82 88 - 85 52 54 75 75 56 62 50 59 55 84 62 61 - 58 - 66 61 72 72 50 71 84 72 62 63 89 79 74 81 71 58 77 66 52 82 74 57 50 58 70 59 65 80 89 82 63 61 80 82 88 71 71 70 83 64 88 62 64 63 64 87 56 79 57 81 50 83 51 71 72
ch 0 216 18 50 89 e p 55 89 - 69 70 65 59 88 74 68 64 62 60 83 83 71 62 57 70 - 79 79 81 76 70 59 58 52 79 62 54 80 70 77 79 75 59 65 - 79 62 79 85 - 50 86 78 56 57 56 78 57 57 64 75 74 50 71 52 52 89 51 74 63 71 50 88 51 51 65 72 68 87 69 67 78 76 81 - 73 53 52 85 84 58 - 84 54 69 - 54 54 82 65 58 82 67 74 82 84 58 52 57 76 79 68 59 76 - 50 73 77 65 85 87 57 75 89 87 77 - 78 72 77 83 85 - 82 72 61 77 62 63 71 - 84 65 56 81 72 52 84 51 - 81 84 61 55 82 60 59 87 - 56 71 70 70 - 80 68 88 89 56 69 88 71 50 58 61 50 85 79 89 54 51 65 50 57 50 60 58 87 73 55 82 77 71 63 - 82 72 - 83 65 65 63 89 86 51 53 - 55 74 51 51 83 79 89 60 73 - 51 62 73 69 56
ch 0 219 10 50 89 e p 80 78 64 71 77 89 67 76 59 - 65 59 57 61 57 50 80 77 62 57 74 - 61 - 76 89 61 53 70 66 85 67 82 50 56 87 79 66 62 80 68 - 75 86 61 80 82 56 86 56 58 79 60 78 83 64 86 63 55 67 - 62 55 52 57 78 71 66 69 86 88 77 56 56 52 57 57 67 88 54 88 87 79 79 70 55 89 82 61 81 67 54 61 - 63 82 50 74 69 56 61 56 85 55 51 88 69 68 81 66 50 85 51 61 61 55 - 58 53 62 63 58 80 81 58 59 62 83 - 56 59 63 78 85 71 67 78 68 78 51 63 61 54 64 83 57 63 58 89 51 59 64 79 52 62 53 57 78 75 69 50 51 77 73 70 88 54 82 - 72 88 - 60 51 74 87 77 51 55 53 78 81 86 80 71 80 64 74 51 56 54 53 76 57 80 89 76 74 78 84 54 66 67 86 73 89 80 64 81 76 83 77 65 82 83 54 80 66 78
ch 0 187 9 50 89 e p 88 69 - 75 63 85 86 51 62 60 75 65 64 73 83 61 77 62 55 85 76 55 67 81 79 78 55 76 57 79 65 51 69 80 50 64 54 56 61 56 65 53 53 67 66 67 52 - 88 79 73 69 69 89 52 65 - 78 52 72 74 79 78 51 83 58 73 73 86 74 77 61 78 87 65 84 64 65 54 58 57 62 56 51 66 72 71 53 71 79 72 58 67 63 59 86 62 - 54 76 65 51 - 76 84 50 60 78 68 86 69 80 88 53 51 67 72 70 87 72 69 55 57 64 80 86 52 60 71 50 84 55 63 - - 58 78 77 63 78 62 84 78 65 51 - 89 57 61 88 82 79 66 71 79 87 64 84 81 57 62 72 74 60 55 59 68 51 57 85 67 89 67 65 74 85 71 54 - 82 58 51 83 76 64 74 53
ch 0 194 13 50 89 e p - 69 87 58 67 67 87 83 73 68 50 64 73 65 84 77 67 53 77 77 69 - 76 51 67 - 87 62 - 83 56 77 60 51 69 87 62 68 50 67 64 73 59 87 64 58 75 58 58 52 - 82 89 69 69 55 85 57 53 53 67 70 88 88 65 57 57 78 84 61 86 58 - 84 64 63 51 72 61 81 73 75 81 55 56 - 59 57 77 60 75 78 72 82 81 82 62 78 63 - 63 58 89 84 52 80 87 82 78 61 50 67 58 62 88 80 67 57 72 88 62 57 73 - 60 70 57 64 53 83 79 86 68 - 80 63 50 82 57 73 82 58 57 66 53 69 76 62 70 76 78 63 75 60 58 67 70 51 88 58 - 54 64 70 57 - 80 61 76 73 56 55 54 78 57 56 81 69 88 86 87 75 74 74 79 78 - 71 74 51 72 83 81 87
ch 0 230 12 50 89 e p 82 59 - 64 55 73 77 52 72 59 79 76 50 - 61 62 53 56 54 62 55 53 53 52 83 58 70 75 78 66 - 61 62 63 82 51 66 57 68 52 84 80 57 71 87 70 88 78 89 71 63 70 59 - 73 58 89 81 89 80 62 67 67 84 80 85 - 87 56 57 70 89 80 62 65 76 68 79 72 58 88 51 89 83 51 62 85 64 63 83 67 82 69 75 74 81 87 84 53 67 80 51 60 87 70 69 66 66 66 56 76 57 79 78 81 68 51 77 72 70 59 64 51 74 74 86 84 80 77 68 53 66 52 77 64 88 55 57 87 78 - 74 80 - 63 85 60 82 61 75 67 83 75 67 - 77 76 75 71 60 57 - 53 65 72 59 84 52 76 59 73 72 61 51 63 87 77 64 65 58 50 65 57 60 52 55 82 - 82 60 80 - 89 81 68 74 85 61 67 82 52 85 89 62 51 - 70 75 59 67 65 50 84 81 70 89 80 50 59 51 64 68 54 81 81 89 62 62 51 71
ch 0 192 15 50 75 w p 50 - 53 65 67 74 55 63 57 56 51 70 83 75 63 64 67 66 60 63 76 51 88 85 67 81 87 68 62 64 71 71 66 51 89 68 73 72 87 86 54 62 78 63 58 74 79 61 50 61 67 71 67 56 - 64 78 71 60 - 87 70 87 53 85 76 - 84 87 89 68 76 85 61 89 64 75 55 55 83 77 82 52 57 61 74 70 57 73 68 84 82 65 57 77 72 81 57 68 59 74 81 75 69 50 85 57 67 71 50 53 54 65 74 74 60 88 57 74 63 89 50 - 53 80 53 78 70 53 52 80 85 - 88 78 82 57 50 67 57 89 77 - 72 66 73 75 84 77 70 83 - 70 89 - 60 - 56 79 - - 75 77 78 74 68 62 74 61 88 67 71 67 65 - - 60 60 57 74 89 53 71 72 51 54 58 83 53 - 75 72
ch 0 212 13 50 75 w p 56 89 69 56 64 73 54 - 57 71 75 56 81 56 85 89 55 72 72 52 66 79 87 73 54 68 74 - 54 53 60 81 71 86 69 74 76 56 53 60 50 76 65 79 72 66 87 71 83 87 78 85 79 84 67 63 83 55 51 56 - 78 83 75 88 - 82 - 67 - 59 57 73 68 71 - 64 77 57 51 61 68 73 71 72 53 86 52 77 71 84 77 75 - 82 76 69 68 85 - 81 83 67 84 67 69 71 82 85 79 51 73 88 74 78 52 86 60 60 58 - 83 79 - 64 84 85 67 74 71 56 80 76 72 52 66 51 63 59 - 82 51 60 54 64 52 77 89 58 83 65 80 64 75 71 81 85 74 78 63 70 71 63 77 84 83 85 51 65 88 83 61 87 54 89 85 70 77 89 69 70 55 - 54 70 58 52 60 84 62 88 58 82 63 63 75 56 67 55 64 55 55 59 87 68 75 79 71 79 84 78 72
ch 0 225 11 50 89 e p 86 61 84 57 69 66 78 64 70 67 76 86 76 66 57 68 63 68 50 87 64 54 59 52 67 80 75 58 80 88 66 77 75 56 65 68 70 - 56 64 79 82 81 61 73 74 62 63 71 - 76 54 61 57 86 72 66 50 84 89 - 77 73 51 60 75 85 64 61 57 67 - 63 81 83 67 66 70 87 51 55 68 65 61 76 67 71 82 75 65 50 81 63 51 83 - 82 68 74 60 52 85 53 72 82 62 51 71 73 87 69 52 59 77 72 70 73 57 57 60 71 81 51 73 61 64 68 80 82 65 75 57 88 52 80 89 74 70 64 81 52 - 70 79 69 67 79 66 74 54 66 73 62 - 59 84 69 82 57 61 52 52 81 71 71 66 57 60 53 78 81 60 58 53 59 67 59 59 71 76 82 75 52 58 79 79 58 55 82 61 68 - 51 51 58 - 74 61 50 59 89 66 67 83 56 74 53 88 72 63 - 66 68 80 87 76 73 88 59 61 65 - 66 65 65
ch 0 219 15 50 75 w p 88 77 80 55 61 65 53 54 86 50 51 75 63 64 86 88 85 54 73 58 74 81 56 - 53 81 70 61 85 67 63 54 68 88 66 78 69 82 86 56 71 - 67 67 50 89 89 61 54 - 65 82 51 87 78 75 59 55 55 54 80 68 51 - 89 54 88 87 - 57 88 52 55 75 58 - 69 72 67 70 50 - 52 56 58 75 88 79 84 65 66 60 54 66 89 - 76 65 82 78 72 60 86 64 52 50 58 89 85 65 63 85 66 78 70 64 74 68 - 66 - 82 64 56 60 74 80 87 57 62 71 60 79 67 65 64 50 62 86 53 62 68 84 80 71 - 57 66 80 74 87 83 82 51 87 58 64 52 85 63 53 75 55 67 - 58 80 65 70 85 53 79 77 83 71 86 55 60 77 87 76 56 74 71 59 54 81 66 85 - 74 67 54 81 52 79 88 76 78 75 73 60 62 82 78 - - 86 89 79 63 72 62 50 65 70 75 55 73
ch 0 171 12 50 75 w p 71 56 72 80 87 62 76 67 75 65 59 70 75 - 77 86 77 - 83 63 88 51 - 84 70 63 53 51 59 53 73 56 - 86 77 87 83 58 51 60 - 82 56 55 72 68 71 68 54 75 78 55 73 62 70 58 81 75 66 66 78 81 86 88 84 73 - 60 60 68 66 82 67 81 56 70 83 78 62 - 85 78 50 71 78 68 - 83 77 50 89 70 70 71 62 77 60 70 65 63 86 70 - 69 66 82 82 83 77 80 88 69 78 64 64 72 87 67 81 58 83 61 59 70 71 83 76 51 85 71 69 52 84 77 - - 71 55 86 73 61 65 50 62 56 85 68 79 55 71 78 54 - 70 84 89 66 51 59 58 55 50 58 52 65 59 65 74 73 70 83
ch 0 211 12 50 89 e p 88 85 78 - 66 65 85 75 52 72 56 81 51 77 56 68 80 59 77 84 84 66 58 67 62 75 86 84 70 - 62 - 59 70 58 - 50 58 56 67 89 79 76 82 58 65 72 85 89 89 67 67 62 56 62 84 82 71 81 - 71 55 53 72 89 67 78 60 61 87 73 63 63 66 - 70 76 76 62 78 68 73 53 72 83 65 77 51 58 88 82 81 85 71 - 65 80 59 56 54 83 - 66 74 69 73 87 53 70 82 53 69 62 60 67 69 85 69 71 53 - - 64 81 83 52 56 72 72 - 66 65 88 57 86 55 66 - 61 51 88 81 75 57 67 59 86 68 55 86 62 81 72 85 88 53 53 69 63 51 74 59 78 74 74 60 64 68 88 76 52 67 54 52 85 50 65 74 66 75 55 60 85 51 80 75 67 79 68 62 83 75 77 65 50 62 83 85 54 72 80 72 82 84 50 88 69 69 89 55 69
ch 0 180 18 50 75 w p 71 50 72 65 77 76 70 67 84 - 87 83 81 77 86 85 85 61 84 60 76 66 60 78 55 - 75 67 52 61 71 78 74 87 - 67 - 82 63 72 - 63 88 79 63 60 57 60 58 - 83 71 61 63 89 76 54 75 78 75 - 77 73 87 72 58 61 - - 67 83 - 88 59 50 53 64 68 70 54 61 52 77 65 - 68 - 58 65 57 74 71 56 70 67 68 68 75 88 55 68 61 88 51 85 51 52 63 75 56 57 61 75 52 56 55 82 64 56 77 72 62 55 84 64 83 76 68 70 58 75 75 87 61 59 66 60 79 - 69 70 70 72 75 83 - 50 87 85 88 53 88 78 - 64 86 - 78 60 57 - 53 81 67 59 86 51 61 71 67 56 65 70 52 - 51 69 52 73 65
ch 0 213 13 50 89 e p 52 61 59 74 61 55 54 67 58 59 78 77 68 77 62 69 74 54 83 78 56 62 64 59 56 55 63 88 53 77 54 55 72 81 59 71 63 83 85 66 87 72 58 - 50 65 - 54 71 78 51 63 66 75 77 89 86 89 82 87 60 87 74 79 86 85 81 76 51 84 58 54 89 85 - 55 58 76 83 79 85 65 82 - 81 52 73 55 70 76 57 51 67 - 83 75 59 - 86 88 81 69 53 68 85 - 57 63 73 68 63 72 50 67 82 78 76 78 65 86 61 63 72 60 59 52 70 78 89 81 83 65 74 74 83 65 89 88 75 - 71 65 78 58 88 62 83 55 68 65 67 89 64 52 51 88 63 54 61 78 80 53 81 53 76 80 - 63 89 77 - 52 50 53 63 55 - 63 87 52 59 57 54 87 50 75 79 50 70 59 78 68 82 75 81 62 - 61 55 74 82 77 69 57 70 89 - 69 62 67 72 51 60
ch 0 200 14 50 75 w p 53 53 75 58 86 81 86 85 - 82 69 61 68 76 89 59 83 67 64 68 62 83 74 53 72 77 65 58 50 59 56 67 60 61 80 - 86 58 59 65 73 65 76 55 68 56 69 52 77 89 71 70 88 61 52 67 67 50 86 66 64 77 76 51 52 69 58 87 70 51 53 - 77 64 50 63 68 55 62 60 68 50 74 69 82 77 56 78 74 51 56 72 78 67 73 - 63 84 80 84 76 62 55 67 72 69 66 80 51 52 69 59 79 64 69 82 - 79 68 76 78 55 65 52 56 73 - 62 65 61 66 60 81 - 55 67 66 82 66 59 76 - 53 54 53 52 84 59 87 55 74 53 - 54 58 76 83 70 57 53 87 69 56 69 70 89 62 70 71 54 - 56 74 58 83 74 63 84 67 64 78 73 74 78 - 64 78 - 61 80 87 55 74 - 57 - 79 78 56 66
ch 0 213 15 50 89 e p 80 61 64 74 73 78 63 87 62 74 66 72 - 62 - 68 88 72 72 50 61 51 58 52 76 55 78 60 75 66 54 71 82 51 71 88 66 78 57 77 88 57 83 60 85 53 - 78 60 - 81 73 72 64 68 76 - 53 54 - 83 83 76 52 88 - 61 64 75 82 64 84 80 53 64 89 - 80 66 67 77 76 81 53 65 77 71 83 54 70 68 - 57 - 86 51 80 70 61 77 54 50 80 86 80 89 60 50 88 89 71 50 84 88 72 84 62 82 71 86 75 86 71 73 56 58 68 63 71 67 62 79 - 63 70 51 72 77 61 - 65 78 73 59 66 84 77 80 69 78 83 64 89 89 80 - 67 57 86 66 63 88 56 64 63 82 82 72 62 62 68 70 78 83 56 89 57 56 82 73 84 79 71 83 70 53 75 55 86 57 77 57 71 75 70 60 86 60 61 66 69 75 77 72 74 87 75 61 68 - - 74 59
ch 0 193 13 50 75 w p 64 52 85 63 84 88 79 85 51 52 72 76 87 64 54 73 56 61 58 87 51 65 84 72 57 56 87 83 73 89 64 61 72 84 57 85 76 85 68 60 74 84 70 52 56 56 64 71 - 82 53 86 75 54 53 66 70 60 88 79 - 89 88 50 88 83 63 - 60 71 - 58 89 52 76 78 56 77 78 65 54 67 76 85 79 59 83 - 72 74 54 51 69 55 - - 57 77 65 60 80 62 78 82 68 66 64 86 - 73 50 60 64 57 61 52 - 61 64 64 79 60 87 - 82 89 81 73 84 51 80 69 72 56 - 83 75 73 70 61 84 83 83 89 55 85 69 83 59 76 62 84 78 83 52 77 77 66 50 75 59 81 53 78 61 82 55 78 70 65 50 69 88 52 65 54 83 51 69 69 78 - 88 64 50 70 55 65 85 59 60 84 -
ch 0 220 17 50 89 e p - 70 73 - 79 84 70 87 - 63 62 81 87 85 81 88 - 52 52 56 61 67 65 89 57 84 89 81 64 89 61 53 62 59 69 83 66 78 85 69 - 54 51 68 64 - 77 65 67 - 86 73 58 54 55 72 78 56 - - 81 77 72 82 73 50 71 80 85 74 63 86 69 87 68 - 56 66 61 65 76 71 82 82 57 82 85 80 89 55 67 59 63 81 85 59 57 65 78 62 88 62 55 73 55 63 77 86 88 87 68 62 54 62 77 80 53 72 - 88 62 77 68 51 54 55 71 77 89 - 84 58 59 89 62 61 75 55 56 83 63 75 - 52 75 65 64 51 85 54 53 - 50 71 88 78 57 52 66 77 75 51 55 70 58 82 76 69 58 51 54 67 70 84 80 62 70 81 56 58 82 88 52 52 82 80 59 69 64 64 - 78 67 80 58 55 73 59 79 89 50 58 77 73 79 85 85 57 50 71 62 70 75 88 63 - 73 - 77 77
ch 0 179 19 50 89 e p 72 85 81 - 84 76 57 - 66 74 64 61 62 80 - - 63 74 83 79 76 - 65 74 75 66 82 86 81 66 62 87 83 69 60 69 - 55 66 65 - 55 76 - 75 72 68 58 67 - 65 68 73 55 62 64 82 53 60 80 81 83 66 50 66 72 89 82 74 67 65 52 68 74 50 60 - 64 57 75 59 69 56 71 62 58 69 79 89 79 89 55 72 71 59 51 70 69 82 70 88 81 67 71 68 54 50 - 55 78 59 51 61 - - 74 61 77 68 60 83 52 74 65 - 71 59 54 78 85 72 80 88 85 - 87 69 52 54 68 77 52 62 77 88 63 61 59 79 - - 56 67 86 66 70 80 89 65 84 71 - 79 - 52 79 85 81 69 79 64 87 72 59 64 83 73 51 58
ch 0 181 11 50 75 w p 88 52 50 61 64 - 52 - 77 59 69 74 50 87 62 82 77 - - 59 57 71 61 87 51 79 89 55 86 87 55 57 65 69 78 88 86 76 - 88 50 52 57 88 - 52 57 78 55 86 52 72 56 55 73 80 81 88 78 89 78 76 51 62 88 66 78 53 53 60 73 66 - 73 71 59 - 87 80 65 73 - 62 57 88 88 50 65 84 59 70 71 57 72 54 55 89 88 84 62 82 51 65 68 84 81 65 70 64 58 78 72 62 89 76 59 65 89 72 75 80 59 85 - 64 72 74 69 54 75 61 86 80 78 58 78 68 68 53 88 58 50 53 80 56 77 83 63 79 83 88 79 84 56 88 53 - 85 67 70 77 52 86 77 71 80 71 82 84 50 83 71 74 55 54 50 87 78 78 65 54
ch 0 217 18 50 75 w p 87 74 51 68 78 79 72 51 73 78 - 69 86 75 65 51 - 65 57 62 72 65 80 73 54 84 86 63 77 70 77 65 88 81 81 76 - 71 72 58 60 63 64 67 59 54 - 60 61 64 80 83 81 - 68 79 60 50 58 54 61 70 86 62 75 65 59 73 74 54 76 80 71 78 77 63 83 56 71 77 61 81 75 58 66 74 59 85 86 82 83 76 59 57 - 81 54 84 75 53 83 52 73 84 88 64 - 57 75 66 59 68 69 71 87 87 89 55 66 87 55 58 86 64 65 88 55 59 78 - 88 - 76 71 52 79 81 - 51 53 56 59 81 71 - 51 55 81 66 75 71 59 52 - 75 81 58 75 67 77 86 80 66 60 51 88 57 64 62 66 55 - 84 84 88 86 - 61 66 59 82 75 55 - 64 - 62 69 71 86 84 51 78 64 89 86 53 64 84 71 72 56 78 75 53 59 - 66 76 60 63 66 73 74 76 - 55
ch 0 221 23 50 75 w p 81 87 60 84 54 85 59 70 - 54 61 58 50 68 68 55 56 62 88 63 76 51 80 89 84 69 61 88 - 60 - 72 71 71 58 83 88 86 51 75 67 62 62 59 63 67 72 87 58 78 - - 53 83 84 69 85 63 61 56 56 89 75 75 63 69 83 58 80 77 53 65 61 50 89 62 64 57 67 62 64 - 57 50 72 67 77 63 81 82 50 62 - 79 54 - 74 82 - - 77 64 75 66 81 59 65 - 72 83 64 84 50 82 76 68 82 63 - 63 55 77 67 70 61 60 66 86 51 73 61 50 86 89 66 62 68 89 84 84 63 71 64 - 61 - 52 67 - 84 79 88 - 50 87 68 57 86 61 82 63 77 79 87 67 81 88 81 85 82 57 76 68 - - 82 63 78 65 84 53 76 70 50 50 78 - 57 64 54 - 79 83 71 56 58 64 64 69 78 72 85 74 79 80 - 82 60 87 57 81 53 53 73 69 - 87 53 - 77 75
ch 0 186 14 50 75 w p 60 77 65 87 - 63 67 52 50 83 61 81 74 87 86 63 56 60 58 79 89 89 65 58 73 86 82 62 51 62 86 62 80 74 79 61 65 66 57 86 60 72 54 86 88 61 85 62 65 65 65 69 76 81 66 74 63 89 71 81 89 - 77 66 50 75 55 88 74 68 86 51 - 82 52 65 68 - 67 86 67 73 60 - 89 78 70 - - 72 70 74 59 - 64 54 63 73 - 57 63 73 82 86 - 73 53 79 59 83 84 72 63 83 86 55 79 62 58 78 67 55 57 - 67 78 52 65 - 58 85 83 72 77 67 65 62 77 64 53 62 68 - 70 56 84 89 62 67 56 88 66 51 82 52 78 54 54 78 85 63 74 61 69 75 61 63 75 71 50 60 86 58 75 86 83 87 50 52 51 68 72 - 54 50 56
ch 0 204 15 50 89 e p 67 72 81 51 79 65 57 67 73 79 - 84 85 50 73 69 57 69 82 51 - 56 77 73 86 77 72 82 - 59 87 60 59 50 - 59 61 50 59 54 - 80 87 82 77 86 - 85 88 60 85 57 72 82 53 82 84 - 84 67 75 - 76 68 78 75 64 72 66 52 83 69 78 54 73 79 56 89 75 76 79 60 80 74 75 84 72 59 66 83 84 81 62 77 85 87 88 54 70 75 59 62 86 87 62 58 55 83 61 54 60 54 - 77 87 85 54 82 55 67 79 78 55 53 74 73 83 62 89 87 89 68 59 81 53 72 51 54 52 - 85 79 68 74 88 63 81 56 - 53 56 60 70 88 57 61 60 88 53 89 82 85 - 54 51 81 57 80 - 76 77 82 78 64 50 74 55 51 87 77 56 77 71 76 63 65 50 73 50 57 74 61 56 57 52 - 56 83 57 75 68 - 61 82
ch 0 183 19 50 75 w p 77 61 88 79 62 71 85 78 54 88 68 86 83 67 61 60 60 81 87 56 79 - 51 68 86 72 58 - 72 54 53 67 53 70 57 51 67 64 64 50 73 66 74 54 78 63 74 56 88 76 50 73 72 55 - - 58 78 75 53 77 57 56 80 89 64 54 75 89 57 59 65 60 87 89 79 50 76 78 60 88 58 74 66 - 59 62 71 - 50 - 67 85 72 78 70 86 60 64 89 - 52 80 76 52 81 68 52 87 53 53 67 62 50 79 53 - 52 78 70 - 83 50 74 83 72 52 83 79 89 83 54 51 83 89 51 - - 54 66 59 67 58 71 80 61 76 78 58 52 75 67 50 71 84 - - 84 - 85 61 68 57 89 87 52 63 51 66 51 77 - 78 78 77 - - - 78 62 58 83 73
ch 0 171 9 50 89 e p 67 81 55 53 50 78 85 68 - 80 65 82 88 62 65 - 55 54 56 59 54 80 89 71 64 74 - 73 81 74 58 64 80 81 54 72 57 56 83 79 67 55 84 73 81 83 74 86 82 53 - - 65 85 79 51 67 57 75 54 78 76 61 52 86 56 53 70 78 89 77 50 52 54 52 81 87 57 64 70 61 87 67 68 67 - 86 86 86 61 71 77 62 72 80 55 65 77 82 75 83 56 - 50 - 85 57 79 56 84 54 69 - 53 62 55 73 72 74 72 63 53 77 72 56 69 82 86 81 75 79 88 59 75 62 86 88 88 53 79 86 69 59 70 57 87 79 70 86 70 81 80 67 54 63 69 59 75 52 69 72 63 57 55 67 60 56 60 73 58 59
ch 0 224 18 50 89 e p 76 54 73 75 50 75 64 62 77 56 74 74 87 67 61 - 61 69 57 82 53 81 78 83 72 57 63 61 56 60 60 - 86 53 75 51 65 60 73 60 - 54 81 - 53 84 52 71 50 50 79 58 69 51 72 76 56 62 88 83 83 74 78 58 57 62 81 69 77 75 73 69 66 - - 67 - 73 71 62 76 56 58 68 70 67 79 83 - 74 83 73 78 76 86 87 52 68 54 73 65 59 60 83 51 89 64 80 62 71 88 73 62 63 66 82 66 64 68 55 51 67 84 - 73 84 84 65 66 59 89 89 89 72 73 64 67 57 81 85 71 67 73 67 62 82 80 88 - 77 64 74 86 52 - 88 85 61 54 - 86 - 88 73 79 73 76 68 52 84 67 56 - 53 71 79 73 57 62 65 87 89 86 51 - 52 87 72 75 66 57 86 78 81 78 72 78 64 61 64 84 72 - 86 - 61 68 83 55 - 80 83 88 79 80 56 86 70 66 86 87 84 81 78
ch 0 215 20 50 75 w p 80 83 54 73 76 73 80 73 75 86 75 80 - 87 84 61 59 80 72 65 58 67 71 - 87 71 59 53 52 63 76 81 75 52 82 75 61 83 71 62 86 57 61 52 65 67 62 - 72 63 65 53 53 80 62 69 67 51 57 67 54 88 52 - 68 86 87 80 58 77 58 84 87 87 77 52 88 - 71 65 69 67 57 76 57 51 59 66 70 71 - 63 68 59 81 52 53 79 62 59 - 89 - 66 67 62 71 53 89 70 65 54 50 78 89 74 83 80 60 73 82 82 58 60 62 53 66 69 88 56 68 69 64 85 67 85 86 74 85 - 71 55 86 52 70 61 51 68 - 76 - 51 72 79 69 69 - 51 - 56 67 67 82 83 80 55 70 86 70 52 73 87 51 77 73 66 56 - 84 - 56 56 55 83 58 - 89 70 63 75 51 57 75 63 80 - 76 84 68 56 - 64 83 59 52 85 62 85 82 51 - - 54 83 57
ch 0 217 26 50 89 e p 81 84 54 67 85 - 60 50 - 78 68 81 51 61 84 52 57 61 79 - - 72 55 86 80 77 50 73 74 71 - 50 61 57 51 81 - 83 - 70 50 63 51 57 64 62 83 - 56 74 - 68 56 - 78 51 86 89 61 82 81 74 - 58 57 55 71 72 75 74 65 52 50 58 89 55 58 56 64 69 86 58 72 88 - 58 78 - 57 86 88 88 76 51 89 54 56 69 - 58 68 59 69 65 82 58 89 68 77 84 89 80 51 61 63 88 65 86 59 - 76 81 54 66 54 84 51 89 67 67 57 51 52 56 53 - 61 75 81 - 53 56 75 80 86 76 65 52 85 65 58 71 - 56 - - 77 50 69 69 82 70 64 - 73 75 68 89 66 82 61 84 60 71 - 72 86 50 86 - 50 57 57 63 74 51 69 61 70 53 78 62 76 57 - 60 - 69 71 73 79 59 71 77 - 52 65 63 56 70 89 57 50 76 83 78 56
ch 0 200 19 50 75 w p 87 66 81 83 78 59 83 70 51 53 - 52 89 - 54 70 73 59 56 71 74 71 60 - 56 86 78 73 55 63 89 85 70 79 54 85 - 78 53 75 67 57 78 57 51 50 59 67 81 64 65 78 71 53 64 89 73 80 - 65 67 - 63 71 66 52 58 76 68 51 60 - - 53 88 53 83 59 76 82 58 83 53 - 52 58 74 56 73 50 74 82 89 79 58 72 50 73 84 84 55 84 50 67 89 64 63 79 64 - 72 86 75 83 66 - 67 74 76 61 - 88 87 55 78 69 75 - 62 - 79 50 84 88 63 68 72 50 88 70 62 82 82 80 - 65 51 63 77 57 58 - 60 77 85 74 53 - 56 83 57 60 72 75 62 88 - 71 76 52 51 81 79 65 84 55 59 75 70 67 51 53 88 65 62 67 71 55 50 - 76 67 51 82 56 83 70 87 63 54
ch 0 199 15 50 89 e p 66 78 58 84 66 68 77 63 79 54 52 71 50 72 51 - 54 72 72 83 68 71 85 - 78 56 83 - 82 64 86 83 86 79 - 50 50 76 69 58 - 72 78 83 73 89 85 68 79 73 87 83 83 89 - 86 69 66 56 - 78 68 83 50 88 54 65 66 79 83 86 69 73 82 57 75 78 74 74 - 83 72 50 72 74 76 65 77 55 72 60 75 85 61 58 69 59 65 62 73 51 82 84 65 79 66 65 87 74 68 59 56 76 75 63 78 51 58 83 81 86 61 86 - 62 72 89 69 78 62 55 65 55 63 77 78 78 74 - 73 67 - 88 76 66 60 70 89 77 51 65 52 62 64 77 61 80 85 72 - 79 73 - 64 57 50 82 79 - 63 59 - 56 57 50 76 58 72 78 68 60 69 70 50 85 84 74 84 87 69 70 52 71 61 68 61 74 81 50
ch 0 181 13 50 89 e p 71 87 82 78 75 68 50 - 75 88 73 63 79 82 51 - 67 87 81 84 66 76 68 79 72 86 79 68 82 55 62 - 60 88 55 - 67 54 64 74 53 58 87 87 70 - 75 60 51 - 66 80 59 58 73 68 73 70 56 55 74 79 72 54 72 74 63 61 58 87 82 84 80 58 81 61 - 89 79 - 55 83 60 57 89 59 53 70 - 83 - 81 57 66 76 63 62 57 60 - 68 83 53 66 70 60 66 68 88 59 64 82 62 86 63 59 72 75 75 64 73 56 60 69 70 54 63 75 75 66 74 83 70 82 89 70 59 71 65 85 - 57 - 54 86 70 64 51 74 64 51 78 65 51 88 61 81 53 87 88 57 75 64 87 89 52 69 87 58 83 66 57 60 68 74 87 57 73 80 84 50
ch 0 222 11 50 75 w p 68 84 62 73 88 - 64 70 83 72 57 58 56 68 58 59 78 74 66 77 70 86 78 50 82 61 72 62 82 77 63 65 54 72 59 89 71 87 84 - 79 61 54 88 76 70 55 69 53 89 74 60 70 88 88 65 54 51 69 85 58 75 73 56 67 70 89 61 67 78 87 56 77 55 - 53 87 77 70 - 86 83 69 76 75 73 57 71 65 50 75 58 89 89 86 50 54 82 52 60 56 - 68 87 50 85 - 89 52 69 75 76 - 77 65 73 65 80 67 55 52 85 56 59 83 54 51 77 64 84 75 70 88 69 75 74 89 84 69 80 71 61 68 60 87 78 60 88 59 64 73 86 60 64 55 - 69 76 77 78 89 73 50 82 87 68 84 66 51 59 80 66 56 61 86 83 81 - 50 62 64 86 74 75 51 78 61 89 68 56 63 63 61 73 76 - 61 62 75 54 87 88 58 70 74 50 67 61 69 50 70 52 82 85 69 55 72 - 62 55 67 85
ch 0 228 15 50 75 w p 66 60 82 54 50 86 83 81 84 67 81 66 - 77 74 65 63 59 88 70 81 59 75 65 58 59 83 82 59 69 63 86 88 - 60 67 63 62 80 76 52 65 68 68 86 60 64 59 70 65 80 55 62 68 80 64 73 71 79 81 68 81 54 52 53 52 51 63 67 86 56 68 73 - 64 60 82 64 69 63 - 64 - 78 74 55 63 63 73 52 63 66 55 - 84 58 86 55 74 59 51 76 55 80 - 76 79 80 68 80 76 71 63 68 87 58 89 71 89 53 70 53 81 - 51 62 59 62 53 71 66 86 - 67 60 68 53 60 64 66 53 87 55 80 55 63 73 56 89 60 68 66 88 65 67 69 - 53 67 82 85 84 81 74 71 80 61 78 67 82 64 88 67 81 58 73 77 80 61 63 65 85 - 50 71 67 72 79 58 66 - - 86 61 52 77 64 68 81 50 59 54 63 65 58 62 76 81 - 78 72 86 76 - 68 60 69 76 57 52 72 78 66 56 69 74 76 69
ch 0 192 14 50 75 w p 55 83 70 80 83 73 57 75 84 61 74 88 78 61 53 66 73 61 66 51 56 63 53 73 65 61 69 - 80 73 64 82 81 70 68 57 86 69 89 87 79 88 66 88 55 50 52 76 54 50 70 63 54 71 79 69 54 74 81 64 72 64 76 74 78 - 67 88 65 56 55 81 79 56 61 64 61 77 59 87 75 61 85 83 57 58 63 70 87 89 83 60 88 89 57 84 66 50 78 51 71 50 59 55 53 50 57 73 - 87 86 76 84 85 71 86 88 72 88 - 85 - 87 51 62 - 77 71 83 79 54 - 81 82 78 78 66 64 63 63 - 59 82 - - - 88 61 57 85 57 59 59 66 58 73 73 55 81 82 - 71 79 51 55 69 85 62 87 68 87 50 67 77 80 80 59 86 83 74 84 76 53 62 74 64 - 73 79 51 63 -
ch 0 230 12 50 89 e p 81 74 69 74 55 60 73 74 88 83 89 76 67 75 79 - 74 75 84 81 72 63 72 87 83 61 79 75 59 78 57 77 58 - 53 71 58 83 - 63 68 85 73 68 50 81 80 84 74 60 86 73 66 63 72 51 71 85 76 83 89 66 69 72 88 72 65 56 61 57 66 82 72 79 80 71 64 53 53 81 65 80 79 71 51 82 68 81 88 69 71 83 75 - 50 73 83 55 81 67 54 76 69 83 58 62 87 - 57 77 71 52 62 65 - 55 - 57 - 71 84 80 58 57 76 86 87 74 78 57 54 57 66 68 78 67 87 72 67 83 - 78 83 64 52 73 56 80 58 75 - 60 75 74 88 55 72 75 77 83 85 50 76 55 52 87 63 80 84 - 75 54 76 59 74 52 61 65 58 78 62 75 79 75 87 86 74 89 68 78 53 63 - 76 69 73 57 83 71 61 78 70 86 89 70 56 59 88 56 84 77 67 75 73 89 66 84 88 67 63 83 79 59 88 77 58 79 58 87 63
ch 0 171 9 50 75 w p 72 72 62 81 58 80 67 75 77 79 74 79 82 79 65 88 71 - 54 79 69 70 79 52 81 61 81 56 71 56 87 52 66 73 66 86 87 77 53 68 64 70 89 61 89 82 63 70 63 59 71 68 78 60 80 88 78 87 89 81 89 85 72 62 75 64 - 55 72 60 83 83 56 63 71 82 88 67 60 55 64 69 67 77 58 71 89 87 55 60 - 54 67 83 60 74 77 78 81 51 54 68 68 56 65 66 - 72 53 80 71 54 56 65 67 87 50 64 76 55 54 53 62 - 63 56 55 52 68 74 80 65 52 89 75 84 78 73 67 69 71 87 59 71 86 64 - 86 - 52 89 59 75 79 69 50 63 51 - 75 68 81 76 59 84 55 53 58 76 53 -
ch 0 215 15 50 75 w p 61 74 52 89 53 65 57 69 82 76 88 60 50 55 52 50 - 53 66 68 60 55 64 65 67 62 68 62 82 60 82 73 55 - 82 81 60 74 84 65 61 60 73 73 84 60 56 54 51 75 87 82 50 61 - - 83 84 53 86 51 68 84 53 - 77 50 71 83 71 65 61 60 68 56 55 55 88 87 58 80 62 70 54 - 86 57 85 76 59 69 66 52 75 50 61 83 68 82 82 73 80 77 56 58 59 76 75 83 - 58 52 80 83 - 87 64 72 60 89 54 62 - 69 84 63 66 57 63 - 58 59 58 60 67 81 61 87 74 58 51 58 61 52 63 78 83 80 60 78 81 75 70 52 66 - 63 55 77 81 53 80 84 54 68 50 83 - 68 61 89 59 83 56 54 55 58 66 89 82 53 58 79 59 65 70 - 67 70 60 87 52 62 53 - 89 83 62 77 51 77 51 81 - 70 50 83 82 73 67 72 73 79 64 86
ch 0 184 12 50 89 e p 63 72 83 77 68 83 52 84 - 71 77 65 84 59 54 76 51 87 58 73 62 75 69 79 89 77 85 73 71 86 80 82 85 52 52 88 84 51 52 - 72 66 55 67 67 79 56 60 83 55 79 80 57 66 56 89 - 74 61 79 89 79 62 69 83 64 56 89 58 51 58 61 80 72 71 64 79 89 83 81 70 89 77 60 57 63 59 51 70 78 71 51 - 84 87 57 63 51 58 53 - 76 89 67 75 68 70 - 79 82 - 87 77 89 51 82 76 86 73 - 54 69 70 60 54 83 71 70 65 83 79 79 63 55 75 68 66 52 - 61 80 69 74 55 78 88 68 75 57 50 75 - 50 85 67 67 73 82 58 67 - 63 70 57 84 69 - 65 61 65 57 69 88 84 60 62 74 78 72 79 65 83 70 65
ch 0 179 13 50 89 e p 58 - 73 75 74 82 70 - - 50 76 59 66 50 75 59 81 61 56 70 - 84 89 69 51 53 73 55 55 67 86 57 56 89 77 59 60 68 77 65 88 60 62 55 71 88 62 73 79 79 69 84 60 - 71 - 78 54 85 83 52 73 69 65 85 85 60 61 84 68 62 68 67 - 60 80 86 59 66 56 65 62 72 56 76 61 65 - 67 69 62 56 73 80 84 72 66 71 61 72 - 73 58 74 66 65 69 79 67 73 68 86 81 65 81 - 67 77 51 68 81 57 89 73 74 61 88 53 85 52 77 51 68 70 67 67 89 62 - 77 50 51 69 56 69 70 - 66 - 77 76 72 54 66 70 65 75 51 88 68 61 83 88 69 57 53 68 83 67 85 71 64 74 56 74 70 85 70 53
ch 0 216 10 50 89 e p 61 69 69 78 73 83 88 58 52 54 54 - 76 78 87 74 56 81 69 87 54 82 86 - 56 54 81 72 63 - 70 66 51 59 57 60 79 59 50 86 75 82 76 53 68 61 85 55 73 77 59 63 61 59 64 67 89 73 82 - 80 53 65 83 71 64 81 89 64 78 68 67 56 51 81 57 74 80 76 61 - 66 59 74 67 73 83 72 65 72 73 87 50 71 56 66 89 88 60 89 51 51 55 70 61 55 62 71 - 60 71 80 66 76 66 54 - 73 57 77 88 69 60 70 57 77 70 76 85 53 85 70 62 70 72 68 73 76 81 69 - - 88 76 58 65 68 50 89 64 81 71 77 74 75 55 70 72 57 84 74 60 77 53 87 72 51 77 86 78 75 88 72 62 76 76 69 80 88 67 70 85 87 63 87 82 - 50 80 79 81 57 59 87 78 80 52 80 86 77 80 70 64 80 81 58 84 63 62 84 73 51 65 59 56 68
ch 0 203 22 50 75 w p 56 75 74 76 62 - - 78 66 74 65 83 89 61 - 76 61 55 85 60 52 87 66 67 56 78 67 89 61 66 - 57 76 71 84 52 60 89 54 53 - 69 62 60 86 53 - 75 76 62 - - 84 88 56 50 63 75 85 74 51 67 84 55 82 58 52 51 53 63 56 62 - 62 85 65 50 57 50 77 87 67 - - 53 76 50 62 54 88 62 55 80 83 72 50 87 68 63 81 68 59 58 66 63 70 86 60 66 80 73 86 88 54 55 65 - 62 60 61 58 62 85 76 62 84 73 85 82 81 82 70 51 88 84 73 - - 72 72 83 57 51 88 - 85 74 67 58 54 60 - 51 74 52 68 61 50 54 63 86 51 - 75 82 61 85 56 71 64 78 53 74 87 - 84 54 68 74 87 50 - 72 89 65 80 50 57 89 68 80 74 - 53 53 87 - - 79 76 69 83 67
ch 0 201 14 50 89 e p 89 65 82 85 77 77 67 52 87 81 63 80 68 71 54 51 82 75 - 82 84 58 51 76 74 72 74 72 52 67 81 60 76 66 56 51 64 88 83 52 71 - - 79 82 61 80 54 - 67 57 78 - 87 66 60 - 85 75 71 68 80 51 70 60 61 56 80 52 87 60 74 83 62 64 68 83 84 60 72 86 - 65 61 74 69 57 73 63 70 84 89 78 52 66 70 51 69 50 59 78 71 57 66 68 79 62 55 89 86 63 55 73 85 63 53 83 79 73 54 54 56 - 72 68 65 74 51 62 82 60 74 88 - 85 53 61 70 54 57 78 73 58 64 69 67 86 50 71 75 66 55 54 80 65 80 86 - 59 81 74 56 74 - 50 52 83 - 82 79 86 50 - 58 58 64 87 64 80 81 73 58 75 53 51 76 67 55 64 73 75 67 76 84 71 62 51 88 - 78 60
ch 0 221 14 50 89 e p 63 77 64 - 55 75 - 56 60 54 80 66 62 53 84 72 81 72 70 75 63 79 59 64 61 74 50 57 83 59 74 84 64 54 78 - 78 55 65 82 53 65 57 50 87 81 74 73 78 55 61 78 73 65 81 59 73 54 68 89 65 63 86 74 64 - - - - 72 78 71 64 76 58 87 69 52 71 62 82 57 75 83 81 86 56 81 59 76 67 88 72 69 60 83 70 - 53 65 72 89 63 83 69 74 73 82 52 55 63 80 77 50 82 62 - 81 65 83 58 57 - 54 86 50 64 85 58 65 - 77 75 68 88 58 51 74 80 70 62 85 74 52 67 58 74 73 85 82 68 50 69 63 81 65 59 - 50 56 66 71 60 64 68 83 74 50 69 70 75 57 75 60 52 60 82 61 53 70 80 88 84 70 58 79 51 86 82 84 77 62 - 75 63 56 83 - 85 88 68 66 61 68 84 80 52 64 60 55 66 81 71 86 55 66 77 81 68 71 80
ch 0 219 18 50 75 w p 56 52 69 50 87 76 76 74 67 55 52 79 54 64 68 50 59 80 56 53 71 57 73 82 71 86 62 75 84 59 51 87 73 61 74 57 87 67 51 74 76 - 63 62 58 - 54 79 - 63 79 - 61 62 88 78 51 79 73 71 57 78 53 75 58 79 87 69 83 60 51 68 83 64 74 63 51 57 - - 74 60 88 58 57 - 55 56 64 51 71 63 63 62 66 62 80 72 72 58 83 73 56 62 65 68 53 68 83 85 78 66 51 73 83 66 82 68 - 79 - 66 56 51 50 59 79 54 58 - 70 51 80 70 87 58 69 - 85 82 88 89 59 88 84 68 81 64 74 88 50 56 77 62 - 60 89 88 63 78 58 - 63 55 84 56 - 83 64 84 84 74 85 55 58 51 73 67 - 73 50 64 69 57 78 56 - 53 77 61 62 71 73 53 56 64 50 64 64 61 69 67 68 - 68 63 87 80 63 71 51 80 65 63 59 77 87 - 73
ch 0 175 13 50 89 e p 63 64 56 75 80 - 69 74 68 83 75 79 89 80 63 84 50 86 55 55 60 82 53 51 84 64 60 67 85 57 55 81 69 - 57 71 87 89 55 73 63 54 80 89 78 58 75 79 52 79 83 - 75 59 72 56 - 89 61 61 - 88 70 88 53 73 84 86 55 53 83 - 60 85 55 83 64 - 53 53 77 88 51 66 76 66 71 64 55 54 84 88 86 52 73 82 75 51 82 89 77 89 74 57 74 71 56 80 66 57 74 87 57 72 - 69 - 51 81 52 58 75 82 79 50 79 70 50 84 80 81 86 74 68 51 77 64 81 83 84 82 70 85 - 56 77 53 55 62 89 87 71 64 71 88 57 - 71 65 71 54 66 73 71 69 80 - 68 84 80 83 63 81 - 83
ch 0 202 12 50 75 w p 63 77 65 73 67 66 83 52 64 63 70 53 89 - 74 62 58 88 53 88 72 76 79 69 53 76 78 70 80 52 61 67 84 54 69 60 86 - 76 80 78 79 87 75 63 66 54 69 65 89 85 77 76 54 - 69 77 50 - 70 76 64 74 67 72 59 88 84 70 51 80 57 73 58 65 78 82 74 78 54 75 79 78 84 50 66 51 73 75 - 70 62 50 51 55 71 - 75 57 53 74 64 55 50 75 - 84 56 52 61 56 89 82 71 70 82 84 55 84 66 53 88 57 87 87 71 75 70 67 60 - 85 56 70 68 68 85 67 80 51 59 - 53 84 61 72 58 61 62 - 67 51 70 62 69 78 76 57 58 73 - 81 70 51 75 75 54 88 52 70 67 84 65 84 77 85 61 66 79 71 68 50 52 74 71 - 84 77 78 54 53 67 79 69 62 54 50 52 68 64 70 81
ch 0 205 17 50 89 e p 69 52 65 - 84 70 51 77 86 68 66 56 76 64 81 - 82 64 86 - 72 85 64 78 82 63 52 74 83 52 89 - 53 72 57 73 84 74 - 76 78 60 74 54 70 55 59 76 70 82 58 58 55 59 53 82 56 77 65 60 64 87 75 50 51 73 - 70 84 55 75 66 - 78 74 73 62 67 53 70 50 77 83 67 54 80 85 50 52 59 79 68 58 82 69 78 52 80 82 75 71 59 57 53 63 59 - 86 85 70 62 55 51 65 82 83 58 64 84 60 56 67 - 88 55 88 73 82 51 53 58 68 58 85 65 84 50 68 71 74 76 88 84 60 70 89 72 74 79 68 - 67 68 73 86 60 52 61 78 - 73 - 89 53 56 77 70 77 82 67 79 82 - 85 51 89 72 - 60 65 66 78 79 87 88 57 79 79 53 85 50 60 70 76 75 86 - 82 - 61 72 59 50 66 -
ch 0 178 4 50 89 e p 53 59 84 89 77 53 50 56 51 65 87 85 53 68 66 68 - 82 64 88 77 88 72 79 67 53 73 73 52 52 - 81 52 72 70 74 85 88 79 53 64 72 74 57 56 75 84 82 88 65 65 85 - 78 80 60 77 88 80 76 61 55 81 77 70 63 56 78 68 88 58 60 81 57 68 81 69 51 81 72 56 76 58 83 78 55 63 58 52 63 76 64 78 76 77 - 59 58 85 82 87 65 54 72 58 71 85 74 59 77 85 78 80 57 64 88 87 80 74 88 87 82 83 60 80 86 87 75 79 69 58 70 55 75 79 50 59 50 64 58 62 74 86 66 86 53 52 68 70 51 89 58 74 62 85 88 67 60 78 56 54 73 89 59 70 78 70 64 51 59 61 75 59 89 80 62 89 72
ch 0 215 15 50 89 e p 64 83 51 - 71 - 89 68 74 51 - 66 87 80 83 78 64 74 80 80 64 64 57 - 88 78 62 67 81 81 65 50 71 74 68 72 85 71 89 83 67 57 50 - 57 87 61 83 50 56 64 66 74 51 71 73 67 81 70 78 71 61 78 - - 81 51 71 53 84 75 65 55 53 87 79 56 88 82 55 - 85 76 70 78 83 70 68 72 89 72 86 75 78 57 77 - 58 53 56 88 75 53 59 53 88 55 71 81 82 70 66 74 72 87 - 67 84 84 55 76 - 84 80 75 57 67 66 59 86 52 55 88 54 81 89 53 70 79 75 79 62 81 80 52 84 78 55 77 75 83 61 63 54 74 75 84 62 64 80 64 79 72 53 80 75 63 87 55 67 70 89 71 50 75 79 81 - 89 71 60 79 - 85 85 82 82 56 69 64 80 66 85 - 74 53 54 59 58 79 66 54 68 77 63 55 73 57 52 - 87 78 64 72 75
ch 0 184 18 50 75 w p - 62 80 88 - 59 76 56 87 61 75 88 82 82 77 78 - - 80 79 53 - 87 82 53 61 58 85 54 61 54 70 - 60 82 68 53 55 58 73 71 87 79 86 77 59 60 78 62 75 51 60 77 76 51 83 54 89 56 62 85 75 55 56 73 81 68 73 66 60 66 60 77 63 - 53 84 58 62 - 58 - 72 50 77 80 53 63 57 77 65 51 83 65 51 63 60 57 64 52 53 79 - 64 74 54 50 63 63 67 70 89 57 83 68 65 88 55 74 69 - 84 65 68 71 75 83 75 61 58 85 - 76 50 63 79 - - 76 76 53 53 - 81 79 73 88 61 53 88 54 71 74 51 77 70 61 69 50 89 85 56 72 81 88 83 85 74 59 82 58 - 70 84 81 76 69 - 51 60 67 - 77 64
ch 0 173 11 50 75 w p 58 77 73 - 53 60 63 76 82 82 68 88 54 78 80 77 89 55 50 59 76 58 70 64 50 81 68 68 68 73 86 69 - 78 - 59 66 86 52 58 78 89 74 59 83 81 53 77 82 55 55 50 72 54 66 86 60 54 67 50 73 52 72 67 71 52 65 63 53 88 68 66 76 73 63 50 78 79 59 - 53 56 68 80 70 85 79 57 - 78 84 87 87 64 62 59 67 78 56 84 61 71 - 51 55 61 50 71 83 86 51 75 89 57 78 73 - 59 70 71 68 - 85 66 53 50 84 81 58 87 76 75 - 57 65 60 53 65 67 64 89 63 71 50 72 76 81 54 81 60 77 73 64 81 72 88 78 57 84 76 69 60 57 70 64 59 68 64 58 - 86 - 63
ch 0 173 11 51 89 e p 58 75 62 84 57 88 - 82 71 84 71 - 89 - 75 70 63 77 73 52 53 - 52 61 57 66 - 66 85 55 64 81 58 77 80 84 55 78 86 51 76 65 76 87 51 67 72 56 77 59 51 72 63 86 55 87 65 62 69 52 67 60 53 68 59 78 76 67 62 75 71 85 54 62 67 68 76 62 67 68 72 53 89 61 51 87 54 76 51 58 78 67 72 - 81 69 73 85 68 87 64 76 - 58 57 56 68 70 64 87 51 54 87 79 77 70 77 64 79 81 51 84 - 69 84 86 58 77 58 51 88 51 64 77 81 82 65 67 58 84 70 64 70 77 85 52 61 83 75 67 72 65 - 78 68 71 66 71 66 - 64 88 85 72 - 89 60 83 81 65 84 73 64
ch 0 209 14 50 75 w p 76 56 55 58 69 - 68 78 61 75 59 83 54 70 72 84 87 56 67 74 82 87 64 - 66 81 63 60 52 81 56 61 - 68 55 - 71 84 57 61 82 88 85 - 50 54 74 59 68 71 85 79 52 78 88 88 82 83 72 - 71 63 83 87 - - 65 52 51 59 54 76 80 60 - 82 58 83 55 82 71 75 82 89 76 77 56 72 61 63 81 56 77 76 73 77 75 84 89 88 69 51 84 69 78 78 88 82 84 - 73 53 68 88 71 68 54 72 51 51 70 53 63 60 89 - 75 88 60 76 62 59 68 64 54 75 55 73 55 62 71 77 72 68 82 52 84 - 68 60 51 60 74 79 52 73 55 58 67 72 83 62 69 50 85 79 82 84 51 76 53 87 80 52 89 68 - 84 63 54 65 55 60 73 53 72 50 51 72 70 63 50 65 88 - 54 65 89 63 59 85 77 76 66 50 60 72 81 68
ch 0 193 9 50 75 w p 61 73 86 86 56 61 57 53 76 57 50 73 75 57 65 78 64 85 75 72 85 77 68 64 58 52 80 68 61 61 - 78 50 66 50 89 80 72 78 64 76 76 78 54 - 72 51 67 - 59 62 85 62 78 89 75 82 77 70 58 75 77 55 71 82 81 88 89 83 74 - 65 88 72 59 60 77 58 74 81 52 86 77 69 76 65 88 70 79 - 69 76 52 80 52 78 52 78 62 54 78 78 50 85 60 75 62 56 80 60 68 77 70 74 70 70 62 86 71 63 78 51 51 - 66 57 79 68 76 67 61 61 89 63 71 71 89 51 89 70 - 50 60 54 89 79 55 63 65 70 51 67 83 80 83 67 58 69 74 87 71 62 70 87 73 85 65 80 81 70 54 69 74 54 88 78 85 54 53 74 89 70 50 68 - 59 60 55 59 73 62 - 52
ch 0 216 19 50 75 w p 86 56 87 59 70 - 74 60 75 59 84 51 84 67 51 86 73 52 77 - 85 61 - 64 71 53 71 51 65 70 62 68 65 85 89 84 66 63 54 60 55 58 59 82 64 - 60 79 60 89 53 51 80 84 81 52 73 71 73 73 64 85 88 63 68 76 57 80 - - 82 88 66 55 64 69 68 80 67 - 54 89 84 59 - 57 63 84 89 81 - 56 76 50 54 71 76 64 64 76 89 59 81 63 51 78 85 72 72 55 76 71 67 82 66 59 79 60 54 62 81 - - 53 50 59 61 69 82 53 55 53 78 75 76 74 52 76 56 - 51 73 76 77 65 60 83 64 64 80 58 54 63 63 59 76 88 57 66 - 67 55 57 68 52 77 - - 73 80 79 - 80 67 73 67 67 70 89 83 88 57 60 54 - 56 58 73 82 63 55 54 71 50 55 89 75 62 86 - 57 66 52 70 88 55 81 67 58 - 70 53 54 73 60 81
ch 0 177 19 50 75 w p 87 68 72 63 56 64 52 71 52 - 62 - 50 72 58 80 67 56 77 86 - 81 73 81 78 54 65 68 87 57 59 76 67 - 68 50 80 82 79 67 65 56 57 78 80 85 74 - 80 - 70 - 51 55 80 54 72 71 54 50 - 85 83 57 84 - 66 - 51 51 61 65 57 59 57 60 59 - 56 73 88 82 71 84 - 81 67 74 82 78 - 53 56 89 50 89 65 58 68 71 57 68 - 65 83 56 89 73 83 68 64 60 82 62 70 59 82 71 72 - 58 - 61 80 53 73 56 83 89 64 50 60 79 77 58 70 66 - 53 57 51 77 63 89 84 74 - 59 53 89 57 57 - 74 52 88 88 57 67 86 57 80 57 52 78 54 51 61 68 74 53 88 84 53 89 50 75
ch 0 223 14 50 89 e p 86 85 - 78 86 89 75 50 70 - - 56 54 64 75 69 58 73 76 72 53 63 81 69 - - 62 - 52 76 79 65 83 71 86 59 61 64 71 79 65 56 85 85 66 53 58 55 50 - 80 75 68 61 59 62 71 57 68 - 75 62 58 50 61 76 59 74 66 74 85 77 62 73 87 77 52 89 58 69 87 60 86 79 62 63 55 74 50 81 79 87 70 59 89 77 81 71 69 76 55 55 57 62 86 57 76 53 71 64 50 64 76 55 51 75 77 85 67 76 84 84 50 84 80 79 54 73 74 63 80 81 55 81 53 65 82 77 50 89 68 - 77 65 73 85 62 71 88 65 86 88 64 72 63 - 73 85 79 51 76 - 72 73 84 60 - 54 71 75 60 73 88 58 78 86 70 72 63 60 89 70 59 51 63 79 77 54 75 63 79 56 80 86 - 57 69 71 61 72 54 52 80 50 67 60 66 76 72 75 73 86 - 62 85 87 62 79 70 67 75 66 57
ch 0 188 8 50 89 e p 55 66 89 61 73 55 56 59 51 82 74 56 85 65 68 85 77 51 - 71 51 66 63 81 58 89 71 72 55 58 56 89 86 - 57 74 80 89 81 55 57 61 78 74 81 62 66 52 79 52 66 54 74 68 73 76 66 75 56 55 75 80 85 69 83 54 56 72 64 61 81 51 63 86 - 53 65 82 87 82 79 72 54 80 62 64 51 54 64 66 57 73 65 75 52 68 60 59 73 56 74 83 59 77 89 54 74 73 83 88 55 66 56 76 50 68 55 64 - 74 71 58 63 58 51 62 55 87 75 71 88 86 79 75 87 55 87 76 65 52 50 60 82 58 86 - 87 87 87 80 66 68 63 74 68 76 61 75 - 79 66 82 71 56 85 52 66 68 61 82 - 56 81 63 86 81 83 - 56 76 77 65 69 72 85 55 56 63
ch 0 229 18 50 89 e p 64 61 67 76 79 58 88 56 56 62 56 54 59 - 52 73 53 58 77 67 72 66 50 79 - 81 50 65 82 62 83 56 56 56 54 86 77 75 86 73 69 80 85 67 61 57 51 73 65 73 59 77 66 52 83 70 61 74 82 51 56 57 55 51 65 71 50 53 71 67 59 78 64 58 62 55 65 86 62 77 54 68 74 - 75 75 61 83 61 76 86 57 86 82 71 54 68 60 - 71 50 59 60 77 59 71 65 82 - 80 80 64 84 75 70 - 53 59 65 55 86 81 - 81 54 - 63 61 61 69 82 75 65 54 72 - 85 59 73 73 89 60 54 87 75 89 56 85 57 50 56 65 59 65 74 86 86 68 58 82 80 67 75 57 60 55 70 64 84 57 77 61 54 62 - 74 - 87 65 - 65 67 - 60 58 53 54 77 76 59 - 79 79 77 65 70 - 84 - 68 59 69 88 78 58 79 62 71 89 79 78 56 - 74 76 75 84 60 50 77 52 63 65 70 57 - 89 82 74
ch 0 207 14 50 75 w p 68 67 59 76 86 86 70 52 87 63 80 64 85 77 79 72 75 63 74 80 79 86 61 52 56 78 55 82 81 89 85 88 61 60 72 76 86 72 86 77 58 66 67 67 53 53 61 59 - 62 84 69 85 85 85 74 61 80 82 - 61 79 78 82 60 63 85 71 - - 79 81 64 52 85 62 82 77 70 72 77 60 52 52 - 72 - 84 72 66 75 88 71 83 85 66 62 50 82 57 - 52 88 67 75 80 87 77 81 68 56 80 66 75 84 - 61 88 78 50 68 61 53 86 62 75 61 55 69 79 52 77 - 53 67 88 64 60 87 89 51 87 58 63 79 - 70 52 79 55 68 61 88 57 83 87 53 80 57 78 55 68 56 80 68 57 63 67 55 66 62 81 81 59 - 68 76 67 56 52 64 61 50 63 81 - 54 59 57 52 58 - 86 88 64 52 63 61 89 78 56 61 86 50 62 - 86
ch 0 202 23 50 75 w p 88 87 89 85 61 84 72 - 68 50 85 60 89 89 64 - 88 57 - - 79 58 85 82 85 - 61 54 58 59 54 - 77 - 68 77 51 76 64 75 82 75 77 59 66 75 63 70 58 82 69 84 59 71 52 50 70 87 50 55 50 85 69 68 - 55 54 73 83 69 79 82 89 62 85 - 78 67 86 89 - 66 74 65 66 63 84 61 55 65 68 70 62 51 - 62 86 - 58 80 63 83 68 83 57 81 74 53 59 62 66 72 53 57 71 69 50 67 65 - 54 - 69 50 58 75 75 87 57 76 - 80 86 56 54 52 57 87 69 79 58 71 54 86 71 70 84 60 - 50 61 60 89 53 66 78 76 83 68 78 63 59 68 - 55 61 61 71 66 51 - 66 67 - 82 67 85 85 75 84 66 - 51 66 63 58 87 67 55 77 65 78 - - 57 58 80 55 - 62 63 79
ch 0 221 17 50 75 w p 63 72 50 76 59 70 82 52 80 74 81 62 69 56 55 83 77 82 86 74 56 79 64 62 72 53 63 52 73 63 64 61 74 66 74 72 - 83 71 56 66 63 59 75 50 77 70 59 80 63 70 - 68 62 59 51 65 74 - 58 69 67 88 89 65 71 67 87 79 54 84 71 56 78 68 74 59 63 60 53 81 62 86 60 75 77 67 60 65 60 53 62 80 - 80 72 60 54 64 77 69 84 84 69 66 70 89 - 72 86 67 81 54 - 67 - 52 65 79 65 87 58 52 - 87 86 63 - 87 83 72 72 55 89 86 83 73 81 79 50 65 75 87 86 79 70 58 76 59 59 63 - 67 51 - 84 52 71 85 70 87 60 - 81 77 76 - 55 62 54 71 54 86 53 77 54 71 54 - 61 84 64 76 - 62 79 61 63 51 75 80 77 84 53 74 63 64 - 56 79 81 60 81 54 66 68 83 75 - 88 88 89 73 80 66 72 75 69 81 67 54
ch 0 216 18 50 75 w p - 53 81 57 52 69 88 75 51 88 80 67 73 89 65 86 50 79 72 64 73 69 80 77 - - - 67 67 74 60 62 71 84 60 82 60 50 52 84 60 68 78 72 63 85 76 62 74 64 88 86 79 - 78 52 74 50 55 74 84 75 56 85 84 - 66 61 75 - 62 57 76 63 75 52 66 54 68 64 57 66 81 73 59 58 50 51 74 63 51 83 75 73 59 51 61 68 71 80 60 75 67 67 - 51 54 - 78 70 74 52 87 63 - 79 69 50 54 55 76 60 52 65 72 63 - 68 59 53 - 58 77 67 72 84 51 59 77 86 83 84 - 89 75 86 50 58 88 72 78 50 89 68 78 73 52 55 82 60 58 81 62 66 82 73 79 86 89 61 85 65 64 77 82 52 80 79 70 68 85 67 50 73 53 69 85 80 60 - 77 83 - 54 55 64 58 84 70 52 87 60 - 67 57 - 57 50 89 67 69 54 62 58 - 54
ch 0 206 9 50 89 e p 88 61 71 73 56 60 64 60 53 74 80 77 87 72 76 73 84 85 70 70 85 61 81 82 82 - 65 84 74 83 59 61 58 50 83 85 50 50 - 50 70 70 82 75 68 88 68 73 52 81 57 68 85 81 69 76 86 75 60 51 57 63 82 - 80 70 69 - 68 78 79 77 51 79 82 55 70 73 68 68 71 68 82 50 64 61 67 61 73 53 56 78 58 80 58 83 89 85 54 69 89 54 75 51 61 63 59 72 84 64 71 - 70 63 80 51 73 - 64 50 66 74 77 52 55 72 68 86 50 78 85 83 89 74 73 60 88 69 76 72 59 79 84 87 57 77 68 53 - 52 83 53 74 88 81 83 65 77 78 83 73 81 70 60 86 57 83 62 69 55 78 77 78 70 77 87 66 82 70 80 59 88 73 74 88 62 58 60 52 81 58 54 70 66 60 82 74 81 87 88 - 75 68 84 87 -
ch 0 198 19 50 89 e p 75 - - 66 69 57 83 58 57 85 71 87 60 57 87 60 69 50 64 74 64 81 57 66 80 76 79 58 82 69 62 69 - 82 - 67 69 61 52 69 51 - 70 54 58 76 55 51 89 89 65 83 64 63 - - 74 75 67 54 82 85 73 78 84 82 65 72 72 79 51 53 69 - 57 67 75 - 86 73 - 85 86 73 68 82 81 78 71 58 74 - 78 72 70 - 85 87 - 80 70 83 61 62 57 60 - 81 51 79 50 - 54 71 68 53 53 50 50 57 56 73 57 78 62 81 55 85 77 56 85 51 55 64 69 56 67 89 74 54 68 87 71 66 87 73 51 77 71 68 88 73 51 59 62 87 64 88 79 82 - 58 69 62 - 57 63 84 76 73 78 77 88 54 66 58 61 62 72 70 67 75 76 78 66 53 - 67 81 80 51 70 61 79 52 57 - 85
ch 0 171 8 50 89 e p 89 72 88 87 53 85 66 79 80 65 82 50 74 59 80 74 81 65 76 50 74 84 72 63 54 53 71 58 68 75 58 89 55 70 51 60 54 65 - 81 - 55 54 55 81 70 71 82 68 82 52 58 60 87 62 84 57 51 77 63 84 65 74 62 81 82 60 57 - - 51 55 87 52 63 64 66 72 - 79 82 63 70 70 53 85 55 59 81 89 65 51 76 62 85 69 56 57 78 64 - 58 86 83 63 77 69 79 53 75 87 74 71 55 85 52 79 60 62 75 86 54 66 68 67 80 53 88 73 63 83 73 80 55 51 78 50 79 70 68 67 80 87 79 68 70 - 69 57 70 62 64 62 68 82 60 84 62 52 61 72 86 66 57 82 - 66 65 80 72 82
ch 0 197 11 50 75 w p 55 66 51 65 69 65 67 77 60 86 86 65 85 55 79 63 68 87 68 51 73 84 61 58 86 70 55 67 52 67 60 55 - 78 84 83 75 61 80 81 67 61 64 - 54 75 70 55 83 79 59 55 53 53 58 67 75 84 82 89 67 59 89 72 70 81 77 66 72 74 - 72 50 77 66 64 57 80 71 50 72 78 58 72 88 57 63 82 81 58 65 85 50 51 54 84 75 88 55 50 73 - 77 80 64 - 71 74 - 65 50 61 88 77 88 73 57 88 74 85 61 78 78 83 78 86 67 60 70 51 53 - 81 84 76 89 51 64 76 62 55 80 58 - 78 85 61 74 - 50 56 63 69 51 83 75 76 66 62 78 58 89 - 58 60 82 74 82 54 74 89 62 - 50 60 83 82 69 71 51 82 82 66 68 80 64 54 60 51 73 85 58 89 71 87 88 81
ch 0 175 9 50 75 w p 57 72 59 68 80 53 52 85 78 52 88 70 69 73 64 61 89 54 85 54 86 52 50 51 87 65 83 - 83 65 81 67 60 85 83 53 63 56 62 66 80 50 70 65 75 65 63 51 87 53 67 81 69 67 68 77 69 75 79 84 80 69 57 57 75 55 76 84 67 70 62 59 73 80 56 52 69 55 67 70 77 - 59 52 89 80 56 60 59 60 72 71 65 52 65 52 70 87 68 79 78 81 60 89 59 89 62 54 89 55 55 56 53 75 - 55 84 88 58 89 60 73 67 54 - 54 58 82 68 66 81 89 53 88 52 55 81 69 75 53 58 55 52 86 75 55 66 68 51 68 71 89 73 71 68 - 88 86 - 59 74 - - 84 - 65 68 57 80 50 56 64 74 80 76
ch 0 189 14 50 89 e p - 84 58 76 77 57 74 67 79 54 68 74 73 57 75 88 - 74 88 68 81 79 89 51 66 74 - 60 56 69 - 52 63 73 81 59 60 50 76 83 81 - 84 63 61 81 66 71 86 85 70 72 - 66 55 80 75 82 73 60 55 52 59 70 86 70 78 63 71 77 80 86 78 58 63 54 56 86 - 60 76 75 62 52 59 89 66 59 71 84 54 83 58 - 66 68 - 50 89 75 86 87 79 55 86 52 87 63 54 57 59 84 62 82 70 74 60 79 74 53 55 57 83 - 82 54 - 86 88 70 66 63 75 85 56 55 63 77 79 74 70 84 82 71 75 50 77 69 87 56 65 86 - 89 81 70 86 67 56 64 86 56 - 59 83 57 86 - 87 81 82 62 78 63 75 75 63 89 57 72 82 75 51 57 80 54 81 74 69
ch 0 204 11 50 89 e p 85 - 62 - 86 - 62 67 67 - 77 84 63 58 83 65 55 65 88 59 82 82 74 56 72 82 55 62 50 71 84 76 84 60 80 83 72 82 84 81 84 61 87 86 89 57 89 66 51 84 86 54 74 83 50 70 52 76 87 80 75 56 62 68 62 51 67 61 78 60 88 57 52 69 - 70 64 75 52 67 77 74 87 57 73 52 79 82 78 55 78 87 54 71 53 74 - 71 81 75 51 79 55 77 69 83 53 56 51 89 67 84 57 65 - 88 88 54 83 74 74 - 71 50 57 56 54 66 51 87 58 68 81 61 81 53 58 71 88 55 69 82 71 71 84 69 85 67 51 68 59 - 55 85 89 64 87 89 63 80 73 87 70 - 61 87 56 54 73 73 79 83 61 52 66 77 74 65 59 61 60 58 72 67 77 79 65 78 87 77 85 55 85 69 68 62 - 58 59 62 82 69 65 62
ch 0 224 14 50 75 w p 84 72 53 51 51 84 82 59 59 - 85 62 88 54 79 87 66 81 88 62 53 50 65 53 50 80 71 70 56 84 77 74 84 63 74 66 60 - 85 84 77 54 89 62 82 - 78 65 65 68 80 88 89 67 67 50 63 - 70 73 62 64 50 - 71 63 67 78 58 55 - 77 80 74 77 63 67 88 - 58 60 52 50 70 60 - 65 57 76 55 75 67 82 89 68 - 58 68 64 58 63 65 77 74 72 - 86 60 54 60 85 83 78 85 62 65 53 - 60 73 68 88 64 65 61 68 59 52 75 76 51 67 77 55 58 75 53 61 71 62 87 69 50 77 64 56 89 77 52 63 72 79 88 89 71 84 79 62 71 64 55 72 77 59 71 66 79 76 72 60 89 66 75 78 61 73 89 - 67 72 83 52 88 63 62 51 53 61 55 78 66 63 62 62 - 70 84 - 56 73 69 65 78 68 69 76 67 61 73 52 61 82 72 88 72 51 72 62 67 73 82 89 77 50
ch 0 180 15 50 75 w p 60 72 89 52 56 62 65 52 71 89 72 88 78 82 67 61 53 59 59 51 75 89 86 62 68 - 78 51 63 55 73 63 83 - 54 72 82 60 83 76 63 - - 64 64 70 55 88 77 53 - 71 58 60 65 55 76 58 86 56 79 86 71 53 56 52 77 85 - 74 86 53 87 63 85 65 56 65 61 67 78 77 72 87 60 67 57 81 72 56 67 69 81 63 89 89 65 83 83 52 53 71 80 - 69 83 78 - 55 82 60 61 65 57 72 - 53 - - 89 70 71 70 79 88 61 64 60 76 77 62 67 50 52 89 - 76 61 71 67 57 76 67 80 75 - 86 71 76 54 73 64 88 50 85 60 64 58 55 55 88 71 64 64 66 50 69 - 81 69 79 56 76 79 74 82 85 67 83 -
ch 0 203 14 50 89 e p 80 65 66 52 60 65 - 53 61 80 85 69 72 59 66 67 72 71 77 57 51 76 63 63 63 69 - 85 53 - 60 55 54 71 58 71 77 83 60 55 57 75 62 81 70 59 59 70 84 87 - 78 68 72 64 72 55 65 74 88 80 74 61 87 51 77 51 73 81 72 74 81 81 65 71 79 - 81 79 82 52 64 69 56 51 66 74 69 88 55 69 59 55 89 79 50 82 81 75 82 - 73 86 58 66 - 84 86 61 59 84 89 62 73 74 87 - 61 77 50 77 85 81 87 86 69 56 67 63 50 51 57 71 86 52 61 76 - 75 63 - 87 56 74 76 80 - 67 72 84 64 51 54 65 71 52 82 65 74 74 82 86 - - 62 73 84 54 73 51 68 54 62 54 71 86 70 69 61 56 80 88 81 81 88 62 79 56 82 75 71 84 - 86 77 81 61 64 79 76 51 52 69
ch 0 219 19 50 75 w p 58 82 68 75 57 77 74 67 77 68 83 66 74 - 56 - 78 81 74 62 65 84 76 87 76 88 - 55 88 88 53 77 - 80 51 - 73 82 75 71 71 57 71 60 69 65 77 79 52 - 53 68 74 59 85 58 64 55 70 63 76 76 56 - 86 - 80 64 89 73 57 55 78 72 86 63 51 72 54 54 - 75 59 78 62 75 69 87 53 77 80 89 78 68 53 50 86 56 77 69 63 78 59 58 76 - 57 73 - 54 63 54 82 77 60 74 70 55 51 80 81 72 71 87 79 83 54 84 72 64 52 89 74 75 76 67 - 67 87 54 51 87 - 87 69 79 87 77 56 62 53 52 58 74 89 87 52 70 89 58 - 51 68 63 80 84 67 70 51 85 84 - 66 69 78 54 50 83 89 59 - 64 54 64 87 59 59 50 77 88 57 89 50 60 87 81 62 56 84 56 83 69 55 81 54 - 82 76 78 70 78 86 66 88 - - 50 66 56
ch 0 216 20 50 75 w p 55 75 79 73 73 78 73 66 70 65 52 67 63 87 89 79 68 76 - 55 56 54 60 69 67 61 87 82 58 59 64 63 73 76 60 73 85 60 61 66 73 85 76 61 80 81 65 - 70 77 82 61 74 86 54 56 68 72 59 67 85 59 53 83 - 88 78 77 80 64 84 86 75 60 77 73 74 58 62 65 59 75 83 81 50 52 - 59 76 71 80 61 81 88 89 86 77 58 77 57 64 70 88 57 - 69 65 83 - 77 52 81 - 74 75 58 84 51 82 53 64 62 84 79 85 65 54 74 71 72 - 81 75 77 54 57 85 71 66 58 67 75 62 81 58 54 50 85 - 72 - 62 89 56 88 - 59 69 - 81 83 65 89 55 54 59 52 - 86 53 50 71 89 66 63 62 65 75 56 - 85 - 61 - 76 59 73 66 87 - 69 64 89 76 85 - 85 85 57 75 - 74 74 69 59 57 60 - 68 56 88 62 89 83 79 51
ch 0 178 12 50 89 e p 68 69 52 87 59 51 70 58 88 77 71 50 74 56 64 68 51 82 70 87 54 63 64 50 65 - 59 64 82 - 67 85 55 - 63 58 73 51 87 85 81 87 88 84 64 76 - 50 70 - 84 84 57 80 82 89 51 86 68 58 86 62 - 52 83 84 62 86 67 86 56 - 79 77 51 78 58 56 56 75 83 80 50 78 77 74 - 62 67 86 87 66 86 83 - 88 78 88 53 82 59 65 77 77 51 63 66 66 52 50 79 82 87 66 71 65 68 75 69 78 66 75 69 74 69 76 79 81 75 - 69 58 70 73 68 66 80 60 - 78 64 77 72 82 73 89 59 88 69 52 58 54 80 81 83 78 - 55 64 89 87 79 78 77 80 61 77 66 66 56 51 70 75 53 67 57 68 73
ch 0 210 17 50 89 e p 84 53 70 56 56 86 56 60 77 - 84 86 59 84 80 80 68 - 55 77 72 62 58 65 72 85 84 59 68 63 86 56 58 - 63 60 78 78 76 73 77 51 55 79 58 72 82 58 50 72 52 - 81 62 - 53 64 71 - 64 77 57 67 51 86 61 - 50 - 80 76 69 71 51 76 65 64 85 89 84 61 56 79 54 70 86 89 65 68 75 77 73 72 55 68 55 71 84 52 74 50 - 78 73 50 76 66 78 52 68 78 71 53 64 89 89 75 58 85 62 52 69 72 54 68 83 83 66 - 69 55 66 54 51 53 80 79 59 57 80 58 82 69 58 79 67 84 70 88 75 62 61 57 79 66 - 55 86 81 68 62 77 68 84 69 62 89 52 - 74 80 87 52 51 83 89 61 76 59 78 - 56 - 67 73 65 58 54 66 51 84 62 68 69 61 85 - 55 56 61 - 86 79 85 82 76 51 81 - 54
ch 0 191 14 50 89 e p 58 86 81 56 67 65 57 79 - 86 53 80 61 65 76 89 61 61 79 54 82 69 73 65 72 60 88 78 60 80 51 71 87 71 77 53 82 76 69 65 77 - 89 54 56 86 86 83 88 85 89 - 81 70 55 - 78 57 50 62 51 50 59 54 68 69 76 - 72 89 84 89 55 73 80 50 76 54 57 78 59 73 73 - 87 64 72 54 71 - 76 75 56 65 - 57 77 - 61 68 64 88 61 86 78 52 70 89 71 53 52 61 63 86 87 86 75 85 - - 85 51 63 76 55 68 68 82 72 80 69 59 60 62 88 85 54 52 53 86 78 75 87 57 81 63 64 88 88 50 78 62 80 56 55 66 81 80 78 51 50 53 69 73 75 76 54 - 55 55 85 87 - 87 59 63 66 88 56 68 - 73 78 89 61 74 51 57 77 79 85
ch 0 218 11 50 89 e p 52 50 78 77 74 64 84 50 75 83 79 54 52 74 81 68 74 61 66 59 59 86 56 79 68 74 72 79 56 72 62 88 73 79 86 69 63 71 76 53 - - 82 84 88 - 62 58 76 88 51 89 85 69 69 78 56 76 89 70 86 61 86 - 55 69 50 50 70 65 71 62 82 57 53 76 89 77 67 - 85 72 87 66 55 73 51 69 50 68 82 66 53 62 70 - - 87 89 88 - 82 57 66 65 51 76 78 61 69 61 73 78 77 72 67 55 81 81 57 71 82 76 83 77 77 80 67 52 64 60 65 70 64 64 52 54 84 59 58 71 57 76 57 63 84 58 75 79 53 81 61 62 71 70 80 52 85 80 63 60 55 52 88 55 71 64 69 84 81 87 53 87 60 88 - 83 64 55 78 71 67 86 52 75 - 75 56 79 88 56 53 88 - 78 78 58 84 67 80 87 82 81 84 50 56 68 73 62 89 58 66 78 63 86 69 64 66
ch 0 195 14 50 75 w p 55 56 70 89 63 74 85 80 54 60 - 79 77 81 62 59 76 67 86 85 59 86 58 87 86 68 88 84 55 88 61 77 82 67 60 83 - 75 68 84 68 53 82 50 80 60 88 66 83 67 60 - 52 57 60 55 85 57 52 69 - 52 62 55 76 66 66 79 89 76 68 78 73 55 61 76 65 52 54 86 - - - 68 83 58 55 52 75 87 63 54 81 57 63 84 50 77 69 75 66 71 84 64 61 58 65 83 54 72 89 69 87 62 77 79 68 75 50 59 74 67 88 54 84 67 72 68 68 60 71 - 56 68 74 83 78 72 61 57 63 - 68 66 67 68 59 - 73 76 59 84 60 53 64 73 - 57 84 51 67 67 70 86 71 63 78 82 69 69 73 70 71 88 81 72 76 54 55 82 53 84 - 84 67 60 81 65 63 57 52 - - 71 70
ch 0 188 9 50 75 w p 86 65 - 52 69 57 59 72 82 54 79 59 84 - 56 62 80 81 54 84 77 67 71 64 - 61 63 89 89 65 63 52 81 87 55 54 64 75 53 82 74 51 81 77 83 86 79 81 51 68 65 57 - 74 50 73 50 89 72 50 73 79 83 83 86 88 72 68 55 52 56 56 - 71 76 71 61 66 69 79 75 53 59 77 78 76 63 85 79 52 53 68 89 - 55 73 60 57 70 76 79 87 66 81 82 86 50 73 85 77 73 81 57 - 63 72 86 82 63 61 51 67 50 52 84 53 50 76 65 77 62 89 60 53 65 59 69 57 82 68 86 79 63 71 60 83 63 50 54 59 84 59 67 73 64 58 70 71 - 89 79 62 54 62 59 83 77 74 65 85 89 59 72 - 86 78 88 87 82 52 78 71 65 75 89 77 72 87
ch 0 201 9 50 89 e p 72 83 55 65 83 81 81 - 87 73 62 87 50 50 50 66 78 89 74 51 83 - 87 54 77 84 51 60 54 64 77 64 59 63 66 57 85 85 61 51 70 68 53 55 75 59 84 81 86 68 81 86 72 56 77 62 55 72 72 86 71 68 57 69 67 - 76 79 55 72 82 73 85 - 55 64 68 64 66 81 63 84 50 65 59 64 64 54 - 87 88 86 55 89 87 83 67 71 66 51 57 74 89 71 82 81 84 80 62 83 84 79 54 69 82 52 55 76 72 62 84 75 83 76 89 54 82 83 54 60 62 80 54 88 69 69 75 77 76 72 65 69 56 57 81 82 82 84 63 67 62 - 53 88 56 59 76 64 76 78 53 63 63 84 69 51 86 51 60 51 87 68 51 61 53 62 57 55 71 60 53 88 83 53 58 74 - 71 57 72 82 75 - 88 53 71 84 88 73 - 59
ch 0 197 14 50 89 e p 74 57 - 53 56 - 86 60 76 - 63 73 68 84 74 61 51 67 - 74 54 - 58 87 77 66 61 82 76 76 86 77 59 - 52 51 73 89 64 81 64 - 87 - 75 83 53 74 69 88 59 71 84 73 60 51 59 66 87 60 85 70 67 72 81 52 76 72 51 85 78 74 72 77 53 65 80 77 78 75 53 57 66 61 - 89 64 56 - 64 76 57 56 84 76 71 60 89 62 57 53 54 71 67 51 54 83 66 67 62 - 58 79 60 73 66 59 54 61 62 60 50 65 63 67 52 88 55 83 56 82 68 51 55 85 65 80 51 67 60 73 75 85 53 66 56 71 66 87 58 - 70 57 60 78 84 68 58 61 56 54 61 54 58 67 85 70 - 80 83 58 65 85 78 54 66 56 87 73 66 77 81 51 85 73 51 59 79 55 85 53 - 55 63 79 67 70
ch 0 184 16 50 75 w p 58 85 52 50 57 56 76 70 51 54 57 55 64 - - 73 89 53 54 69 70 - 86 - 54 56 63 53 79 75 74 88 63 82 60 64 68 59 61 77 60 64 - 75 70 - 68 59 67 85 - 89 51 61 - 57 57 69 75 81 66 63 74 73 51 62 83 55 55 66 62 84 83 87 - 54 73 63 58 81 77 61 79 85 - 77 77 70 71 79 56 59 60 80 75 64 74 65 54 71 70 88 68 65 58 86 88 83 - 65 78 57 - 69 56 - 52 71 50 64 54 86 85 70 59 63 66 74 86 68 65 58 79 84 72 76 82 75 50 83 57 89 73 78 86 63 80 78 61 86 83 75 86 58 84 69 - 67 - 77 61 68 61 60 66 72 86 54 62 80 60 55 73 52 54 80 73 88 83 - 70 83 61 55
ch 0 230 16 50 89 e p 64 68 83 - 54 88 - 86 70 89 56 66 60 57 62 62 79 85 61 74 56 79 - 68 77 89 53 54 57 55 65 56 54 84 55 67 78 62 69 50 51 - 63 88 81 84 56 64 69 84 77 78 - 57 70 77 56 60 80 80 61 71 54 50 61 50 81 57 87 56 84 62 87 66 58 86 73 68 57 - 83 59 86 78 81 82 78 53 71 57 79 - - 64 56 66 - 70 58 74 50 72 54 83 78 78 68 69 72 52 84 84 79 54 51 - 68 64 89 56 64 52 75 85 77 61 65 74 89 68 73 55 52 80 86 77 72 75 70 82 82 58 72 61 75 50 74 86 87 78 70 55 - 62 76 - 75 65 78 76 62 77 - 87 - 56 76 87 79 68 51 76 70 52 82 87 86 60 83 84 68 52 78 59 82 67 61 76 61 64 88 63 81 78 57 63 58 88 85 73 57 88 67 76 70 55 59 68 89 - 74 83 77 - 66 54 82 60 57 70 60 55 50 50 84 77 76 62 59 53
ch 0 179 16 50 75 w p 69 81 67 - - 61 50 58 81 69 - 63 65 - 77 84 69 65 89 52 - 50 62 52 70 68 66 54 82 52 65 84 83 74 71 65 54 50 69 73 50 54 63 75 52 71 77 72 64 84 64 51 56 67 - 64 62 54 69 69 81 85 52 51 70 71 50 81 64 84 - 50 55 56 87 69 71 60 54 63 61 70 73 63 81 70 74 64 83 - 79 70 - 51 88 70 82 79 55 75 51 81 - 68 51 64 57 62 59 51 67 70 83 73 66 86 63 54 84 60 72 53 76 51 84 55 68 78 80 85 - 55 62 - 50 - 76 55 76 52 83 51 80 77 89 59 71 61 76 82 - 66 66 80 59 - 60 74 55 77 74 80 80 64 63 72 85 89 75 84 - 84 78 52 50 54 79 83 69
ch 0 183 14 50 89 e p 60 77 51 65 - 79 53 57 62 79 64 85 52 88 55 56 - 72 67 50 89 72 60 70 58 52 54 56 68 51 88 50 58 60 84 55 88 82 68 63 84 - 81 66 88 67 78 87 55 79 82 - 68 63 62 65 65 61 63 82 68 70 84 50 57 - 84 75 89 67 75 - 65 54 89 67 52 - 54 74 66 79 69 80 84 70 62 51 - 53 66 64 77 60 66 78 89 72 51 72 84 54 81 78 74 72 69 78 65 76 57 79 86 - 88 88 75 82 50 83 58 60 68 50 50 - 66 54 51 56 87 78 54 50 51 83 87 73 86 60 72 65 54 55 56 74 50 75 66 52 54 58 80 87 - 68 51 54 67 58 - 88 81 73 53 54 83 87 82 56 - 58 61 59 80 80 73 81 60 - 81 76 89
ch 0 206 18 50 89 e p 81 51 69 - 51 81 80 79 74 75 89 83 86 51 57 60 55 61 53 54 51 84 73 - 78 84 87 65 66 68 89 68 66 86 67 56 50 89 56 63 - 84 86 76 - 62 54 60 67 50 60 80 66 - 63 88 71 77 70 - - 67 50 86 61 65 74 77 76 87 71 - 53 83 86 55 79 57 57 74 72 89 60 68 63 78 87 - 67 60 87 67 - - 75 83 73 76 72 77 86 82 82 68 52 67 71 68 61 - 55 82 81 79 70 75 84 70 80 55 86 78 70 63 62 70 74 71 51 75 83 83 62 86 58 58 - 54 64 72 81 - 57 - - 76 50 64 58 56 78 66 74 54 70 84 59 71 53 66 59 60 79 60 80 75 64 62 73 85 52 75 62 50 72 79 72 - 75 79 69 76 76 74 66 86 55 66 84 64 61 77 53 68 88 61 83 73 87 79 - 76 87 55 52 62
ch 0 190 14 50 75 w p 67 59 64 62 72 54 61 84 76 54 58 58 89 67 - - 52 67 86 86 79 86 87 54 59 73 63 69 65 69 64 88 88 51 84 59 87 88 88 52 - - 53 82 58 86 85 84 - 68 57 89 51 62 50 54 86 83 84 64 69 84 67 60 81 80 73 56 80 64 83 76 70 76 59 82 73 82 54 74 78 50 58 57 51 67 69 74 60 80 78 87 53 76 55 54 54 74 59 54 53 73 - - - 89 83 84 50 61 - 62 59 - 88 56 75 56 50 62 69 89 72 64 64 63 59 83 87 71 73 60 89 - 68 53 57 87 58 67 61 76 52 87 60 65 60 77 80 82 67 89 68 - 60 89 63 51 73 64 - - 69 55 61 57 65 84 66 65 75 85 76 50 76 57 64 67 61 56 56 84 67 84 82 82 67 78 71 58
ch 0 213 11 50 89 e p 53 73 73 53 80 51 61 64 54 86 58 84 87 - 59 64 51 69 - 56 72 50 59 59 78 87 73 79 66 62 62 58 59 57 63 60 62 55 - 66 81 75 73 52 64 54 70 68 58 73 62 87 62 66 77 81 78 65 73 - 52 81 75 74 85 70 67 84 77 53 51 79 74 64 58 61 84 87 84 - 79 83 71 50 66 52 - 73 61 64 62 81 78 88 50 - 84 84 52 82 50 87 61 83 53 71 55 78 69 89 52 52 85 75 73 76 88 85 80 73 76 60 52 83 73 62 89 51 59 74 51 72 50 52 71 79 85 72 72 74 64 52 76 - 50 56 74 75 61 62 77 66 64 59 53 71 72 86 59 87 68 54 77 84 86 68 50 82 64 71 85 - 70 77 59 81 78 55 87 81 55 89 64 65 53 51 65 64 52 - 79 52 78 62 87 62 - 87 72 72 83 73 63 56 87 50 58 55 62 75 67 84 51
ch 0 194 9 50 89 e p 71 89 78 57 89 57 73 85 56 60 - 73 55 87 50 - 69 84 79 66 87 55 83 65 77 61 60 52 74 70 77 63 89 63 56 50 70 71 58 77 73 86 64 85 54 52 82 63 69 79 72 74 51 88 81 55 58 70 63 59 76 58 89 69 70 86 65 87 82 83 86 55 74 64 58 81 89 57 69 78 84 66 74 72 72 77 81 - 52 63 51 52 72 78 55 59 87 64 76 65 - 50 54 53 87 76 82 84 52 65 78 79 70 59 84 52 56 76 65 56 61 74 64 51 51 86 80 83 60 75 57 78 70 55 52 63 50 59 86 56 74 52 - 82 66 51 76 89 60 87 - 72 74 78 80 72 53 73 57 87 68 53 60 67 66 70 54 88 83 89 79 81 88 85 59 77 87 64 84 76 88 - 68 60 51 75 50 - 75 74 - 73 88 68
ch 0 223 21 50 75 w p 77 73 61 - 84 57 57 50 56 84 78 79 - 66 - 68 59 - 85 53 69 79 66 57 87 56 88 81 - 72 58 53 72 73 80 - 75 57 82 50 - 86 - 59 83 68 86 72 64 80 66 59 52 - 58 71 79 60 81 - 79 86 66 82 85 - 82 72 52 76 62 60 54 88 - 55 50 71 53 70 52 62 83 59 78 89 82 - 67 85 88 89 85 81 50 78 68 56 56 68 83 81 88 66 81 65 70 79 60 85 72 86 82 73 54 84 61 50 89 72 67 83 60 70 61 75 60 78 85 68 81 53 69 81 53 69 50 86 84 79 56 - 63 83 83 61 80 71 81 55 77 61 52 72 60 74 54 83 70 74 62 75 74 - 71 - - 86 77 53 60 63 60 63 72 87 89 - 75 84 64 62 - 87 52 68 85 71 89 77 65 80 69 63 70 88 59 68 88 51 81 51 - 89 65 62 - 65 60 80 73 78 75 52 52 78 86 54 65 64 80 52 68
ch 0 170 8 50 88 e p 55 64 56 80 85 65 54 83 78 62 57 51 68 68 68 85 81 62 65 - 64 71 50 58 51 81 84 63 76 66 56 55 66 64 83 70 87 87 65 53 65 69 82 59 55 83 53 - 64 61 70 74 60 74 79 53 74 53 66 70 59 72 53 80 50 68 62 74 76 63 51 53 69 75 83 71 88 69 76 72 62 83 79 70 57 67 74 70 71 79 61 57 71 82 76 69 85 62 80 55 77 - 56 - 76 73 71 55 - 75 75 81 56 61 72 76 55 87 54 83 57 53 76 - 82 83 65 79 78 58 87 66 59 76 62 78 55 77 62 88 - 81 - 82 84 88 50 68 88 64 54 75 72 77 56 87 74 74 63 83 71 71 80 61 82 52 82 64 57 53
ch 0 206 12 50 75 w p 59 75 74 59 58 75 55 64 74 82 79 66 71 75 85 52 61 71 - 66 70 87 83 75 50 51 56 50 88 73 89 89 51 79 87 79 70 63 88 54 84 53 70 70 63 73 77 57 72 62 55 83 57 71 70 55 67 61 75 71 56 85 87 73 52 82 52 88 59 89 79 78 58 61 - 82 70 59 73 74 63 54 83 63 63 56 80 78 58 72 54 - 52 72 75 61 54 83 87 68 58 64 88 54 72 51 89 82 - 65 60 63 75 67 67 73 88 62 75 57 58 72 84 - 53 74 76 81 56 69 58 60 65 52 59 58 63 86 58 84 66 - 83 56 69 57 79 74 70 76 78 69 75 84 - 87 64 53 66 - 66 65 61 55 67 66 87 52 64 56 85 54 56 53 72 - 89 59 - 57 80 70 71 85 53 64 77 77 - 55 79 - 55 86 58 76 64 87 56 86 68 85 86 50 82 71
ch 0 175 12 50 75 w p 84 60 66 71 - 54 65 54 71 61 - 68 66 52 83 72 - 87 88 88 77 82 76 62 54 71 65 67 83 60 75 - 54 78 79 60 62 67 51 66 84 50 56 78 71 67 54 61 74 50 63 - 85 77 63 61 64 71 56 53 79 86 78 - 60 57 - 75 81 67 59 68 79 - 61 65 - 85 83 78 61 71 78 77 74 80 64 66 81 68 57 81 - 56 69 82 70 76 71 80 69 52 - 52 63 70 63 62 76 69 73 86 72 75 55 55 51 76 52 83 84 70 83 88 64 56 55 82 84 54 59 53 78 85 - 62 69 77 81 85 68 55 65 62 89 50 65 85 53 58 72 53 63 60 50 66 85 73 71 69 61 75 80 87 85 73 64 70 72 84 61 73 77 50 54
ch 0 227 21 50 75 w p 66 60 81 54 50 75 70 - 56 83 76 - 58 81 76 65 63 79 74 66 68 79 81 79 65 50 76 75 73 76 84 - 54 63 83 89 69 62 - - 71 61 69 55 51 87 74 63 56 85 55 - 60 59 73 73 61 80 77 70 56 73 50 79 74 56 74 73 67 76 61 68 69 59 56 89 58 85 77 81 - 59 68 - 79 52 61 83 57 - 54 57 - 66 80 71 80 - 62 67 74 70 82 84 79 55 75 56 81 75 83 85 56 71 - 89 - 57 55 70 72 87 80 88 68 50 77 82 52 82 - 56 72 59 58 66 54 53 53 85 55 79 74 74 - 74 55 84 68 82 82 63 68 65 55 77 62 - 65 68 72 56 89 61 - 76 55 53 57 69 52 65 67 88 59 55 56 - 69 60 78 71 86 - 51 81 76 63 80 64 57 63 56 57 57 89 89 75 74 84 59 80 79 54 60 50 54 54 - 69 74 87 75 - 82 83 51 73 63 84 89 87 66 86 87 64 82
ch 0 193 6 50 75 w p 60 63 77 75 - 85 58 51 86 71 67 66 89 58 78 67 88 88 71 84 62 69 50 52 53 84 63 85 76 58 - 67 54 85 67 89 74 77 55 52 53 69 53 85 63 82 57 75 83 64 81 68 89 80 73 68 53 51 70 83 67 80 52 61 - 62 67 65 52 54 69 65 79 - 63 88 66 51 87 79 79 89 61 68 87 60 72 62 84 50 81 57 64 54 61 62 74 75 53 68 82 51 58 87 60 73 59 86 84 85 72 76 76 68 72 77 68 76 68 71 65 80 62 79 74 73 85 72 66 75 87 64 87 64 89 87 85 77 72 52 61 57 60 77 86 - 53 63 60 62 71 85 74 65 56 65 52 59 84 68 56 50 64 77 60 55 75 56 53 87 - 67 58 52 65 69 74 80 75 83 84 79 78 81 59 82 64 52 61 65 73 84 68
ch 0 194 22 50 89 e p 72 71 84 69 - 81 88 53 74 60 72 74 59 59 53 77 84 51 50 86 85 87 88 77 - 77 87 89 88 62 85 63 85 71 60 64 67 63 66 - 66 - 72 - 85 64 88 - - 87 85 68 50 55 - 53 88 61 84 - 60 72 80 55 62 - 57 89 62 65 84 51 88 88 83 54 55 80 83 52 - 88 67 75 60 78 - 86 74 53 60 65 80 55 60 72 57 74 64 51 52 70 82 55 61 53 69 73 80 69 86 - 77 54 68 62 79 62 73 74 87 50 79 71 62 71 56 80 77 78 - 76 55 79 67 82 60 - 77 80 83 85 87 64 64 79 83 80 54 62 65 89 72 - 70 81 - 57 61 55 77 54 80 78 63 63 87 - 70 - 84 61 58 66 89 77 60 57 69 89 72 - 74 77 - 68 - 66 62 50 80 62 82 67
ch 0 217 15 50 75 w p 63 79 63 55 81 51 79 78 68 61 55 80 88 59 71 71 82 - 87 85 64 89 52 - - 73 68 87 64 61 54 64 83 52 56 50 - 80 67 55 78 80 82 71 56 57 55 82 67 85 85 63 79 88 64 52 59 - 59 - 65 75 58 86 53 54 64 65 58 75 85 59 52 58 - 77 59 79 75 59 89 81 58 67 82 74 83 61 58 75 82 52 87 53 66 72 61 65 74 72 53 71 80 69 68 55 77 - 68 80 80 - - 69 76 67 81 59 63 52 55 58 54 - 72 76 61 55 70 55 69 - 66 88 58 - 88 63 63 54 75 87 52 84 87 72 75 - 72 60 74 67 57 80 81 58 79 64 89 56 79 75 54 - 79 77 50 56 88 59 62 65 61 76 85 72 78 87 84 74 80 84 87 76 71 89 62 52 57 58 57 63 50 71 82 81 88 81 82 82 57 64 67 80 70 81 54 75 67 76 68 75 72 68 85 81 89
ch 0 175 17 50 89 e p - 78 56 - 64 81 70 70 73 76 79 63 62 70 65 - 73 68 81 67 67 67 77 71 76 59 57 65 50 63 74 67 68 - 57 75 64 - 55 - 67 74 57 61 56 - 63 83 67 70 81 74 72 71 50 78 70 84 80 51 70 75 74 78 77 58 - 84 74 86 77 88 86 84 86 68 83 78 69 68 79 57 76 63 56 77 69 58 53 88 77 83 66 76 62 81 65 51 76 65 51 58 84 - 52 89 72 74 51 62 79 83 69 56 79 77 78 51 62 57 57 76 52 74 55 89 - 80 51 76 83 88 71 51 - 59 77 70 71 69 83 - 78 - - 66 65 62 52 59 73 83 56 85 52 66 56 84 - 70 - 85 - 80 51 62 77 62 63 65 59 58 82 60 79
ch 0 229 17 50 75 w p 51 87 69 69 82 50 61 75 64 83 72 56 88 - 82 79 84 66 77 78 57 57 86 78 59 75 67 83 56 66 52 80 88 88 87 60 86 67 87 57 53 70 64 70 59 65 80 66 78 73 67 58 84 67 71 82 72 60 67 79 64 82 62 79 88 51 62 57 80 64 - 55 67 59 59 65 83 67 56 89 54 53 63 66 52 - 82 52 87 85 67 72 - 57 76 84 81 56 - 85 69 55 87 55 79 78 69 - 65 59 73 71 79 72 - 81 73 87 59 - 71 69 51 89 72 59 52 75 81 - 79 83 - 79 50 82 74 84 81 68 55 67 74 - 76 68 50 - 68 57 68 64 76 81 86 52 88 57 62 80 84 79 58 55 64 78 50 59 - 55 59 56 66 - 72 55 52 51 56 63 63 69 59 50 - 58 51 50 86 69 88 66 71 - 58 71 88 86 89 88 73 50 82 57 72 65 77 58 66 72 85 74 80 69 52 68 80 61 63 57 81 52 55 62 79 52 63 82 -
ch 0 191 17 50 89 e p - 56 58 54 67 83 78 52 50 60 72 63 - 81 63 - 68 64 76 84 51 72 67 77 79 69 67 77 55 52 74 80 88 68 55 63 - 69 62 66 - 62 - - 63 70 85 61 74 52 - - 55 57 61 68 80 56 - 77 62 88 56 88 78 89 88 55 79 56 54 60 58 66 75 84 53 63 60 74 - 65 65 67 72 55 88 66 55 86 64 67 71 61 75 73 52 - 85 73 53 81 80 79 78 - 59 67 70 66 54 86 63 71 69 70 86 87 74 50 74 68 64 58 80 79 60 57 51 58 74 84 72 82 89 74 83 52 74 58 67 54 65 67 69 70 - 87 78 76 63 81 86 - 65 59 82 68 79 85 81 65 51 71 55 73 66 74 52 81 88 76 89 54 84 - 89 - 71 71 54 62 89 65 68 66 76 84 87 84 74
ch 0 208 9 50 89 e p 82 51 62 73 75 89 60 57 86 84 71 79 65 89 - 70 84 70 87 60 84 82 66 78 63 87 75 70 60 57 74 89 55 61 50 89 - 54 75 52 79 79 73 60 57 66 69 87 71 63 86 89 71 68 72 67 60 52 89 57 62 84 80 50 - 55 54 59 74 80 85 72 50 89 82 89 86 80 56 58 89 59 60 - 67 83 66 69 71 87 58 56 51 86 69 63 62 87 69 76 82 81 87 87 56 59 55 53 - 63 - 51 55 74 64 83 54 72 67 64 58 81 52 55 79 53 55 68 68 60 89 77 62 88 63 84 73 87 60 60 82 66 53 58 88 82 51 67 - 59 61 75 72 72 56 75 82 80 65 - 55 78 50 61 59 84 82 61 76 82 52 50 88 53 56 87 63 51 - 85 72 73 63 67 64 62 83 75 78 70 73 56 50 55 61 73 71 89 61 78 71 85 56 88 59 75 59 53
ch 0 200 10 50 89 e p 85 75 61 73 77 81 69 84 56 55 57 65 54 83 - 63 62 84 64 79 72 87 69 87 54 51 51 82 - 85 51 78 66 50 60 76 60 85 60 78 83 64 55 53 74 80 88 76 78 55 67 62 58 79 86 71 53 70 80 67 69 79 77 52 50 72 58 54 - 64 66 85 84 82 62 - 80 80 60 80 54 69 88 86 82 65 54 77 73 72 84 62 84 - 84 51 53 76 88 51 51 59 - 55 63 77 82 76 63 72 57 55 - 82 51 88 80 63 53 89 67 82 73 - 54 58 61 71 52 80 88 68 55 62 69 84 66 85 52 65 74 68 74 61 68 73 54 54 69 64 56 81 - 71 52 55 74 55 50 75 87 57 75 63 85 84 53 67 84 83 75 77 77 69 63 57 69 64 83 71 64 69 73 78 59 83 - 70 75 57 51 86 80 70 74 77 51 51 89 71
ch 0 193 18 50 75 w p 55 85 58 62 87 66 82 60 57 - 61 89 60 64 72 77 62 87 56 84 78 57 60 88 52 89 53 79 83 83 64 81 74 57 61 - - 65 72 - 80 84 58 73 84 89 69 74 70 57 71 77 68 57 59 81 57 62 65 62 88 - 80 80 74 54 55 73 58 69 - - 52 85 78 59 54 82 - 60 85 54 72 69 73 87 86 53 58 84 62 83 84 63 79 80 76 58 77 61 - 70 59 82 77 58 57 88 57 52 72 - 89 58 63 50 72 85 - 65 61 77 74 59 66 73 61 - 72 65 52 - 53 55 51 55 61 54 65 85 65 73 74 71 65 50 72 76 73 67 51 84 56 58 51 75 - 61 64 71 57 63 86 67 78 64 88 50 - 88 87 68 69 58 73 57 82 50 60 - 81 - 74 - 83 82 81 80 69 89 55 68 54
ch 0 212 21 50 75 w p 53 87 61 66 76 75 73 71 - 71 69 - 55 87 - 60 80 - 70 - 56 85 57 - 83 82 71 84 56 77 69 60 73 80 60 65 52 74 88 74 89 51 52 72 74 - 85 53 87 78 65 70 67 70 54 60 60 63 85 50 69 65 83 89 89 70 76 68 - 56 62 74 69 78 55 50 58 67 51 81 60 81 80 63 83 84 50 75 60 63 84 87 - 81 52 71 56 - 62 77 61 67 72 67 75 - 69 60 86 73 79 58 - 50 62 63 71 50 82 50 52 75 54 - 78 53 80 62 57 55 51 61 76 57 53 87 50 86 65 51 - 53 51 87 67 73 84 - 79 86 79 58 60 - 52 81 55 67 77 59 63 57 53 50 81 - 50 51 50 70 57 - 64 71 57 52 53 83 84 81 55 79 56 62 80 71 89 86 62 74 78 65 51 76 64 75 54 79 - 85 72 50 - 71 63 74 61 76 51 - 59 73
ch 0 170 17 50 75 w p 70 85 77 51 78 54 71 55 - 84 70 - 63 - 58 77 76 67 82 52 - 84 87 78 52 71 - 76 61 65 59 - 71 64 88 69 53 60 81 - 53 76 76 76 81 89 - 74 - 63 76 87 78 67 57 56 73 58 60 - 77 82 67 - 82 68 69 64 83 - 83 - 87 50 58 60 77 57 73 89 66 67 66 68 56 78 60 78 89 50 50 65 52 68 82 53 56 81 62 65 64 65 55 53 52 59 63 54 73 62 74 83 - 77 57 73 81 67 74 62 68 61 77 76 56 56 53 63 66 85 86 86 69 89 87 50 51 - 77 77 81 66 73 87 59 84 58 86 59 87 80 87 51 66 - 78 70 57 51 61 72 88 52 52 78 80 71 67 85 -
ch 0 210 12 50 89 e p 54 52 80 67 86 77 74 67 55 68 89 61 83 87 - 56 77 55 57 83 68 67 52 66 62 - 88 70 63 70 80 87 67 80 83 60 58 58 76 89 63 67 - 70 86 56 54 79 86 53 65 70 85 77 86 88 86 86 70 80 78 69 51 82 75 63 60 52 - 59 82 75 64 87 57 83 53 68 56 61 60 77 62 73 69 81 89 62 87 86 77 - 57 53 78 55 83 58 76 89 87 66 87 54 64 72 61 70 54 71 77 - 76 63 57 76 53 63 52 70 74 57 89 80 75 75 60 88 55 75 53 65 74 68 79 86 80 83 74 65 80 60 53 56 78 79 70 55 - 85 86 58 53 76 53 88 58 71 78 70 75 55 - 51 54 59 61 57 76 73 75 67 - 72 51 56 70 64 56 89 51 51 74 84 - 79 53 63 89 85 66 74 88 59 64 62 69 52 - 52 69 88 50 55 88 53 - 50 62 74
ch 0 223 13 50 89 e p - 72 80 75 74 75 65 56 67 56 82 54 - 62 83 87 - 88 65 75 84 68 - 61 87 73 83 57 64 69 85 79 85 61 78 63 63 73 70 88 66 80 85 74 69 75 88 79 55 73 77 61 52 82 74 84 82 53 83 76 55 87 77 75 74 62 - 60 - 72 87 81 58 54 73 53 - 57 54 88 63 71 58 71 67 59 55 81 84 61 87 51 - 50 78 55 83 56 55 79 71 61 58 70 75 52 66 83 56 72 75 53 61 88 83 56 55 55 58 75 - 65 54 54 59 84 67 83 56 83 78 - 77 58 57 75 53 59 85 77 66 53 59 70 55 84 79 78 76 53 80 58 56 64 89 82 - 70 88 61 62 82 86 72 77 58 50 87 - 69 58 74 83 83 66 59 57 63 59 60 65 53 62 86 80 84 76 80 75 70 59 72 89 65 72 88 66 57 81 76 60 78 60 67 50 85 70 65 57 54 65 73 88 82 78 70 61 80 61 68 87 - 55
ch 0 180 9 50 75 w p 70 56 52 84 64 57 79 - 80 56 56 83 72 61 76 56 81 70 51 52 71 85 89 52 60 74 62 60 80 51 65 60 81 88 59 - 72 54 - 78 67 51 89 58 59 51 57 75 89 60 66 51 87 76 79 58 70 72 50 62 78 82 82 63 75 - 56 55 77 75 89 - 62 - 85 51 74 57 50 73 56 76 57 77 72 58 - 55 88 75 63 73 85 77 52 76 87 89 79 52 72 51 64 56 79 52 58 55 57 59 55 51 51 50 58 78 77 53 52 - 53 70 51 50 50 63 84 74 77 53 71 51 89 65 67 66 57 86 82 71 62 72 66 79 86 66 65 50 57 51 52 78 84 54 74 84 88 80 80 71 86 63 79 66 75 80 76 76 62 89 59 68 52 52 - 60 76 63 53 62
ch 0 224 18 50 89 e p 80 56 70 73 68 78 76 55 71 50 59 66 62 55 68 57 65 88 83 81 57 80 66 66 67 69 70 - 64 68 70 53 74 52 72 79 68 64 - 58 69 51 76 66 64 67 83 50 51 53 78 53 82 76 84 52 51 65 60 - 65 83 - 61 86 85 86 58 67 66 59 55 74 84 - 63 81 81 88 83 76 76 56 74 68 68 88 89 60 80 85 55 71 86 82 50 - 65 80 86 89 63 72 62 70 55 82 87 61 88 59 69 68 64 79 56 84 57 66 61 55 65 54 63 66 80 55 77 53 65 59 69 58 59 60 52 62 64 85 61 62 - 85 61 58 72 52 - 85 66 76 60 82 88 87 87 78 69 76 60 65 84 80 68 80 - 88 56 53 81 77 83 63 67 53 66 - 82 82 - - 52 60 87 - 54 58 80 68 85 70 69 58 63 69 - 82 71 - 56 69 55 80 - 60 50 72 59 - 83 52 57 77 74 56 66 80 78 - 78 67 82 70 71
ch 0 189 15 50 89 e p 63 53 70 72 - 81 68 66 75 50 87 - - 67 62 71 63 83 80 82 71 - 50 80 56 82 72 79 89 53 86 65 79 50 - 65 89 72 - 57 59 56 84 60 53 85 74 70 81 - 69 53 53 - 60 53 68 55 55 81 75 82 70 61 67 84 75 61 54 69 71 82 89 69 75 66 75 69 83 62 89 74 68 61 71 56 83 80 71 77 75 80 87 84 68 64 - 64 68 89 81 62 59 55 50 67 50 68 57 82 76 86 85 - 74 83 85 62 89 50 61 68 89 87 66 88 72 - 72 88 87 70 72 - 80 67 77 57 56 65 82 85 53 86 79 89 77 51 75 61 - 65 85 70 75 63 53 50 62 - 64 60 61 68 64 79 86 84 85 51 78 88 70 52 73 78 77 72 72 62 56 84 87 88 72 82 55 - 74
ch 0 195 12 50 75 w p 69 67 69 63 66 59 56 - 56 81 71 59 54 55 54 74 75 69 57 77 54 78 - 71 80 55 61 52 70 - 50 68 73 84 68 75 81 51 78 68 85 - 69 74 87 - 54 53 53 60 77 74 55 80 83 59 71 69 70 86 63 75 82 79 86 75 - 67 79 55 50 73 56 87 73 82 60 89 85 64 77 76 - 61 - 89 78 57 87 62 - 69 76 60 82 89 77 83 75 63 62 77 67 57 65 62 62 67 62 58 54 62 57 77 89 81 86 61 54 84 62 79 50 67 76 86 53 57 62 74 59 55 61 62 56 87 55 80 80 65 65 79 68 73 50 71 63 71 69 56 54 65 66 61 55 72 - 74 52 77 64 71 89 51 62 70 78 85 87 64 69 66 66 88 65 81 63 82 84 72 63 57 72 81 74 79 80 51 - 53 59 76 87 - 81
ch 0 209 12 50 89 e p 51 68 60 67 79 - 74 64 64 67 69 79 73 68 65 65 - 51 63 50 83 78 55 52 61 69 56 85 83 86 76 79 65 68 75 62 85 65 57 51 87 54 65 - 66 53 69 61 76 79 58 79 64 55 84 82 76 54 75 85 81 76 78 62 60 66 54 73 79 58 - 82 53 83 - 66 61 85 50 81 56 89 58 79 89 55 55 85 80 55 85 77 86 67 76 82 57 67 50 87 60 78 69 88 71 71 - 67 62 60 78 77 68 61 54 54 66 56 55 67 51 88 75 69 73 74 51 52 60 - 66 50 77 67 70 56 85 77 72 72 77 85 89 88 58 69 - 73 88 69 85 62 80 76 58 70 76 61 - 78 - 87 81 68 55 88 - 61 77 51 82 59 67 73 54 82 63 89 50 54 - 89 64 86 70 73 89 87 70 76 58 73 51 86 58 89 85 53 67 63 60 51 86 85 79 59 52 79 72
ch 0 224 19 50 75 w p 66 75 63 86 81 55 63 - - 71 51 63 75 74 - 84 70 68 60 60 53 78 81 80 71 57 59 53 53 63 68 65 85 86 83 72 63 83 73 54 83 66 73 70 54 75 84 70 71 52 79 65 53 - 52 79 68 50 59 - 78 52 53 51 89 71 50 84 82 89 87 74 - 71 - 54 80 79 65 78 88 80 71 72 80 87 61 88 59 - 58 - 58 67 51 56 50 70 89 - 86 86 74 78 87 84 80 57 55 57 57 58 51 75 56 69 74 84 88 53 79 77 - 65 66 82 59 87 81 68 61 62 82 60 55 54 73 53 82 - 59 81 70 63 65 - 87 70 87 88 68 51 74 52 61 74 89 76 68 66 77 71 70 51 58 53 - 52 84 72 61 55 60 57 74 86 62 70 72 - 52 51 73 59 84 - 87 - 56 77 74 85 77 61 73 51 - 77 79 77 60 79 78 66 74 74 85 52 52 77 - 61 81 77 87 50 88 61 71 61 69 87 86 61
ch 0 203 12 50 89 e p 59 59 59 73 61 59 76 76 73 85 86 73 59 53 56 78 57 74 56 52 83 72 61 84 77 77 83 65 69 62 81 87 75 - 52 62 74 62 85 77 88 86 59 72 63 81 82 73 83 66 76 80 79 77 73 82 50 78 84 52 58 78 53 79 67 69 62 52 55 69 - 59 89 89 59 52 65 - 73 63 68 65 - 77 60 50 50 80 75 67 72 88 76 81 80 53 78 89 64 87 88 80 50 88 56 63 65 84 65 58 82 51 53 62 83 77 - 74 55 80 84 - - 53 59 81 83 63 63 66 75 72 80 85 59 86 55 80 83 87 69 64 59 55 85 64 70 71 75 86 51 60 83 58 - 83 73 69 64 62 65 74 72 - 79 79 69 54 57 83 70 - 57 81 85 69 74 76 89 87 70 56 77 - 64 89 60 72 76 54 51 56 60 72 80 70 - 85 69 79 66 82 51
ch 0 181 16 50 89 e p 63 58 59 74 54 71 64 55 - 76 86 70 57 - 82 52 53 78 70 88 62 57 81 89 89 88 66 58 70 76 71 81 71 60 - 52 58 67 55 - 84 57 57 78 52 73 56 64 86 71 54 54 62 54 89 68 82 54 59 88 86 73 82 82 87 80 65 86 - 78 58 70 66 54 58 - 57 50 60 62 - 71 50 66 - 80 57 58 82 51 71 77 75 - 50 70 79 - 57 74 77 74 57 88 59 67 77 80 73 63 52 50 60 - 61 73 60 - 67 52 58 53 60 67 74 - 60 89 61 78 82 - 79 52 64 66 74 76 56 64 60 71 - 73 62 63 64 67 62 54 53 77 67 61 55 53 66 - 68 74 76 65 86 60 72 72 57 83 50 52 80 82 75 83 62 62 67 71 61 58 87
ch 0 190 12 50 89 e p - 81 54 63 59 58 78 73 86 55 54 88 80 57 67 77 52 83 56 67 82 86 81 86 52 53 56 69 61 87 74 69 86 87 63 78 79 68 60 85 86 71 89 52 56 72 79 68 86 - 85 57 54 71 60 88 84 52 84 58 58 78 70 67 - 59 57 - 76 55 82 - 63 57 51 - 65 65 64 56 63 74 67 60 72 57 70 61 65 88 54 - 77 85 55 53 71 56 88 81 60 51 69 70 54 53 81 72 69 68 89 70 56 69 70 57 60 - 51 62 59 59 55 72 62 - 70 88 82 87 74 52 57 85 69 63 72 83 86 71 85 59 76 72 59 72 84 87 68 80 51 89 66 83 64 87 83 63 89 53 54 83 50 69 84 76 51 51 - 50 77 69 60 73 60 55 59 85 63 55 56 89 - - 63 66 87 71 72 67
ch 0 186 12 50 75 w p 64 50 77 61 81 59 75 81 76 77 87 - 68 52 88 75 58 - 54 60 70 66 60 62 87 82 79 52 63 58 62 - 67 63 70 81 56 51 52 76 81 77 74 85 55 67 69 67 65 85 56 59 - 68 53 51 84 - 76 72 51 - 58 52 74 68 83 50 50 65 79 - 86 81 50 87 51 61 81 53 80 60 52 - 79 71 56 54 53 78 50 83 58 74 79 66 84 89 72 50 62 78 59 86 88 68 85 70 85 85 70 73 74 58 81 69 81 54 56 64 70 81 69 77 59 79 85 76 75 80 79 61 66 85 - 87 77 58 70 75 77 - 68 68 69 81 59 51 72 79 58 54 67 - 56 70 69 50 69 50 88 51 71 77 59 74 63 82 79 65 60 53 79 74 84 63 63 67 81 60 64 68 52 - 79 62
ch 0 175 12 50 89 e p 65 88 58 75 80 61 56 74 75 51 - 61 63 65 58 70 64 81 76 50 66 78 55 77 69 66 87 55 82 71 - 58 85 78 89 87 65 60 82 68 88 88 89 87 88 82 65 50 51 58 80 77 67 73 84 64 56 68 84 - 51 70 75 85 71 60 61 50 63 81 84 73 55 72 84 75 60 74 55 - 84 63 66 60 82 63 64 73 53 80 56 88 53 - 60 55 75 74 81 80 72 52 77 - 74 85 74 - 67 73 54 68 62 61 64 67 60 53 74 53 - 60 67 52 70 88 55 77 56 80 - 51 67 50 57 85 - 64 52 57 50 80 75 85 57 88 51 84 78 50 67 51 53 89 - 88 61 50 65 75 88 55 69 80 54 50 81 59 74 60 - 66 78 51 52
ch 0 193 15 50 89 e p 69 58 66 87 76 73 62 64 78 85 70 69 79 66 69 71 54 71 - 80 67 89 72 65 83 86 72 86 55 - 79 78 60 70 70 82 58 72 86 67 71 56 78 75 75 79 57 - 51 67 81 67 59 73 73 85 79 61 65 58 60 75 55 - 70 58 51 79 - - 88 60 65 81 51 83 68 58 73 87 56 54 55 55 87 52 59 80 64 50 87 69 50 58 - 88 70 79 81 68 86 70 79 84 - 64 66 60 73 61 64 63 86 52 74 73 65 50 - 83 58 81 73 50 71 62 62 - 84 55 - 85 81 53 88 80 79 62 55 81 - 52 55 53 87 87 54 85 77 87 55 51 62 73 59 80 67 73 64 59 68 64 75 50 87 66 53 62 77 80 - 76 67 60 76 71 72 79 78 77 - 53 53 59 66 51 84 80 66 71 82 - 63
ch 0 206 14 50 89 e p 84 78 58 85 55 77 78 - - - - 69 79 67 85 55 - 68 70 51 78 80 85 80 87 52 65 89 55 82 57 77 61 67 77 77 68 73 65 78 66 71 68 89 66 83 61 79 52 66 78 54 69 57 75 71 63 52 50 72 64 72 84 71 - - 54 67 71 59 60 76 83 84 59 62 66 66 59 76 75 75 89 79 57 72 76 62 67 69 62 84 - 83 84 80 79 64 61 71 61 89 54 80 59 67 82 74 60 71 78 67 53 51 86 60 74 - 74 74 63 72 64 50 66 80 54 72 89 78 52 86 66 66 74 79 - 66 60 83 56 82 89 80 57 82 69 89 57 70 87 86 61 72 65 72 62 86 62 61 - 84 85 88 - 60 83 52 50 81 70 86 - 52 75 72 80 65 51 65 73 58 72 67 59 65 58 - 63 58 86 78 54 58 82 85 78 70 70 78 57 84 88 55 62 76
ch 0 172 15 50 89 e p 69 77 65 77 67 65 82 67 - 51 74 70 87 77 82 88 - 76 65 84 61 85 56 51 62 - 63 59 65 86 65 77 76 70 - 84 - 60 51 64 55 77 56 81 79 57 69 75 70 73 55 52 - 59 - 77 54 86 73 89 78 - 73 75 55 64 59 71 56 89 67 77 72 76 89 86 58 64 71 69 58 51 85 60 82 82 69 74 67 55 69 87 50 85 89 61 60 88 66 67 80 68 64 - 81 - 71 65 68 85 74 72 - 50 50 69 67 65 75 80 64 80 86 74 55 87 71 - 61 75 83 60 52 56 89 70 87 61 66 50 73 81 55 54 76 - 65 83 85 66 73 79 59 62 54 83 71 50 88 55 55 78 - 65 62 53 65 64 53 81 - 61
ch 0 204 14 50 75 w p 81 68 75 58 57 50 89 64 76 58 68 66 - - 55 73 86 85 61 59 68 69 71 60 81 84 68 58 56 67 70 59 78 60 62 64 52 62 61 67 87 65 61 65 77 67 80 64 60 - 69 - 53 54 55 51 56 56 89 69 78 75 81 79 63 67 76 88 65 55 89 75 66 79 79 84 60 75 57 85 - 86 58 70 50 60 74 79 53 62 79 68 64 77 52 70 69 85 67 70 57 71 79 - 59 60 84 65 84 86 60 - 72 77 69 81 83 76 87 63 64 - 82 67 55 76 69 61 70 57 69 78 - 74 86 - - 57 62 - 82 82 74 57 68 61 80 50 52 65 - 78 69 64 87 57 87 51 86 68 51 88 66 76 78 73 66 77 80 70 68 79 51 86 - 62 65 64 58 59 78 51 56 63 52 60 67 83 84 81 51 71 86 79 55 66 69 60 69 64 58 64 56 67
ch 0 203 10 50 89 e p 60 53 60 74 64 59 88 80 66 75 58 81 81 80 52 62 79 55 71 68 76 61 85 81 55 73 67 64 70 72 89 86 - 50 72 76 71 69 57 59 58 82 - 81 87 82 52 - 50 57 59 87 55 70 66 - 62 - 84 85 55 - 68 80 75 86 62 84 - 50 68 76 56 89 70 52 75 62 66 86 54 58 59 51 72 69 70 55 71 88 54 50 53 50 85 85 56 55 73 88 56 73 89 61 67 57 51 83 58 50 75 72 84 56 59 85 54 63 88 54 66 83 72 75 80 79 86 72 76 66 70 61 55 81 76 55 83 86 63 52 57 86 - 67 52 65 85 84 81 66 57 63 80 71 82 87 69 59 83 51 72 87 63 58 77 78 72 65 60 79 76 57 67 87 60 66 70 64 70 70 66 64 - 88 50 87 58 54 81 89 50 71 67 73 84 50 - 76 76 86 76 52 52
ch 0 192 12 50 89 e p 88 84 78 56 72 68 - 67 76 54 87 79 50 50 69 61 75 65 - 60 51 80 60 84 68 88 79 81 84 58 57 56 60 64 73 52 70 84 78 79 70 82 58 68 63 69 61 69 74 79 57 72 81 86 72 65 77 64 60 83 79 56 88 72 73 81 71 51 66 88 80 77 66 62 85 59 58 85 72 57 64 74 88 84 59 67 77 - 79 62 71 66 88 83 50 51 84 59 62 81 63 - 75 89 73 69 53 77 74 84 72 73 74 70 60 82 82 69 69 55 - 55 70 55 - 56 87 55 57 84 57 78 88 51 67 76 77 81 86 82 73 69 65 67 75 50 76 65 - 63 68 85 - 52 75 - 53 71 51 75 74 - 75 79 81 77 67 71 62 52 76 60 52 84 - 64 65 76 53 87 85 84 56 68 - 63 61 78 64 52 77 86
ch 0 220 18 50 75 w p 79 73 57 72 64 56 64 82 67 83 89 65 58 74 72 71 86 81 67 59 75 80 - 64 88 72 53 51 67 55 - 85 61 62 70 59 75 54 56 60 67 80 71 60 80 58 77 78 86 53 - 80 71 70 80 - - 77 57 79 83 83 70 81 - 81 75 72 73 - 70 56 67 62 87 - 69 87 60 61 71 85 89 80 60 67 82 68 53 83 78 - 76 74 51 82 50 69 83 80 88 69 - 78 80 53 69 57 79 62 57 87 78 89 64 77 50 60 63 - 67 68 58 83 - 72 85 77 75 - 75 74 62 65 70 64 89 51 56 84 59 83 51 76 87 85 74 65 84 70 85 55 85 50 80 51 87 52 85 - 56 56 86 87 71 75 - 65 89 - 51 72 64 85 - 57 65 75 51 71 - 63 67 53 52 80 85 59 85 74 79 77 66 82 66 60 53 80 60 86 84 88 76 73 85 86 59 82 57 68 72 86 73 63 70 76 78 70 69 84
ch 0 185 15 50 75 w p 52 71 53 68 - 82 83 62 - - 86 77 81 - 50 55 88 85 54 51 60 55 76 66 53 71 59 50 82 64 63 - 74 73 52 79 70 51 82 57 69 73 - 56 67 51 - 58 - 71 55 67 60 67 - 87 73 68 65 77 - 78 - 82 53 57 54 79 74 53 61 72 62 83 68 70 84 80 75 79 54 54 61 57 70 79 79 60 55 74 85 76 88 84 58 75 74 68 56 70 69 72 76 72 84 53 66 58 63 84 67 83 76 50 73 87 78 84 69 83 80 70 51 81 56 68 76 71 85 - 67 76 67 74 52 73 66 67 - 84 77 65 85 54 78 62 - 82 62 75 73 83 68 76 85 63 - 64 83 57 88 60 67 57 61 72 78 88 62 78 56 76 62 70 59 53 55 61 67 69 60 83 82 74 78
ch 0 203 15 50 75 w p 61 56 81 82 - 51 84 54 86 77 77 76 59 71 74 59 88 55 64 53 84 54 87 88 60 89 82 53 54 - 83 66 65 77 54 54 77 72 50 62 71 63 82 66 70 73 50 77 - 68 70 80 54 71 88 88 76 64 80 - 88 80 58 74 52 73 82 58 61 54 82 81 77 63 76 78 62 73 51 88 50 - 61 74 76 72 78 - 60 - 58 79 80 58 60 81 86 65 62 55 75 68 88 65 65 51 56 67 80 72 75 57 60 78 69 83 51 76 78 84 64 70 57 68 89 83 - - 61 83 87 64 81 84 - 59 66 76 52 80 81 64 74 79 55 62 72 52 75 - 54 - 72 87 89 67 77 68 51 70 88 - 64 76 - 82 51 60 74 74 64 81 84 69 79 74 87 72 65 78 51 71 71 79 75 53 78 53 68 68 80 - 84 66 69 54 52 76 52 66 72 75 52
ch 0 205 19 50 75 w p 74 85 86 75 - - 79 58 89 87 82 68 52 79 75 63 85 56 81 50 65 62 74 63 63 83 - 73 54 64 82 51 67 89 70 78 61 55 57 85 62 88 53 54 79 66 68 75 59 62 84 - 56 83 81 86 78 58 79 82 82 - 64 58 78 65 65 85 67 - 56 74 - 71 89 60 50 - 57 68 64 67 50 73 63 68 87 70 83 50 51 75 54 52 65 61 65 67 68 51 - 70 59 81 56 87 88 51 87 60 64 58 57 64 - 85 50 60 81 70 77 69 84 71 64 73 - 88 77 81 53 - 52 72 58 83 71 80 57 63 88 54 80 58 77 85 68 68 74 - 82 56 75 77 62 - 63 61 61 76 88 80 57 57 - 54 74 82 82 69 64 80 74 66 89 55 61 55 86 58 - 71 - 61 69 64 - 78 59 59 52 51 86 87 84 60 - 62 63 60 67 70 82 81 76
ch 0 216 19 50 89 e p 60 64 69 - - 58 78 87 54 62 57 52 89 84 54 - 52 70 56 60 61 62 67 73 51 72 76 69 - 86 74 - 82 78 58 79 71 63 55 84 79 89 74 78 73 57 78 75 67 66 89 - 58 64 65 51 71 65 70 64 52 78 80 59 74 88 78 57 89 59 65 - 65 50 89 - 60 56 74 69 76 65 - 53 81 - 55 55 62 69 50 72 86 61 51 56 60 57 57 - 54 60 86 70 85 82 77 76 61 79 78 75 89 63 - 73 74 73 68 66 76 84 67 53 65 - 73 88 59 62 50 88 70 82 78 85 74 54 62 61 - 62 77 83 81 50 70 78 62 69 78 75 77 65 55 - 88 68 - - 77 68 59 62 74 86 69 85 59 77 62 57 - - 69 80 66 83 54 88 53 67 77 77 52 56 57 87 62 67 88 77 69 71 54 64 82 81 83 57 79 53 55 83 64 76 66 68 53 81 53 71 80 77 69 89
ch 0 220 18 50 75 w p 53 82 71 63 76 54 59 59 88 88 50 - - 53 56 84 69 83 54 60 76 53 72 59 70 79 - 88 - 59 75 82 54 54 75 71 65 57 72 52 85 81 - 75 69 78 75 84 72 88 67 76 56 57 78 60 75 63 - 69 78 50 63 53 63 71 53 87 - 55 81 57 58 - 71 - 70 55 74 56 - 71 55 85 87 50 - 61 - 86 87 78 71 82 54 57 78 80 83 67 79 77 60 72 79 77 88 88 70 69 58 - 65 50 64 57 67 80 58 88 64 64 - 83 88 51 51 80 61 62 88 59 68 75 61 87 76 50 68 65 88 77 87 81 58 75 - 59 89 - - 86 74 87 53 64 59 63 62 62 57 81 61 59 72 59 88 60 63 74 80 63 78 60 58 78 87 59 85 63 53 61 80 70 71 73 70 68 60 73 71 64 75 56 64 64 70 - 65 79 64 71 88 62 79 55 80 80 54 89 75 64 66 64 69 54 54 67 67 62
ch 0 198 11 50 75 w p 69 50 69 85 74 65 69 87 84 80 - 69 74 85 64 78 74 59 50 65 - 62 87 50 71 76 50 72 59 68 - 83 84 56 61 72 87 87 80 55 57 68 79 76 75 59 79 73 71 - 69 71 74 66 68 82 78 86 74 76 75 77 78 75 89 56 73 59 71 81 64 83 70 58 87 57 77 86 60 82 - 65 66 67 64 62 84 63 70 84 70 60 88 88 80 82 61 79 65 - 65 70 78 72 72 68 76 75 52 67 75 79 69 84 85 88 82 77 85 87 87 75 54 83 51 75 77 68 64 79 53 51 71 65 80 85 63 62 66 60 76 67 87 65 52 55 82 79 72 - 84 - 56 70 55 - 81 69 78 54 51 63 65 65 81 77 55 80 - 68 85 60 67 68 74 75 56 58 78 68 74 67 88 57 88 - 74 73 68 59 87 56 87 84 82 58 52 76
ch 0 199 9 50 89 e p - 71 57 52 76 82 55 56 84 86 66 73 79 63 82 83 63 52 - 87 64 76 54 85 67 72 69 57 62 59 85 62 88 71 72 71 86 81 82 59 67 81 71 55 56 72 83 78 88 78 85 50 79 65 71 - 84 78 89 71 89 72 67 70 58 58 62 89 52 70 72 67 69 63 53 - 59 60 - 63 72 53 78 - 70 - 74 58 84 77 79 82 69 69 83 72 - 73 66 65 78 85 66 58 55 65 62 61 79 52 69 72 65 53 78 61 81 68 85 89 82 63 60 76 87 81 68 64 87 61 60 86 83 73 61 55 84 75 54 56 64 60 54 69 75 59 79 86 81 51 51 83 72 81 61 57 73 66 52 87 84 82 51 55 76 86 78 58 87 53 63 60 77 65 64 80 65 80 86 - 53 69 89 68 52 75 89 56 53 72 80 89 79 53 71 64 86 62 72
ch 0 185 10 50 75 w p 73 67 50 51 86 62 84 71 62 64 77 59 77 74 66 74 88 74 59 55 75 71 65 84 62 55 81 66 66 74 53 52 89 53 69 87 57 - 73 - 58 81 75 52 69 66 51 64 56 66 50 65 57 79 86 - 66 88 65 78 65 80 86 88 82 76 53 78 83 84 - 58 70 87 - 73 75 77 85 85 53 50 75 88 62 65 75 62 62 - 87 67 86 75 59 69 73 58 89 89 76 61 53 - 87 84 81 74 61 85 68 74 78 64 65 89 55 72 68 59 84 55 52 65 53 50 63 88 64 82 82 51 57 - 62 83 88 71 72 79 76 71 62 89 78 77 89 75 89 56 51 74 54 71 81 77 66 60 77 75 58 57 - 54 89 81 66 54 71 67 71 66 64 84 76 84 52 70 - 89 80 66 88 79 53
ch 0 214 19 50 75 w p - 78 83 50 87 60 - 77 64 - 54 87 86 77 54 60 71 81 - 76 86 - 89 69 54 87 65 53 - 57 55 53 80 - 58 82 83 52 57 88 58 89 52 72 64 54 53 74 52 86 84 67 70 79 76 69 63 53 70 60 56 79 80 63 80 55 - 56 84 76 73 73 55 86 84 51 70 - 58 62 88 74 80 89 50 58 72 67 - 87 57 - 80 69 56 54 51 - 73 60 86 55 50 82 59 56 74 74 59 65 66 64 87 52 60 89 58 72 57 76 79 74 74 - 70 67 86 70 70 55 79 62 52 64 60 72 79 84 72 69 55 68 82 75 74 61 54 89 64 89 65 65 67 82 - 51 67 88 81 59 83 67 53 64 59 85 59 69 56 62 - 54 56 62 54 57 86 66 69 67 - 85 74 73 69 55 85 - 62 57 66 - 78 54 50 84 56 54 75 88 72 - 63 57 68 71 64 60 79 68 62 80 66 79
ch 0 186 12 50 75 w p - 84 88 - - 54 76 55 51 75 78 81 76 74 62 50 - 88 83 73 84 82 80 67 88 75 87 76 78 75 59 - 79 62 74 88 52 89 53 - 57 57 60 85 - - 74 75 84 85 51 - 73 65 84 82 83 82 54 68 88 56 59 75 72 73 60 63 72 57 59 62 61 - - 88 89 61 62 50 64 81 80 72 68 86 70 84 62 88 85 85 63 78 66 52 88 87 60 75 68 56 51 62 75 80 57 76 76 79 65 77 75 61 79 64 60 61 71 75 50 83 61 73 51 63 51 65 76 63 87 50 50 72 89 77 64 59 55 59 66 85 82 52 68 71 86 80 50 58 56 56 68 59 83 65 56 71 68 76 50 77 60 72 82 78 61 - 66 51 53 89 72 81 73 76 59 71 79 85 64 64 65 87 73 55
ch 0 222 14 50 75 w p 78 79 60 69 - 65 59 70 - 73 73 83 64 75 87 76 88 83 53 53 81 56 50 74 66 50 67 70 80 54 75 63 61 - 62 63 75 60 86 - 82 78 54 87 70 58 53 51 82 70 56 - 60 65 80 62 - 59 84 58 72 75 51 77 68 84 62 59 84 70 64 82 67 87 84 80 - 69 52 - - 80 62 60 56 66 79 78 70 82 85 73 81 87 77 61 88 85 89 79 69 56 67 77 52 82 54 53 64 88 76 62 88 83 50 68 62 57 53 61 52 88 75 79 85 58 54 85 60 51 56 72 86 66 58 82 74 88 53 57 73 58 61 62 78 85 77 74 75 57 80 80 67 55 66 56 50 66 69 82 56 58 69 64 71 56 85 84 68 52 67 77 - 88 73 76 76 89 52 70 83 54 76 75 54 81 82 53 68 - 74 57 75 82 66 60 65 56 52 86 67 63 70 69 54 - 88 87 71 54 74 83 60 76 89 - 66 75 81 57 - 87
ch 0 214 14 50 75 w p 61 89 64 87 76 65 78 62 85 50 80 82 84 83 79 83 68 80 74 78 55 52 85 61 74 70 77 53 65 89 69 80 75 67 83 - 68 89 61 87 61 64 87 81 - 87 79 71 77 76 - 66 66 84 85 60 59 78 75 82 63 75 85 58 60 85 74 52 77 75 76 64 51 - 86 58 86 50 50 55 62 77 50 64 - 80 67 63 54 63 59 68 58 57 50 67 88 56 85 54 74 62 61 80 73 73 76 52 51 62 - 69 59 69 - - 58 69 59 66 51 74 69 89 64 87 86 63 72 51 68 54 80 64 72 68 77 57 58 60 83 61 72 78 - 50 67 58 - 86 55 62 86 55 60 87 86 79 66 54 72 86 88 79 83 64 54 59 58 66 66 67 60 61 55 56 81 69 55 69 - - 88 79 60 50 84 76 - 84 80 87 86 63 51 78 73 63 64 50 59 60 59 59 - 61 84 74 71 59 89 77 54 70
ch 0 209 11 50 75 w p 82 53 72 79 - - 85 82 60 64 79 78 79 89 64 55 63 59 58 61 82 52 89 57 53 57 80 76 71 55 88 83 89 70 - 75 55 85 83 68 75 52 65 59 51 57 86 65 82 74 86 57 79 80 61 51 76 61 67 72 80 86 60 80 69 53 60 68 60 88 80 66 77 85 66 88 80 71 68 78 85 58 87 57 79 55 88 72 69 55 66 - 64 64 51 64 60 76 76 73 77 80 68 77 57 53 85 88 76 68 84 71 61 77 65 74 55 67 78 64 77 53 76 70 58 71 62 60 67 60 77 81 68 62 77 89 72 55 51 62 59 55 74 51 62 50 - 52 80 85 51 69 65 74 63 63 67 88 85 52 63 55 59 78 59 52 71 77 76 86 59 74 50 56 - 88 82 54 61 64 86 64 89 - 81 76 76 72 86 75 63 - 77 51 61 - 75 68 62 62 83 - 59 59 54 84 - 89 74
ch 0 200 8 50 89 e p 68 75 72 56 80 60 50 68 80 - 66 55 57 70 75 74 54 68 57 72 51 50 73 89 70 60 66 62 62 70 57 53 57 80 89 74 55 56 57 78 50 67 64 65 75 63 54 75 82 54 72 63 85 - 72 59 87 76 70 51 71 69 78 79 58 64 57 63 55 76 76 54 62 73 - 77 84 83 60 74 74 66 85 51 55 54 61 - 74 63 72 78 68 62 61 86 86 - 68 70 76 51 64 63 61 77 53 84 79 68 72 - 63 57 84 67 56 50 86 - 60 57 59 64 72 54 74 58 58 78 83 53 76 86 55 84 72 74 89 77 78 81 70 67 50 67 58 68 51 71 79 72 53 73 70 58 70 63 50 85 86 59 54 85 72 77 52 57 55 70 72 63 74 87 66 62 74 69 87 89 86 63 71 78 - 79 75 51 67 65 70 80 86 50 66 87 69 68 50 88
ch 0 192 18 50 89 e p 71 63 60 69 55 55 56 83 79 81 51 69 64 67 89 54 59 68 67 88 82 63 84 80 66 67 60 66 - 66 - - 63 76 77 68 64 80 79 73 53 68 75 74 80 55 - 66 82 - - 58 68 84 77 - 60 73 72 66 68 88 - 54 - 70 62 59 82 60 69 79 - 55 57 85 52 64 88 58 50 51 - 88 63 82 73 66 56 52 71 64 81 - 71 83 58 68 83 77 69 86 88 56 51 69 70 81 79 84 65 86 53 81 89 77 54 82 54 68 87 79 77 68 51 76 57 57 80 - 69 56 78 78 75 63 57 89 60 60 80 66 78 70 80 72 66 66 80 71 84 - 71 52 59 59 71 75 74 88 87 - 64 - 84 60 - 82 82 86 69 89 88 67 69 52 86 67 78 78 - 73 80 83 55 64 56 69 53 73 61 77
ch 0 172 5 50 89 e p 59 59 67 57 87 71 86 78 83 86 69 84 89 80 67 51 82 - 69 75 85 61 61 65 63 75 77 73 58 55 67 88 89 53 68 82 70 85 50 69 66 64 53 75 54 84 69 82 55 88 73 56 66 59 53 65 50 61 50 70 79 86 84 76 77 74 63 53 88 59 75 53 67 54 64 54 59 65 87 87 60 55 72 51 79 81 60 81 51 69 54 62 65 52 72 53 56 84 60 56 70 53 51 82 64 64 - 56 67 52 53 50 - 60 56 87 85 58 62 58 72 56 63 83 67 72 74 86 72 89 55 55 76 52 77 73 56 75 81 51 54 83 50 70 74 57 89 78 - 55 74 73 75 79 74 56 79 57 55 62 61 74 - 52 72 50 76 54 82 84 59 87
ch 0 216 11 50 89 e p 52 64 53 55 68 55 64 52 - 76 56 87 59 63 57 85 88 56 78 61 - - 76 59 56 64 59 84 88 79 56 85 - 77 - - 79 89 60 88 79 59 84 79 69 85 75 70 58 72 66 61 65 86 72 77 84 60 66 77 69 82 65 73 65 63 65 52 64 51 56 - 74 70 66 65 55 66 - 54 80 79 78 53 80 56 84 61 71 64 70 82 80 63 70 84 61 80 74 73 81 60 65 80 71 70 71 89 74 63 53 68 - 88 61 81 57 78 56 68 83 55 50 52 59 51 72 89 89 82 65 83 51 77 54 51 65 60 52 75 77 79 59 72 71 70 83 61 83 53 55 79 58 80 74 68 72 65 84 53 82 62 63 62 74 60 53 80 73 60 81 89 56 77 80 82 83 54 62 76 74 87 88 87 73 55 73 66 88 69 69 71 - 59 60 88 87 82 69 86 54 56 67 82 75 67 66 60 62 81 65 53 85 57 85 -
ch 0 215 15 50 89 e p 85 54 - 50 52 58 70 58 61 73 83 88 86 68 55 61 55 62 51 70 63 61 66 - 51 - - 69 68 60 - 58 - 73 69 80 88 84 58 84 69 62 84 64 87 77 51 61 79 77 72 88 75 60 59 82 75 84 67 60 69 87 75 77 83 84 51 74 56 75 61 53 58 50 60 - 68 - 69 73 60 75 79 74 85 52 89 78 83 51 66 51 82 68 52 78 86 82 57 52 54 - 52 78 79 53 81 66 64 84 72 55 69 65 88 62 58 50 78 77 73 75 54 75 63 62 - - 88 - 70 86 70 - 76 56 83 56 84 89 58 57 57 54 78 76 80 78 79 76 58 57 72 70 80 60 61 56 86 53 68 86 63 83 79 80 76 89 63 69 69 - 70 73 55 83 52 74 86 89 63 89 61 57 76 67 89 55 - 66 79 71 56 83 71 67 51 80 51 89 59 87 57 59 57 77 71 79 62 57 72 88 75 85 87
ch 0 209 15 50 89 e p 67 - 50 55 72 79 70 - 86 - 76 67 - 51 52 51 54 87 69 67 58 51 67 - 50 52 89 52 75 89 86 68 63 74 66 88 87 89 75 75 87 68 56 57 64 - 62 - 62 55 59 65 70 64 64 89 84 50 73 72 76 75 61 55 70 87 69 62 68 79 85 84 67 62 80 73 77 81 67 - 63 64 61 88 73 71 81 58 60 - 79 53 - 72 - 86 55 79 55 76 65 56 77 65 84 50 78 72 70 84 66 74 66 52 57 65 51 83 63 64 88 81 76 80 51 50 80 77 53 59 52 73 77 71 71 58 88 83 83 86 57 66 - 82 64 74 69 85 61 78 65 73 66 86 55 78 86 86 66 59 83 84 - 77 54 71 78 67 86 55 55 73 86 58 57 58 62 82 85 64 64 73 53 81 - 57 68 69 86 82 - 51 86 79 70 55 72 64 61 88 80 89 86 87 66 82 69 63 56
ch 0 176 11 50 89 e p 65 60 - 83 83 56 72 56 72 59 69 55 60 59 66 89 88 52 52 63 89 65 63 - 53 61 51 89 72 75 62 71 70 62 60 76 62 77 62 66 82 77 81 65 61 89 76 81 80 63 62 58 87 64 66 78 53 - 52 68 79 75 63 57 87 - 84 87 64 63 55 56 - 56 62 83 80 82 87 59 82 58 72 - 77 60 82 56 80 88 81 63 78 56 74 60 66 54 87 81 69 83 71 61 72 83 72 59 77 50 65 78 60 62 66 76 54 55 64 68 51 72 57 75 75 81 54 64 51 85 50 82 73 83 51 67 80 72 69 61 - 80 87 69 53 82 86 56 54 - 67 - 83 - 52 78 73 64 84 71 72 62 53 53 72 - 51 63 74 79 63 54 86 50 70 89
ch 0 177 13 50 75 w p 58 52 70 51 88 60 72 63 77 73 55 76 65 63 - 82 87 56 - 59 70 52 55 74 68 86 75 84 64 65 80 65 77 77 78 83 61 72 57 88 70 74 54 66 62 57 74 69 - 78 87 67 67 84 61 80 58 86 82 56 74 69 54 61 86 68 67 57 - 78 65 64 56 63 50 - 66 83 84 70 88 55 80 84 - 63 86 79 87 53 82 63 66 76 89 87 86 56 - 70 61 78 88 50 67 67 56 53 54 79 59 63 67 61 75 82 83 64 85 58 - 84 55 - 65 81 53 80 73 64 69 89 75 62 66 52 - 65 63 89 69 51 74 58 54 64 79 - 75 58 58 58 82 70 87 69 55 65 80 85 65 87 53 71 85 57 70 64 86 88 - 81 69 - 50 85 73
ch 0 214 14 50 89 e p 68 56 78 57 81 54 72 78 71 69 71 68 55 72 57 80 57 68 67 81 60 64 60 54 86 65 82 74 81 61 54 68 60 79 63 60 - - 66 68 59 69 57 70 71 64 67 61 84 74 75 69 69 58 69 51 82 65 62 56 52 58 83 80 60 82 53 79 75 83 89 72 58 - 76 71 73 68 85 58 79 75 - 69 81 89 55 67 66 78 72 71 81 72 80 59 51 85 67 84 55 - 65 68 67 66 74 69 52 67 67 58 83 - 61 61 82 66 67 - 65 - 65 51 52 73 79 70 - 83 68 69 57 66 77 62 87 77 60 57 73 59 51 75 69 63 56 56 87 67 87 84 79 51 72 56 53 59 65 - 58 59 54 50 54 63 - 85 73 87 75 61 72 77 - 62 65 84 77 72 77 51 60 63 64 75 60 81 - 80 68 76 69 64 64 79 78 61 52 82 70 - 54 75 76 63 71 78 78 51 57 69 64 76
ch 0 171 13 50 89 e p 61 85 78 71 52 80 59 67 67 70 84 55 88 75 80 70 69 69 51 84 72 55 71 62 56 89 85 63 69 55 60 66 57 51 - 63 64 60 63 54 84 81 69 59 71 65 69 88 67 53 63 58 60 86 65 82 80 77 56 62 89 63 81 - 77 - 79 63 87 68 74 62 87 86 76 66 86 87 70 88 79 63 55 82 - 85 73 - 81 61 83 52 - 79 50 56 53 75 50 57 65 69 68 75 80 72 65 62 - - 69 70 73 66 74 61 78 72 65 56 67 - 82 51 56 - 58 - 74 53 87 77 83 - 73 52 56 53 79 57 84 66 68 73 65 61 50 86 66 67 82 87 64 64 72 60 89 65 52 65 68 56 70 59 - 69 57 63 63 78 63
ch 0 193 18 50 75 w p 75 67 - 55 72 - 89 - 88 58 82 59 60 63 65 54 73 77 - 58 67 75 64 77 82 85 85 66 86 58 81 - 57 72 57 67 73 67 72 - 57 56 87 87 87 70 89 76 61 58 78 81 79 62 73 65 70 62 83 78 81 85 89 - 74 52 66 61 63 52 84 75 53 87 82 66 51 - 81 81 72 69 54 79 50 68 68 69 68 81 62 84 63 86 68 - 56 74 76 55 68 87 54 66 52 76 81 70 52 - 50 - - 73 60 59 53 61 59 77 89 82 69 - 79 74 70 65 66 89 70 79 79 51 67 76 87 - 84 58 82 70 86 56 - 65 73 60 60 79 60 68 84 56 50 51 87 66 70 - - 74 79 54 79 89 51 74 71 86 80 78 61 53 59 61 87 63 56 53 75 60 65 89 - 75 85 76 66 51 57 86 57
ch 0 182 16 50 89 e p 50 69 72 59 50 63 69 81 54 82 80 88 66 84 87 58 74 68 65 85 69 51 72 63 52 81 52 - 57 86 75 - 81 83 87 - 56 61 69 68 69 65 87 76 79 54 56 76 81 63 71 60 84 88 65 68 54 52 77 85 53 54 64 89 53 78 86 70 88 71 69 89 87 56 71 60 74 69 60 56 61 55 52 79 62 75 89 51 71 67 - - 84 67 77 87 59 81 85 65 71 63 82 53 60 62 61 78 57 89 - 83 76 50 73 62 50 88 51 - 50 62 - 50 60 56 71 80 - 79 63 89 - 61 75 62 73 53 52 69 66 65 55 62 53 68 51 74 78 62 87 63 85 64 59 88 - - 54 67 73 - 87 59 80 84 - 80 58 - 88 82 67 73 61 78 - 85 58 78 58 61
ch 0 216 18 50 75 w p 52 56 87 73 52 68 66 79 57 81 53 82 - 66 76 76 67 84 72 79 88 87 63 51 75 60 87 51 84 55 89 71 88 73 53 85 88 62 51 - 84 53 69 87 80 - 60 88 59 71 87 82 88 59 50 64 83 50 58 56 56 54 51 58 51 74 82 59 66 76 65 80 56 60 78 67 81 - 60 58 73 57 74 53 65 64 79 77 89 - 73 89 56 55 62 52 83 52 85 - 50 81 72 62 51 73 - - - - 59 78 66 73 70 74 - 67 57 - 50 88 70 86 - 79 61 69 52 72 59 72 73 - 56 72 66 83 87 79 70 61 66 52 72 69 88 80 51 85 63 73 74 87 64 - 62 76 60 71 78 60 65 81 75 85 51 73 64 50 60 86 72 85 64 80 53 67 84 86 - 55 63 74 72 83 - - 73 57 62 53 70 85 84 79 82 73 87 61 86 76 65 87 58 71 78 63 64 60 85 81 58 60 73 86
ch 0 214 14 50 75 w p 51 81 61 86 57 65 73 73 78 66 - 83 - 85 52 52 58 68 - 52 - 79 87 58 62 54 73 67 83 83 72 61 75 73 70 62 79 73 59 52 55 85 78 77 89 81 68 79 63 86 85 79 52 83 52 89 56 63 62 89 67 70 61 79 84 83 - 68 81 53 - 52 52 65 85 58 89 - 52 69 75 67 75 53 55 84 62 81 77 88 68 71 81 57 84 84 - 50 73 51 83 85 82 61 74 77 64 86 53 - 58 66 74 83 61 71 87 - 53 60 86 68 60 73 53 89 59 62 65 71 72 87 63 75 68 50 83 80 86 74 79 59 57 76 61 70 89 72 55 51 84 72 79 77 75 50 57 50 50 55 57 82 68 84 74 89 69 69 58 62 54 - 85 70 73 79 82 77 50 50 63 52 58 - 77 64 50 78 57 73 59 65 64 73 85 88 63 - 70 52 58 50 84 68 59 79 85 74 75 51 61 87 - 85
ch 0 227 17 50 75 w p 83 78 54 87 54 69 85 50 54 78 - 63 58 59 73 56 88 72 59 84 67 76 81 60 75 50 50 59 82 86 76 73 51 87 84 87 77 77 72 62 83 57 60 81 66 69 87 50 - 61 60 79 89 60 53 54 64 67 - 55 67 72 76 81 56 70 68 67 - 62 69 67 52 85 - 70 86 57 70 69 - 59 83 57 - 85 56 79 72 59 64 69 55 87 67 74 66 62 54 78 56 54 86 55 56 83 67 80 86 63 56 73 61 62 - 67 77 60 - 80 76 73 - 51 66 81 58 78 56 59 71 89 73 77 61 77 65 69 88 83 74 54 85 70 50 76 57 78 87 - 87 64 59 52 67 61 71 88 64 58 78 83 75 57 85 56 - 69 79 58 86 81 60 84 54 85 57 80 73 75 73 54 80 76 80 60 75 50 58 - 59 79 86 78 86 73 65 88 80 54 85 - - 66 - 56 81 75 57 73 76 61 - 60 51 52 64 62 58 66 77 53 54 78 61 50 57
ch 0 189 10 50 75 w p 59 56 - 64 84 89 77 60 78 77 78 80 - - 62 87 58 71 71 75 68 50 63 70 67 59 63 70 64 81 89 61 50 - 77 68 54 54 84 60 73 51 74 68 50 58 73 78 76 73 64 53 79 - 56 55 63 78 - 78 88 81 73 60 76 63 87 57 61 88 76 67 72 60 83 76 61 53 - 60 52 69 65 55 71 86 65 82 58 64 56 53 51 62 75 81 62 53 - 80 53 71 51 69 80 77 - 71 88 77 - 83 79 69 83 63 58 77 62 72 51 89 88 66 71 74 74 64 59 86 72 79 66 55 88 71 56 66 52 63 70 81 71 59 52 76 54 55 51 77 77 85 82 81 67 65 61 54 63 71 52 70 53 86 80 53 70 79 76 70 76 74 65 80 64 61 73 85 82 56 75 88 81 81 59 79 82 84 80
ch 0 217 18 50 75 w p 67 52 57 69 - 58 75 79 57 66 57 71 67 51 75 - 70 59 85 74 83 - 80 67 - 72 74 84 81 63 63 71 67 84 66 86 50 - 70 74 60 80 57 65 73 57 63 61 88 63 79 62 63 73 72 55 83 69 80 60 89 76 84 74 60 84 68 82 81 54 79 67 75 88 75 52 56 55 57 55 81 74 72 52 89 68 60 76 - 84 67 - 72 87 72 71 88 70 73 55 62 79 83 88 69 82 53 76 64 55 67 83 57 75 66 76 87 66 75 - 84 55 73 61 75 74 60 89 72 - 55 83 75 64 64 61 87 72 81 86 68 52 65 68 - 60 56 63 73 84 75 61 - 66 58 - 55 60 64 69 81 77 88 74 - - - 87 85 51 71 55 68 56 61 61 51 51 71 53 54 71 74 - 71 68 70 - 80 61 57 67 72 89 81 75 81 61 63 73 66 82 74 54 - 79 74 83 75 54 69 78 64 81 84 55 68
ch 0 205 21 50 89 e p 70 88 76 84 61 80 89 83 53 61 - 52 53 75 81 67 89 78 74 72 55 52 78 69 84 65 89 84 64 - 71 77 63 63 79 64 83 57 55 58 - 82 68 - 65 - 80 70 - - 70 57 83 72 70 83 71 57 89 63 52 60 77 84 57 71 52 76 50 73 - 70 65 55 - 70 58 75 59 56 59 56 68 54 71 75 56 69 63 52 73 65 52 - 66 54 55 54 87 78 85 80 70 69 56 77 54 72 81 73 85 61 85 58 64 55 69 70 53 51 63 - 77 78 - - 81 78 61 61 67 85 50 - 87 51 68 87 82 - 60 86 84 59 51 75 86 53 63 88 - 73 63 63 64 75 - 83 59 59 53 74 63 - 72 78 78 60 56 55 80 70 83 - 54 50 64 76 82 58 78 - 81 55 72 56 63 77 51 60 88 51 51 68 80 63 - 86 59 88 68 59 72 79 82
ch 0 213 14 50 75 w p 59 81 69 55 75 78 66 79 78 84 58 62 57 75 68 56 56 78 72 76 64 64 65 69 58 63 - 86 62 70 76 87 78 58 59 57 72 68 67 56 77 75 59 52 84 79 65 60 - 76 - 80 78 63 58 69 83 82 88 66 87 79 60 77 55 - 57 62 53 64 71 - 60 61 73 55 - 71 54 75 89 89 86 55 77 86 68 63 50 81 52 83 87 64 66 86 58 54 88 73 83 72 60 62 64 78 77 55 72 89 71 - 52 67 68 80 88 77 65 69 53 72 79 66 53 - - 88 66 62 50 57 85 - 69 88 64 82 54 75 81 - 56 78 72 62 55 52 86 60 70 68 68 52 84 54 81 55 62 60 50 82 74 56 - - 69 79 87 57 61 72 72 62 59 88 60 63 83 66 - 61 68 89 55 65 77 73 53 79 57 65 66 87 60 66 77 62 66 59 66 67 73 63 71 67 75 64 88 63 51 55 52
ch 0 177 12 50 75 w p 76 85 87 51 50 66 56 68 89 86 78 69 74 76 68 72 52 59 58 80 54 62 60 74 84 55 52 77 50 83 65 54 80 78 66 57 80 88 74 88 79 80 87 62 81 59 72 66 80 53 87 60 70 60 85 70 71 52 51 55 61 51 84 65 65 72 52 77 56 85 77 53 - 62 81 57 80 57 70 83 73 50 86 77 71 60 - 60 59 56 83 82 61 - - - 80 72 79 75 71 73 - 76 51 62 88 57 70 63 - 61 68 51 83 86 - 67 60 54 62 57 86 74 89 84 77 76 61 85 60 68 70 89 - 80 69 82 63 55 - 68 67 52 63 89 58 53 63 78 65 74 58 56 88 55 69 52 55 - 84 63 72 59 58 72 58 60 52 56 65 83 58 63 57 - 51
ch 0 225 14 50 75 w p 77 80 75 63 76 89 76 73 58 63 82 88 80 69 66 72 54 88 69 51 65 61 76 54 65 77 81 50 63 68 80 80 57 - 67 88 62 68 - 88 71 71 63 79 75 69 68 63 73 72 53 74 82 70 55 - 89 68 73 52 60 67 84 65 68 82 57 84 55 66 63 78 68 63 79 71 83 52 74 69 54 61 76 - 57 64 67 - 71 - 83 53 55 56 56 53 76 78 57 80 86 50 81 75 54 - 87 73 56 59 73 86 77 83 82 - 57 78 60 82 62 84 88 60 88 78 79 66 82 51 52 76 67 61 80 81 77 66 88 52 - 84 - 57 - 58 64 86 76 55 76 69 57 - 59 84 74 84 80 68 64 50 54 73 80 54 87 53 72 83 75 62 78 - 88 51 69 71 84 70 68 70 65 84 57 57 85 73 85 87 60 89 63 69 84 53 62 77 61 66 65 83 70 71 53 77 81 - 84 50 87 73 84 74 63 66 88 59 80 80 68 58 69 86 52
ch 0 215 22 50 89 e p 88 83 86 - 75 88 79 66 77 70 88 69 56 84 87 - - 76 85 66 61 70 83 62 79 57 56 88 82 53 53 69 54 54 83 58 82 83 - 64 50 59 57 56 50 60 - 87 60 68 65 82 80 - 87 75 88 56 89 81 - 65 78 69 56 83 54 - 81 62 61 60 68 79 65 57 - 89 69 73 50 76 59 66 56 58 79 79 58 51 65 58 - 79 53 64 52 - 82 75 72 57 65 53 65 79 66 71 65 80 73 57 89 87 64 84 87 78 64 69 73 50 - 72 66 75 82 74 59 51 - 70 56 62 60 87 70 - 54 61 60 78 61 74 70 71 51 52 81 85 51 87 87 82 - 86 51 71 88 61 71 - 64 72 71 59 - 50 86 54 51 86 76 81 51 84 64 51 56 76 77 89 65 - - 69 89 - 77 69 69 74 83 72 54 81 71 63 54 57 87 53 - 56 74 59 54 57 69 68 59 55 - 70 70
ch 0 180 14 50 89 e p 69 80 50 72 84 80 67 55 77 89 70 52 74 76 51 71 86 - 59 51 76 74 73 51 - 52 87 81 55 61 50 68 69 70 60 82 62 71 86 82 66 - 62 72 83 71 80 86 59 65 51 - - 80 79 61 60 72 83 79 83 57 62 82 62 - 70 88 56 74 70 79 74 72 56 54 76 51 69 54 81 77 79 86 72 88 59 - 60 64 53 63 65 74 55 71 54 55 51 71 77 87 85 79 83 57 56 52 87 89 57 54 69 71 70 78 - - 74 80 61 68 87 68 60 60 65 89 76 - 87 71 87 54 - 75 87 71 53 71 - 68 85 82 89 71 56 84 59 74 76 72 66 79 61 58 75 89 - 78 56 61 58 78 73 87 52 61 55 82 69 88 - 74 81 84 69 75 74 52
ch 0 194 16 50 89 e p 74 65 77 78 68 71 - 71 63 71 80 83 54 86 66 89 77 76 86 59 55 51 67 80 65 81 83 87 64 66 - - - 61 74 77 76 81 60 82 71 89 53 - 88 83 89 87 52 55 58 61 54 77 62 69 67 61 89 75 - - 62 71 53 - 80 61 71 85 88 50 50 50 53 73 73 80 83 - - 73 62 88 - 80 74 87 89 58 81 53 80 80 68 76 74 62 61 81 56 59 81 59 87 - 86 88 63 60 55 53 81 51 56 53 58 53 51 51 64 78 86 54 70 72 70 52 82 59 81 76 70 86 54 68 78 - 68 78 51 53 57 61 83 82 52 55 84 86 66 65 89 - 72 56 89 56 71 79 - 76 68 52 68 77 83 51 80 77 87 85 89 60 62 85 54 72 64 55 53 65 55 65 76 59 89 74 80 - 78 84 57 62
ch 0 179 13 50 75 w p 68 - 54 84 51 87 75 72 66 78 85 56 83 58 68 64 80 52 54 77 66 68 75 50 69 56 50 55 68 - 78 65 56 69 73 76 - 67 80 60 78 71 74 73 76 59 58 70 88 84 88 57 50 - 56 66 68 59 57 81 - 51 - - 56 74 88 67 74 89 55 76 74 - 61 65 72 71 62 59 76 75 52 67 - - 85 71 87 86 75 61 66 69 73 88 57 77 81 86 59 74 65 86 82 78 84 56 52 52 - 86 82 64 79 85 62 68 61 87 69 82 77 82 71 75 59 81 76 65 53 79 53 88 56 81 52 74 50 58 76 64 59 85 56 69 - 87 65 82 50 55 51 82 74 54 - 71 59 76 72 78 82 55 85 53 69 79 54 70 55 67 50 88 53 83 87 84 85
ch 0 183 12 50 75 w p - 86 75 74 64 - - 71 65 56 79 89 87 54 76 86 74 68 71 81 88 - 71 52 53 81 67 89 68 83 71 74 59 76 75 61 50 67 52 64 78 59 62 85 67 65 67 72 76 56 51 76 88 56 54 73 84 - 67 81 69 56 83 - 83 82 88 58 87 71 68 58 64 88 52 58 83 77 77 50 71 65 79 80 52 51 67 84 60 59 78 87 79 - 82 83 68 50 64 59 60 62 67 83 60 87 82 81 80 62 60 73 66 50 64 52 70 78 88 55 51 71 53 - 65 79 85 68 87 87 63 52 52 57 - 76 58 68 81 70 54 64 55 63 68 74 80 69 78 - 88 57 66 72 72 84 58 54 59 - 50 53 62 64 54 86 87 75 71 65 54 70 - 72 88 56 58 52 54 62 56 55 83
ch 0 224 16 50 89 e p 62 51 55 73 58 65 57 52 55 53 71 71 71 76 69 57 89 82 53 72 55 59 78 54 83 52 75 56 62 74 83 67 81 63 - 61 78 69 63 - 72 65 81 74 - 53 88 64 50 81 73 65 - 78 81 80 60 59 80 - 50 66 80 50 76 81 78 64 83 64 52 83 58 86 85 70 67 61 - 65 - 58 67 50 86 - 80 78 51 73 55 50 63 51 65 75 50 74 71 81 88 75 68 89 68 74 78 68 85 65 53 57 58 89 73 88 70 69 79 86 59 83 70 88 56 75 88 80 69 71 73 - - 85 89 69 66 71 55 80 59 79 53 82 51 75 - 87 79 55 51 87 54 71 55 59 60 60 69 84 59 54 78 88 82 - 64 84 66 80 85 88 59 55 63 75 - 57 - 54 57 79 85 65 64 87 72 54 60 55 88 67 70 54 76 84 58 - 85 67 78 82 73 52 70 50 79 86 77 72 72 88 61 84 75 88 74 70 65 57 55 89 - 82
ch 0 207 18 50 89 e p 81 58 60 57 85 54 63 81 68 80 56 77 71 83 72 88 73 68 61 89 68 79 78 80 77 57 - 89 79 81 52 69 - 78 57 88 85 60 - 61 63 59 72 76 55 80 84 56 56 - 84 72 89 59 64 - 68 - 64 72 72 51 66 53 56 72 60 73 83 87 76 62 60 54 - 67 88 58 64 66 84 52 - 50 67 65 - 66 80 67 75 67 71 54 73 76 77 76 79 - 51 51 77 76 - 67 73 88 59 67 81 75 63 60 68 72 69 89 83 71 61 55 75 66 63 87 52 56 79 64 67 70 50 51 - 82 79 84 58 - 86 86 - 74 67 63 67 - 64 - 74 61 83 86 84 64 87 53 62 66 53 56 89 55 85 74 88 78 75 64 81 74 59 50 86 85 66 64 - 83 50 68 82 77 51 52 61 - 58 82 68 51 59 87 78 55 84 79 66 62 86 53 69 50 87 76 69
ch 0 251 18 50 89 e p 63 60 64 67 85 59 82 76 75 73 57 62 55 55 52 62 72 81 - 86 74 - 89 80 76 - 58 78 54 66 60 74 70 60 55 79 61 55 62 89 60 50 88 - - 55 67 65 76 85 71 62 89 72 85 66 88 60 71 56 64 56 50 55 65 56 76 - 57 58 68 62 76 69 55 54 69 81 61 65 70 75 - 78 76 - 76 74 62 89 74 82 89 65 58 79 51 60 60 - 66 50 85 51 56 75 56 70 66 - 73 58 58 83 74 85 86 65 58 63 77 59 80 76 80 53 74 57 61 81 82 86 59 75 61 88 57 64 69 - 52 51 70 69 81 - 66 63 83 - 86 55 71 82 63 83 74 86 77 85 64 61 68 72 73 84 52 66 72 60 76 50 79 81 59 66 52 61 89 79 63 67 85 88 71 89 50 86 69 88 56 84 70 60 73 59 50 67 - - 70 55 57 85 53 - 70 77 - 63 66 81 65 70 60 75 64 77 62 79 89 75 60 80 - 69 70 62 52 70 79 69 55 79 63 84 73 81 78 82 66 66 57 86 54 89 72 59 84 85 58
ch 1 191 17 300 325 w p 311 330 330 304 310 329 318 305 301 - 317 329 300 310 305 322 315 314 300 322 336 304 333 - 305 331 322 302 325 300 324 313 337 316 319 325 328 321 301 335 322 317 327 333 317 - 320 312 319 - 332 338 322 326 322 319 324 322 330 309 318 317 339 301 330 321 327 - - 314 325 300 309 320 308 339 307 328 300 313 321 313 318 316 331 338 308 314 338 338 331 335 314 - 330 321 335 329 300 302 312 314 309 336 331 324 - 327 326 - 332 333 336 327 329 319 309 326 - 318 336 - 320 337 321 338 302 318 300 330 306 333 334 309 327 300 300 316 302 337 323 305 333 313 330 319 - 302 304 337 - 317 335 335 333 330 335 - 334 318 319 315 317 338 - 333 331 327 319 310 319 330 336 - 329 300 - 311 326 333 309 314 302 301 303 326 303 307 308 324 303
ch 1 186 8 300 325 w p 328 326 336 324 337 311 315 332 339 327 322 300 315 307 335 300 336 303 324 331 329 325 320 311 325 331 305 336 310 - 308 301 305 337 335 301 334 322 332 331 312 303 306 - 330 336 310 319 324 322 300 311 302 326 323 324 - 330 - 339 321 308 310 327 334 327 307 324 309 329 336 325 333 301 324 314 328 325 332 317 308 313 - 300 300 331 331 328 328 312 311 323 333 322 - 334 337 304 309 322 - 301 330 336 335 335 331 309 313 323 338 312 338 323 334 303 337 318 329 300 313 329 309 334 313 328 - 312 310 314 311 321 318 326 310 329 324 325 309 322 304 320 310 321 303 312 322 328 317 302 334 324 320 305 328 339 301 323 325 335 317 300 327 336 300 329 300 314 311 323 328 307 313 337 306 314 338 339 336 317 322 327 324 302 329 333
ch 1 222 14 300 325 w p 313 303 309 308 310 322 324 338 301 312 324 306 321 - 306 306 333 338 311 332 322 320 314 301 300 331 317 309 331 321 313 312 302 319 315 329 308 329 334 338 331 337 320 307 - 313 331 305 335 310 310 312 - 333 338 306 331 330 321 327 - 302 337 - 318 324 319 325 302 339 324 304 327 311 313 311 309 327 310 303 315 337 309 332 303 327 301 336 327 315 307 - 306 310 300 305 306 317 324 305 328 331 337 310 338 317 323 318 334 335 325 330 319 320 323 308 - 314 335 - 334 304 335 308 333 318 - 317 300 301 329 325 335 - 316 324 314 321 306 306 335 320 310 333 320 333 322 312 301 309 339 309 335 308 305 323 314 334 307 - 336 300 330 310 307 327 306 316 300 332 309 311 326 - - 339 309 305 319 312 319 305 339 303 326 315 316 324 320 330 316 310 311 329 339 339 331 312 328 328 335 314 333 331 308 302 305 338 301 315 315 326 326 316 315 337 328 324 329 321 310 -
ch 1 206 12 300 339 e p 319 306 312 321 323 315 338 308 301 323 331 329 337 314 326 309 308 308 335 338 305 - 313 312 305 335 330 311 324 335 322 319 323 - 339 305 313 303 313 328 333 327 301 338 317 301 339 336 315 - 338 322 315 320 339 314 324 332 326 314 300 314 331 304 300 306 300 318 - 322 - 318 327 306 338 309 336 332 313 304 330 338 320 327 330 324 308 318 301 334 - 307 305 327 304 304 309 329 316 319 320 328 321 308 332 303 339 333 324 307 327 306 329 309 317 309 327 326 324 333 311 338 335 322 300 335 339 337 - 309 331 321 - 317 318 337 330 320 304 317 328 304 317 320 311 329 322 336 335 308 304 - 309 306 328 317 306 - 307 311 332 316 316 337 303 318 - 303 314 318 332 325 315 314 326 339 305 303 318 313 304 323 300 312 305 306 330 308 332 332 318 318 - 322 331 318 329 301 315 333 308 307 307 305 334 331
ch 1 198 17 300 325 w p 301 300 310 - 303 318 330 329 306 333 300 333 307 328 - 312 314 335 304 322 330 327 313 302 - 338 324 316 319 310 331 323 301 314 - 311 304 305 317 324 311 312 324 328 335 326 310 321 339 339 305 323 307 308 318 329 - 333 300 324 - 307 310 - 305 338 337 323 320 339 337 332 312 323 334 329 311 331 306 317 331 303 300 319 309 317 302 327 325 319 322 338 309 319 - 310 312 339 331 333 324 304 301 304 311 - - - 327 337 335 315 320 325 328 327 306 - 326 301 303 328 300 306 319 - 303 339 329 318 305 323 321 312 324 316 338 303 310 321 326 330 320 334 328 326 332 321 324 300 324 304 302 - 339 303 337 338 304 315 315 - 336 315 319 309 315 315 322 - 329 335 309 330 325 300 306 334 317 319 333 334 319 337 326 325 330 317 325 337 315 - 306 306 310 338 333 304
ch 1 192 19 300 339 e p 326 332 300 315 314 317 316 312 314 331 303 - 339 306 325 302 - 324 324 314 305 316 334 336 300 326 316 333 321 314 318 335 334 - 301 304 311 338 306 304 338 335 330 304 335 309 303 315 333 315 330 314 - 327 339 310 - 333 331 326 339 302 325 331 306 328 332 317 338 300 326 - - 339 311 328 307 307 305 336 322 335 322 312 302 328 325 336 307 338 318 333 336 335 315 308 - 337 - 321 328 303 314 336 - 323 305 300 334 306 - 302 316 314 302 318 327 337 317 334 314 331 - 335 318 303 319 314 310 322 310 308 306 301 - 336 322 - 316 304 311 - 324 - 314 339 303 336 312 304 329 301 300 - - 316 312 - 325 315 306 318 338 334 318 313 304 317 322 323 332 315 337 335 320 335 320 335 319 301 321 328 305 330 336 311 308 318 304 326 337 304
ch 1 176 13 300 325 w p 309 309 339 - 312 309 320 319 335 304 310 330 323 339 312 315 312 304 302 318 330 315 329 323 328 334 333 302 311 336 - 300 301 329 310 329 328 327 309 324 339 332 303 334 320 327 306 332 306 335 326 335 317 311 309 305 - 315 316 304 309 322 324 328 333 309 323 331 312 339 315 302 334 311 307 334 313 325 323 300 302 332 335 309 302 326 300 333 308 318 - 338 338 307 315 332 323 326 331 321 328 321 326 302 334 336 327 321 327 302 - 332 330 339 323 302 327 317 - 337 313 328 310 328 325 333 - 310 330 313 327 309 300 319 324 309 - 319 - 326 305 314 323 303 - 337 323 315 312 320 310 338 333 329 308 302 329 313 - 327 332 314 317 - - 307 307 305 322 303 324 303 314 329 323 327
ch 1 202 17 300 325 w p 315 336 303 327 305 - 308 334 306 322 329 316 331 316 328 315 306 308 311 328 - 331 327 305 308 - - 335 327 337 314 301 - 317 303 319 301 316 318 306 308 334 335 321 324 312 - 333 306 330 316 303 329 327 323 314 322 311 303 338 336 - 312 336 317 320 317 338 318 333 311 312 316 339 300 325 336 305 314 308 335 322 313 302 - 324 313 331 302 315 302 - 316 325 321 - 337 320 308 302 317 315 319 326 336 304 320 322 337 307 307 - 333 315 331 329 - 314 - - - 336 317 328 330 335 302 328 324 312 327 329 324 328 321 312 303 317 - 330 331 309 321 308 328 312 333 314 324 333 325 321 304 323 313 308 323 314 328 309 319 310 312 322 301 310 332 328 325 315 319 307 308 339 323 - 326 320 315 337 338 338 313 322 314 301 339 302 333 329 301 318 330 309 326 334 327 300 301 317 312 326
ch 1 171 10 300 339 e p 319 306 311 - 302 301 308 319 319 315 336 - 312 313 338 332 315 329 333 330 313 316 305 327 335 326 330 338 307 327 300 305 315 303 317 334 301 339 325 313 308 325 307 326 310 318 334 320 304 331 329 338 303 337 302 332 314 304 336 312 303 - 337 324 333 309 316 339 329 305 307 308 338 314 328 338 313 333 300 319 336 318 332 - 332 305 336 307 310 335 316 317 - 321 329 329 320 327 313 322 328 309 338 313 312 337 330 335 314 318 332 319 330 335 320 330 323 309 301 314 320 334 329 303 306 329 305 - 323 - 310 314 338 330 323 339 307 332 315 319 300 311 310 333 311 320 305 308 300 338 338 308 314 319 301 305 - 306 326 319 321 334 - - 307 313 313 318 318 300 305
ch 1 177 16 300 325 w p - 338 331 311 333 317 324 326 313 335 306 306 313 335 311 308 - 322 304 332 303 327 311 - 306 315 311 308 337 - 300 304 330 330 - 315 308 - 312 308 335 304 318 334 - 321 318 303 313 313 306 300 323 306 307 332 309 320 322 323 - 331 322 330 322 313 311 329 318 316 305 - 312 316 303 326 318 339 300 331 309 331 313 323 301 301 331 311 337 305 301 315 319 322 315 321 313 314 313 318 320 333 306 326 328 321 325 328 313 308 325 304 - 317 336 309 300 301 301 305 301 - 328 308 305 304 313 301 - 320 326 303 339 326 300 336 305 333 322 333 - 319 326 320 - 325 315 317 302 305 312 318 318 319 337 305 305 - 307 305 - 336 336 333 322 316 332 329 323 338 300 313 326 304 317 305 311
ch 1 230 6 300 325 w p 305 310 318 307 304 315 331 307 326 332 - 329 308 334 304 337 320 317 339 314 315 334 302 328 334 318 312 319 323 313 321 317 336 333 323 337 300 314 311 305 314 335 322 313 319 322 323 304 310 334 303 335 331 316 326 339 336 335 316 321 313 325 313 300 337 318 319 333 310 336 314 - 306 320 300 310 315 325 328 326 313 314 326 336 317 322 319 316 313 310 303 304 314 - 332 305 339 310 320 310 305 331 322 305 309 333 316 314 307 334 301 301 319 322 311 318 338 332 306 316 302 319 322 331 326 311 335 338 339 334 321 302 319 302 311 317 315 307 330 321 337 326 328 322 310 306 335 336 325 323 311 304 336 307 333 326 336 303 302 300 339 319 308 302 325 326 331 305 331 301 303 301 316 322 302 322 314 - 310 315 329 334 320 331 322 310 339 315 330 321 310 309 304 321 335 307 339 311 307 325 323 302 317 318 313 319 332 324 337 314 316 328 323 316 322 304 301 316 - 317 315 300 301 306 326 - 331 303 320 311
ch 1 216 16 300 325 w p 327 314 329 321 - 321 308 335 302 333 327 338 319 337 - 338 309 328 327 313 312 318 331 339 308 303 311 306 303 329 - 329 322 335 311 336 - 330 310 323 338 304 - 309 312 335 333 320 - 314 301 302 309 338 308 307 321 322 321 308 317 326 337 321 - 337 308 316 334 336 332 320 324 307 304 311 321 336 - 306 302 300 - 309 - 329 300 328 303 306 318 330 - 329 338 331 305 300 326 315 333 307 305 319 308 - 317 302 339 326 338 332 327 307 304 321 313 305 336 300 336 301 - - 326 321 327 318 314 317 304 317 309 302 335 324 314 322 338 338 - 329 324 308 334 321 320 324 330 - 321 306 315 308 330 313 330 325 313 316 325 331 339 306 329 302 320 330 313 314 314 321 338 309 314 330 321 319 326 310 315 327 304 313 327 315 328 336 336 319 305 309 312 317 338 314 336 325 334 315 336 321 335 308 329 316 336 337 335 318 318 307 325 331 302 320
ch 1 211 18 300 325 w p 324 309 333 309 - 315 334 314 302 304 337 310 315 338 333 319 327 305 322 338 325 314 312 307 328 336 313 303 320 327 334 323 318 322 327 331 302 314 315 334 - 320 338 306 329 311 310 328 331 301 329 315 303 325 336 336 309 332 301 333 321 - 326 316 314 308 - 329 336 323 - - 326 327 327 334 303 322 314 335 332 326 - 315 - 334 312 324 312 303 310 324 334 - 327 303 315 308 321 302 307 337 335 301 303 304 - 307 325 316 325 326 316 327 307 335 312 309 307 312 - 320 309 338 302 301 303 - 309 335 310 335 321 309 322 304 302 301 327 306 316 302 332 338 - 320 335 324 - 308 - 305 309 300 314 335 320 330 312 - 303 329 303 310 303 331 304 312 304 319 332 315 339 302 - 325 326 331 324 324 312 321 303 310 315 311 323 319 329 309 307 315 313 326 328 337 304 312 - 310 304 320 339 321 324 334 335 307 337 334 331
ch 1 181 12 300 325 w p 325 302 312 327 322 331 306 311 301 315 302 327 310 322 330 301 305 321 301 336 305 303 305 338 307 305 310 339 318 310 332 337 312 304 311 321 331 305 331 320 307 319 334 309 325 315 318 325 337 321 333 328 - 312 337 335 322 339 337 324 308 321 - 300 315 318 322 - 314 325 330 321 317 328 322 313 322 305 339 325 308 303 328 320 310 309 304 306 - 332 325 304 326 307 305 - 307 338 325 303 324 303 334 331 320 335 328 339 339 329 331 312 339 317 337 300 324 303 334 332 308 328 313 319 302 307 339 334 - 302 330 339 327 330 324 - 335 322 336 338 316 322 - 320 315 314 305 301 328 335 328 318 319 323 304 315 - 317 309 317 324 309 304 301 306 327 334 311 331 304 - - 305 310 306 326 - 312 328 302 339
ch 1 194 13 300 339 e p 300 331 305 337 332 315 - 329 319 307 319 338 306 301 339 300 311 339 328 316 311 300 314 326 316 333 318 308 305 337 308 330 312 338 312 304 302 332 - 315 327 321 325 333 312 324 334 303 331 313 - 337 304 328 311 - 328 305 321 305 339 317 339 301 - 321 - 333 303 309 336 333 318 338 322 308 328 333 317 331 332 314 321 - 339 325 301 334 335 304 338 300 313 329 302 329 330 316 337 302 302 312 326 338 308 339 302 315 331 307 330 332 325 334 330 333 333 334 - 327 322 300 314 319 323 310 308 316 326 307 335 336 339 302 321 - 317 310 322 326 311 - 314 - 306 317 306 314 326 316 316 311 324 311 319 309 338 - 305 329 317 328 329 339 300 310 302 308 336 327 325 309 306 312 303 339 339 303 332 - 337 301 324 336 317 310 335 333 318 317 308 333 315 308
ch 1 213 15 300 325 w p 304 331 320 325 - 318 339 - 339 332 332 339 316 317 302 307 310 336 329 308 307 313 325 326 334 331 333 303 301 309 325 314 305 309 304 318 314 312 326 320 322 307 313 316 319 325 327 319 321 320 329 322 318 337 316 335 328 313 321 310 311 321 327 322 333 305 301 331 307 314 324 315 - 328 300 - 310 330 324 317 309 312 307 333 337 330 339 308 325 300 332 307 328 316 325 303 - 311 301 310 302 311 302 309 - 330 306 333 338 313 333 310 - 321 304 333 327 - 311 318 303 323 314 328 - 322 307 320 304 301 325 302 304 326 336 300 330 - 313 310 325 306 337 313 304 327 331 302 322 326 317 337 301 317 310 307 314 317 335 309 334 - 339 324 332 306 320 313 304 320 - 304 331 308 308 - 313 - 310 335 313 330 323 314 320 303 314 321 336 310 303 314 336 318 - 304 300 324 322 311 302 332 321 334 327 337 329 313 326 326 300 310 329
ch 1 184 12 300 325 w p 306 323 338 321 - 300 314 312 322 314 322 - 312 333 339 312 339 - 326 322 320 300 335 314 305 329 306 336 323 303 323 323 308 308 334 330 336 300 322 318 318 312 307 309 326 324 301 313 304 322 310 - 314 - 329 304 322 339 308 329 329 322 308 312 - 304 314 - 304 327 308 311 323 333 337 333 313 324 - 337 328 332 336 306 327 329 - 306 302 311 304 300 320 320 337 333 312 303 300 339 308 330 316 - 308 330 313 319 - 300 333 325 314 339 302 301 303 329 339 330 329 319 306 329 316 336 306 306 339 310 324 339 330 331 301 304 309 - 315 312 322 308 333 302 306 324 329 303 314 334 336 305 329 333 333 311 320 331 302 331 320 320 331 311 314 308 329 306 327 304 313 335 300 313 334 308 314 326 307 325 311 335 327 305
ch 1 201 11 300 339 e p 309 307 307 322 326 304 316 318 310 317 338 336 302 312 321 310 325 335 301 318 330 320 320 304 338 326 339 319 305 328 304 308 320 301 335 314 334 322 315 337 313 319 334 - 305 337 312 323 - 313 317 300 329 318 324 308 312 316 314 323 336 304 302 310 303 305 328 325 321 - 308 310 314 331 326 333 - - 324 306 316 316 328 301 332 335 311 321 318 330 325 334 323 318 332 311 308 302 313 324 302 - 339 303 306 305 318 304 319 - 314 320 331 335 338 - 311 314 302 304 320 - 321 323 310 300 305 317 330 322 305 328 315 309 323 309 320 323 320 319 307 331 305 306 304 332 325 317 329 339 304 301 319 303 307 327 303 309 325 327 321 336 - 302 325 335 337 302 300 322 337 339 302 314 338 330 316 305 320 330 312 330 331 310 302 333 317 305 - 322 339 317 333 310 334 321 321 324 333 329 334
ch 1 185 13 300 325 w p 308 310 327 335 332 338 317 313 314 320 326 305 302 322 316 321 - - 318 - 314 330 321 308 338 326 301 311 - 337 335 309 305 308 332 307 334 339 309 336 336 327 336 315 300 338 317 324 318 301 320 311 321 319 316 322 304 337 316 326 329 311 306 306 328 315 301 327 322 319 333 330 316 314 316 307 330 323 305 326 315 332 330 321 304 335 - 303 309 302 315 334 304 325 323 309 329 320 328 339 339 338 322 316 328 - - 319 337 314 327 332 305 326 307 329 330 339 326 337 330 312 329 313 303 329 336 335 308 332 321 300 309 306 312 324 329 - 300 316 301 331 338 323 302 330 332 309 319 329 320 326 312 310 - 301 300 304 311 327 - - 334 317 332 338 303 317 313 310 - 303 - 337 326 316 307 333 316 307 330 332 317 303 306
ch 1 201 14 300 339 e p 330 310 - 322 335 301 310 307 327 324 339 308 320 313 328 338 - 309 320 300 327 325 326 320 318 334 319 303 302 313 338 316 316 319 303 318 339 327 318 - 336 331 - 309 328 - 331 322 329 307 319 309 309 320 334 305 305 304 304 324 334 319 318 312 305 337 336 310 319 331 332 332 325 310 337 301 302 329 306 337 312 339 312 335 335 336 310 332 311 323 316 331 309 - 325 300 303 328 335 326 307 329 321 308 323 301 334 323 322 - 332 311 319 316 331 311 339 319 330 - 323 307 336 338 301 300 336 320 327 322 330 329 339 308 301 322 328 - 307 306 306 323 311 335 315 333 315 307 309 323 - 339 302 332 320 334 - - - 321 303 332 336 328 335 337 300 308 330 306 307 326 326 317 312 334 331 310 321 306 329 300 333 314 334 314 320 325 329 326 317 324 323 313 305 334 332 - 332 324 311
ch 1 221 17 300 339 e p 312 326 337 301 305 338 337 301 306 338 310 327 309 315 312 323 304 303 331 312 332 319 312 303 - 331 333 328 333 309 318 318 - 313 304 302 327 332 338 332 327 - 311 - 329 330 322 336 310 314 334 320 322 306 308 327 331 333 339 319 310 - 316 327 334 322 - 303 300 - 339 315 336 333 304 - 316 305 305 301 324 328 339 338 314 314 325 311 315 327 304 329 300 311 315 306 308 327 304 328 314 - 333 315 316 327 307 326 300 304 316 322 314 337 312 310 304 323 304 307 304 321 305 318 317 334 335 319 332 328 318 332 314 303 304 319 333 309 305 302 312 336 315 331 307 336 316 321 317 339 317 322 319 325 307 304 325 309 306 317 332 - 308 308 305 324 307 - 328 326 333 - 332 313 334 - 339 338 325 324 311 311 - 328 304 - 315 333 305 337 300 326 306 308 332 317 317 - 315 302 330 321 315 337 331 336 324 - 301 331 322 329 309 313 331 327 304 308 334 338 324
ch 1 212 10 300 325 w p 301 330 305 330 339 316 319 302 332 322 320 - 321 302 329 306 - 316 321 314 333 313 305 329 314 311 334 305 300 324 308 - 316 333 303 324 339 314 308 302 305 325 307 319 331 325 300 333 311 310 335 318 314 316 324 315 309 303 302 338 320 325 306 329 336 321 329 306 303 321 337 323 - 305 304 331 325 331 331 319 314 336 324 305 336 329 313 307 315 337 318 329 330 308 306 333 338 327 332 301 321 334 304 314 300 309 337 319 329 314 333 313 304 338 336 328 312 324 326 311 328 326 335 314 323 325 329 304 302 305 308 318 331 317 335 324 323 - 324 329 321 326 319 328 335 302 303 311 333 329 314 320 319 320 337 321 332 311 317 302 - 325 318 302 336 331 309 317 332 301 339 302 310 304 303 312 336 316 314 317 309 319 - 339 323 310 322 308 330 310 330 - 326 339 330 312 332 316 324 339 - 308 325 337 324 322 307 302 308 - 336 317
ch 1 176 9 300 325 w p 334 310 336 - 314 334 313 304 318 338 321 323 333 325 303 317 334 335 329 314 315 301 330 326 321 338 305 339 301 334 330 325 307 329 329 300 328 329 310 335 314 323 - 315 309 324 333 304 330 329 308 334 310 332 324 325 313 - 308 322 338 330 333 319 333 326 324 315 312 - 319 338 314 313 329 302 313 302 330 338 329 339 - 335 317 - 312 300 319 300 335 315 311 304 320 325 302 336 322 300 322 319 313 302 305 313 - 333 335 323 312 311 320 301 311 309 322 327 316 308 319 334 331 331 308 314 307 311 333 328 313 309 322 325 335 304 306 - 316 338 314 327 307 304 323 312 301 309 302 313 305 315 305 307 328 337 309 335 319 306 317 311 319 334 324 335 330 - 308 325 309 319 316 329 306 320
ch 1 181 17 300 325 w p 320 - 329 302 307 331 322 327 310 - 337 334 - 339 304 313 302 329 302 - 308 302 311 303 - 308 327 330 324 - - 305 312 330 320 320 314 332 309 329 301 317 335 318 327 309 302 - 309 - - 317 329 331 - 317 315 328 312 314 302 319 313 301 334 313 338 304 316 307 323 314 330 309 300 305 317 311 319 - - 311 302 329 332 336 310 314 313 311 335 338 313 334 - - 303 338 300 301 338 325 - 317 327 329 335 332 312 318 301 301 306 312 335 316 322 317 312 308 310 335 323 319 318 326 319 322 319 324 325 310 320 336 323 330 312 334 312 312 308 - 300 339 336 300 325 339 304 311 335 315 313 314 302 339 332 313 338 325 338 300 308 309 316 335 332 307 313 328 313 336 335 310 301 318 323 324 321 327 331
ch 1 171 10 300 325 w p 335 320 329 338 303 335 306 326 - 328 301 320 - 322 327 304 320 318 317 329 302 319 314 326 328 302 330 311 308 321 339 328 319 335 317 315 317 316 330 331 337 312 305 326 335 338 338 321 309 313 300 303 309 315 310 335 337 320 305 327 321 318 329 332 331 307 323 325 320 307 314 335 335 312 327 334 338 309 307 320 329 339 313 301 309 315 305 330 330 322 311 318 303 312 334 333 - 311 324 310 326 320 311 306 322 308 328 329 311 333 313 331 315 - 310 331 319 332 321 - 305 333 333 301 334 337 303 321 333 310 304 323 317 310 - 322 325 332 316 304 315 310 322 325 302 320 303 316 331 - 330 - 301 302 305 317 303 308 310 317 305 318 320 314 325 316 319 - - 306 338
ch 1 197 23 300 339 e p 308 324 301 331 313 - 308 321 303 320 311 331 333 307 - 317 329 319 321 332 - 334 336 303 311 321 324 323 304 333 332 313 326 314 - 320 316 303 304 336 319 320 332 334 327 325 - 332 326 332 - 328 322 338 314 320 308 307 312 319 302 307 336 316 307 339 328 309 329 338 337 309 324 338 - 320 - 337 338 334 336 327 332 304 320 339 303 302 309 333 301 318 322 337 329 328 336 317 308 327 336 302 308 323 307 317 324 303 318 335 - 313 334 329 308 - - 324 306 322 318 336 307 330 319 337 325 309 - 327 329 327 332 338 324 335 334 314 307 312 304 313 - 335 322 - 312 - 311 - - 318 308 319 300 300 319 336 311 320 328 - 305 332 - 328 328 327 308 - 339 326 318 309 328 309 308 333 326 308 301 334 300 - 318 310 322 322 330 319 335 310 324 - 329 312 -
ch 1 216 15 300 339 e p 336 321 336 314 329 330 306 332 308 315 309 335 315 325 331 329 338 308 338 333 313 300 329 328 320 - - 328 304 326 338 338 308 - 317 338 308 317 338 327 339 313 327 324 311 324 308 314 320 306 314 320 335 327 315 334 315 305 316 328 313 309 325 325 330 325 - 328 - 324 328 302 - 317 315 338 333 331 - 322 308 330 327 335 337 321 303 322 325 302 - 338 302 333 320 324 333 317 314 302 314 320 326 335 310 325 335 302 339 338 317 335 324 302 337 310 308 333 - 311 333 335 335 329 315 - 337 301 302 335 321 328 329 332 307 336 322 303 337 317 329 308 300 333 327 300 335 311 321 326 303 336 338 312 301 321 321 - 312 314 - 331 303 305 306 315 318 335 301 301 307 320 324 327 309 323 304 314 312 310 320 310 333 339 302 305 - 310 316 336 327 310 327 312 327 323 304 335 333 308 316 - 311 335 302 317 323 319 328 308 323 - 315 310 304 333
ch 1 172 11 300 339 e p - 313 322 324 321 330 324 308 321 305 322 - 328 302 321 321 312 310 316 332 326 304 305 319 329 324 321 337 304 322 333 301 320 312 335 319 312 313 331 334 - 311 330 317 339 - 323 300 323 331 326 - 310 326 314 338 339 311 - 337 319 312 314 - 321 339 307 301 308 336 325 332 303 303 334 320 322 332 330 318 322 312 326 304 306 300 305 338 300 302 339 313 328 317 306 308 307 304 317 315 321 300 323 327 303 312 338 328 319 330 333 339 305 - 324 339 327 306 321 305 319 325 323 - 319 309 302 324 325 312 336 309 337 327 319 324 332 333 314 326 305 323 319 303 321 329 334 316 315 301 315 313 320 330 326 305 - 312 327 303 307 317 337 336 318 314 319 - 331 321 301 303
ch 1 192 12 300 339 e p 325 312 334 305 311 337 315 335 335 328 316 - 335 314 304 301 307 308 338 339 339 308 310 335 305 334 303 333 337 325 314 331 309 322 333 337 328 324 304 316 305 315 315 334 301 339 303 313 336 318 324 324 329 328 314 305 326 305 339 322 302 - 333 311 305 311 321 311 328 307 317 305 313 - - 319 329 312 330 322 316 300 324 334 325 302 302 338 316 317 - - 323 301 307 322 317 - 336 328 307 - 319 309 329 328 332 334 308 314 308 328 302 326 305 303 328 321 328 337 335 - 311 316 307 319 300 337 301 328 320 303 337 315 331 329 331 319 307 339 317 308 324 305 - 325 330 309 314 336 337 334 325 301 304 317 320 334 304 303 329 325 333 305 309 312 311 308 333 325 337 - 328 - 331 324 336 336 337 326 301 330 318 338 312 302 321 309 334 324 327 320
ch 1 191 20 300 339 e p 333 - 324 321 310 303 313 326 338 306 320 318 317 337 336 319 315 339 336 300 312 316 323 303 320 330 321 337 332 - 308 315 318 335 - 327 312 311 - 331 306 319 305 317 315 313 322 321 334 - - 337 311 339 313 332 336 - 321 304 312 323 327 310 318 332 317 315 307 305 321 - - 319 311 317 335 318 301 328 333 318 313 315 337 - - 304 - 328 318 337 326 339 308 301 338 308 317 336 327 308 318 315 335 301 - 301 306 307 331 327 317 309 312 315 313 312 310 307 307 316 316 326 325 301 - 309 306 320 321 305 328 331 304 310 311 318 301 323 338 321 316 315 307 319 322 338 307 337 316 300 302 323 310 309 308 333 327 329 310 306 305 304 334 322 318 326 310 312 - 330 310 327 - 332 317 331 - - 316 308 319 - 311 304 319 313 - 327 330
ch 1 219 18 300 325 w p 322 308 333 302 334 - 314 314 314 316 303 308 337 308 326 339 300 307 332 333 308 313 337 301 338 318 314 328 300 320 - - 311 339 335 300 301 - 319 - 302 307 307 319 325 324 313 313 305 309 317 - 313 315 316 312 302 302 323 329 317 326 303 335 320 310 322 - 336 302 300 332 336 320 302 306 314 330 307 300 326 308 335 300 310 317 300 307 318 307 314 - 307 312 329 323 301 - 318 336 331 321 - 328 338 328 322 330 338 306 - 329 304 309 318 336 315 315 309 324 335 304 314 327 305 316 300 323 311 325 334 317 317 307 313 322 333 336 323 302 312 - 302 338 310 338 304 301 338 312 317 322 305 311 313 301 - 310 323 314 - 312 319 323 300 335 - 338 316 338 314 306 300 333 322 303 316 321 310 301 316 328 305 336 304 327 325 322 320 310 - 309 310 337 325 307 331 331 322 300 333 338 304 331 337 330 312 333 - 321 304 306 300 322 333 301 324 - 319
ch 1 219 18 300 339 e p - 312 315 310 318 300 336 310 313 325 301 338 324 311 - 316 331 339 317 301 315 301 317 312 316 329 337 304 - 303 326 310 312 336 337 316 310 338 322 316 324 325 312 332 326 323 300 316 339 326 324 309 306 320 311 330 308 317 304 310 311 328 322 313 321 310 313 330 321 317 316 325 333 302 307 320 303 325 315 316 305 320 - 308 329 - 303 304 301 318 309 324 330 328 306 327 312 327 309 314 309 306 317 315 305 334 337 - 331 - 317 318 - 337 301 336 336 325 311 317 319 302 322 301 304 323 339 303 313 303 318 313 333 - 332 309 305 312 331 313 309 308 331 321 302 309 310 310 300 300 300 321 307 331 - 314 300 335 313 336 315 - 305 335 301 317 323 300 335 322 308 338 333 306 313 319 335 - - 302 313 312 337 313 316 308 321 302 311 326 315 328 328 303 335 - 301 334 304 300 325 - - 324 - 314 336 303 318 321 317 312 317 328 328 326 306 - 332
ch 1 230 18 300 325 w p 317 300 321 314 300 337 335 323 304 315 310 337 309 307 337 336 306 325 321 315 311 329 338 327 315 312 - 322 311 315 311 301 337 338 323 311 - 321 334 300 326 318 317 335 332 - 327 332 - 327 311 302 304 330 334 - 324 336 311 309 336 301 323 314 308 319 301 337 309 331 - 332 326 307 337 - 319 316 332 300 - 325 - 315 331 - 323 - 317 325 335 321 - 320 305 329 321 304 306 320 313 321 303 311 334 328 324 - 311 310 326 329 326 327 332 324 322 308 334 330 317 323 309 324 338 308 336 308 - - 300 302 321 328 323 322 306 334 337 300 303 309 333 - 312 333 330 313 322 329 337 331 312 329 300 323 309 339 319 - 324 325 307 319 304 322 327 310 332 322 301 328 303 311 336 313 320 320 303 305 312 324 322 320 322 303 314 338 308 334 319 338 329 331 332 332 313 305 312 325 312 338 302 332 310 315 308 321 308 331 303 329 315 328 330 322 332 328 309 336 333 316 337 333 317 - 324 323 336 304
ch 1 173 10 300 339 e p 336 333 321 301 323 303 328 317 326 335 302 - 337 - 337 316 322 304 311 333 316 308 313 324 301 317 320 326 324 - - 314 - 318 310 311 303 322 338 324 322 324 339 312 333 307 301 331 317 306 303 334 321 320 314 305 312 308 314 332 329 303 335 301 330 332 338 323 322 333 324 309 302 329 311 324 325 327 334 329 314 303 336 319 306 302 337 - 332 317 303 332 327 339 321 316 328 319 312 317 317 300 302 329 320 323 310 327 322 338 338 316 317 329 322 302 331 334 324 335 305 322 307 304 302 315 - 320 331 333 321 326 308 314 329 333 334 314 300 336 318 332 331 318 317 312 324 310 339 - 317 323 330 311 328 336 319 300 - 308 307 310 314 - 335 328 331 331 335 339 314 314 305
ch 1 221 13 300 339 e p 333 312 320 330 315 328 333 322 302 338 313 316 335 316 334 311 329 300 310 336 316 308 304 311 319 - 329 328 312 334 323 303 313 - - 313 329 323 313 316 336 332 331 303 310 336 308 326 327 336 312 334 306 302 312 - 315 302 330 317 336 339 305 324 316 333 323 336 318 304 312 335 312 310 319 306 327 319 314 313 316 318 302 318 - 335 314 316 317 331 339 326 309 337 300 328 310 335 - 324 332 338 307 303 339 339 322 316 - 319 326 - 315 328 331 307 319 313 326 328 327 331 329 321 320 309 303 324 329 300 307 319 314 316 316 322 321 301 310 334 322 301 338 330 - 328 328 305 325 319 328 310 311 310 329 306 326 328 317 331 337 - 334 308 323 339 329 308 307 330 317 303 317 318 329 304 322 334 333 339 312 305 331 317 302 321 311 304 339 308 318 303 301 - 312 305 331 307 320 - 335 328 - 315 308 319 301 306 327 304 309 320 311 300 302 311 317 334 320 330 302
ch 1 173 12 300 325 w p 311 338 326 307 321 302 300 300 317 303 305 - 329 332 306 309 332 308 325 324 316 303 314 333 303 328 - 331 333 303 313 332 337 316 328 301 315 338 324 321 317 336 330 335 335 335 327 301 306 - 316 328 - 328 334 300 312 337 317 333 311 336 311 336 309 314 319 300 314 337 304 300 308 306 305 - 303 331 327 321 310 335 307 338 325 303 326 321 339 332 335 336 306 315 319 300 - - 320 - 336 311 339 329 325 325 308 304 312 319 307 308 308 313 312 - 320 323 - 326 329 305 328 319 324 326 305 325 309 322 313 - 306 338 313 331 316 330 306 311 330 316 336 331 - 301 303 331 318 306 325 309 322 315 304 317 319 308 306 301 312 306 338 312 301 314 326 307 333 335 337 319 301
ch 1 194 14 300 339 e p 339 331 337 306 334 318 337 305 312 325 339 304 301 332 309 338 306 317 338 308 314 313 339 335 - 316 337 304 319 327 - 328 301 - 306 323 302 300 314 301 314 324 324 318 315 332 310 312 - 332 328 321 301 - 313 306 336 302 333 - 333 302 312 318 304 309 333 333 320 300 325 316 321 314 334 325 327 300 314 301 337 329 337 306 333 336 - 312 337 332 316 327 - 316 305 328 318 336 332 313 330 - 338 316 313 333 311 309 313 310 338 317 304 316 335 319 311 317 310 304 329 303 308 327 309 320 305 302 - 315 306 339 333 309 320 327 302 - 339 301 318 311 314 327 313 302 326 315 308 325 316 - 312 331 335 308 324 314 328 334 317 331 318 321 335 302 333 328 318 302 321 303 330 333 322 312 325 318 301 308 318 - - 310 310 322 339 314 338 336 321 302 313 326
ch 1 215 13 300 339 e p 313 320 301 338 319 335 300 - 323 323 338 320 320 337 339 314 320 337 308 317 323 331 337 338 309 339 303 311 338 339 339 311 315 334 336 302 305 313 315 316 327 324 331 309 314 324 320 311 304 338 320 307 325 313 313 305 334 328 320 307 305 329 308 306 303 310 301 309 306 307 309 303 308 - 306 320 319 319 303 324 329 309 326 - - 339 318 330 328 329 301 304 321 310 305 302 319 324 331 329 318 327 317 318 322 328 319 318 327 320 329 307 325 315 325 321 301 337 339 307 320 331 338 323 302 328 - 324 309 335 339 336 320 - 323 302 316 337 301 300 314 308 337 308 324 333 308 305 313 304 331 304 332 303 308 - 306 331 310 306 - 325 321 305 338 316 316 - 317 329 339 - 331 303 304 300 309 339 313 - 304 310 316 311 315 328 307 320 - 314 324 312 327 303 302 309 338 328 310 334 311 - 330 305 315 325 337 324 320 312 330 330 326 300 306
ch 1 222 13 300 325 w p 302 333 328 327 324 325 321 335 324 325 - 333 337 337 324 305 326 328 309 306 332 320 - 332 311 319 305 - 304 330 323 330 313 319 323 318 325 326 326 305 317 330 337 301 326 309 314 329 328 323 317 333 336 337 302 329 316 304 311 303 318 336 328 324 334 300 339 332 317 329 322 305 328 311 319 320 329 331 325 332 310 333 336 - 314 - 321 327 - 339 331 301 322 310 300 319 328 - 313 335 311 303 300 303 309 314 312 300 339 - 326 326 305 326 305 327 336 305 308 311 319 302 323 319 326 319 310 330 - 308 311 308 332 330 326 329 - 302 317 304 303 333 339 335 338 318 323 335 321 311 301 332 330 317 319 302 332 301 305 329 339 313 310 - 304 304 317 306 335 333 319 307 306 336 320 331 313 - 317 337 302 309 326 327 314 312 327 306 309 335 302 312 303 331 304 302 303 318 324 321 332 - 333 317 327 313 326 335 337 321 312 323 317 302 312 319 307 311 326 300 320 309
ch 1 175 14 300 325 w p 314 312 320 332 332 329 310 317 323 313 302 301 318 309 332 320 313 - 320 327 - 334 - 329 326 335 332 330 320 329 315 313 301 322 332 311 337 - 316 317 327 304 308 313 314 325 334 333 332 - 331 321 330 315 313 327 336 332 306 315 321 310 314 313 339 332 334 333 312 - - 326 333 310 334 318 322 333 327 330 303 325 - 312 302 304 325 320 327 327 - 325 320 309 323 328 307 - 335 312 334 328 329 338 334 323 328 304 305 328 308 - 339 318 315 314 329 313 337 332 316 314 309 312 321 311 314 311 331 337 307 332 313 317 331 331 337 315 304 302 308 - 305 322 315 306 312 307 314 325 308 328 304 329 316 324 310 315 332 - 323 330 301 312 337 316 333 306 336 339 334 325 310 - 300
ch 1 210 11 300 339 e p 302 303 309 327 329 337 315 330 306 316 331 308 300 320 333 334 328 313 333 317 333 324 317 318 325 327 314 308 330 325 312 319 336 317 330 337 308 300 - 338 302 335 326 318 329 306 328 302 336 325 - 306 322 305 334 - 310 - 332 319 321 317 - 316 330 332 322 337 313 - 304 301 317 317 314 335 329 - 321 300 323 306 327 307 306 314 318 336 306 302 311 329 300 302 331 326 335 306 313 309 300 304 304 331 313 310 325 308 338 328 300 330 310 337 310 312 304 338 310 318 311 335 311 306 - 331 316 308 328 335 303 303 306 339 301 322 306 330 318 326 323 320 337 305 332 339 335 323 320 327 332 339 314 337 312 - 313 309 311 318 317 339 334 313 325 300 335 317 309 311 317 336 302 302 - 328 314 315 306 325 315 315 319 306 331 339 328 306 333 319 326 334 323 324 304 330 313 339 338 324 309 329 316 312 332 326 324 320 - 322
ch 1 179 7 300 325 w p 339 334 310 301 319 338 309 311 324 316 338 302 311 326 334 - 301 329 308 335 328 337 328 319 339 310 323 304 303 335 302 307 305 318 - 317 311 328 - 333 327 331 321 332 318 317 305 331 337 335 329 - 328 311 318 318 329 307 313 302 318 322 311 333 306 326 336 327 331 338 338 325 306 331 314 335 323 324 330 300 338 322 308 337 339 - 320 320 322 309 328 324 326 308 318 310 330 324 318 329 337 308 324 313 312 321 311 318 317 321 300 337 303 332 316 338 335 333 335 310 320 338 316 302 307 321 313 302 301 334 - 308 326 338 335 304 307 304 - 331 335 324 304 325 330 333 333 308 323 314 337 323 330 302 307 335 324 313 305 300 300 330 335 319 305 310 321 321 310 332 317 314 319 315 306 336 321 316 305
ch 1 228 17 300 339 e p 339 304 300 339 330 327 304 338 315 314 305 320 310 319 - 312 333 321 305 308 333 330 319 327 310 324 334 314 321 320 336 323 309 330 310 330 338 319 317 324 - 308 339 316 316 322 308 307 330 328 322 318 338 316 303 310 317 332 334 310 329 - 333 327 332 335 332 339 329 303 322 316 336 330 336 321 317 333 338 334 304 - - 314 339 322 - 322 336 331 338 321 307 327 306 303 306 327 335 331 310 334 315 300 - 338 306 320 304 300 334 339 307 329 318 336 310 - 304 339 301 314 322 310 334 301 330 316 339 338 313 332 314 331 327 312 329 334 337 329 337 337 320 332 315 312 304 334 325 304 318 324 319 308 301 337 308 335 317 - 313 337 304 329 332 - 301 - 303 319 312 318 328 335 328 - 324 336 303 310 303 335 327 314 311 314 305 323 311 305 320 - 303 305 325 305 325 317 303 301 310 324 - 319 324 - 335 333 - 305 327 338 333 325 308 310 305 318 308 301 325 336 308 332 303 - 302 336
ch 1 210 10 300 325 w p 323 332 306 334 310 308 312 323 329 306 305 335 325 303 325 307 310 307 305 317 331 323 303 316 312 316 326 316 313 317 309 317 332 326 - 320 311 307 337 321 328 328 314 306 313 306 331 310 331 332 311 323 337 324 318 323 313 311 321 306 338 330 328 307 330 - 300 309 308 333 300 300 327 312 334 331 323 321 313 334 336 316 308 339 301 324 324 311 325 306 315 329 320 306 314 - 317 315 322 307 324 300 315 301 329 333 324 314 332 319 313 311 307 313 314 316 328 - 330 320 339 317 300 304 308 320 325 300 302 307 318 315 337 314 334 308 320 305 - - 327 322 - 312 325 331 313 302 330 317 331 305 330 305 315 321 313 330 317 331 301 326 316 300 315 339 339 333 320 300 325 317 317 328 328 334 307 300 317 316 312 306 310 302 314 - 301 300 318 311 309 308 312 326 322 325 320 331 300 306 339 316 302 - 300 323 316 - 331 307
ch 1 175 12 300 339 e p 308 318 319 322 336 305 338 302 331 329 326 - 311 338 333 310 - 328 305 339 306 301 330 313 305 307 311 323 304 307 315 330 330 308 300 331 336 - 325 323 308 312 330 318 324 321 310 331 333 312 310 301 306 329 306 307 309 - 337 311 310 306 326 324 309 322 300 324 311 308 310 333 300 304 311 331 304 332 302 - 302 304 326 339 319 312 309 318 315 - 311 329 308 324 331 300 318 327 310 310 329 309 315 320 332 334 301 323 339 311 - 336 330 320 335 339 331 305 306 307 335 320 332 337 336 325 332 331 339 300 304 307 315 311 331 309 310 326 - 331 330 - 314 313 315 338 316 324 330 302 320 308 318 302 301 313 323 310 304 313 332 - 331 326 329 - 324 336 304 322 304 315 309 335 -
ch 1 214 17 300 339 e p 311 320 319 328 317 317 330 309 308 - 331 309 324 323 - 307 331 331 313 301 314 322 314 334 311 327 305 - 323 335 307 320 333 316 307 339 315 309 306 - 312 317 312 303 337 331 304 317 319 - 326 329 338 306 320 309 331 304 323 - 322 321 302 313 313 - 318 318 325 323 317 325 332 328 318 327 321 - 316 339 302 302 316 305 329 304 331 312 311 331 304 332 - 322 332 311 317 304 338 310 302 339 315 331 330 303 335 - 301 - 316 315 336 314 307 304 316 338 313 315 337 323 328 322 318 - 317 313 329 300 330 338 305 325 - 339 319 339 323 328 316 304 336 328 330 302 338 329 325 307 320 317 319 330 312 308 321 324 329 339 313 304 327 314 310 323 305 307 319 322 307 331 323 337 330 335 313 302 308 330 317 - 313 333 330 - 317 313 318 317 339 310 310 319 310 330 306 317 339 319 300 - 311 338 309 - 335 308 324 339 327 324 334 331
ch 1 191 14 300 339 e p 316 322 308 308 310 310 339 300 300 316 335 322 325 326 338 305 - 327 309 306 301 335 300 306 333 311 315 - 318 320 332 308 - 325 329 326 325 334 335 330 315 315 - 303 - 306 333 317 325 335 312 337 329 333 316 318 316 314 338 330 308 327 338 332 308 307 - 312 325 320 338 308 315 339 337 306 335 300 339 - 332 315 322 318 328 337 310 315 321 334 321 - 317 306 301 302 336 300 327 327 316 330 314 313 324 322 324 315 323 317 328 336 331 321 302 311 319 307 304 300 339 336 313 327 335 334 319 301 311 310 306 338 331 336 312 304 328 324 - 320 305 304 329 326 324 312 327 302 320 315 317 320 300 334 338 329 304 335 322 301 - 334 - 304 - 315 310 321 312 312 339 316 303 312 - 300 318 337 322 312 334 - 335 321 301 300 306 304 304 336 336
ch 1 220 12 300 339 e p 328 324 - 301 314 320 326 337 336 - 325 332 325 316 335 327 338 307 318 336 302 310 336 302 321 311 314 308 332 337 330 307 314 331 337 338 312 328 300 330 306 - 322 329 320 315 327 - - 335 313 336 323 329 300 315 321 - 330 325 332 324 306 312 331 307 302 323 331 306 338 319 317 321 307 329 332 336 309 317 325 310 308 313 339 324 326 322 318 314 - 322 - 330 304 313 321 310 302 301 304 318 319 316 334 338 305 333 319 322 307 313 333 327 311 318 323 320 - 319 325 328 319 317 320 338 317 307 302 306 338 334 314 337 328 303 319 307 331 328 321 322 302 316 315 304 312 323 306 309 320 325 303 301 331 336 306 315 334 338 310 316 319 311 320 315 328 330 328 317 300 321 322 310 318 318 319 314 322 338 306 320 - 315 320 324 304 339 302 321 322 330 301 318 339 319 300 321 304 328 301 333 333 303 337 329 335 301 337 307 302 - 335 339 - 300 315 320 310 308
ch 1 173 11 300 325 w p 303 301 308 301 307 302 320 - 324 309 326 301 305 - 317 314 308 334 322 333 326 338 335 302 310 335 - 337 331 327 322 336 334 324 300 328 327 315 302 327 307 312 315 321 323 318 307 333 303 306 300 301 324 - 317 314 303 314 303 313 326 327 308 317 337 337 304 301 325 300 334 - 322 330 305 326 326 336 308 322 - 306 303 309 304 304 311 - - 327 320 329 322 318 306 321 315 307 316 325 337 319 326 307 - 323 305 311 325 314 307 336 317 310 308 306 314 324 336 317 302 320 324 316 309 318 307 315 317 330 326 309 - 318 338 333 328 311 329 303 310 302 300 334 330 304 330 335 326 332 337 332 308 339 309 316 - 306 326 306 329 314 330 313 311 327 316 329 321 338 332 305 336
ch 1 198 14 300 339 e p 323 310 322 323 307 305 314 328 322 317 317 328 336 335 300 339 328 315 329 324 - 331 339 - 320 334 308 300 313 319 308 326 339 339 314 313 334 304 308 327 331 - 316 338 311 311 337 334 337 300 326 330 303 318 336 306 317 307 315 310 316 300 - 323 310 303 333 304 305 302 321 308 337 320 326 307 316 330 337 307 310 305 - 302 338 324 302 309 332 312 - 312 324 330 318 323 301 300 306 313 334 328 - 336 309 304 335 322 319 304 - 332 322 312 305 - 319 324 326 330 326 - 307 300 326 329 325 338 313 316 313 339 325 300 300 310 336 321 305 331 339 319 308 - 332 - - - 316 304 312 308 305 323 302 314 334 327 327 326 322 313 338 318 324 323 318 313 310 320 327 332 324 309 322 324 300 327 318 332 323 323 302 321 307 304 323 322 308 323 314 312 330 315 309 300 324 312
ch 1 175 15 300 325 w p 300 330 301 - 308 336 334 334 338 320 324 334 317 333 - 328 317 304 309 301 317 - 310 306 328 333 316 306 319 325 310 307 313 - 327 305 320 335 314 313 308 320 323 313 327 323 320 339 301 308 337 335 321 300 338 304 321 - 328 313 327 318 314 - 320 316 321 337 306 328 327 323 333 - 321 304 336 323 334 330 327 300 339 309 301 312 320 338 334 336 330 339 314 300 313 316 336 328 317 328 326 305 310 327 - 332 331 323 323 322 308 303 333 339 326 316 323 303 300 323 331 300 302 313 312 300 326 337 327 313 312 316 331 334 333 333 330 312 328 311 318 - - 317 317 - 316 301 321 319 313 331 - 302 - 318 329 317 323 312 328 - 323 301 - 332 336 339 325 332 302 317 319 315 316
ch 1 195 13 300 325 w p 338 306 335 304 337 333 301 307 301 318 333 317 - 329 339 307 336 328 310 309 318 310 335 318 311 338 329 318 317 339 323 324 324 - 331 333 311 301 307 304 307 322 308 332 320 302 331 329 337 320 304 - 315 336 312 - - 336 319 311 338 331 315 337 313 315 312 337 338 330 309 316 331 318 322 315 304 336 320 317 313 315 331 318 309 300 335 - 327 309 305 329 328 317 317 320 310 301 325 316 338 339 319 317 314 339 322 333 309 335 329 312 312 335 300 326 330 308 331 329 307 318 300 327 300 308 303 302 - 309 334 328 310 324 318 306 319 323 325 326 324 305 316 305 305 333 328 338 331 313 317 327 - 315 304 325 310 306 - 334 321 319 305 308 310 330 332 334 337 317 - 322 310 320 333 - 324 300 333 337 316 - 324 320 303 307 326 - 337 316 308 337 335 329 306
ch 1 191 15 300 339 e p 305 313 - 339 331 321 302 339 - 327 328 321 334 - 314 315 333 320 337 312 323 304 327 323 326 - 336 332 327 314 318 310 330 - 303 314 315 302 319 313 339 334 324 319 324 - 332 337 338 - 320 326 - 311 300 326 322 310 - 331 326 336 325 336 319 323 305 322 307 339 300 337 327 332 301 339 320 332 318 313 332 313 334 302 318 318 321 329 327 312 318 323 329 325 316 334 316 329 319 309 320 318 300 317 326 318 332 320 301 323 311 - 316 - 338 319 319 304 321 320 301 328 318 301 322 327 320 317 325 302 335 339 308 304 332 335 305 310 - 315 318 339 - 339 322 337 315 335 310 329 332 319 338 325 339 302 315 309 300 - 317 315 300 324 326 326 320 328 321 - 328 314 303 325 307 321 317 331 311 310 339 314 339 315 301 327 304 318 325 302 323
ch 1 186 13 300 339 e p 333 320 310 327 328 301 312 313 339 337 312 335 333 326 302 313 315 324 323 300 338 332 337 330 324 339 308 306 326 311 313 334 309 331 302 305 323 317 337 310 333 319 315 312 313 324 335 313 338 - 302 310 321 334 311 335 334 318 339 333 - 327 326 332 300 308 322 325 310 304 328 331 334 301 327 318 307 339 - 317 302 326 304 - - 327 321 329 332 317 319 317 331 328 304 - 335 315 314 333 304 301 338 300 331 309 - 334 304 308 309 310 314 300 - 312 - 321 312 308 319 333 300 303 336 307 312 300 331 304 317 312 317 308 339 317 308 311 306 314 337 320 317 336 337 304 319 300 305 330 302 314 317 - 334 313 328 304 337 331 319 - 302 326 328 331 325 324 - 309 325 318 332 330 328 304 314 303 322 300 336 303 329 307 311 -
ch 1 181 8 300 325 w p 329 - 321 325 323 337 335 310 334 329 335 334 - 337 321 337 309 339 312 316 311 316 324 334 331 327 329 309 306 301 303 312 321 334 300 320 305 331 307 325 334 307 316 326 322 309 338 331 339 331 300 329 311 334 327 306 339 305 332 - 319 307 315 336 327 339 305 307 315 335 337 324 318 - 338 311 306 319 322 338 318 - 314 306 301 335 328 334 303 312 332 304 323 331 334 336 307 331 309 321 306 314 312 310 314 338 326 302 318 323 331 326 301 - 336 335 311 314 306 326 329 332 327 305 329 336 316 330 335 321 - - 333 309 322 327 339 333 314 334 334 304 315 309 303 317 333 314 305 324 315 310 319 316 322 334 326 325 338 331 314 336 330 326 316 336 305 325 308 312 311 328 336 319 314 309 318 321 331 337 315
ch 1 205 16 300 325 w p 309 316 310 327 304 306 322 322 331 - 306 327 334 320 314 312 325 315 310 337 301 307 308 309 323 - - 339 300 301 - 329 330 327 339 320 314 310 - 318 303 306 - - 318 328 336 315 - 327 329 328 310 335 323 325 326 323 332 305 310 329 304 334 307 - 300 302 318 328 334 335 312 339 336 333 318 339 320 323 325 328 319 318 304 321 327 333 328 324 307 338 306 330 325 330 303 338 307 309 335 328 335 331 335 324 302 332 333 307 316 309 324 309 308 309 - 320 - - 313 338 323 302 334 319 334 331 335 312 310 311 337 304 328 320 336 311 332 322 318 316 313 316 302 301 336 323 307 338 316 318 316 311 332 323 302 312 312 - 308 322 330 322 309 326 334 335 327 324 - 310 309 301 308 307 335 302 319 335 332 326 337 309 302 334 313 338 328 324 305 327 306 325 320 336 - - 304 333 306 304 310 331 301
ch 1 195 14 300 339 e p 302 336 306 322 322 311 309 307 300 303 337 334 329 313 308 338 326 323 328 335 308 312 321 339 - 314 316 321 - 309 321 320 316 332 326 306 305 304 313 328 302 326 - 320 313 330 330 308 324 339 332 338 - 332 301 332 337 316 324 335 - 302 317 331 311 312 303 - 308 305 318 319 310 317 327 313 335 304 323 - 332 321 312 300 321 321 339 327 308 313 311 313 315 323 306 326 315 330 326 314 320 325 309 307 327 335 339 304 321 335 301 302 329 317 311 339 310 339 322 335 335 312 322 307 306 312 314 305 301 331 335 305 327 322 329 303 306 338 322 335 335 335 308 327 325 328 328 - 326 310 304 314 301 310 327 322 327 309 318 320 317 - 309 321 325 333 328 325 333 313 321 - - 333 337 313 301 306 - 331 329 328 - - 303 303 305 318 303 324 314 338 332 324 307
ch 1 211 15 300 325 w p 305 332 316 332 312 328 303 300 307 303 335 326 339 - 317 338 311 308 331 322 322 312 326 339 335 323 323 322 323 304 326 302 338 315 305 313 327 311 335 331 328 302 307 320 329 - 304 318 308 - 334 310 301 306 - - 318 321 316 313 300 313 302 - 301 302 - 318 301 317 326 301 326 319 338 333 309 331 322 311 338 - 302 326 308 337 317 319 338 326 316 305 338 320 307 300 305 312 - 331 326 322 305 325 335 302 324 - 339 314 321 302 - 304 304 311 331 313 329 333 332 337 324 320 327 324 331 303 305 306 - 303 316 318 330 308 325 316 322 313 316 311 339 337 319 - 319 302 335 322 322 300 313 306 311 326 319 318 319 309 333 326 320 323 319 318 332 305 324 319 326 316 309 310 316 333 325 321 324 325 338 300 334 324 320 - 336 305 331 319 305 - 336 304 306 300 322 316 300 322 305 320 301 302 312 301 310 330 320 313 309
ch 1 195 20 300 325 w p 306 327 338 323 338 334 326 - 314 - - 323 312 - - 324 326 302 329 309 310 300 328 337 329 320 332 326 306 301 321 316 330 - 317 312 330 329 316 309 318 322 331 332 - 312 318 321 302 326 332 306 318 320 325 329 339 303 - - 317 - 336 303 - 319 303 310 339 319 322 336 326 332 339 322 310 322 336 332 319 321 305 336 324 - 310 324 336 306 304 302 302 325 324 327 316 329 307 305 - 326 312 334 303 322 317 323 305 307 310 319 327 330 - 329 318 - 320 321 318 326 320 334 321 338 304 327 339 316 303 333 306 339 326 302 334 300 319 337 339 312 310 304 337 308 336 304 320 318 323 308 - 310 303 308 - 303 335 318 302 332 330 307 334 - 331 310 302 303 316 319 303 330 329 318 - 312 338 338 - 317 328 328 309 338 319 309 314 317 310 319 331 322 313
ch 1 204 11 300 339 e p 314 307 325 317 332 - 300 321 323 331 - 339 335 307 - 307 326 301 320 - 320 300 330 329 332 309 318 315 332 339 338 311 309 333 321 307 - 334 332 303 312 320 339 324 322 321 329 300 321 306 - - - 325 327 301 333 301 335 303 336 327 302 331 330 327 317 323 310 316 329 327 310 328 323 310 335 333 - 314 304 319 339 311 325 334 325 339 324 330 307 332 316 325 316 327 326 322 - 306 319 316 331 304 304 331 300 304 321 302 315 329 316 316 303 306 316 302 333 332 337 330 333 339 327 306 301 337 326 331 323 309 336 333 330 318 314 313 303 334 308 323 300 337 334 335 338 321 326 302 333 307 305 331 322 326 336 330 305 339 318 317 313 311 316 307 334 317 314 306 334 315 310 309 310 314 307 332 308 300 333 322 302 307 328 333 304 303 334 337 319 329 326 321 336 313 320 339 333 - 326 300 320 306
ch 1 217 22 300 339 e p 330 327 318 321 305 316 326 311 308 301 329 328 319 301 - 314 300 325 338 313 336 - 312 322 319 337 306 333 - 321 322 304 336 305 306 - 326 325 305 326 305 309 323 310 310 331 337 332 311 314 - 309 300 316 310 300 314 319 302 328 320 324 310 302 322 307 320 336 332 308 300 328 309 313 315 324 321 328 330 - 323 319 325 337 323 332 331 315 318 - 338 306 330 314 311 333 308 334 317 326 - - 337 326 301 313 327 324 309 304 310 313 334 - 319 322 - 301 324 327 315 328 314 322 315 309 307 328 - 325 302 313 313 300 315 309 330 310 301 - 307 338 317 327 315 337 323 - 327 334 306 303 310 304 328 330 300 304 339 - 305 320 318 308 331 304 320 308 313 311 329 306 315 336 310 308 - 311 - 326 301 319 320 308 302 326 - 315 334 - 337 317 306 327 328 329 306 309 321 317 313 336 302 321 319 302 322 - 316 327 336 - - 300 304 330 307
ch 1 171 10 300 325 w p 316 324 327 - 328 313 321 313 308 310 305 318 332 320 303 314 300 332 327 329 336 331 325 337 316 - 308 319 333 319 320 307 313 325 306 316 304 331 310 321 333 333 310 327 304 333 328 306 322 313 330 306 335 309 323 319 - 338 - 322 311 324 317 337 300 326 303 300 - 327 325 328 300 335 327 330 338 326 318 313 301 310 301 338 303 315 309 315 334 309 314 331 313 333 327 323 319 300 303 - 312 335 309 317 332 308 309 331 303 317 302 - 308 325 326 335 315 332 314 323 313 301 309 325 339 327 334 301 325 - 334 326 317 338 - 313 338 338 311 309 318 321 - 319 306 319 316 312 310 324 332 312 328 313 335 316 308 319 306 319 323 320 322 312 335 314 316 311 326 338 304
ch 1 186 19 300 339 e p 321 320 - 316 335 330 316 314 312 330 - 321 338 302 335 332 328 311 305 326 327 302 328 302 311 333 324 333 327 314 308 318 313 301 305 339 313 324 323 324 313 333 321 324 304 311 302 306 329 308 316 316 312 300 303 330 319 314 329 - 339 337 334 312 325 - 315 312 318 313 331 338 312 323 318 302 307 336 309 329 339 302 308 301 312 338 301 307 307 333 - 338 313 328 332 306 308 - 309 - 330 317 302 303 328 301 333 300 321 305 - 302 300 329 - 305 311 305 335 315 306 335 321 307 337 328 305 337 313 338 - 312 - 334 325 300 338 325 335 308 325 301 311 - 310 333 301 322 338 317 312 - 309 309 325 308 303 339 319 338 336 339 338 317 311 301 302 - 336 - 324 320 - 312 339 327 337 335 - 333 309 323 - 306 336 -
ch 1 200 13 300 325 w p 339 300 303 324 338 328 311 305 335 301 323 335 310 335 326 305 321 306 - 336 319 324 330 303 301 338 318 334 332 306 313 - 302 337 302 322 314 327 328 304 325 311 337 337 308 307 321 300 316 312 335 329 323 - 331 301 306 - 334 319 319 315 324 326 318 300 330 335 309 332 334 330 336 319 327 331 - 322 304 327 - 308 303 - 313 325 328 302 305 334 316 314 322 - 315 304 329 302 307 339 302 328 309 324 329 339 326 302 338 308 318 334 301 321 332 316 318 307 338 313 302 333 314 336 310 333 327 323 323 320 - 337 312 320 - 317 336 318 306 309 302 318 311 313 302 320 315 307 302 336 314 321 305 329 - 327 320 301 336 323 316 333 - - 311 305 315 338 301 333 333 315 317 300 339 330 300 322 327 334 306 333 303 321 318 313 314 318 333 331 307 338 307 328 339 320 339 307 313 330
ch 1 180 16 300 339 e p 304 306 316 332 - 338 304 314 - 308 300 334 331 - 336 320 311 333 335 325 334 320 - 304 333 313 323 312 336 302 328 317 307 305 300 - 306 312 315 - 302 331 312 302 312 316 339 327 328 304 316 319 313 325 333 300 - 323 335 325 304 329 333 332 - 317 318 300 326 307 338 313 302 321 335 339 - 327 334 320 312 301 323 - 331 325 301 303 332 335 315 - 311 320 315 318 333 338 331 321 338 337 337 329 - 331 315 317 316 301 319 338 335 318 317 323 317 305 307 328 325 300 316 316 319 300 - 322 334 305 320 311 321 306 313 307 - 326 306 314 331 305 331 334 320 - 306 330 314 305 312 321 339 339 319 338 - 328 326 318 301 321 321 313 330 323 335 302 314 321 323 304 322 317 323 325 303 324 327 335
ch 1 215 19 300 325 w p 338 324 318 330 - 326 333 303 311 - 316 331 334 312 300 - 304 311 313 335 335 300 329 307 338 319 325 312 333 320 337 333 338 326 305 338 318 321 337 328 333 - 331 306 331 308 302 337 - 321 326 320 336 338 332 324 326 300 325 330 334 324 331 321 330 301 324 311 306 - 312 317 335 322 319 316 306 306 308 325 339 313 334 - 322 311 - 336 337 - 333 329 327 318 311 307 307 318 317 336 300 326 302 324 313 336 329 - 336 314 328 329 332 336 - 305 300 318 306 315 327 310 312 314 331 329 323 319 334 317 304 337 338 305 338 312 305 318 313 300 335 306 - 306 - 305 331 330 308 316 320 309 329 300 317 309 - 339 304 312 319 332 - 311 336 328 308 316 328 - 335 330 302 314 325 - 321 310 316 306 304 310 323 318 305 - 313 336 319 325 339 316 304 326 311 332 303 330 331 332 336 314 303 333 321 304 324 322 333 311 319 - 322 334 335
ch 1 210 15 300 325 w p 307 337 337 303 322 334 320 314 309 331 312 313 309 312 323 301 325 311 336 326 301 304 303 305 302 325 314 337 326 329 323 303 329 305 - 319 311 338 325 326 309 306 338 318 323 316 320 339 306 320 327 336 327 313 330 325 337 328 319 338 306 334 334 325 311 302 321 308 334 331 321 304 319 339 330 322 325 334 301 319 305 327 316 325 336 320 323 336 317 338 333 312 320 327 333 315 300 312 330 - 331 301 319 302 304 304 - 331 319 338 304 322 - 317 306 309 300 321 300 311 314 311 313 318 332 330 304 312 318 303 337 317 337 335 331 305 315 334 318 314 315 307 337 314 - 300 331 303 322 334 - 305 307 - 314 - 328 338 323 - 339 - 334 333 322 - 322 328 323 323 335 307 302 330 300 309 333 335 304 310 317 - 315 311 308 316 317 319 337 331 336 311 329 325 - 322 334 318 305 324 303 - - 315 327 322 304 338 306 339
ch 1 223 18 300 325 w p 308 325 - 310 320 - 308 318 303 315 311 326 317 314 338 313 313 322 - 335 309 336 312 305 312 335 339 330 316 313 304 - - 329 316 339 311 312 303 313 304 304 333 336 307 329 309 335 311 331 326 329 334 328 330 326 321 300 301 328 303 304 336 334 - 312 322 318 322 - 331 323 334 331 304 316 331 338 326 313 327 310 337 319 318 322 317 328 304 304 338 338 - 326 311 311 320 332 312 332 335 320 306 305 323 327 319 330 336 329 300 332 325 312 306 313 316 309 - 333 304 321 312 - 330 333 302 306 317 300 311 324 313 336 301 321 337 - 314 - 323 319 331 336 333 325 336 338 337 326 300 332 329 313 325 320 335 301 307 314 317 309 323 301 338 - 325 317 336 306 307 326 317 312 - 313 323 335 324 314 306 329 329 306 - 335 308 309 322 338 326 336 - 327 332 - 306 329 303 318 314 312 - 307 337 314 303 334 320 301 310 307 302 314 324 313 303 321 327 327 323 308 330
ch 1 191 15 300 339 e p 326 334 307 305 321 326 306 329 331 318 301 313 312 - 334 328 334 323 304 315 300 321 339 330 - 330 309 323 - 323 318 329 312 320 315 305 309 335 330 - 339 320 301 310 317 306 - 312 322 336 306 313 304 332 334 302 313 - 308 313 326 336 304 310 310 335 315 336 320 303 339 326 335 306 309 323 317 311 334 336 332 336 - 339 308 303 - 334 338 336 319 321 304 - 339 328 304 303 316 328 331 339 332 328 335 335 329 316 325 338 300 317 333 313 320 - 313 - 327 307 301 304 328 338 316 306 322 306 331 320 - 307 319 323 331 301 329 327 339 311 - 308 309 307 307 - 316 336 321 337 311 324 306 308 308 326 312 338 330 329 338 339 322 306 303 312 304 305 332 310 330 303 327 327 300 321 - 324 318 302 337 328 307 320 339 336 336 303 304 332 326
ch 1 212 9 300 325 w p 315 338 334 331 331 318 327 329 312 330 325 319 - 308 333 307 322 331 327 301 305 324 330 322 306 322 324 - 304 327 333 - 337 331 335 317 333 321 301 300 309 313 312 301 304 328 327 329 336 327 311 324 325 325 320 313 306 335 309 338 318 327 337 319 333 334 328 323 318 302 303 333 305 330 306 325 - 335 329 307 324 305 331 337 307 324 316 325 332 334 314 321 325 309 336 334 - 302 304 331 336 309 314 329 320 325 326 310 303 338 324 309 334 338 305 316 326 313 327 313 326 330 330 321 317 323 335 331 322 328 312 307 309 315 317 336 313 303 312 306 330 311 306 323 323 317 337 303 325 324 320 309 336 330 331 332 335 312 308 321 - 335 334 319 327 - 315 338 317 326 330 327 331 329 330 311 317 329 322 320 334 336 321 329 321 - 333 333 327 302 311 328 328 329 326 334 331 322 327 - 316 314 326 300 307 300 308 309 302 326 303 316
ch 1 172 14 300 325 w p 338 320 328 323 303 327 315 326 339 309 332 - 331 - 336 334 339 302 335 333 301 324 324 311 304 320 315 322 332 312 - 328 318 322 338 308 317 303 339 315 310 339 310 318 314 - 311 316 - 313 305 335 306 301 - 307 318 302 321 314 311 - 329 329 329 319 315 322 321 339 306 321 307 337 - 303 335 339 323 309 321 301 325 306 328 324 315 321 308 301 324 313 - 309 318 325 301 311 311 314 - 319 300 305 300 306 300 324 323 338 301 337 324 321 301 313 307 - 321 321 339 316 317 331 335 331 328 314 339 316 319 319 - 327 309 329 308 312 - 331 304 311 332 302 331 328 320 329 306 324 - 314 309 334 336 330 311 316 325 313 325 320 321 302 302 302 334 337 338 300 307 305
ch 1 218 16 300 325 w p 303 322 301 338 300 300 313 328 322 304 313 334 337 339 308 319 302 320 337 314 - 310 322 302 308 304 339 306 334 326 320 327 322 318 300 300 300 312 325 334 323 328 319 - 322 338 334 334 323 327 334 331 335 304 306 320 328 326 309 303 300 334 303 325 338 303 328 301 317 333 327 313 - 302 305 324 301 304 335 302 310 - 320 325 335 304 - 306 306 301 306 302 316 309 306 336 333 310 335 326 305 313 316 321 317 338 334 311 322 321 310 314 316 307 324 300 313 305 - 328 326 320 325 328 339 331 302 320 325 339 332 332 301 333 331 332 324 312 336 - 328 325 308 337 320 336 308 309 311 - - 317 334 329 337 333 326 308 321 300 312 303 325 329 337 325 311 - 312 313 316 311 318 310 324 318 336 324 338 300 313 316 322 336 - 303 - - - 325 301 307 311 321 307 323 316 338 328 311 334 337 302 325 - 324 305 - 323 322 305 306 313 326 329 333 324 315
ch 1 226 17 300 325 w p 321 310 301 318 300 325 - 316 318 311 317 309 339 318 303 - 306 300 320 332 318 338 323 307 322 314 319 322 305 331 332 328 330 - 304 331 312 312 320 324 321 323 - 321 303 329 - 326 325 331 334 325 329 336 338 306 300 312 325 300 300 334 308 302 336 324 300 311 339 300 333 313 309 305 330 303 306 313 300 - 332 334 338 300 332 303 307 311 303 313 322 300 332 325 324 321 318 316 308 325 328 - 302 313 326 326 338 338 334 329 314 308 306 - 311 329 307 307 312 306 306 - 316 309 322 327 306 322 339 312 337 317 302 313 329 306 320 334 329 323 326 317 339 330 302 320 339 321 334 319 - 334 313 334 309 339 313 315 319 336 331 - - 318 300 320 301 336 309 306 312 331 334 301 339 338 309 324 315 316 312 - 312 338 - 327 324 - 310 334 320 309 331 338 - 330 307 337 333 315 325 305 335 310 323 310 301 308 306 303 310 317 338 338 335 307 316 311 334 322 336 330 - 306 327 336
ch 1 176 18 300 339 e p 315 326 334 - 339 312 338 336 327 325 319 310 329 335 303 300 332 335 313 310 314 336 - 338 - 336 315 329 335 324 335 335 333 300 - - 307 317 300 316 337 325 305 327 321 313 324 - 329 311 332 317 309 301 335 306 312 - 337 - 316 311 325 336 306 - 322 330 325 306 303 327 312 337 - 337 335 334 325 315 304 333 322 311 325 325 305 319 310 302 325 316 301 303 320 315 317 312 315 311 315 320 325 305 327 321 311 - - 335 306 339 306 332 316 312 316 335 315 317 314 315 327 306 317 309 322 333 315 307 300 318 307 - 331 314 334 305 301 337 314 309 333 - 318 324 339 - 304 339 315 303 336 305 324 330 - 306 310 339 338 302 - 338 336 316 320 339 319 331 - 314 310 323 319 315
ch 1 205 11 300 325 w p 331 337 336 325 339 302 331 323 305 338 301 324 321 312 300 323 328 325 338 324 338 310 302 310 320 316 301 337 305 318 300 330 304 319 308 323 306 308 319 316 313 325 325 312 320 330 337 300 304 334 315 317 305 330 305 326 316 300 329 324 309 302 314 302 - 320 - 334 314 311 306 308 316 313 305 333 327 304 315 306 329 - 331 322 326 331 332 322 328 329 308 337 334 307 304 338 323 320 328 305 306 315 319 323 326 338 305 310 319 327 304 312 310 306 334 327 - 327 - 318 320 311 - 332 333 307 311 325 - 305 319 325 331 322 332 337 313 310 312 337 338 303 318 336 322 320 324 - 325 - 322 333 301 325 313 330 303 318 331 332 303 310 331 337 309 300 328 324 314 303 325 329 304 313 329 306 329 334 312 - 314 310 325 325 309 - 318 314 322 320 305 336 302 310 315 324 307 332 305 307 329 330 306 321 313
ch 1 202 17 300 325 w p 332 322 339 - 306 305 319 309 321 310 318 329 328 302 - 338 302 339 328 330 311 329 323 339 316 314 311 336 327 309 309 319 303 301 339 335 309 338 314 319 332 334 - 320 335 306 329 332 339 309 316 303 336 306 339 339 319 319 327 305 306 337 - 324 335 - 308 329 319 - 309 - 316 305 307 306 306 320 323 333 330 308 303 301 323 334 - 300 306 - 334 314 308 - - - 316 304 300 303 326 331 306 305 - 310 302 337 301 325 333 328 324 317 - 311 312 307 339 318 334 332 - 339 333 301 321 308 339 325 324 327 306 331 310 329 317 317 313 331 335 337 325 321 328 316 317 305 318 309 305 310 300 315 325 320 320 339 326 301 - 305 327 300 302 339 314 314 338 317 318 322 329 326 337 304 335 336 326 325 - 328 326 304 338 334 303 320 307 330 339 304 326 332 335 311 339 332 315 305 300 316
ch 1 228 16 300 325 w p 327 318 319 319 304 326 320 301 303 322 - 311 338 339 312 318 303 305 315 336 333 317 310 309 302 323 323 335 310 313 319 307 - 307 305 313 - - 314 336 300 328 324 302 327 307 311 309 309 332 313 339 - 334 336 322 329 320 - 302 305 329 319 318 334 339 - 328 323 328 337 324 303 311 319 328 338 328 334 313 334 314 335 321 324 331 - 305 338 304 322 332 318 303 303 337 319 313 314 300 321 300 310 334 306 311 316 333 316 304 313 333 339 303 302 336 307 326 300 302 325 313 324 311 326 339 330 317 - 308 327 326 339 326 308 335 335 309 303 - 331 325 318 319 325 333 330 300 318 329 320 - 310 337 322 316 310 324 312 307 330 339 305 321 - 338 302 323 316 332 312 300 312 - 318 318 328 318 314 319 323 335 314 338 321 335 - 323 334 315 331 339 321 300 - 312 315 330 327 314 307 315 323 - 315 320 322 310 311 337 307 309 326 308 336 325 337 324 307 332 319 330 326 301 316 326 301 338
ch 1 206 16 300 325 w p 321 332 337 326 310 304 332 - 335 306 328 317 303 333 331 - 315 315 334 324 - 306 303 304 325 301 336 338 336 333 337 310 316 323 315 305 - 315 316 332 311 308 308 332 311 320 316 315 - 306 - 308 320 307 335 304 312 314 315 338 311 336 327 315 338 327 306 325 328 334 310 316 314 323 332 306 321 317 - 303 - 338 311 - 326 318 315 333 332 305 330 312 330 338 333 324 327 321 326 327 310 309 310 310 310 327 302 - 333 305 307 337 326 - 339 314 337 329 322 318 321 303 - 318 306 317 303 314 - 317 303 331 314 301 302 319 302 315 304 302 335 305 317 323 311 306 322 310 330 313 314 330 339 312 - 328 301 300 - 333 314 323 309 333 326 315 338 302 338 337 322 331 326 328 326 325 333 319 332 327 327 317 302 305 330 318 331 - 304 335 313 302 310 324 318 314 302 321 309 337 322 306 325 323 325 304
ch 1 224 11 300 339 e p 331 303 312 301 313 327 322 312 300 328 309 325 334 307 328 335 - 329 313 339 320 320 302 325 301 334 - 332 313 - 322 320 309 333 339 339 332 316 302 307 307 312 334 325 301 328 310 338 301 321 308 330 311 327 337 319 307 334 329 334 321 312 335 339 338 333 311 329 331 333 314 308 310 308 328 312 334 335 325 315 325 - 314 323 316 300 319 306 332 328 - 335 312 310 332 318 323 313 312 312 319 332 313 317 320 335 337 338 315 313 338 318 310 302 - 311 329 318 335 319 327 305 328 320 321 305 304 317 333 335 337 314 302 323 308 332 313 321 315 332 337 303 310 313 332 304 300 339 318 338 310 301 318 315 301 - 336 339 329 330 311 337 315 310 - 309 336 322 334 302 300 336 301 337 334 311 304 321 304 - 304 322 324 327 312 316 320 316 311 300 314 335 315 313 311 - 306 322 333 304 335 332 331 315 300 321 314 312 329 301 307 322 333 334 316 325 - 334 329 300 328 320 318 311
ch 1 188 14 300 339 e p 324 329 338 - 318 339 316 339 313 307 311 334 306 316 308 337 330 306 332 306 317 319 334 - 326 318 321 305 334 339 325 339 304 339 305 323 327 313 327 336 332 324 303 324 321 327 332 300 316 315 312 330 301 336 303 304 317 311 306 327 337 321 309 315 318 332 327 301 301 305 - 334 307 310 338 325 309 321 338 320 - 306 333 326 - 315 322 338 323 304 313 311 331 321 333 319 327 328 331 311 326 324 334 337 301 333 337 331 310 332 321 313 337 307 337 332 300 332 324 308 - 327 317 313 - 304 315 305 339 324 305 337 336 304 328 - 314 315 - 324 339 336 303 - 334 320 330 319 304 335 313 323 303 328 337 306 301 333 - 331 333 302 326 338 - 339 318 322 333 326 315 328 320 300 313 337 318 323 335 337 - 319 323 309 316 322 330 -
ch 1 221 21 300 325 w p 338 332 - 315 310 311 303 - 310 339 300 323 310 338 - 331 301 322 329 300 319 319 324 - 328 332 329 306 338 339 330 308 - 330 338 327 318 336 323 333 327 319 313 321 307 318 322 302 333 307 305 332 315 302 323 337 331 336 332 306 335 339 320 305 307 327 318 323 - 331 309 304 336 312 339 323 338 - 335 317 318 332 312 320 - 328 306 336 302 337 337 314 337 304 318 - 305 321 331 317 300 320 327 310 328 334 311 306 320 336 309 305 300 - 300 - 314 312 303 - 320 328 335 306 304 333 317 330 331 337 329 - 320 325 322 307 323 321 334 339 304 301 339 330 324 318 308 302 - 321 303 314 312 308 327 319 325 324 309 330 301 307 328 333 317 304 338 320 301 312 323 332 336 313 304 302 - 332 303 322 303 - - 317 336 - 323 309 317 306 315 337 304 322 305 328 316 324 308 330 - 339 314 302 315 - - 320 307 322 306 325 324 333 314 316 339 320 313 303 302
ch 1 218 19 300 325 w p 304 319 311 327 337 316 - 312 306 304 336 313 308 307 307 328 319 331 332 338 323 312 309 332 337 - 304 314 336 313 333 304 - 317 338 315 305 318 302 310 315 312 323 300 - 307 316 323 338 311 318 - 335 310 - 321 339 322 305 303 309 330 309 310 301 329 300 307 330 320 302 305 300 307 304 327 324 311 - 322 329 311 332 338 321 325 331 324 303 311 328 324 332 305 302 311 302 317 311 330 317 302 315 - 326 306 319 326 320 327 - 332 319 320 303 - 316 324 313 335 - 317 - 336 312 331 302 325 328 308 333 - 305 - 323 323 318 327 324 328 305 303 301 330 327 308 305 313 310 332 307 313 332 329 338 316 310 309 321 - 335 317 309 338 307 307 - 300 304 329 304 332 - 315 300 309 332 302 339 331 - 322 316 321 321 - 320 321 338 318 303 325 306 305 337 307 337 333 304 336 302 337 328 311 300 312 304 309 324 326 330 307 320 301 326 329 323 306
ch 1 226 14 300 339 e p 308 332 338 312 326 336 322 309 329 303 314 306 313 333 305 307 300 305 337 307 300 309 326 328 338 318 323 317 315 304 302 338 322 - 316 322 338 338 309 323 306 328 - 335 - 314 326 - 313 333 328 318 334 - 302 - 300 - 311 319 301 317 321 300 303 303 301 337 324 325 319 338 302 337 330 335 - 312 312 313 331 307 319 333 319 314 307 339 336 319 335 306 338 322 310 333 317 331 338 313 302 309 323 - 335 336 301 310 335 327 330 303 310 - 311 331 327 309 300 330 309 300 337 307 307 337 307 339 336 338 327 304 333 308 319 336 302 328 321 319 317 - 330 318 315 325 306 315 300 312 339 322 319 313 301 327 318 305 308 317 317 334 321 330 335 333 324 318 313 318 331 308 305 320 334 317 312 334 308 - 301 - 333 308 302 338 314 304 309 312 308 339 333 332 303 325 333 320 325 300 325 - 302 336 332 319 312 338 328 328 337 338 331 316 313 309 301 305 309 303 310 311 304 314 303 313
ch 1 193 17 300 325 w p 323 305 334 339 337 - - 324 310 322 331 310 316 321 305 336 304 316 303 325 325 314 330 313 316 331 312 333 305 329 329 327 305 303 338 313 306 331 334 308 318 - 309 312 - 323 339 308 300 - 317 311 324 323 310 311 303 - - 318 306 308 312 300 304 336 322 313 320 308 315 - 312 302 327 334 300 320 327 303 326 315 335 - 319 319 338 303 325 334 338 307 308 305 339 326 306 315 333 - 324 - 330 335 303 319 312 324 312 305 322 309 332 323 335 308 328 300 304 300 317 334 304 336 316 300 320 325 339 323 329 314 - 338 312 - 308 330 316 330 324 307 339 309 306 338 323 329 328 333 339 326 331 339 328 316 328 339 321 339 323 333 324 304 334 322 312 339 332 322 339 314 - 304 324 319 306 333 309 319 - - 317 321 307 333 321 - 325 318 304 313 330
ch 1 200 12 300 325 w p 322 308 328 320 338 324 328 320 308 - 328 301 322 308 337 323 302 324 308 304 312 320 323 311 327 303 331 316 320 307 326 337 332 332 320 337 321 303 336 338 305 338 332 326 332 332 310 320 308 318 - 320 320 336 333 323 324 321 323 333 327 334 309 311 300 337 310 328 - 336 300 335 300 319 321 308 322 300 - 312 309 330 - 329 339 316 316 304 331 301 331 - 322 331 314 311 338 303 318 306 301 308 329 329 328 318 331 339 307 306 - 302 329 339 336 309 323 321 320 302 320 338 301 330 334 334 337 336 302 319 321 317 307 310 329 311 339 301 334 313 334 316 324 - - 331 321 337 303 325 - 321 312 338 318 300 331 314 324 329 319 304 326 323 338 334 305 306 329 334 304 339 336 320 306 - 305 310 324 338 339 303 335 306 - 326 315 300 308 308 309 314 312 312 302 303 308 310 303 316
ch 1 214 15 300 325 w p 327 319 329 314 308 300 325 326 315 305 335 317 328 332 325 321 313 322 312 327 308 304 334 322 320 304 317 338 324 317 335 328 337 310 324 300 311 324 321 334 304 - 304 336 331 315 307 309 319 330 316 334 319 329 336 337 316 318 304 315 314 304 332 333 308 318 337 315 312 311 - 311 - 328 - 313 302 336 313 300 301 312 302 319 326 304 317 323 329 308 335 - 339 324 - 339 306 322 327 301 335 303 303 301 325 - - 300 310 338 312 330 337 339 311 - 310 334 309 314 322 304 310 325 301 333 319 324 328 304 319 327 323 300 311 327 323 327 323 315 316 339 - 314 311 301 337 301 302 - 315 316 313 313 310 307 314 339 335 335 328 338 327 326 313 - 314 308 327 334 308 335 308 - 329 - 327 301 308 309 300 333 321 334 307 314 337 315 339 314 325 311 327 321 339 311 339 308 335 326 301 337 300 335 307 315 322 330 300 319 316 309 - 310
ch 1 192 13 300 325 w p 305 332 330 304 317 309 322 302 329 - 323 303 - 325 339 318 315 321 308 333 310 337 - 314 309 333 320 329 - 315 315 319 339 316 330 333 302 337 336 320 303 328 328 300 320 300 302 315 313 316 333 309 - 314 301 315 329 311 335 326 305 333 335 330 335 327 313 338 333 336 333 316 - 322 339 330 301 320 334 338 336 325 335 304 302 313 311 339 323 336 316 323 300 318 328 332 303 307 304 327 335 307 330 303 320 309 323 330 329 337 317 330 327 308 303 311 - 335 - 309 319 318 325 326 333 311 313 318 314 314 319 - 334 - 303 - 314 334 300 - 313 - 321 307 315 326 323 334 323 305 332 323 330 337 305 312 327 323 313 314 306 337 332 315 325 329 335 327 325 311 324 304 307 310 308 318 301 311 337 312 308 325 320 332 301 321 310 301 307 316 335 308
ch 1 224 15 300 325 w p 325 333 335 331 308 304 316 303 335 331 312 301 319 316 300 327 317 303 326 338 322 335 339 320 304 335 - 316 320 322 339 334 324 312 319 333 324 321 333 337 313 315 326 311 330 310 338 301 321 315 - 319 307 302 319 335 301 318 337 330 326 - 333 313 303 336 322 311 311 318 317 302 328 333 325 306 302 - 311 339 331 322 334 315 324 303 339 312 318 328 300 309 322 312 321 303 335 - 335 307 313 336 300 308 338 304 312 321 318 339 303 329 333 323 313 303 339 308 327 334 304 316 310 300 318 337 336 300 328 321 319 313 310 313 310 322 312 320 339 322 - 308 308 303 326 332 - 310 308 309 321 317 309 308 317 320 330 328 303 335 320 - - 334 316 327 307 328 - 339 331 338 326 - 334 316 302 322 313 331 316 315 328 314 301 333 313 329 312 - - 336 320 305 333 302 334 313 332 302 339 320 312 314 326 339 337 308 301 339 336 - 331 302 - 308 309 330 302 331 325 310 323 324
ch 1 179 15 300 339 e p 336 312 328 306 - 305 304 306 309 300 328 327 305 337 322 314 316 328 322 305 327 334 330 321 331 327 301 318 - 311 321 329 - 331 309 302 - 317 336 336 305 323 327 324 320 320 312 315 321 332 314 313 337 317 326 327 316 306 333 - 309 326 331 329 311 301 - 323 309 324 323 311 316 338 330 320 305 - 338 - 332 306 330 331 324 317 311 316 339 319 - 329 339 324 325 320 317 303 327 305 328 334 326 335 332 319 301 318 320 - 321 300 306 306 321 306 325 322 324 308 318 333 322 317 - 316 323 315 334 315 337 316 331 313 334 305 311 304 312 - 334 300 312 322 337 332 338 313 325 331 310 329 322 332 318 333 313 304 334 304 - 307 308 301 - 304 - 301 339 337 313 325 308 327 331 317 316 323 306
ch 1 186 12 300 339 e p 332 304 301 - 330 324 324 326 300 308 322 325 316 332 330 313 325 308 306 327 310 308 332 311 316 326 309 326 335 323 322 306 332 307 302 310 310 316 333 320 310 306 323 303 304 333 301 317 318 - 332 313 304 324 301 332 337 316 307 327 329 317 314 337 315 330 314 - 300 - - 328 302 309 324 324 307 333 318 339 336 300 316 319 336 319 329 311 312 306 312 336 305 300 314 336 315 309 316 314 328 314 306 306 308 308 - 337 339 307 - 336 320 319 330 328 307 327 327 314 330 301 307 337 337 - 323 323 334 - 311 300 339 - 334 329 322 326 336 315 310 313 308 324 301 309 329 313 308 318 328 332 323 308 318 309 305 339 - 305 310 332 339 317 316 310 339 315 326 319 - 332 312 301 300 304 320 314 329 312 318 328 326 300 339 316
ch 1 183 23 300 339 e p 318 - 303 314 310 302 314 306 303 - 325 313 330 304 327 313 322 337 333 324 305 316 321 313 320 331 336 - 321 330 308 - 323 306 330 314 320 302 312 312 - 325 - 334 313 - 325 332 337 303 331 327 334 336 326 307 332 323 327 326 310 334 - 304 311 302 305 - - 307 329 333 309 319 313 300 302 314 - - 322 321 331 307 308 316 337 301 300 333 310 304 309 330 - 333 329 314 311 335 309 - - 330 330 333 338 321 - 311 321 304 325 315 303 336 339 334 309 - 311 330 329 326 332 336 310 321 339 334 306 336 314 301 - 335 311 325 304 320 307 320 329 304 318 - - 301 328 337 325 327 331 331 319 329 330 326 318 - 335 326 339 311 339 300 312 - 314 313 327 322 300 312 - 321 302 312 338 314 328 319 308
ch 1 217 14 300 339 e p 337 315 329 310 339 328 322 325 327 - 339 312 304 329 327 - 301 337 325 - 324 337 307 335 - 336 302 339 323 307 336 322 307 338 315 323 303 304 326 315 316 336 326 339 339 317 308 335 314 306 330 304 339 305 338 313 335 310 307 317 304 302 304 312 328 310 308 308 306 329 325 308 326 303 314 333 312 330 310 324 321 314 321 301 317 314 333 327 316 - 322 320 323 - 332 331 335 328 329 - 327 312 303 308 323 311 - - 336 305 - 313 309 302 333 327 320 337 308 301 318 336 332 318 321 319 323 328 309 331 332 328 328 311 310 326 319 330 324 - 309 323 307 306 314 317 332 307 335 308 331 323 301 325 325 315 300 330 314 321 313 324 335 337 331 306 - 311 316 303 318 - 307 301 303 302 301 306 308 319 320 329 316 310 300 331 327 327 328 309 336 317 315 321 338 331 335 310 325 331 337 336 331 327 308 329 305 - 324 312 322 301 328 331 301 314 300
ch 1 198 14 300 325 w p 321 324 307 318 320 - 323 315 336 331 331 - - 338 338 321 321 332 300 334 320 337 300 318 317 325 319 323 307 312 323 327 317 332 301 314 309 321 330 - 322 324 - 314 304 317 307 300 313 314 315 308 310 332 337 332 334 334 333 - 304 336 300 327 338 318 321 - 328 305 304 337 307 322 307 302 322 - 322 338 - 308 321 330 305 335 - 329 324 323 327 326 313 321 334 332 314 311 324 322 306 301 315 328 319 327 330 303 337 313 319 318 306 326 328 321 - - 327 304 300 306 316 332 329 308 335 333 314 335 301 321 305 319 332 328 327 316 317 313 320 313 331 311 335 305 335 334 314 329 318 306 304 305 330 325 334 311 313 336 319 304 324 317 301 315 321 328 305 329 315 308 311 302 322 - 319 300 301 326 336 335 325 322 317 329 335 321 317 309 334 - 316 305 309 305 339 304
ch 1 192 13 300 325 w p 324 331 323 337 327 315 301 - 325 337 309 327 - 317 305 303 336 311 319 325 334 - 325 - 300 310 326 300 325 323 319 322 302 313 317 327 329 332 302 336 - 311 330 317 321 325 312 300 318 327 338 306 - 325 310 - 308 328 314 300 301 330 305 308 - - 311 311 323 319 332 321 322 336 315 330 318 319 317 338 338 325 308 321 338 335 337 326 317 327 318 301 326 330 303 310 304 300 317 304 305 309 303 322 336 326 309 303 327 318 329 323 305 - 301 316 329 313 315 313 339 313 306 319 339 308 321 302 332 321 311 323 326 338 306 312 311 302 318 312 332 316 339 328 - 318 305 338 321 323 310 318 323 317 308 321 301 - 317 331 312 330 339 - 301 328 312 327 324 320 322 330 327 319 313 338 336 302 325 310 304 315 316 332 322 325 304 322 305 310 329 310
ch 1 197 19 300 339 e p 328 316 333 319 320 335 312 310 301 315 339 322 309 338 - 337 316 310 318 322 319 - 331 336 318 310 304 339 317 305 322 321 - 324 - 304 303 335 312 334 - 323 306 309 315 329 319 333 331 327 328 330 315 306 318 305 306 327 329 - 303 314 329 309 339 300 318 322 328 321 315 322 335 335 330 317 332 314 300 310 - 328 301 301 - 311 - 300 314 328 323 329 - 327 312 327 329 329 309 313 303 301 331 321 328 - 321 301 313 315 311 331 325 326 - 301 318 316 326 308 325 326 308 339 328 300 319 320 300 - 306 305 307 311 308 304 - 303 335 316 302 309 311 305 314 327 326 337 307 323 315 308 328 - 313 324 337 300 335 334 337 304 305 - 316 - 309 324 304 324 323 307 335 338 326 319 328 - 309 321 303 300 319 313 - 303 338 328 309 315 304 329 329 322 331 301 336
ch 1 174 8 300 325 w p 321 307 309 304 330 336 323 339 334 312 310 302 314 317 334 328 330 319 334 316 335 338 332 337 339 333 330 323 337 339 308 312 306 301 332 338 322 339 312 305 336 321 324 302 304 321 321 303 323 332 318 315 320 326 314 318 309 335 311 322 - 303 325 324 339 321 305 309 308 301 307 315 318 338 300 335 312 336 308 322 309 323 305 314 339 330 327 317 336 317 318 316 338 305 330 304 301 317 - 317 338 335 306 329 336 313 300 328 312 334 316 323 327 314 332 301 307 306 319 314 325 325 330 324 303 - 309 - 329 332 - 328 336 330 318 310 307 318 322 328 324 315 311 338 336 - 302 335 321 330 309 309 339 331 318 329 305 316 - 321 325 318 303 311 330 323 315 - 311 306 316 330 301 305
ch 1 218 8 300 339 e p 304 313 317 315 304 308 307 305 328 315 326 317 305 322 - 330 335 330 319 313 337 312 321 301 301 334 317 - 319 336 324 337 315 316 331 338 304 320 330 332 333 328 312 322 306 339 324 318 329 - 332 337 335 338 334 319 335 306 304 335 307 327 316 336 336 325 312 332 338 307 308 323 328 301 339 319 333 334 316 324 332 - 304 301 317 317 314 335 330 320 323 314 306 315 316 336 325 321 305 331 308 332 313 322 336 303 337 324 302 330 329 314 306 313 329 332 300 301 315 306 334 - 329 317 300 337 322 327 304 326 326 329 321 318 316 329 309 332 316 334 328 309 333 330 325 - 328 325 339 310 331 332 303 309 306 308 312 312 305 312 318 338 336 320 303 339 336 317 318 339 338 305 301 339 334 322 338 300 333 305 333 - 336 320 331 339 329 309 304 338 315 311 320 325 307 317 321 320 306 301 312 311 334 321 319 337 333 307 308 331 321 323 318 334 - 316 313 337
ch 1 170 11 300 325 w p 320 339 302 332 325 320 331 313 302 334 336 311 323 312 309 318 339 308 338 338 331 301 304 308 326 300 334 - 317 323 331 319 308 - 311 329 325 305 305 320 327 339 327 309 319 333 337 307 310 318 319 305 308 316 311 301 317 307 332 300 322 304 309 - 327 322 304 304 322 315 323 318 322 319 322 307 303 - 337 312 - 325 315 316 339 319 331 336 313 316 333 336 - - 324 314 307 315 302 301 330 309 337 309 300 301 334 336 321 319 333 330 316 335 311 337 310 333 300 306 - 332 327 315 316 335 306 316 305 320 306 304 317 339 338 326 333 304 318 331 308 - 329 311 333 307 331 313 332 320 330 312 325 - 307 317 335 314 335 303 339 306 324 339 309 319 - 338 309 323
ch 1 194 13 300 325 w p 300 334 331 312 321 309 302 331 - - 318 325 329 311 319 320 304 304 301 311 328 306 308 333 330 300 - 326 334 313 305 314 313 320 323 - 313 333 337 318 300 303 318 304 309 337 334 322 322 307 320 306 319 331 316 305 325 319 325 328 324 336 318 306 336 323 327 328 310 316 322 - 333 329 305 316 312 - 329 339 - 335 303 322 323 311 333 310 322 338 300 338 312 330 327 314 332 323 316 337 319 314 328 331 305 301 328 301 304 303 333 300 315 307 319 323 320 312 304 301 328 320 338 335 305 326 323 333 324 315 303 317 330 314 327 325 335 324 333 320 317 317 324 323 319 311 305 330 328 326 332 328 339 308 336 329 325 318 339 322 304 - 322 329 329 307 339 313 - 316 321 302 318 - 310 331 310 310 312 332 304 315 334 337 325 - 335 312 - 312 304 - 323 313
ch 1 228 14 300 339 e p 302 337 320 325 329 331 337 338 313 315 321 319 322 328 317 306 336 - 315 310 323 326 306 320 318 326 331 312 316 320 308 316 311 323 336 309 304 306 311 319 306 335 321 315 308 314 328 317 303 337 317 330 323 333 338 308 304 315 320 333 324 317 331 336 300 336 334 - 320 300 325 328 322 - 332 335 315 315 319 317 311 - 328 300 325 - 335 314 316 303 324 330 316 339 305 329 310 334 306 310 339 336 315 304 310 335 328 307 314 324 317 327 329 337 304 306 329 338 335 329 305 307 318 339 320 311 311 338 304 - 325 313 329 317 310 331 338 329 338 328 305 305 304 325 330 332 326 322 323 - 331 327 303 302 329 338 306 337 337 325 321 331 309 315 318 303 317 330 300 - 310 303 309 318 306 328 316 334 304 320 324 328 301 300 330 320 - 320 315 - 317 326 300 - 315 320 327 334 - 328 338 330 - - 336 318 335 303 317 309 307 335 330 329 333 330 324 319 311 308 325 328 320 306 318 330 305 311
ch 1 206 17 300 325 w p 308 327 316 325 306 311 330 315 317 - 306 323 323 300 334 306 - 319 313 318 338 322 313 334 - 314 332 309 313 327 304 327 306 338 314 308 301 309 323 318 - 312 339 - 300 303 311 302 321 331 - 335 339 333 303 332 305 305 316 - 333 302 332 325 329 304 334 339 320 335 - 308 318 310 306 326 310 313 313 - 325 304 303 328 337 321 329 324 301 336 335 312 320 305 336 329 327 300 314 327 310 322 328 332 324 325 319 - 319 300 301 321 322 328 301 333 335 332 320 323 337 303 333 306 325 303 319 319 319 309 322 330 335 339 333 334 320 338 - 328 332 305 329 312 337 329 318 312 318 332 320 314 303 303 319 301 316 306 315 - 302 327 328 - 323 319 - 306 318 315 314 325 306 329 300 307 324 321 317 306 331 335 318 314 311 331 325 336 333 - 321 339 302 - 323 313 307 320 336 320 328 320 323 - 308 306
ch 1 225 18 300 325 w p - 325 323 302 - 302 301 324 327 318 314 328 321 324 301 335 338 310 327 308 339 308 316 - 307 307 - 308 312 - 311 337 335 312 304 329 324 306 315 - 336 320 315 301 - - 329 310 336 305 336 327 322 339 322 328 304 337 303 313 311 326 303 322 302 329 335 332 330 323 322 320 338 322 - 305 304 309 317 336 318 313 309 306 309 320 333 - 310 313 336 307 310 339 312 302 313 304 325 332 338 331 312 321 313 - 324 308 315 333 319 - 303 323 320 335 305 322 324 - 318 302 - 308 320 310 317 322 310 337 334 306 304 318 303 313 328 304 322 326 322 317 304 330 315 328 312 329 310 309 336 325 338 300 318 336 330 336 330 310 320 300 335 304 303 319 315 332 308 - 315 328 327 328 332 312 302 311 322 301 332 315 326 327 306 302 306 336 311 308 331 333 313 311 313 338 330 310 325 327 - 304 309 329 312 303 326 - 329 303 323 336 - 308 308 330 324 338 314 338 311 330 300 304 314
ch 1 216 16 300 325 w p 303 320 328 336 318 314 335 326 333 319 335 325 308 301 308 308 310 325 310 335 306 300 305 316 301 327 - 338 304 313 327 304 318 329 302 313 331 321 309 317 310 311 310 335 314 309 305 322 325 310 331 320 309 339 330 329 319 324 - - 301 301 335 312 338 336 313 329 - 308 336 301 304 314 333 303 339 - 323 - 319 - 329 336 336 308 301 320 328 320 310 - 332 324 317 - 329 325 - 307 305 319 312 330 307 309 337 307 318 300 319 305 324 305 319 310 333 320 323 319 - - 312 334 305 309 304 309 336 329 327 317 339 306 307 336 313 339 332 320 301 325 313 307 315 302 327 315 301 337 332 318 317 302 321 308 304 336 337 337 308 333 332 - 338 300 338 312 332 339 334 339 329 332 336 305 317 331 326 317 301 327 311 321 312 338 318 338 304 313 330 301 323 - 323 - 339 328 307 306 311 313 331 300 308 336 - 315 320 329 312 329 320 310 326 330
ch 1 186 17 300 325 w p 321 336 315 319 328 328 336 337 312 310 304 326 328 317 319 335 314 303 338 330 306 319 309 300 326 313 309 325 337 325 301 314 312 318 - 302 332 329 305 - 338 317 316 316 332 339 - 313 300 306 330 300 307 339 339 336 338 310 332 324 330 337 331 304 314 336 310 302 325 324 - 323 318 336 - 332 317 - 336 329 334 330 311 330 335 - 330 - 314 320 322 306 322 328 315 327 302 329 337 309 318 303 322 339 - 314 - 311 332 302 313 - 325 - 319 335 310 310 334 315 337 333 326 306 330 308 332 300 300 337 316 301 304 327 316 320 337 305 302 321 320 321 - 307 324 307 327 - 308 321 325 337 315 331 336 309 339 337 329 311 324 - 338 301 306 311 - 337 333 317 314 308 300 309 301 307 301 328 325 317 - 308 302 309 308 324
ch 1 182 14 300 339 e p 314 304 334 308 308 325 327 332 319 333 320 336 305 302 316 336 - 331 326 334 306 333 311 - - 316 328 318 327 306 320 305 312 332 306 307 321 311 320 312 335 312 315 329 307 336 319 322 339 338 309 317 - 325 307 305 304 338 320 301 325 338 335 301 327 327 309 333 317 318 335 320 334 307 319 311 339 309 311 331 335 321 305 - 317 334 - 338 329 - 337 301 332 337 315 317 - 330 337 327 322 323 304 335 303 300 333 311 315 306 324 327 304 310 335 333 310 306 300 314 338 323 321 308 300 - 314 332 314 332 318 302 - - 312 330 313 303 327 333 332 333 327 301 312 303 339 317 331 334 339 313 338 305 - 320 332 302 310 302 305 314 302 321 - 328 321 316 339 325 326 327 328 309 334 322 - 308 317 308 301 324
ch 1 226 13 300 325 w p 331 305 325 339 336 313 335 339 - - 300 330 322 323 338 332 331 323 310 332 309 330 319 331 - 314 303 334 326 314 309 336 314 328 328 339 313 336 307 335 - 320 334 307 316 302 314 320 303 339 311 329 330 319 332 329 320 - 325 309 316 309 325 328 337 324 323 326 326 335 322 324 308 304 335 336 - 322 303 302 324 300 312 314 312 338 330 322 300 318 319 305 329 300 300 300 310 304 327 300 - 317 302 327 - 315 306 300 327 313 322 329 319 306 303 329 322 324 328 323 - 313 327 327 305 316 329 324 323 327 309 301 300 339 303 300 330 304 337 328 308 303 321 317 - 335 324 335 319 335 308 - 330 331 321 339 339 305 339 324 310 327 304 334 306 328 324 328 310 324 304 338 331 310 314 310 338 319 337 328 316 325 337 334 301 304 326 321 333 322 - 324 - 313 312 330 330 319 316 337 331 310 327 330 316 306 339 332 336 306 304 308 302 339 319 332 326 307 320 317 325 339 300 313 338 311
ch 1 188 15 300 325 w p - 327 322 315 329 332 320 336 332 327 338 329 - 300 323 320 306 331 322 304 - 308 303 333 332 325 325 339 315 303 - 327 337 330 - 330 313 322 322 330 319 302 326 313 329 322 338 - 337 338 313 328 - 308 310 323 309 328 - 314 309 322 314 322 333 320 303 305 339 332 338 311 308 315 328 321 326 300 317 338 - 314 328 313 301 323 - 308 321 322 324 313 309 331 302 301 311 317 - 314 318 309 314 - 333 324 327 338 313 313 311 307 314 333 307 332 336 334 331 322 332 319 305 310 338 304 321 321 310 305 332 325 324 300 337 339 303 313 300 318 328 301 325 - 305 323 322 313 321 331 336 327 327 325 319 309 324 338 - 323 337 309 311 337 325 301 323 321 318 339 335 331 300 338 308 329 326 - 331 305 312 301 308 308 304 326 338 328
ch 1 226 14 300 339 e p 313 312 308 319 333 317 312 308 - 309 314 329 322 302 314 331 310 303 318 306 327 311 308 - 337 338 327 319 328 338 336 324 327 332 327 318 327 301 333 300 324 304 301 306 321 303 324 336 311 304 305 332 303 307 301 334 333 316 314 323 - 336 305 306 330 316 339 308 - 316 322 334 335 308 313 308 333 317 323 334 338 327 322 313 300 330 304 335 319 315 309 303 - - 307 302 311 332 328 333 324 330 317 303 323 303 330 338 329 315 323 334 309 302 327 338 317 302 302 324 312 314 329 310 324 304 321 335 - 315 316 334 322 336 339 308 312 331 328 303 311 333 304 329 - 333 321 327 333 336 312 314 335 301 322 326 331 338 336 336 318 310 302 306 304 320 308 - - 324 301 308 300 336 326 314 320 301 313 335 312 324 335 337 311 322 306 307 310 330 323 - 324 325 311 327 305 302 338 303 321 - 303 314 318 307 324 313 306 308 300 313 328 307 314 313 315 - 334 329 322 327 303 307 - 300
ch 1 177 17 300 339 e p 300 302 333 328 322 322 309 315 - 313 313 337 328 303 329 337 316 330 324 317 312 325 312 319 320 318 308 316 329 303 324 301 325 331 316 338 323 310 306 327 304 322 329 312 317 304 327 325 333 324 331 338 301 311 335 315 - 322 306 323 333 - 309 - 327 311 - 318 332 331 322 300 304 324 314 308 - 303 316 306 334 329 337 312 301 331 304 310 306 316 303 302 337 310 337 333 336 320 322 330 - 313 326 335 321 336 305 309 319 339 325 325 - 328 310 300 322 329 339 302 333 - 303 - 327 315 - 321 319 337 314 324 300 306 309 302 301 333 - 326 332 328 - 324 324 318 304 323 312 324 313 335 329 339 319 338 300 321 318 328 305 324 - 313 309 317 307 315 - 336 300 332 - 318 - 310 338
ch 1 170 9 300 339 e p 317 307 307 304 310 322 338 319 324 315 322 315 328 338 324 - 306 302 321 304 312 301 304 - 321 305 307 305 306 323 300 315 320 324 338 322 312 325 307 329 301 322 321 309 332 327 309 302 313 339 314 317 306 321 324 319 309 338 305 312 - 329 - 313 325 301 304 313 330 325 308 302 300 315 309 333 330 303 332 316 - 305 319 336 338 319 336 313 305 301 304 317 328 326 303 301 312 320 305 312 303 313 320 336 324 - 330 317 322 324 317 311 338 318 339 302 330 323 314 316 306 329 304 323 333 316 339 320 303 331 325 301 331 328 331 310 306 - 321 315 322 310 302 336 335 337 315 306 317 325 333 319 302 337 318 311 303 317 325 302 - 327 307 336 313 318 320 - 329 306
ch 1 213 11 300 339 e p 334 310 311 319 - 301 314 305 336 315 331 325 335 320 331 311 306 339 321 319 315 314 307 311 316 318 330 323 305 334 320 325 326 326 300 309 - 302 334 321 331 332 307 301 337 - 325 332 317 306 327 305 314 326 334 321 314 305 317 300 310 326 331 313 306 334 - 302 306 313 332 327 321 303 301 305 - 327 304 301 339 308 319 304 300 306 305 303 305 302 329 - 334 305 304 326 336 321 310 328 322 323 328 321 334 317 328 325 316 339 303 336 300 329 310 323 339 320 304 308 322 339 312 312 321 315 337 300 304 300 335 307 300 333 331 323 320 327 318 309 331 332 302 321 301 - 304 321 336 338 337 307 336 312 334 337 338 309 - 330 320 315 335 325 325 316 314 314 332 326 323 326 334 330 - 330 305 309 320 317 306 - 324 307 329 338 326 316 308 304 308 307 326 300 - 327 319 310 301 339 308 331 314 309 320 333 326 313 325 330 329 334 331
ch 1 216 15 300 325 w p 305 303 314 327 327 338 333 325 316 308 323 - 323 304 339 318 313 321 - 303 308 321 317 308 322 332 316 329 309 - 316 335 337 301 300 317 338 305 303 309 315 307 327 334 312 302 313 338 307 323 - 339 - 301 306 318 306 339 333 339 309 312 326 318 335 316 321 328 311 333 306 331 335 307 327 302 319 312 312 330 333 318 - - 331 333 326 313 313 314 301 317 306 315 334 333 307 312 301 322 339 307 320 308 333 323 313 338 304 301 319 316 - 318 307 - 336 324 338 338 333 320 303 324 333 304 320 311 - 310 336 310 312 330 331 317 330 310 307 330 324 304 336 325 - 314 330 - 301 332 320 324 315 304 309 330 321 309 321 314 320 333 311 333 311 335 304 325 302 306 306 328 338 309 306 317 309 325 303 312 - - 334 313 335 312 323 332 303 304 300 324 301 329 321 302 319 336 303 300 329 333 313 307 333 315 306 329 333 331 332 324 326 328 334 -
ch 1 200 17 300 325 w p 335 - 306 316 311 323 311 335 327 337 304 327 318 327 313 306 315 315 325 317 308 - 311 337 336 308 337 304 324 339 - 327 336 302 339 312 336 327 330 - 306 335 305 309 329 305 328 304 307 316 326 315 326 313 321 309 307 304 338 309 312 325 - 304 315 328 303 339 - 329 335 324 303 332 - 322 323 322 - 316 320 332 330 337 313 328 334 332 330 314 336 317 328 300 - 317 322 301 328 326 323 305 324 339 325 339 317 337 300 333 309 310 311 327 308 324 311 - 328 318 - 318 328 303 317 320 320 319 301 339 323 304 300 307 - - 335 - 319 332 333 335 316 317 - 315 315 327 331 325 304 330 312 314 328 322 328 315 329 339 315 332 300 308 320 320 312 338 331 302 336 319 321 305 306 311 321 324 325 315 - 322 329 334 325 - 309 318 317 331 321 322 316 317 314 319 313 339 338 324
ch 1 180 16 300 339 e p 329 311 321 339 333 - 327 310 334 316 314 338 338 335 323 - 318 302 325 315 336 334 - 332 332 300 321 302 335 309 337 333 309 331 325 321 320 337 339 303 339 313 323 - 339 304 304 321 329 327 315 337 327 326 322 - 312 307 314 306 318 316 327 316 302 309 325 300 309 325 313 301 319 338 305 321 301 305 306 311 334 316 338 325 322 333 338 305 313 339 307 325 310 300 337 303 303 325 - 339 323 321 - - 335 331 327 311 333 311 311 319 331 310 330 339 - 307 301 325 317 315 329 - 307 300 321 312 305 315 303 332 338 317 325 338 318 332 - 301 309 304 - 337 324 329 321 310 322 336 324 312 323 322 315 - 333 309 308 332 304 336 305 - 310 315 302 314 339 310 302 309 326 327 - - 309 303 306 333
ch 1 175 12 300 325 w p 326 312 306 339 327 308 323 335 307 302 307 310 329 324 330 306 314 313 330 336 314 315 328 306 333 315 324 300 - 305 312 335 326 333 313 321 337 337 303 310 336 316 336 327 307 324 328 328 339 319 324 314 332 327 306 328 304 329 315 330 303 329 338 307 319 339 330 328 325 - 318 321 330 313 310 329 328 303 319 - 324 - - 324 - - 330 324 336 339 339 306 317 339 324 338 321 322 323 305 309 315 300 337 336 333 303 - 324 334 306 318 332 327 338 330 308 325 313 311 302 321 - 325 321 339 306 313 - 307 - 334 333 308 326 335 330 329 332 307 309 320 334 334 334 314 325 327 320 328 300 339 306 325 319 - 311 322 323 322 328 301 313 322 328 310 307 339 304 304 339 317 323 319 334
ch 1 216 18 300 339 e p 301 314 300 338 322 307 - 320 336 334 307 - 321 - 303 333 320 305 309 326 300 337 308 - 319 314 308 325 308 311 332 316 324 320 336 303 310 325 321 337 331 301 310 317 311 - 334 304 323 328 301 339 312 303 331 - - - 327 303 339 - 310 328 327 324 317 307 336 331 301 311 301 317 310 315 306 334 334 321 316 303 301 303 333 309 322 305 315 339 304 323 339 305 337 - 306 305 307 314 305 329 304 303 338 302 313 338 333 316 326 319 322 331 303 317 - 326 - 316 307 327 312 339 310 334 324 318 314 316 331 320 331 332 318 311 328 321 302 337 332 327 324 326 306 300 326 311 309 328 303 330 318 327 306 304 327 - 303 337 319 325 339 307 - 326 307 317 322 317 328 311 319 - 339 316 325 339 337 307 306 331 328 319 335 323 301 310 322 322 328 304 - 314 324 320 - 336 304 304 312 339 332 330 310 321 311 314 305 316 334 324 - 320 336 311
ch 1 230 9 300 339 e p 334 - 310 330 315 319 336 327 310 319 324 309 317 332 318 333 336 302 312 325 313 322 331 319 307 - 321 306 304 304 337 313 325 326 325 307 305 334 329 329 326 337 337 308 324 319 307 316 318 317 300 304 318 316 332 310 332 - 335 301 312 315 313 309 333 331 315 325 331 303 333 304 316 - 330 320 301 312 309 336 305 335 337 316 332 - 311 322 309 326 306 320 325 339 314 319 324 308 303 309 327 304 305 324 334 322 312 304 322 301 308 319 334 336 311 323 316 337 318 311 316 307 316 325 316 315 312 307 333 336 327 300 335 305 314 336 306 321 331 - 313 301 306 309 314 303 321 312 325 302 316 326 301 301 307 314 316 323 313 336 302 301 331 332 312 301 333 301 329 310 326 308 320 329 311 317 309 - 321 315 332 309 306 - 300 338 314 325 338 309 306 - 323 312 328 332 312 316 316 337 321 300 318 332 305 319 309 323 302 308 308 322 303 315 319 309 310 314 331 312 329 333 316 310 319 330 332 334 308 327
ch 1 226 17 300 325 w p 328 316 - 327 - 301 315 301 304 331 334 306 331 311 329 301 330 338 309 307 335 319 304 325 325 338 306 330 327 332 309 303 305 315 325 329 311 326 328 303 - 330 330 319 306 303 325 317 338 325 304 315 - 317 304 317 328 319 303 316 317 - 316 301 323 339 330 311 321 314 307 308 326 331 308 - 303 307 338 303 332 332 322 304 337 330 321 338 301 328 314 329 325 332 331 330 312 322 321 303 335 305 338 302 338 - 310 312 325 331 334 316 305 307 306 - 300 300 320 327 308 317 313 313 332 300 305 302 321 325 328 - 328 326 300 323 334 332 306 305 308 337 318 324 338 305 326 312 319 315 318 331 334 314 328 319 337 307 335 - 327 337 308 311 322 322 - 314 334 311 337 329 335 - 309 303 331 319 304 - 332 327 315 309 327 338 306 339 326 339 336 333 314 319 336 339 301 - - 326 323 - 304 321 312 306 316 330 303 323 322 329 300 - 336 317 331 325 318 325 314 334 304 301 336 317
ch 1 195 12 300 339 e p 333 - 337 312 321 330 336 319 335 317 319 312 314 311 329 336 308 308 334 311 339 313 330 312 322 331 313 333 339 304 325 317 339 333 319 - 309 320 316 331 332 306 333 333 316 305 337 321 302 329 319 327 302 338 339 319 333 317 338 332 305 331 326 315 324 335 314 322 305 332 301 317 - 307 305 302 - 316 309 338 316 302 304 331 330 307 337 300 332 326 334 329 320 321 316 336 332 327 309 335 337 315 314 316 313 304 305 328 317 331 315 336 337 312 304 321 311 300 322 317 300 327 318 301 331 338 - 332 339 312 304 334 326 324 - 318 - 335 339 - 309 316 328 325 319 333 331 307 334 331 309 324 315 317 316 326 336 315 - 315 314 300 316 316 311 306 - 302 309 322 339 305 335 318 301 304 - 322 319 320 314 302 323 322 321 - 323 318 308 307 322 307 309 338 313
ch 1 211 8 300 339 e p 311 306 317 308 323 331 305 320 326 311 331 330 306 304 305 303 337 335 322 312 - 305 318 316 302 306 339 - 324 319 304 321 319 316 316 329 303 338 320 315 312 333 319 314 327 317 307 314 316 322 337 336 304 337 333 331 326 310 333 332 313 304 339 339 328 301 327 333 320 318 334 311 309 - 303 303 321 324 338 302 310 334 320 338 327 337 326 320 301 334 310 324 331 323 314 308 316 313 306 333 316 324 319 332 308 315 327 310 328 322 307 316 325 337 305 314 333 320 304 322 304 331 331 317 310 303 324 327 312 330 308 312 322 336 314 336 338 339 321 307 313 302 322 323 305 304 316 329 313 316 334 - 301 - 313 300 339 334 329 331 309 326 - 324 328 - - 308 332 322 337 339 336 324 329 313 303 335 325 302 322 319 307 312 308 301 327 311 310 336 317 300 332 315 327 328 316 331 305 333 320 311 327 313 337 307 325 308 309 332 316
ch 1 222 16 300 325 w p 334 333 336 322 339 322 311 318 - 331 - 335 310 328 304 305 334 312 312 300 335 306 318 333 328 333 313 308 336 - 321 335 319 305 302 320 308 - 313 - 303 - 319 302 329 323 337 330 334 303 303 328 327 308 334 306 306 333 329 313 327 330 329 310 319 322 303 337 335 308 328 336 335 306 305 321 331 300 - 328 313 337 306 308 310 300 324 309 306 307 330 329 330 312 329 314 332 335 337 332 301 331 310 330 326 - - 317 325 306 325 338 325 - 301 327 334 323 322 303 303 - - 300 301 314 318 304 313 336 306 330 324 325 303 316 321 307 309 316 332 327 320 334 308 320 320 311 318 320 329 321 303 336 318 315 334 322 304 337 338 300 323 301 309 311 331 320 301 - 320 314 305 317 334 331 310 326 303 305 309 312 300 312 326 337 330 - 337 333 - 337 319 309 338 - 310 324 311 304 311 327 304 305 303 337 308 306 309 311 301 335 328 308 314 317 338 327 323 328 329 333
ch 1 178 11 300 325 w p 309 332 304 316 322 332 320 310 308 339 325 305 337 309 312 329 316 337 305 - 318 331 329 335 338 324 337 329 304 339 302 - 317 337 320 316 334 315 334 331 312 313 312 335 323 320 314 334 310 - 308 312 332 333 313 309 327 332 321 328 302 317 338 327 304 314 309 319 328 307 332 315 322 328 310 318 315 311 321 335 337 314 306 335 - 300 336 323 316 312 337 336 303 - 307 332 - 330 323 321 300 320 - 308 305 313 307 305 335 325 324 333 315 330 339 336 320 302 309 328 303 301 339 303 313 323 304 301 305 307 310 - 310 308 305 336 320 335 331 338 335 332 301 305 313 311 307 307 334 325 328 - 339 321 302 329 322 312 - 316 306 326 323 336 337 338 307 335 - 305 327 333 321 339 320 335 337 301
ch 1 190 17 300 325 w p 335 320 - 338 307 301 316 321 320 - 337 304 322 - 323 317 312 315 339 329 303 335 315 330 313 335 324 - - 332 314 334 326 333 303 332 327 316 327 317 336 326 332 327 312 328 325 301 321 325 308 314 - 300 325 318 313 327 307 325 308 332 327 303 339 323 305 313 - 333 339 309 - 310 317 331 308 307 329 - 305 320 304 325 307 333 - 330 332 322 323 - 338 325 308 310 300 308 319 302 - 324 315 326 324 312 332 320 303 316 323 329 333 322 325 320 338 326 312 303 318 328 320 331 330 302 306 317 300 310 339 - 316 327 317 307 331 333 328 327 301 319 302 337 310 - 311 330 336 327 313 317 - 324 326 303 321 327 334 328 324 301 321 302 336 317 339 325 318 332 322 328 315 302 316 328 335 338 319 330 337 320 339 311 310 327 328 309 - -
ch 1 223 15 300 339 e p 310 334 302 338 326 318 316 325 325 312 338 312 300 300 334 321 301 308 324 303 300 321 316 324 312 322 322 - - 337 310 324 315 305 302 315 - 309 322 333 301 337 312 328 - 324 316 338 301 318 303 339 334 303 310 330 313 319 331 303 303 328 338 331 322 307 316 313 300 332 306 338 314 300 306 326 327 320 311 303 305 303 337 324 314 334 325 309 322 322 312 314 322 317 300 314 329 304 331 321 302 335 - 301 - 327 310 314 309 311 324 330 - 303 314 - 329 - 307 339 321 321 - - 314 338 334 317 302 318 300 314 329 331 314 322 313 331 312 319 308 339 334 307 310 328 336 308 305 334 330 317 310 303 338 310 301 305 326 331 325 319 303 319 315 306 333 331 322 302 336 311 313 336 336 302 304 311 300 316 305 303 328 327 327 - 338 321 316 311 309 328 312 324 321 339 312 322 326 - 328 325 329 335 314 310 329 330 303 - 333 336 339 309 331 335 303 339 302 308 305 - 337
ch 1 175 10 300 339 e p 312 335 305 302 303 327 306 307 309 309 328 324 323 336 - 310 300 332 337 338 338 327 336 332 - 332 320 308 305 338 332 300 325 302 - 301 301 334 329 - 305 - 316 339 325 - 334 320 318 316 315 325 307 335 328 338 334 318 310 302 303 316 319 316 302 303 327 322 306 303 334 337 337 330 308 327 322 308 327 324 335 317 331 331 322 337 328 332 300 331 315 331 328 304 325 329 315 320 307 325 319 332 305 317 - 330 - 325 326 311 334 306 313 309 336 324 312 306 315 310 304 311 306 312 304 316 336 313 311 325 331 302 326 338 311 - 307 301 335 316 327 302 313 324 319 330 329 - 318 331 308 328 319 305 334 339 325 326 322 322 330 302 333 320 318 332 324 309 317 334 322 335 315 329 323
ch 1 219 16 300 325 w p 338 302 304 306 322 329 333 331 318 335 300 328 318 327 300 306 302 - 320 304 304 329 337 321 322 302 313 336 313 313 309 328 323 304 337 303 328 332 331 317 328 329 334 326 329 331 - 314 331 312 301 308 303 309 334 303 338 316 323 337 332 306 337 321 303 - 318 332 338 334 307 301 337 327 304 325 310 330 310 300 306 - 327 327 300 323 319 301 329 335 305 333 336 339 330 314 - 327 331 320 331 337 306 315 337 339 301 304 - 310 331 323 337 307 326 324 317 312 327 319 304 311 327 315 304 - 319 311 318 335 309 326 337 330 308 328 319 301 - 320 306 322 313 324 313 302 300 323 303 329 337 339 325 313 335 329 325 307 338 300 - - 322 319 339 338 325 326 331 314 338 331 334 - 339 - 316 318 321 319 332 332 312 307 304 338 311 302 - 308 334 - 311 339 324 321 307 319 315 335 332 - 334 337 329 324 316 322 313 336 328 320 303 - 324 311 337 334 323
ch 1 181 15 300 325 w p 327 327 306 337 323 310 334 - 331 302 334 314 339 320 319 325 306 304 320 333 336 321 322 305 321 326 320 313 307 325 312 315 338 304 336 339 307 313 315 309 306 326 338 304 - 303 333 307 327 338 312 337 308 339 310 336 332 322 336 339 320 335 - 335 338 319 - 315 338 330 321 335 305 314 336 337 336 302 - 322 311 333 327 336 334 315 304 322 323 - 323 300 334 324 315 327 307 318 333 318 305 308 319 332 - 312 316 300 328 330 - 320 315 323 338 303 321 307 314 - 319 336 321 323 320 333 335 335 319 321 - 323 308 333 311 329 309 319 303 307 331 306 339 301 306 300 330 - 320 327 331 303 - 315 337 309 324 312 335 338 - 322 330 323 326 333 330 330 303 - 305 317 306 302 322 315 - 315 306 320 311
ch 1 177 16 300 339 e p - 326 336 304 336 303 337 - 325 305 303 312 317 333 338 329 - 326 315 335 330 301 313 308 318 328 314 - - 339 324 337 315 304 323 334 329 309 329 317 317 334 307 338 332 332 325 328 302 313 - 301 304 312 324 307 303 309 331 316 - - 300 318 300 338 303 336 309 326 330 335 - 309 317 325 - 303 301 328 327 320 310 315 328 310 333 324 - 322 337 322 325 335 332 318 300 320 319 319 309 315 315 - - 336 - 333 330 310 317 330 326 302 339 301 336 338 330 329 322 334 307 333 317 316 315 303 310 311 318 323 332 308 306 320 331 310 330 333 330 335 336 302 334 325 310 329 316 305 307 330 321 325 307 332 312 318 324 325 309 312 330 330 302 335 313 302 339 - 314 - 325 305 300 320 334
ch 1 198 9 300 325 w p 329 324 312 319 315 312 323 317 324 317 338 336 330 337 303 309 - 335 307 321 321 - 313 329 300 324 339 305 300 304 310 317 330 334 303 311 304 319 328 - 321 312 339 327 334 323 318 324 330 332 302 321 311 337 - 316 339 331 308 307 318 323 316 304 309 309 339 328 334 336 305 324 327 319 322 313 335 338 333 322 327 304 328 310 324 303 324 307 301 306 301 313 306 - 317 305 323 337 324 327 304 310 323 310 336 302 327 331 306 314 339 304 325 316 - 316 305 333 315 328 302 336 317 330 329 - 325 306 329 322 323 300 339 317 306 325 324 302 309 303 314 333 331 320 309 318 337 335 330 337 335 311 327 333 333 313 323 303 - 335 309 335 329 326 320 - 310 330 322 303 317 339 339 307 339 328 322 317 317 321 304 318 302 327 302 335 320 307 307 324 313 314 338 320 319 325 328 318
ch 1 173 6 300 339 e p 303 330 319 318 306 330 338 335 331 325 303 315 307 332 328 338 312 336 304 313 304 320 - 316 314 308 334 - 309 312 308 - 312 304 326 333 315 321 301 333 337 332 321 322 307 325 302 305 312 306 300 334 - 334 317 327 336 317 316 320 333 334 300 301 308 318 300 316 332 321 337 312 317 305 339 303 303 325 321 322 311 332 318 332 327 330 315 317 338 326 339 333 311 331 323 322 307 310 330 322 313 339 329 317 333 304 - 312 329 312 315 308 305 325 303 334 312 309 314 309 336 300 318 308 304 320 326 337 301 331 304 333 321 306 303 329 318 330 335 308 305 334 328 339 319 327 321 305 332 324 334 339 303 302 301 318 331 - 333 329 331 308 330 336 312 305 336 313 309 304 323 338 307
ch 1 193 14 300 325 w p 330 313 309 338 - 337 - - 315 315 - 335 313 334 316 326 330 332 315 302 329 - - 332 328 332 336 303 319 327 326 303 323 - 319 308 310 320 304 329 310 317 332 317 322 305 322 332 309 337 328 336 314 - 318 306 308 333 310 317 303 328 303 303 331 320 317 307 309 333 308 306 325 - 318 319 315 319 312 302 - 338 338 325 326 339 325 331 319 312 327 326 303 332 337 305 327 - 325 320 329 303 305 318 321 336 318 303 325 313 - 316 313 336 333 338 317 304 327 321 325 303 338 325 321 322 326 - 333 301 317 316 307 305 301 307 308 323 300 330 311 325 322 323 327 312 310 302 315 306 316 316 334 322 303 316 301 323 322 - 308 315 329 320 316 308 339 331 315 330 300 304 317 316 311 329 326 333 317 316 304 318 339 313 304 312 322 310 311 313 329 331 318
ch 1 171 14 300 339 e p 305 332 331 312 330 304 333 318 333 320 333 316 305 339 302 333 334 - 330 301 - 327 - 308 332 327 326 328 309 321 331 327 309 - 325 319 326 311 303 325 306 338 318 329 324 319 334 339 329 322 324 310 320 309 301 314 317 306 318 318 332 336 - 311 336 331 320 331 - 328 - 313 324 335 305 - 308 332 332 304 339 318 328 309 320 310 313 312 336 310 315 318 313 337 317 318 334 339 313 317 313 318 307 309 337 334 331 333 338 322 - 302 304 300 312 324 - 333 336 303 322 314 315 - 301 318 330 315 313 318 300 308 331 315 328 312 338 338 327 - 308 329 319 331 316 323 305 323 320 - 309 334 322 310 323 339 326 310 306 306 304 306 322 307 305 - 335 336 327 301 332
ch 1 185 14 300 339 e p 310 320 318 333 306 308 324 332 304 319 306 327 336 336 317 320 318 301 310 - 328 - 329 320 - 307 330 303 302 338 330 311 339 311 317 335 302 307 305 327 304 328 337 318 316 308 339 305 329 305 321 324 - 328 319 300 319 315 319 311 335 301 335 315 328 320 312 328 316 - - 313 323 332 - 310 339 306 319 338 324 317 338 300 338 327 - 321 324 322 326 335 330 308 337 339 322 327 315 327 324 310 321 300 312 303 332 316 316 301 326 - 330 315 336 319 322 317 319 310 323 318 331 310 317 324 339 304 303 301 338 310 331 337 314 336 324 309 - 305 334 310 329 305 304 300 327 328 317 319 316 309 324 - 339 301 320 332 308 321 336 338 306 332 323 - 330 310 309 - - 321 331 309 317 307 320 336 325 335 336 339 320 303 310
ch 1 228 15 300 325 w p 329 314 326 333 300 328 307 316 301 311 309 333 328 310 324 322 328 338 310 312 305 302 305 331 305 316 335 336 335 316 328 301 307 311 308 - 308 - - 302 302 336 311 336 331 335 320 315 - 300 316 339 328 331 335 312 330 339 304 323 303 315 322 321 329 321 310 330 - 315 305 333 303 320 310 302 323 319 302 339 329 330 311 305 332 304 310 307 322 339 320 322 - 321 312 - 311 307 338 305 324 320 309 321 332 327 332 318 317 335 323 302 310 305 330 313 333 315 329 334 336 - 329 339 314 303 316 336 337 321 324 333 319 312 325 - 308 312 302 337 302 301 339 320 337 333 317 300 333 - 337 339 310 336 310 319 327 311 307 302 - 314 311 302 339 315 327 304 312 319 329 305 334 308 338 329 328 330 301 330 314 317 - 308 335 - 306 337 333 308 328 - 309 323 309 338 308 301 328 333 323 306 331 308 309 - 303 317 317 326 319 323 306 308 302 316 332 334 324 307 313 320 307 305 333 324 331 306
ch 1 220 14 300 325 w p 339 310 306 333 301 326 339 308 337 300 303 302 336 319 322 327 301 300 313 318 335 300 335 308 334 325 339 300 319 317 338 - 314 329 329 308 300 310 330 334 308 313 306 319 315 325 - 324 312 321 302 317 310 329 338 337 317 310 - 335 324 318 308 316 322 333 309 322 331 323 334 334 329 325 - 317 301 339 320 - 313 317 314 308 318 309 330 337 303 338 305 318 324 335 331 330 325 336 301 305 332 304 335 317 306 323 333 322 315 327 - 305 303 303 323 330 307 320 302 313 317 330 315 318 317 315 305 318 320 329 318 318 - 317 308 322 310 317 329 325 320 332 334 330 335 302 310 330 331 304 334 337 317 315 303 323 - 326 301 304 325 - 315 318 333 332 306 318 306 314 331 320 - 322 323 314 315 303 327 318 320 315 312 302 323 303 317 322 305 301 301 337 - 311 313 303 338 324 - 307 326 331 335 333 328 - 334 318 314 314 307 338 304 310 326 325 308 322 312 -
ch 1 214 17 300 325 w p 325 338 337 307 330 301 305 316 318 338 - 338 315 336 328 337 312 328 - 329 314 323 309 317 307 304 305 317 326 332 328 324 323 332 328 332 322 333 304 332 303 329 323 307 338 300 325 312 334 329 301 - 301 334 337 324 338 - 317 319 324 338 317 317 309 316 318 308 332 307 306 304 338 333 337 304 315 312 334 333 335 321 338 323 319 316 338 330 321 318 309 301 307 309 329 320 325 306 - 314 339 335 339 325 329 320 302 320 335 308 319 311 - 308 331 337 320 323 332 308 - 301 312 323 334 321 - 303 322 333 337 302 313 312 307 337 331 301 309 333 317 322 330 300 321 303 339 - - 323 318 301 311 301 316 324 309 324 337 311 316 333 307 313 314 - 310 - 302 311 - 300 312 314 300 300 337 329 336 - 317 302 328 338 316 - 337 323 302 - 332 329 317 305 307 324 320 330 334 333 300 335 316 308 314 312 331 308 - 317 306 311 336 309
ch 1 190 14 300 339 e p 300 311 335 301 318 - 317 311 306 329 323 316 308 305 326 308 327 323 329 326 - 333 336 311 304 300 305 300 324 328 331 316 331 328 310 - 328 301 301 - 338 313 306 337 324 301 315 318 321 318 331 331 315 327 301 323 330 313 - 309 318 326 338 302 325 325 338 338 310 319 333 338 302 323 323 318 300 311 313 328 - 324 317 308 312 317 301 327 316 303 327 304 322 334 338 333 326 321 312 313 319 331 308 306 304 308 - 324 320 338 323 305 316 316 305 301 327 303 305 332 333 - 316 312 316 318 325 302 326 321 325 318 332 310 326 303 318 319 339 320 301 322 - 327 339 308 333 333 308 328 303 328 301 - 303 - 337 308 335 334 - 310 327 320 305 323 326 320 325 332 325 328 320 337 315 - 317 323 317 339 302 326 319 311 - 307 328 329 322 325
ch 1 217 7 300 339 e p 315 333 317 337 322 311 338 305 312 313 335 302 304 322 330 327 304 303 338 316 - 334 333 320 301 315 323 316 316 324 329 325 320 318 313 336 310 319 330 320 315 302 309 317 314 315 308 307 303 337 300 319 302 308 328 303 318 332 316 300 332 312 301 321 333 326 309 316 313 333 308 309 318 317 - 324 302 320 312 334 338 334 314 323 327 322 316 331 332 324 333 336 331 330 315 306 302 323 327 323 300 336 335 321 320 326 308 300 331 338 304 331 310 338 311 316 306 324 322 332 316 338 301 325 310 318 303 303 334 307 324 - 336 327 324 327 326 308 324 327 326 306 327 316 338 336 320 301 300 332 334 326 336 324 314 319 318 325 328 303 316 306 304 302 333 - 331 307 328 304 338 - 327 327 301 304 318 318 316 322 331 303 324 302 328 - - 330 307 319 327 313 338 302 329 311 313 324 337 301 304 302 336 326 330 318 309 317 306 328 338 319 318 339 332 337 335
ch 1 210 16 300 339 e p - 333 - 339 337 303 - 300 319 - 318 315 317 320 333 331 321 339 330 316 303 310 335 323 316 336 319 337 309 309 335 334 327 331 311 329 323 320 307 308 328 338 311 324 316 307 317 301 314 301 - 328 308 303 314 327 322 332 331 304 311 337 304 315 323 301 330 312 331 - 321 310 332 317 330 307 331 320 325 337 331 339 300 315 335 318 306 - 333 305 323 335 313 307 - - 337 313 310 317 323 301 320 326 316 - 327 - 311 322 306 338 327 - 336 327 310 325 332 305 315 335 306 300 339 316 320 339 315 337 311 318 329 302 330 335 305 339 304 306 334 322 335 324 326 316 333 313 322 319 310 308 333 329 315 329 337 328 329 313 301 336 319 308 334 301 326 326 322 301 301 317 305 308 312 - 323 325 328 302 336 305 - 331 311 308 321 333 324 318 306 316 332 308 336 319 308 328 310 326 304 - 316 300 336 - 332 322 330 301
ch 1 190 14 300 325 w p 339 331 326 308 313 305 316 - 320 322 334 332 306 328 325 315 311 313 305 310 337 300 327 309 323 302 301 309 - 320 337 322 325 328 320 320 324 323 313 330 302 328 300 336 318 308 300 308 318 - 338 303 335 309 320 332 308 314 322 307 339 317 303 329 338 313 325 307 313 320 333 318 335 - - 318 329 313 309 315 - 332 - 323 323 312 324 309 333 321 321 334 303 338 338 339 300 316 312 327 332 331 329 331 337 321 333 338 316 339 320 330 327 - 326 325 319 338 312 333 310 303 305 303 - 302 328 311 339 307 300 318 311 - 315 302 335 307 327 325 325 339 318 314 320 305 304 317 311 - 326 318 323 307 324 - - 335 317 304 336 301 300 302 328 316 323 313 328 310 303 334 303 300 333 300 316 328 315 300 327 300 314 313 - 300 314 326 303 307
ch 1 223 12 300 325 w p 306 311 323 334 326 330 313 336 317 337 305 316 309 308 306 305 - 304 332 300 302 325 300 312 302 325 - 301 310 330 318 319 308 - 308 317 309 318 318 310 321 328 338 338 325 323 333 312 323 325 321 307 303 335 332 - 304 331 - 303 304 324 314 310 315 330 - 321 335 325 - 331 324 312 314 303 325 339 330 326 323 311 318 307 315 323 314 302 300 323 308 327 318 338 317 313 306 307 - 324 320 302 339 317 319 317 317 318 302 328 326 304 338 333 310 317 314 307 - 314 323 305 313 311 325 302 326 331 319 - 318 333 333 307 - 326 335 318 301 311 315 331 304 322 335 321 319 311 308 317 328 309 313 322 332 306 321 331 305 303 326 337 329 327 330 334 316 327 316 317 326 338 327 322 302 328 322 - 334 311 309 322 317 321 327 306 326 314 322 323 309 332 318 339 314 338 315 337 335 331 307 337 308 301 300 301 336 305 313 328 322 329 339 326 314 329 315 323 318 327 307 333 300
ch 1 222 15 300 325 w p 304 309 331 302 317 309 323 320 - 334 - 331 320 310 325 323 319 302 314 324 330 336 309 329 315 312 310 319 321 331 325 300 328 327 332 336 303 - 318 314 333 324 332 - 311 307 314 337 300 329 317 338 309 333 316 331 309 308 316 313 306 326 304 316 311 - 332 316 - 329 - 336 303 316 - 320 310 332 327 320 335 311 338 323 306 309 324 329 311 332 331 314 333 325 325 337 311 330 311 303 317 304 - 336 316 - 324 317 325 324 331 307 312 325 303 303 324 313 316 321 331 310 306 310 339 328 310 339 335 329 303 335 308 319 302 314 330 308 310 337 328 335 332 339 322 333 338 301 309 317 339 - 315 318 314 329 310 318 318 337 304 330 308 302 332 327 319 304 312 326 336 310 331 339 - 328 - - 322 333 332 319 335 334 310 301 321 318 329 314 338 311 327 326 305 312 329 339 314 307 309 335 310 308 303 - 329 314 307 331 329 324 309 316 319 300 300 326 321 302 313 338
ch 1 230 13 300 339 e p 331 304 336 306 309 319 337 - 324 332 313 335 321 334 315 336 305 328 324 329 334 330 302 318 335 328 334 324 323 312 328 318 304 329 326 - 306 313 317 300 - 334 332 331 325 - 325 326 304 300 310 313 326 306 326 318 316 331 312 339 328 320 323 - 332 301 301 338 - 332 320 312 325 317 317 327 302 331 307 325 333 309 331 335 316 320 306 330 301 315 322 336 321 316 313 338 309 320 338 339 318 325 316 333 302 330 323 333 337 309 - 310 319 315 337 303 333 - - 332 339 324 303 321 329 323 301 317 332 311 311 321 310 327 324 310 310 302 306 300 337 - 302 318 320 300 309 310 335 320 318 313 330 337 328 335 328 317 336 310 317 300 308 318 304 326 314 313 300 306 326 316 335 319 321 320 314 - 304 314 303 311 317 300 319 334 319 311 335 303 - 309 333 318 334 305 - 328 324 338 337 318 300 300 311 306 327 322 323 305 323 301 314 307 310 303 307 310 327 323 338 329 316 309 312 335 305 329 337 317
ch 1 222 16 300 325 w p 339 310 322 303 334 336 306 300 314 335 305 314 309 309 334 312 310 328 326 324 303 330 307 315 307 306 301 307 329 318 306 310 338 320 304 332 312 316 323 310 311 318 313 313 - 315 321 314 317 312 304 331 314 301 - 302 335 307 327 319 305 317 311 311 317 - 301 314 334 305 325 301 317 337 318 323 301 326 331 317 - 311 303 339 - 334 325 338 339 - 308 315 313 302 320 311 - 313 329 - - 302 302 339 318 317 307 306 304 308 308 333 331 300 318 322 - 317 338 339 304 306 325 337 322 324 321 301 313 326 310 328 330 333 308 314 339 - 337 302 314 - 324 322 317 314 304 330 332 309 316 303 302 312 323 334 317 306 323 315 336 315 322 306 311 327 - 327 301 322 335 - 327 302 331 309 327 336 332 301 325 301 308 317 335 331 316 319 316 320 324 301 320 300 332 314 313 339 323 333 309 313 302 305 325 309 328 329 327 322 332 304 312 331 303 - 324 310 - 332 338 319
ch 1 193 15 300 339 e p 328 304 - - 310 324 310 316 306 - 331 328 306 339 - 319 317 312 302 329 311 339 315 325 - 325 330 300 309 304 334 332 - 322 - - 338 315 313 316 305 - 331 322 328 304 301 319 331 315 310 309 303 312 332 332 325 - 303 337 301 334 318 318 311 303 322 339 320 321 336 330 318 301 336 314 327 - 310 332 308 310 318 314 333 317 339 315 320 318 321 323 321 324 - 323 306 310 308 324 333 314 305 309 311 330 328 - 334 301 312 339 324 314 322 325 306 324 334 308 303 326 300 330 311 317 337 315 334 333 - 307 326 334 312 326 315 328 310 320 304 302 310 313 311 318 333 315 335 326 306 335 320 300 306 318 312 327 323 322 305 339 339 326 335 313 304 337 323 300 321 308 319 - 301 302 331 332 309 305 301 321 311 305 301 320 322 313 332 315 301 308 327
ch 1 210 14 300 325 w p 333 335 319 309 324 316 337 309 - 334 310 317 327 315 302 325 327 334 319 314 338 333 315 312 319 305 334 337 302 302 310 334 319 301 335 310 316 - - 317 318 300 333 320 320 321 314 338 317 308 308 300 - 324 331 315 337 326 313 336 316 305 - 319 311 303 311 338 312 305 300 319 305 334 317 339 338 326 319 335 321 310 308 307 - 307 338 310 335 321 323 336 334 324 319 334 333 325 303 314 314 328 309 335 331 321 311 325 334 321 304 339 315 304 334 312 323 306 302 318 312 331 337 - 319 331 324 334 310 325 - 321 300 - 332 323 334 325 306 306 - 335 332 303 338 336 330 307 310 305 - 335 338 332 - 300 322 303 308 300 307 315 336 315 325 306 323 334 322 300 309 322 324 337 330 334 330 317 330 - 313 300 338 321 309 318 311 335 316 337 312 326 301 326 305 317 - 329 304 320 300 330 303 333 307 300 304 307 325 337
ch 1 175 18 300 325 w p 321 331 337 312 314 322 319 330 320 323 335 324 327 - 303 329 318 322 307 335 313 302 305 326 306 329 333 335 300 316 325 308 332 306 336 - 312 314 322 332 - 319 321 332 317 - 313 302 331 306 337 309 339 305 333 318 303 312 - 317 317 331 316 314 320 313 314 313 328 317 305 337 302 334 306 314 332 306 306 314 321 305 329 315 300 327 334 323 307 308 322 330 321 333 307 336 320 305 312 308 314 320 303 333 333 308 - 336 - - 328 327 303 335 313 - 314 331 323 338 306 307 305 333 - 335 313 311 338 - 319 302 313 325 301 316 329 303 324 330 339 323 - 321 335 315 312 308 318 301 - - 319 307 - 306 338 336 328 310 312 338 - 321 332 - 339 334 339 317 334 331 - 327 317
ch 1 180 9 300 339 e p 338 309 320 333 331 315 310 317 321 326 322 308 328 315 307 309 303 327 319 319 325 338 306 312 333 320 308 334 331 309 311 324 313 322 304 321 313 319 313 339 - 318 319 331 308 317 300 321 317 318 339 311 305 332 323 309 306 302 300 337 - 307 317 305 312 332 314 308 337 320 328 337 317 317 310 334 307 308 329 339 334 303 334 322 318 312 304 313 308 308 303 306 309 320 306 301 331 311 311 316 301 307 318 327 334 - 325 301 - 311 321 336 308 310 334 315 327 319 319 302 304 - 316 331 328 308 300 313 - 327 320 319 337 329 336 303 331 315 318 324 324 302 306 - 326 338 308 - 320 - 327 329 300 335 319 319 325 308 305 320 308 315 314 309 326 327 336 329 310 324 325 339 303 303 326 309 334 336 336 339
ch 1 219 11 300 339 e p - 317 308 336 313 337 314 326 323 321 327 - 308 314 326 324 309 319 322 327 313 338 305 339 331 332 337 336 303 334 314 317 309 320 339 315 308 331 - 333 338 310 323 339 300 338 305 302 329 307 314 338 314 317 320 319 333 310 314 300 335 315 311 329 306 309 338 - 312 325 - 326 339 312 330 307 335 332 320 304 322 307 335 331 332 306 313 324 328 337 308 320 335 312 308 330 313 320 311 313 335 320 319 302 313 315 307 339 332 335 339 330 325 - - 335 318 305 328 301 337 338 320 316 316 318 321 338 - 328 334 316 332 303 336 307 318 317 337 310 334 332 316 319 319 322 322 304 - 320 333 327 314 323 330 304 317 306 331 339 310 338 305 332 339 326 - 331 306 305 339 323 - 307 335 305 337 338 315 317 301 326 324 310 310 321 318 326 334 330 304 305 330 338 318 318 305 323 326 312 324 305 303 307 305 305 303 336 302 335 321 325 306 325 337 314 306 304 336
ch 1 215 18 300 325 w p 310 335 309 323 309 301 305 338 312 327 326 313 325 328 308 316 317 332 312 331 329 320 333 312 320 337 322 309 332 300 - 331 - 320 329 337 319 338 318 319 310 313 335 306 - 307 319 326 328 308 - 309 311 328 319 311 319 333 332 302 325 335 323 301 317 330 339 304 321 334 332 336 - 331 311 324 337 - 317 312 334 - 331 311 324 306 314 335 306 337 318 329 338 308 308 325 319 318 333 311 311 334 333 306 - 302 312 328 336 308 318 311 310 302 - 338 325 317 - 338 335 325 330 310 324 330 324 311 327 327 301 302 328 338 320 306 310 324 328 328 331 311 324 - 329 - 316 314 330 - 317 318 305 321 - 334 314 324 326 325 310 336 328 326 339 308 338 - 310 300 327 - 319 325 312 307 319 326 334 310 303 333 311 339 313 329 336 304 338 331 321 - 310 335 316 316 306 308 333 315 301 329 314 330 307 307 - 303 317 331 303 327 305 318 307
ch 1 227 14 300 325 w p 308 323 307 324 309 337 - 326 305 - 327 339 335 312 322 - 312 315 319 316 311 339 327 322 309 333 331 334 326 326 308 300 329 333 305 336 324 329 301 331 305 - 301 323 - - 330 304 328 311 330 326 319 320 339 308 309 301 324 323 321 327 - 326 308 315 332 320 313 333 318 322 304 330 326 333 339 - 333 337 308 315 312 315 306 323 322 321 303 324 330 314 336 334 316 301 330 324 325 325 305 336 326 330 330 318 313 339 326 322 319 - 330 308 335 308 328 301 325 311 324 326 - 306 330 303 305 334 305 316 326 335 321 329 311 317 319 314 332 300 324 313 321 319 334 325 327 - 313 333 310 325 337 318 337 306 307 310 - 337 313 313 - 331 335 339 333 303 309 313 323 324 326 318 326 310 335 303 310 314 330 312 335 302 322 330 308 335 302 339 306 339 305 325 321 302 318 332 321 314 316 305 305 335 328 310 319 331 325 303 317 331 308 309 317 307 303 319 320 325 317 318 332 - 325 311 324
ch 1 175 9 300 325 w p 322 304 334 315 306 336 - 305 316 323 315 316 300 306 - 326 311 308 304 326 323 310 338 331 313 326 - 330 327 327 320 324 306 337 314 316 - 317 324 326 333 311 315 319 307 302 320 305 339 304 339 328 325 324 314 300 324 321 304 336 313 314 322 310 313 304 320 336 316 331 326 318 306 309 322 335 304 325 322 305 327 331 314 - 310 335 328 339 317 322 309 307 300 314 302 325 307 335 318 300 - 317 300 329 300 302 310 331 324 327 315 337 311 329 337 300 337 326 335 301 305 323 308 323 318 337 - 327 300 331 300 321 - 304 324 328 318 319 301 317 316 323 336 322 336 304 335 - 336 333 303 316 327 311 337 314 314 330 306 313 336 322 305 322 332 307 317 319 326 322 330 302 311 330 301
ch 1 197 13 300 325 w p 315 305 315 309 305 325 311 302 334 333 308 306 306 304 308 329 - 331 - - 319 329 305 300 303 316 315 304 320 336 300 304 334 311 307 325 305 303 305 - 323 310 323 302 - 320 300 309 336 319 308 306 - 303 316 315 333 327 306 336 - 309 320 300 314 311 300 336 331 301 300 315 320 - 304 330 301 - 300 337 317 338 312 306 305 327 312 335 312 - 316 336 332 319 324 333 310 320 325 304 - 328 310 332 322 303 332 309 325 330 301 332 329 302 328 329 331 312 303 332 306 301 339 335 336 328 323 319 301 325 328 310 329 307 338 300 310 338 320 302 319 334 326 338 - 317 333 304 335 325 337 300 323 313 326 321 319 337 - 324 316 334 320 315 334 338 324 337 305 326 307 306 324 310 323 319 334 334 320 322 320 322 320 333 330 324 320 332 305 331 320 337 336 309 323 305 316
ch 1 216 16 300 325 w p 314 305 331 330 309 324 310 - 303 305 313 324 322 306 332 313 332 - 312 332 315 332 330 334 315 338 300 320 315 328 316 331 313 311 315 315 319 - 328 311 332 305 301 302 308 329 317 336 303 310 300 305 322 325 328 304 308 334 - 332 335 329 300 317 305 - 305 305 310 333 300 306 323 322 325 309 317 335 333 324 339 - 304 339 312 312 326 307 311 300 310 316 308 - 329 305 318 321 337 323 331 - 313 302 326 330 339 310 312 301 336 318 322 - 321 315 330 315 317 314 339 - 332 - 328 332 318 315 331 324 308 316 315 305 308 339 313 324 307 320 311 - 325 337 312 334 328 304 310 308 339 318 308 304 338 328 328 327 301 309 311 332 321 303 318 337 306 331 324 312 339 310 335 336 312 319 324 314 338 321 329 331 336 331 305 337 333 332 323 311 333 330 - 319 323 334 315 - 302 333 303 325 305 302 320 - 330 327 315 305 310 332 - 314 312 329
ch 1 180 8 300 325 w p - 335 338 300 331 - 323 338 335 301 313 332 334 310 335 320 307 306 315 - 323 325 308 329 312 308 321 301 330 311 309 335 334 317 300 333 328 328 332 318 329 307 316 - 306 303 301 314 338 333 338 320 316 306 305 327 327 337 307 321 314 311 302 323 331 322 303 322 332 319 325 324 332 321 311 333 311 330 314 308 316 324 301 304 320 302 326 310 339 338 300 303 307 329 329 317 323 327 330 320 309 328 337 330 333 308 310 320 338 - 311 338 337 324 311 326 327 322 320 339 308 330 320 310 309 - 331 305 312 321 337 327 339 307 316 317 336 308 306 309 330 339 310 317 314 322 328 - 310 307 301 333 338 305 332 311 338 317 325 335 339 321 334 336 334 - 323 303 305 313 309 306 334 326 317 323 327 313 300 319
ch 1 191 15 300 339 e p 327 301 332 301 313 332 330 331 - 317 330 - 337 330 302 322 338 308 337 324 334 303 327 324 333 315 336 321 334 316 - 336 - - 311 324 329 330 321 317 333 327 318 313 334 - 322 337 304 - 310 - 304 337 338 - 306 329 320 321 306 307 312 338 317 322 327 337 315 317 315 331 303 322 307 338 317 338 316 337 328 311 319 - 306 - 301 329 314 307 324 336 318 307 301 306 307 303 310 324 333 334 312 338 324 314 332 334 301 326 - 301 320 304 323 - 327 325 328 324 314 336 325 320 315 307 315 321 318 322 301 310 307 306 315 - 334 320 318 300 331 316 330 311 325 308 315 333 335 321 300 337 326 320 301 338 325 301 323 338 335 321 338 337 307 329 305 325 - 311 329 339 314 333 316 316 318 315 332 339 320 303 318 328 303 335 317 337 314 302 314
ch 1 197 14 300 339 e p 327 300 321 - 323 327 305 308 332 310 311 315 336 308 - 324 324 318 304 333 300 310 309 327 315 325 326 303 336 310 337 339 - 314 311 336 - 320 323 310 333 302 308 315 306 334 311 301 332 326 303 336 326 319 330 - 334 300 337 337 325 314 321 - 301 310 339 - 300 303 319 338 320 - 321 302 303 319 302 319 306 333 306 313 312 319 314 330 336 309 300 314 322 306 309 330 325 331 334 303 305 339 322 329 320 304 333 323 - 300 329 303 322 334 319 308 308 300 301 322 314 323 306 308 317 307 300 323 326 335 335 323 334 304 317 304 317 324 308 310 313 326 316 311 301 - 339 315 320 308 316 326 334 316 - 322 320 337 329 326 322 318 326 330 305 301 333 310 305 325 326 333 - 309 324 - 309 308 330 337 337 311 324 311 336 324 316 300 324 330 304 - 333 330 317 311 328
ch 1 215 15 300 339 e p 316 333 338 314 331 337 312 314 324 334 324 326 308 310 328 337 306 327 324 328 314 323 332 323 312 305 329 338 320 300 334 328 319 308 304 - 337 327 - 308 323 322 331 304 324 328 - 323 310 320 329 325 313 - 322 324 338 320 316 308 313 305 326 334 328 310 339 331 314 314 314 339 321 322 312 326 327 - 309 320 312 - - 334 304 - 300 335 338 317 - - 309 328 337 333 327 314 326 320 316 - 305 336 334 300 321 313 324 338 334 329 302 321 324 336 333 322 301 322 336 301 325 317 330 309 308 319 330 317 - 301 319 316 321 322 314 - 339 331 326 323 332 306 325 338 335 314 319 311 329 322 326 305 337 318 323 323 306 307 302 333 327 328 334 327 301 319 331 304 305 302 314 308 314 325 326 324 305 - 317 338 318 339 322 301 308 306 306 307 309 305 337 321 309 335 300 325 326 303 313 333 307 322 318 300 313 - 329 333 327 317 336 316 305
ch 1 199 18 300 339 e p - - 319 301 338 313 320 305 307 310 335 - 315 332 325 318 311 338 321 304 - 334 329 321 309 - 318 326 - 324 300 328 336 314 329 330 338 322 339 337 339 338 323 315 - 319 315 303 336 313 337 318 300 327 335 - 329 308 - 333 327 325 308 329 - 307 304 321 338 326 339 - 304 325 313 304 - 309 320 339 339 319 336 338 313 319 325 338 335 302 322 332 314 312 334 337 317 317 339 313 305 302 329 339 334 337 332 328 339 302 326 330 319 337 331 - 338 312 321 327 327 323 310 321 325 331 308 - 326 329 331 315 339 315 319 323 320 331 334 305 330 336 331 326 338 334 306 301 331 313 328 303 312 335 - 300 303 312 317 322 311 320 325 327 335 310 324 328 336 309 307 315 300 328 311 323 312 305 337 301 326 336 302 - 321 333 314 310 336 - 320 304 303 324 338 - 328 323 334
ch 1 195 9 300 339 e p 302 333 301 336 318 339 302 303 318 327 331 319 316 335 307 304 308 315 305 337 302 303 319 310 323 306 313 302 311 330 323 320 306 335 308 317 339 316 315 309 326 301 315 301 323 318 326 312 328 315 320 303 303 319 325 308 309 308 311 330 310 306 338 306 317 315 315 315 319 325 316 302 318 334 304 321 315 317 318 313 - 334 318 306 308 332 307 332 324 - 317 327 321 332 329 301 338 304 322 332 319 336 302 319 325 - 333 320 316 337 313 315 330 - 302 303 304 306 309 302 321 337 307 304 307 307 318 320 331 300 313 334 305 320 319 332 338 326 328 310 314 323 325 314 335 339 301 305 - 337 305 306 302 300 303 304 314 319 307 338 338 300 331 300 303 336 309 312 338 325 309 314 - 336 - 339 338 330 305 303 326 325 306 309 307 306 333 - 307 337 320 312 326 - 307
ch 1 228 12 300 325 w p 337 314 319 325 - - 301 319 324 330 302 - 305 325 339 305 326 319 336 328 327 - 325 328 316 302 330 317 312 318 317 328 323 314 336 329 314 320 310 337 330 338 329 315 323 303 323 324 305 304 308 - 320 313 322 323 331 335 327 301 310 301 317 338 313 338 331 317 335 333 330 334 300 336 329 322 332 332 319 322 328 315 319 304 304 319 324 318 308 311 316 312 333 313 335 320 335 307 313 324 315 331 319 330 304 - 309 310 334 - 322 327 307 315 313 315 308 325 304 306 307 331 319 335 320 327 301 333 328 332 300 324 306 312 315 318 310 317 325 307 338 338 314 332 311 330 300 - 334 309 310 313 328 327 336 307 - - 300 315 337 307 301 303 333 312 331 335 330 309 323 313 315 319 325 314 305 303 328 318 308 325 318 320 327 319 324 322 303 333 301 303 301 312 305 315 304 319 335 313 332 314 - 332 307 310 313 315 314 333 303 - 337 323 321 308 312 301 321 313 310 303 313 325 315 309 302 314
ch 1 182 11 300 339 e p 331 311 338 336 - 320 318 326 301 319 330 334 321 324 316 339 308 332 335 312 309 302 328 307 339 339 319 331 308 332 330 334 328 317 331 - - 326 333 308 301 307 311 336 317 333 321 317 302 320 339 337 337 307 308 309 337 338 323 301 308 321 - 339 307 317 302 - 327 305 330 329 323 301 307 - 320 311 329 312 321 311 309 300 339 - 303 321 333 308 300 336 - 337 301 307 333 305 338 322 320 331 306 304 319 337 328 319 306 306 314 331 318 317 309 302 314 315 330 327 309 336 325 301 334 316 335 304 313 324 315 322 320 306 300 339 319 315 315 312 330 318 - - 316 308 329 315 336 323 309 306 326 335 310 302 309 309 332 - 332 338 311 306 330 304 330 324 333 312 316 331 323 330 330 333 314 301 300 332 306 330
ch 1 186 11 300 339 e p - - 309 332 337 332 337 307 329 305 300 306 313 330 310 329 305 309 331 315 331 326 312 329 315 332 320 329 - 304 311 339 315 321 306 329 330 310 339 302 308 318 300 316 304 304 326 301 308 - - 335 317 302 313 317 316 326 326 300 322 316 329 306 305 330 324 338 301 319 310 300 336 305 326 326 327 334 335 336 318 324 - 306 331 337 310 339 304 339 302 314 326 325 333 326 - 332 334 321 303 303 306 326 335 301 314 325 312 334 310 302 301 339 301 339 305 326 312 - 325 308 304 325 328 331 333 315 303 - 326 331 328 305 300 - 304 323 310 308 339 329 325 313 303 324 327 327 311 316 310 306 311 302 303 319 306 330 332 301 329 323 337 335 305 338 323 309 309 333 306 305 318 319 314 313 302 337 300 334 326 - 307 313 317 305
ch 1 191 9 300 339 e p - 306 306 335 320 336 324 328 316 309 338 329 - - 330 339 301 316 310 309 336 333 317 302 303 300 327 321 305 307 - 307 311 331 330 303 327 316 307 327 301 323 310 323 329 334 337 324 339 321 313 336 304 323 325 308 328 333 333 305 339 310 335 317 315 302 313 - 332 308 319 337 321 305 314 314 315 323 313 326 311 305 329 322 325 312 311 303 303 312 334 337 302 334 331 339 339 332 319 304 303 332 320 318 338 338 307 326 300 311 330 317 329 324 328 300 310 325 321 320 330 323 334 - 320 301 332 324 325 310 308 319 321 316 316 334 305 336 334 310 333 331 306 303 331 321 321 303 317 328 305 339 305 334 335 306 333 318 316 320 327 311 301 301 312 313 311 315 327 314 330 335 - 315 - - 330 306 329 310 317 335 309 336 317 300 339 311 333 328 311
ch 1 177 13 300 339 e p 329 332 333 337 314 304 320 332 334 - - 335 333 322 315 319 304 338 326 319 335 337 320 331 330 304 324 - 307 309 316 321 320 333 336 319 314 306 308 302 321 307 329 311 309 330 332 329 302 318 322 308 311 337 - 318 306 - 333 329 315 302 337 303 316 323 307 308 336 330 326 334 339 - 321 318 335 327 303 337 310 314 320 317 313 339 318 323 301 307 325 - 322 312 326 339 300 312 335 325 313 305 326 301 303 335 322 328 329 300 324 336 325 327 307 303 325 338 318 331 327 327 - - 332 330 314 339 314 304 - 321 306 301 315 310 319 325 305 310 311 316 312 318 328 301 307 308 329 335 337 - 326 326 - 301 338 338 311 316 334 304 303 323 316 335 312 316 303 315 323 333 327 311 - 309 313
ch 1 215 17 300 339 e p 323 329 339 327 330 317 301 337 322 318 325 336 306 322 310 333 - 316 322 328 307 330 327 318 303 319 315 313 314 320 314 331 339 337 325 304 300 320 321 301 321 310 313 323 320 327 335 305 328 315 300 335 334 332 319 335 335 316 304 303 319 300 - 307 301 338 302 - 329 328 333 326 302 326 332 303 315 - 333 325 312 313 315 307 318 335 337 336 323 311 338 322 314 308 321 328 304 313 321 323 327 311 318 338 338 334 333 307 336 323 305 316 307 - 304 310 330 303 313 337 332 320 320 337 311 339 - 320 331 315 - 337 323 327 333 325 312 322 - 322 324 303 323 323 312 313 335 331 327 324 - - 304 301 308 335 325 335 337 330 334 305 339 339 309 313 309 312 338 334 326 335 313 303 308 308 303 314 305 301 326 328 315 336 - 327 311 - 329 - 320 328 316 320 323 332 330 334 328 - 322 320 326 - 312 307 324 319 - 324 330 326 - 316 324
ch 1 182 17 300 325 w p 325 333 328 303 312 338 309 300 324 313 311 315 301 322 308 307 - 311 316 302 320 331 306 324 315 312 309 334 312 329 317 327 307 302 - 321 306 337 - 329 - 332 331 321 327 312 - 300 311 330 338 338 337 316 332 - 300 307 337 318 319 301 319 322 316 339 337 - 339 315 - - 331 323 326 326 328 314 332 330 306 331 318 313 331 321 318 326 307 307 309 329 307 323 301 302 303 336 338 - 335 334 - 304 301 309 332 328 - 339 336 336 307 310 313 304 331 - 323 329 303 314 - 314 324 324 309 312 336 318 311 311 307 307 318 312 302 331 309 309 323 309 306 331 312 305 305 332 322 308 325 310 317 308 314 330 315 317 302 304 327 320 335 314 304 326 335 329 - 337 - 327 323 307 306 320 309 - 327 338 330 339
ch 1 190 10 300 325 w p 313 330 337 335 324 309 338 311 314 336 323 316 329 333 315 316 319 337 317 314 308 321 322 321 306 303 306 312 334 - 331 302 337 305 318 308 320 333 326 333 324 302 318 - 305 327 317 314 318 324 313 334 306 315 312 307 312 320 334 338 312 311 306 326 337 303 320 327 329 324 318 304 302 333 315 306 333 338 337 334 - 334 316 333 306 - 339 319 - 327 322 - 306 335 320 304 315 334 307 333 300 330 312 318 302 313 316 310 300 302 329 311 310 301 302 319 333 335 - 303 302 326 301 332 322 337 314 337 300 330 318 339 310 - 301 300 311 336 311 337 318 323 309 329 324 312 305 339 301 312 307 308 331 331 328 323 305 302 308 305 322 323 313 332 339 300 - 339 336 332 311 302 331 306 320 317 300 313 - 329 331 302 334 300 336 320 306 317 339 338
ch 1 211 17 300 339 e p 335 320 317 328 337 326 317 333 339 314 334 - 338 307 - 337 324 309 320 337 304 331 330 336 331 320 335 329 - 338 311 328 303 328 320 308 339 310 305 318 335 312 305 327 305 311 306 - 319 323 323 338 308 308 322 302 322 336 330 303 339 338 322 323 320 330 323 316 337 - 308 330 333 320 319 336 326 336 301 303 339 329 321 332 310 338 339 306 338 311 309 333 330 318 303 311 319 - 336 300 303 327 308 329 338 329 314 309 334 332 301 328 315 335 320 - 304 311 321 323 323 - 308 305 320 313 321 300 - 322 329 - 311 327 307 339 313 328 313 307 328 335 314 324 310 306 - 328 - 333 318 339 301 319 305 306 317 325 322 306 309 - - 335 334 334 321 315 - - 303 308 330 302 311 314 306 329 336 335 331 305 315 304 - 337 336 309 323 334 314 308 332 331 326 312 335 334 311 321 334 303 321 324 325 332 335 334 337 306 336
ch 1 214 11 300 325 w p 309 305 330 333 307 - 339 328 334 319 339 312 324 302 338 328 328 330 336 333 328 320 - 304 337 315 325 323 314 332 315 315 301 - 321 320 316 - 303 317 317 338 303 311 339 321 315 320 306 327 329 304 301 307 313 327 302 331 318 336 310 309 325 329 302 331 335 303 333 337 329 315 309 331 339 313 332 311 315 332 306 319 337 333 308 312 316 - 338 339 330 336 319 339 305 326 331 327 317 305 309 316 314 330 322 308 317 317 324 - 305 328 320 300 337 328 302 312 332 333 - 336 303 327 310 318 322 315 337 308 323 328 321 335 - 322 310 317 338 313 321 318 301 331 338 303 310 320 336 328 - 326 315 324 329 320 301 304 317 331 321 305 325 321 307 320 333 310 322 305 326 316 308 305 318 308 307 331 322 338 322 321 321 303 319 301 - 323 - 320 302 325 306 318 320 338 307 312 314 327 301 339 313 319 319 331 318 334 302 318 320 326 333 313
ch 1 176 15 300 325 w p 311 333 314 318 313 336 310 333 - 304 312 319 328 331 315 302 316 330 323 331 309 304 337 335 334 312 - 300 325 324 301 329 306 330 - 304 - 319 312 316 322 327 308 321 339 316 339 311 323 305 303 335 315 - 305 333 327 322 320 302 314 328 324 329 322 308 333 302 335 305 - 336 336 - 330 302 333 312 337 320 332 - 307 338 334 336 326 319 312 312 316 331 303 309 317 327 326 - 320 325 330 313 323 330 327 313 337 329 310 - 312 320 310 306 303 332 323 334 329 335 315 315 301 338 331 301 317 336 - 327 328 306 - 333 - 304 331 308 315 339 327 305 301 318 314 311 306 335 303 301 326 - 327 312 324 - 314 304 308 315 321 333 327 336 329 307 331 310 307 338 320 326 337 329 310 339
ch 1 228 14 300 339 e p 318 335 306 310 339 303 317 319 310 301 309 305 332 331 338 302 303 311 332 337 309 324 - 330 334 326 302 316 306 312 322 307 326 326 336 329 331 331 332 338 308 302 300 309 317 327 325 327 304 330 333 339 334 322 318 336 334 339 331 334 329 - 315 300 324 319 307 308 331 316 302 305 307 326 332 315 303 337 330 337 308 330 306 303 317 317 - 313 323 327 327 307 306 307 310 300 324 327 322 321 335 300 334 318 304 310 335 320 308 313 337 - 330 303 339 305 319 337 329 338 331 312 330 338 322 309 304 317 331 335 324 332 316 307 330 308 316 314 319 309 332 324 - 336 333 318 329 311 - 325 304 312 336 - 337 314 333 327 306 310 332 303 307 307 335 317 317 308 333 - - 337 325 333 311 339 319 328 321 325 313 322 329 318 307 - 321 325 324 317 325 326 303 337 309 - 316 323 312 339 335 309 301 330 316 333 - 304 300 318 327 325 310 - 337 301 301 303 315 324 329 310 302 327 303 310 - 325
ch 1 193 8 300 339 e p 326 325 326 337 327 302 339 310 337 308 313 319 330 329 329 328 325 314 336 324 317 317 328 320 311 303 320 321 302 334 313 301 302 333 310 321 309 336 317 305 307 307 306 315 300 306 305 328 321 319 328 319 315 314 320 332 332 335 334 329 317 308 - 333 332 327 335 336 321 329 306 - 328 311 311 326 317 313 327 329 326 307 325 304 305 309 313 321 302 324 311 325 328 300 315 331 318 326 332 330 303 305 304 308 324 314 - 313 329 317 326 326 312 331 303 326 338 332 326 329 - 332 316 304 325 339 312 337 312 331 318 325 312 315 338 - 326 336 338 301 - 321 316 304 322 324 328 307 303 301 326 321 309 310 339 324 332 303 312 305 312 318 335 330 309 329 302 319 - 323 320 337 306 322 301 303 303 - 306 324 324 319 326 328 338 338 321 320 313 334 326 300 338
ch 1 174 15 300 339 e p 319 304 337 331 321 304 313 327 307 - 329 313 - 337 337 316 324 324 335 325 312 329 333 333 313 - 304 316 309 312 320 312 310 337 312 - 314 338 306 318 331 316 - 318 332 328 - 301 - 307 328 337 304 334 328 328 317 300 331 330 337 338 339 307 300 301 311 322 - - 305 305 318 320 324 337 306 305 332 337 301 307 329 326 332 301 336 316 322 308 320 316 312 315 313 338 310 302 321 324 300 310 313 339 - 305 325 314 331 316 315 322 339 332 320 322 337 334 303 328 - 307 315 327 333 337 319 310 316 337 329 333 332 310 302 337 331 310 308 329 - - 307 310 329 339 319 - 337 318 300 311 339 320 332 329 319 308 302 305 309 331 336 331 336 302 300 319 - 300 315 317 308 321
ch 1 209 13 300 339 e p 317 303 319 333 316 315 - 325 320 309 317 317 329 335 307 304 308 326 316 327 339 306 - 302 313 317 334 306 322 335 311 312 312 314 301 337 332 313 328 317 332 301 302 325 330 - 304 322 309 310 307 325 330 332 316 310 325 330 326 328 336 329 322 325 319 319 303 300 325 322 326 322 319 326 312 322 - 338 333 319 302 312 331 302 300 337 337 333 331 332 319 302 324 319 329 310 333 313 300 303 328 322 302 319 320 307 333 300 334 304 - 303 339 - 325 300 316 326 303 328 310 325 336 337 316 319 304 328 339 304 307 335 328 302 338 302 314 335 313 319 310 332 337 323 339 319 320 329 334 325 314 315 311 305 323 307 319 319 332 339 319 335 339 334 - 326 336 310 338 - 312 312 310 320 308 301 318 - - 316 337 305 312 - 301 308 305 324 339 325 302 319 325 329 338 330 332 - - 328 301 337 330 306 312 339 327 318 336
ch 1 218 15 300 325 w p 305 311 311 313 315 328 300 329 337 311 338 337 324 300 337 - 305 312 306 315 314 311 333 323 322 329 338 329 306 - 303 309 330 338 335 319 331 337 301 335 310 319 313 331 335 - 319 304 324 315 338 318 312 311 328 322 337 317 312 316 338 305 - 325 326 308 311 337 327 339 321 334 311 326 326 339 325 319 300 322 337 311 305 307 321 338 313 - 304 322 312 335 312 315 335 306 315 303 301 319 308 319 329 320 328 315 302 321 302 312 300 307 - 328 310 - 303 332 306 324 300 309 311 332 337 332 303 308 331 314 301 329 331 320 301 333 316 317 331 307 - 322 306 327 303 322 - 322 315 332 - 339 - 319 310 307 301 314 322 333 330 - 333 327 330 302 317 301 330 311 306 311 324 313 325 311 334 315 338 - 322 332 - 327 312 317 312 312 310 309 301 - 324 310 338 308 325 338 333 318 302 306 333 334 334 305 318 333 323 316 326 303 308 326 307 314 339 339
ch 1 176 8 300 325 w p 304 318 337 308 305 323 329 - 328 312 324 316 308 327 326 302 321 333 312 329 329 328 330 337 302 332 309 300 322 310 333 332 317 311 332 320 - 335 - 331 315 311 330 334 321 329 309 336 302 334 306 331 326 317 312 338 314 325 - 320 321 322 318 303 327 309 306 327 315 313 310 301 325 327 337 325 328 311 337 320 337 315 311 338 338 304 308 316 337 324 306 330 317 327 304 333 331 308 320 315 327 303 310 314 333 320 300 333 328 332 331 316 327 325 329 308 332 333 326 333 324 - 314 326 328 308 330 318 - 311 308 315 338 312 329 330 305 334 324 325 328 301 314 318 306 300 319 300 314 314 323 339 304 334 300 336 308 321 - 302 305 338 309 310 338 300 311 325 337 - 327 333 309 317 317 331
ch 1 211 11 300 339 e p 305 - 339 329 322 313 334 325 316 302 323 333 324 304 303 - - 326 319 330 300 306 315 302 305 303 329 309 329 329 301 325 318 302 312 334 314 326 311 335 325 331 316 319 316 327 318 303 325 - 316 314 332 328 338 326 339 324 329 311 329 317 337 326 305 308 300 313 333 320 305 312 325 326 324 321 327 317 323 305 330 300 325 303 - - 315 328 330 338 339 312 337 306 324 311 303 319 302 331 305 315 326 305 332 300 315 334 315 336 315 307 301 300 302 330 334 319 311 314 327 338 329 335 327 321 331 - - 329 321 320 329 329 301 337 303 311 315 303 311 315 320 338 333 320 336 317 311 328 323 332 309 334 307 325 325 321 319 306 - 313 313 302 328 333 316 323 315 - 314 332 302 324 317 311 318 335 320 319 326 300 301 323 336 329 321 310 333 312 300 320 307 336 312 327 308 335 320 306 301 318 316 327 - 335 328 336 320 313 308
ch 1 178 15 300 325 w p 327 312 333 313 - 316 332 327 330 302 335 320 312 335 315 321 337 310 334 336 309 337 315 332 - 333 309 - 330 338 - 301 306 - 327 334 324 - 330 307 337 321 326 314 304 308 306 331 302 338 310 330 322 303 325 316 - 331 335 319 310 328 322 316 305 - 330 305 324 311 315 313 308 303 302 329 327 312 305 324 335 319 339 - 303 337 301 - 301 317 306 321 314 330 309 339 313 319 319 324 326 315 306 332 329 336 327 310 314 339 316 324 314 303 324 310 334 311 317 309 307 318 326 334 322 312 323 306 334 330 320 317 300 310 319 338 326 - - 322 323 324 310 323 309 306 324 330 309 - 320 333 300 300 302 330 311 - 325 317 306 303 321 300 331 329 307 - 332 325 313 333 332 300 317 314 308 304
ch 1 215 13 300 339 e p 313 339 301 300 331 318 323 - 332 319 339 335 313 316 319 307 333 306 326 337 319 321 315 - 302 314 301 311 - 337 329 301 308 302 303 312 311 319 307 - - 331 312 312 324 336 316 337 331 336 320 314 - 300 304 322 320 327 328 319 328 307 325 326 313 313 319 327 339 317 326 338 310 338 319 318 312 320 305 326 313 310 312 335 300 320 305 334 325 338 328 310 339 - 331 338 317 324 337 338 313 321 308 337 303 327 322 317 321 328 323 310 334 312 - 317 313 304 333 326 335 309 313 310 300 323 305 332 319 308 312 326 307 306 328 335 305 338 330 322 302 319 324 303 - - - 308 332 328 330 333 317 323 323 306 313 306 335 304 330 329 308 309 333 334 312 333 320 335 336 308 - 309 314 300 332 320 319 303 - 323 337 322 301 313 335 301 324 320 308 301 312 322 300 325 318 321 332 330 309 330 318 302 331 316 324 323 315 310 300 309 330 327 330
ch 1 195 15 300 325 w p 320 324 315 325 325 314 - 338 329 305 327 317 305 339 304 314 330 322 313 336 336 318 - 323 310 301 - 334 322 310 322 301 327 303 300 304 319 305 322 309 321 309 319 - 301 308 - 314 307 316 337 310 320 331 330 329 306 300 308 309 339 336 332 330 310 310 321 314 320 312 314 338 319 329 323 - 308 316 323 318 309 305 318 310 306 303 335 328 325 324 304 317 331 324 330 336 323 323 - 317 309 338 309 311 334 329 325 317 316 325 326 311 338 322 303 316 334 339 317 306 309 305 305 312 - 318 - 325 333 315 312 307 - 331 327 319 339 308 317 - 337 - 325 321 338 308 321 301 339 314 303 337 320 311 304 331 324 313 309 332 332 322 - 306 310 313 313 - 323 313 303 304 308 309 332 334 328 316 307 332 323 331 335 339 300 327 318 - 303 339 301 318 335 302 324
ch 1 181 16 300 339 e p 319 335 308 325 337 306 - 327 - 306 317 324 302 301 333 331 303 317 338 310 - 329 - 334 334 305 331 305 321 328 - 329 314 307 300 315 327 325 313 331 328 314 321 301 335 333 335 321 305 330 315 338 338 306 - 314 315 320 336 339 333 315 305 326 300 - 329 326 325 339 313 333 301 309 317 328 326 325 301 310 329 303 322 310 337 331 325 308 333 335 308 306 309 326 325 325 323 326 306 324 332 - 330 303 305 304 331 319 337 - 329 332 319 316 309 307 311 319 317 335 331 317 309 327 318 327 310 334 315 - 306 330 300 304 328 315 305 324 318 308 311 - 335 304 308 324 324 322 - 332 304 301 306 329 330 331 330 302 - 321 339 301 302 - 315 316 - 318 314 303 308 322 328 - 333 325 301 318 330 310 306
ch 1 180 9 300 339 e p 339 318 310 306 333 310 330 300 322 311 336 318 330 330 322 338 338 308 307 314 316 339 303 338 311 306 318 310 339 321 310 332 325 333 323 338 310 313 339 328 304 330 313 308 309 327 310 325 325 - - 303 300 336 325 322 306 334 - 300 306 327 326 338 - 327 305 339 336 311 329 300 328 317 318 326 321 311 318 - 327 - 329 315 317 306 315 306 309 303 339 339 302 321 - 322 323 325 327 307 322 332 323 316 309 317 329 327 335 301 300 318 309 336 338 - 326 325 325 335 324 337 304 323 302 330 322 325 319 331 304 302 308 316 334 318 313 309 322 308 334 326 310 339 307 304 316 336 335 300 332 334 338 334 339 324 318 334 334 310 301 332 304 - 327 334 328 315 311 305 315 306 325 332 337 312 338 337 307 301
ch 1 214 13 300 325 w p 332 323 300 305 - 314 311 304 334 306 303 311 303 331 332 313 303 - 311 301 323 304 307 329 332 339 305 327 326 304 311 329 339 318 304 332 303 325 325 320 333 339 337 303 328 339 335 304 309 326 307 326 315 335 330 300 319 317 328 323 330 - 300 338 305 327 336 307 312 316 300 335 - 337 303 304 316 301 318 328 331 319 304 319 314 336 - 338 335 331 322 319 319 317 330 314 313 324 321 333 311 314 - 327 335 307 319 331 332 318 337 331 308 305 - 322 310 313 333 304 324 - 326 323 307 303 331 332 300 334 328 321 322 320 323 327 329 306 339 308 329 322 338 308 309 300 310 301 308 303 312 339 322 326 308 304 335 335 332 306 334 307 327 334 329 - 328 329 314 316 322 325 312 326 306 334 310 331 323 - 333 313 326 339 309 306 331 - 313 318 316 309 326 339 322 304 - 314 327 302 316 314 312 334 - 335 336 311 307 331 335 323 322 317
ch 1 182 11 300 339 e p 327 337 316 339 330 335 - 324 327 320 323 301 306 334 330 307 321 325 337 308 304 302 310 305 327 305 331 316 339 302 330 302 331 316 337 - 304 315 300 334 301 337 301 300 325 323 321 333 324 305 308 328 314 318 313 304 322 336 309 339 304 311 333 336 331 335 325 308 328 332 335 321 330 306 314 339 336 333 326 - 322 - 332 - 309 311 300 309 305 336 - 321 305 300 338 312 319 323 310 324 326 329 305 309 339 314 325 310 - - 338 327 320 339 314 334 316 304 313 315 317 325 - 305 305 322 313 315 303 313 - 312 330 304 316 302 301 338 327 310 324 321 308 325 314 327 - 335 317 331 333 308 324 339 312 307 334 339 302 307 331 333 328 304 332 307 339 321 331 304 320 332 326 325 337 312 309 331 317 305 323 317
ch 1 214 12 300 339 e p - 328 329 307 320 319 322 329 323 307 334 338 319 315 324 - 302 339 332 329 303 319 337 323 306 333 303 309 314 316 318 318 302 316 339 312 324 313 314 317 311 306 - 315 316 317 318 332 308 302 300 327 338 307 327 330 308 313 328 - 321 335 318 336 338 328 320 307 310 315 310 - 337 332 331 312 - 308 301 304 338 323 330 328 312 308 323 325 307 323 312 308 304 323 331 338 315 337 301 316 338 321 332 315 312 331 - 320 319 321 332 318 318 325 337 338 311 339 335 331 332 327 316 339 331 304 316 303 312 329 302 339 308 333 304 331 336 - 302 310 322 310 331 324 316 325 318 325 313 308 332 338 331 301 300 328 316 315 318 313 329 314 324 327 321 333 304 327 338 317 319 328 312 329 309 - 338 - 309 312 326 324 312 316 315 312 316 322 332 300 301 306 336 336 332 306 334 322 320 323 336 313 - 312 - 309 318 307 319 327 316 316 317 312
ch 1 172 7 300 339 e p 324 308 308 315 327 303 308 329 302 315 313 319 322 338 331 303 306 318 310 322 305 - 339 316 - 322 337 336 333 - 306 311 322 306 317 322 336 309 310 331 338 332 330 333 333 334 337 325 306 300 336 332 316 321 327 321 338 335 305 331 333 326 338 326 324 322 328 324 317 303 332 319 319 - 307 314 332 308 333 331 328 326 338 320 316 305 330 320 324 336 334 327 325 314 329 314 339 337 302 308 339 330 338 331 - 334 320 - 326 325 331 316 306 331 305 322 307 333 319 317 323 315 339 327 327 312 305 331 301 333 323 306 317 324 336 316 326 329 330 324 329 328 303 337 319 322 310 338 301 303 306 308 336 311 310 304 327 324 331 305 304 328 313 332 333 307 302 325 302 333 306 -
ch 1 186 8 300 325 w p 311 330 325 335 312 331 307 313 - 302 303 324 327 302 329 309 302 310 335 323 338 328 320 301 328 315 308 332 303 339 333 317 320 324 306 329 329 333 328 305 311 300 331 304 308 333 326 310 330 317 321 305 301 326 308 338 321 338 303 334 309 333 313 325 316 - 303 312 333 324 319 327 338 334 313 337 326 314 300 317 313 316 318 308 302 305 317 310 323 317 337 331 331 304 308 317 335 302 338 301 - 338 304 335 337 326 313 310 323 305 332 309 327 311 330 326 307 309 329 310 312 324 303 319 335 336 306 318 330 325 322 313 328 332 328 316 311 318 302 326 303 312 312 305 310 - 313 - 329 311 329 325 338 301 323 - 338 329 335 308 339 337 - 304 315 300 316 320 323 308 334 316 316 324 - 306 334 321 318 330 302 309 333 338 303 320
ch 1 174 14 300 325 w p 332 331 329 325 306 332 334 323 311 319 308 333 323 304 328 313 324 - 334 - 337 313 333 324 334 310 326 331 308 304 335 300 306 301 336 - 315 320 338 317 313 310 322 326 304 317 338 317 302 301 311 - 327 311 327 304 312 332 317 332 316 315 321 311 326 313 311 336 - 322 311 323 312 336 306 302 325 333 307 317 310 329 308 308 313 319 304 316 339 322 - 331 324 311 328 320 301 323 334 323 315 311 329 337 327 306 - 319 308 300 - 302 306 316 301 335 339 - 303 330 323 317 304 339 301 310 339 325 305 331 313 316 - 336 320 334 334 305 305 325 321 325 301 302 332 301 333 301 322 333 323 307 - 321 304 334 303 311 318 314 327 325 312 311 - 310 332 305 317 334 - 315 312 -
ch 1 173 13 300 325 w p 302 312 323 323 321 329 336 305 318 301 325 301 322 - 306 311 317 300 321 319 320 304 307 307 331 314 317 323 329 322 321 338 334 339 300 325 - 313 - 305 308 308 332 314 334 300 307 301 303 325 325 306 - 323 317 302 311 335 308 333 331 309 336 303 324 333 - 334 313 336 312 314 332 334 314 320 314 304 313 317 322 333 308 321 334 315 304 - 333 - 301 330 321 324 - 322 327 329 320 320 300 301 320 335 331 - 317 300 337 332 - 319 314 334 335 331 312 306 321 337 338 316 310 333 310 335 - 332 308 329 331 324 306 317 333 306 321 304 312 302 308 302 339 329 313 308 323 - 334 322 336 305 332 327 323 306 311 329 324 300 334 307 315 329 321 328 329 316 321 - 304 312 301
ch 1 220 17 300 339 e p 316 332 310 318 326 335 - 311 - 307 312 332 324 333 - 339 308 329 322 300 328 308 314 303 308 325 339 321 329 307 333 337 338 303 322 314 302 315 306 325 329 303 310 327 334 317 316 311 330 304 322 324 338 336 310 339 333 308 - 337 314 315 338 307 329 330 303 328 332 302 322 323 338 304 301 317 338 330 307 334 317 321 332 309 326 333 324 306 329 326 336 - 312 311 330 304 302 321 - 313 - - 330 308 339 305 326 312 322 316 337 307 327 328 339 309 320 331 304 302 326 - 322 309 313 321 331 324 330 330 319 328 329 315 309 308 326 302 331 318 319 - 310 339 307 303 337 320 320 327 311 325 326 305 309 - 338 312 321 310 315 - 329 301 319 308 313 - 339 318 300 305 315 310 306 320 - 338 339 300 335 316 319 309 - 331 304 309 307 - 339 331 - 339 302 306 329 323 324 316 313 307 335 311 318 320 339 300 339 330 320 313 324 328 304 310 311 321 335 317
ch 1 192 17 300 339 e p 300 320 338 306 339 301 335 - 308 337 328 301 300 335 317 322 314 - - 318 325 302 311 333 303 - 314 301 322 - 316 310 325 316 333 310 306 312 317 331 313 322 335 330 334 306 335 334 338 316 300 314 309 322 324 312 317 - 304 - 334 302 305 319 322 317 312 316 306 317 305 308 309 313 335 312 331 306 303 318 328 335 - 303 319 330 313 314 320 337 331 324 328 - 302 327 322 305 323 326 317 310 - 300 300 329 318 308 327 339 311 - 306 334 306 325 - 338 304 305 334 327 310 327 313 334 - - 321 305 - 308 336 332 337 339 314 322 324 321 321 309 300 331 303 310 301 306 322 320 324 317 333 301 329 334 - 324 303 - 330 306 330 332 309 316 331 311 332 318 335 334 319 318 329 301 337 311 315 305 318 318 301 313 335 309 323 303 336 338 313 312
ch 1 213 12 300 339 e p 317 321 326 315 310 313 330 329 312 339 327 - 302 324 316 301 309 329 312 312 321 331 309 334 331 331 336 310 331 327 319 - 301 316 337 307 306 332 324 329 326 330 326 323 325 318 307 302 329 - 336 327 302 317 321 315 - 309 313 317 311 309 305 335 331 333 327 328 304 329 332 313 305 336 309 328 319 - 313 339 314 317 307 337 - 329 320 312 322 307 324 310 327 338 305 331 303 309 310 326 314 310 308 330 - 308 315 327 306 321 305 339 328 304 322 302 339 330 329 309 - 302 309 320 324 323 315 309 319 322 329 323 320 305 327 314 321 302 332 326 311 301 319 325 305 314 336 300 324 327 317 309 323 302 325 329 330 319 317 303 330 317 324 338 314 325 329 306 310 303 326 315 307 334 315 336 322 - 318 304 303 327 332 303 335 327 320 334 316 314 339 - 324 329 338 314 - 323 303 328 305 339 311 339 333 334 320 - 307 322 333 322 312
ch 1 199 17 300 339 e p 318 336 335 - 330 330 324 333 336 313 302 327 333 323 307 334 324 312 322 - - 331 322 335 300 318 304 325 309 300 333 - 315 308 327 321 304 - 328 331 325 - 330 - 311 301 - - - 326 314 310 321 312 320 303 328 - 331 317 324 338 336 305 324 322 310 308 337 339 323 306 318 319 323 - 329 317 339 328 301 304 319 309 333 324 301 337 301 316 338 315 315 326 322 314 - 335 305 334 305 316 326 315 336 303 315 327 333 328 - - - 318 316 339 323 318 320 334 302 313 330 314 325 305 327 304 330 334 301 315 308 305 322 327 330 314 315 328 318 309 339 312 330 314 313 320 332 333 328 336 311 326 312 335 306 304 321 310 321 313 332 311 318 304 302 312 328 300 300 339 338 329 - 313 314 305 322 308 331 336 312 313 336 322 303 316 317 332 314 332 327 315 310 320 300 301 317
ch 1 200 10 300 325 w p 316 334 - 306 314 321 321 320 329 302 326 315 339 306 331 332 311 304 301 300 313 316 325 304 338 339 314 324 312 - 306 337 308 322 321 327 307 324 318 322 332 - 333 306 328 328 320 304 307 309 324 - 310 303 328 - 332 313 334 301 307 305 335 - 305 317 301 329 - 324 318 317 304 337 - 333 325 302 328 314 303 332 324 305 337 311 320 339 328 326 323 332 316 309 327 301 324 332 338 324 311 326 325 338 313 337 335 321 300 338 337 309 300 332 312 319 315 330 301 316 306 310 334 322 337 331 335 331 331 322 314 332 334 303 308 312 320 300 319 325 306 332 - 336 306 335 330 307 300 310 - 329 336 319 339 300 322 333 301 331 324 313 315 323 330 337 324 329 331 309 325 318 305 301 307 330 305 305 339 335 314 301 338 304 301 332 313 327 323 333 311 329 321 324 321 328 302 335 328 332
ch 1 219 15 300 339 e p 321 309 324 335 - 322 - 329 - 325 311 308 326 321 312 330 314 322 335 323 307 331 324 325 314 320 319 325 310 300 325 319 - 331 317 319 325 303 302 330 332 310 320 315 324 325 312 334 334 338 327 301 309 310 312 326 339 304 308 330 309 336 319 338 327 302 337 321 328 339 310 313 326 325 320 322 323 339 336 308 318 - 323 327 329 318 323 327 317 336 311 324 338 321 310 339 - 322 306 321 333 310 304 328 302 314 336 - 328 306 304 314 302 336 306 307 300 330 319 312 323 314 327 311 319 337 322 333 326 - 335 328 - 309 - 333 311 305 301 300 - 338 303 311 307 313 306 325 336 311 323 - 327 302 306 328 - 326 321 301 338 329 316 316 - 319 313 323 324 300 307 316 - 306 334 321 332 327 304 321 315 339 311 338 326 314 319 312 331 331 319 325 308 324 335 336 301 308 336 301 328 305 336 317 309 309 317 329 325 335 325 337 338 319 311 323 330 309 325
ch 1 226 15 300 325 w p 301 303 312 335 307 313 306 327 325 321 335 300 318 306 320 317 310 323 300 326 313 - 307 339 301 307 327 305 312 339 320 308 327 300 333 324 314 - 329 331 330 306 321 315 325 - 338 302 321 318 339 - 308 310 310 317 325 310 323 306 317 338 301 316 325 333 317 333 339 304 319 339 320 311 315 310 - 339 - 307 330 306 315 323 303 303 300 327 336 318 335 313 304 338 339 322 336 300 322 313 311 310 304 307 328 331 328 311 327 323 323 308 310 324 - 314 324 305 - 311 330 334 - 322 334 338 329 334 305 335 311 336 326 338 319 317 320 310 327 326 321 332 339 307 318 303 318 326 318 305 302 333 313 314 336 - 306 334 319 317 311 325 336 304 319 322 - 311 333 319 329 332 338 336 311 325 314 322 329 330 - 336 339 321 336 338 316 319 - 316 333 300 321 315 303 320 318 315 314 315 307 330 310 314 317 312 330 311 302 323 331 321 301 308 337 321 329 323 323 332 328 300 336 - - 320
ch 1 223 10 300 339 e p 319 322 317 313 303 329 311 309 333 - 336 310 329 - 321 313 315 324 319 321 308 319 300 323 313 310 305 304 - 312 327 328 324 327 311 321 326 329 317 312 331 316 314 320 300 323 318 301 309 315 337 314 305 330 330 330 311 305 325 316 324 305 - 322 - 326 339 312 314 307 328 315 303 338 307 300 315 338 338 323 319 339 302 333 328 336 339 328 308 329 328 326 313 325 - 316 329 320 336 301 334 323 303 312 316 330 320 317 335 311 315 310 318 326 312 309 325 323 319 324 321 332 - 319 314 316 330 335 338 310 306 334 335 - 307 323 339 317 302 330 334 314 339 336 337 316 335 300 302 318 321 331 339 328 339 339 306 312 309 311 329 333 336 312 325 335 332 311 328 325 332 332 339 300 327 314 - 336 317 307 335 326 330 301 308 316 319 329 315 303 313 309 331 339 310 302 323 325 325 331 330 324 302 - 313 318 337 331 326 303 325 337 309 335 330 326 308 320 332 336 315 328 330
ch 1 218 17 300 339 e p 330 306 338 310 331 333 300 318 321 310 325 - 302 302 324 310 337 - - 339 337 338 335 326 335 304 316 313 309 304 - 320 319 313 317 306 - - 313 - 310 319 339 312 332 332 326 333 306 309 321 330 331 328 319 334 314 300 315 337 302 309 303 316 320 325 333 329 309 338 322 306 311 322 315 318 329 325 339 321 315 333 311 329 332 312 322 314 - 311 325 334 320 312 312 313 326 317 329 329 318 327 326 - 310 306 324 - 336 309 325 317 330 327 324 - 303 319 332 339 317 307 335 326 320 310 339 300 311 309 311 305 329 308 335 302 328 312 303 302 315 306 312 324 334 330 314 337 - 326 330 334 333 322 327 335 326 318 309 325 305 324 309 315 318 308 307 339 327 334 312 320 327 338 - - - 332 322 303 306 311 326 330 333 - 338 332 333 319 320 339 328 306 306 311 336 320 332 310 310 305 319 - 304 309 329 310 302 330 337 333 315 330 335 325 326 322
ch 1 249 16 300 325 w p 310 315 320 339 301 323 313 301 304 326 313 308 - 302 334 327 304 305 - 338 325 304 323 312 309 314 - 323 332 331 311 301 304 318 327 305 317 314 323 325 309 332 327 332 320 312 310 316 333 337 329 326 331 307 327 333 327 330 321 338 301 313 315 325 304 319 - 306 330 336 308 336 338 333 323 329 303 - 337 300 333 331 303 302 339 308 337 - 328 318 335 - - 339 338 301 312 337 303 303 305 334 335 338 311 300 322 313 - 335 321 311 335 314 301 337 316 303 316 328 307 331 332 313 322 300 317 - 323 327 307 326 319 301 304 339 304 - - 304 - 329 317 339 333 330 322 331 307 306 327 338 330 331 331 322 320 327 319 316 310 303 339 328 318 332 311 313 304 312 315 319 - 325 333 303 320 302 332 330 322 337 334 332 311 303 334 324 310 - 330 308 338 318 306 327 313 336 301 300 316 331 326 330 339 319 304 336 325 327 301 317 326 304 331 333 322 327 339 337 322 326 325 320 309 314 313 310 325 300 329 323 312 322 324 306 334 305 321 307 333 316 322 332 - 326 324 304 337
ch 2 207 8 300 338 e p 317 310 337 312 335 310 307 321 334 310 329 333 336 333 332 312 308 329 309 331 333 303 305 329 306 327 322 325 317 331 322 313 308 - 322 326 321 - 333 302 319 332 300 311 318 306 315 306 332 313 318 326 326 311 336 306 - 332 315 325 - 308 303 308 338 318 325 333 337 337 324 308 325 332 329 313 304 328 330 321 310 316 308 331 333 304 306 333 322 318 320 328 311 326 304 323 329 327 320 316 331 324 336 330 338 320 335 326 336 327 335 324 320 337 332 301 318 301 323 331 327 314 306 323 309 327 314 307 334 337 323 310 317 329 307 305 336 315 309 319 314 304 323 314 309 309 329 307 - 305 322 323 330 330 310 327 336 304 327 335 309 315 316 306 300 304 - 304 306 302 301 307 - 312 319 313 310 310 316 330 334 317 333 321 307 - 319 304 329 327 315 304 302 321 337 320 338 308 301 308 320 333 313 322 308 328 326
ch 2 191 12 300 325 w p 336 332 329 313 306 301 304 300 326 315 339 310 303 302 305 308 322 336 335 324 304 329 - 339 312 303 327 318 339 317 323 314 316 314 313 324 311 338 311 337 315 309 315 328 315 334 333 314 320 315 323 320 337 310 327 304 - - - - 321 332 335 326 - 328 308 318 327 310 336 333 - 301 339 328 326 335 309 330 333 304 338 - 311 300 307 316 322 319 328 331 336 322 339 308 302 307 307 337 302 315 324 310 339 318 319 322 310 329 301 313 318 306 326 316 338 327 328 326 316 - 318 331 323 324 324 315 326 310 321 328 333 338 - 310 333 322 321 313 311 309 324 315 335 310 333 336 300 303 322 319 322 316 329 338 335 319 330 310 314 303 318 322 336 311 - 307 337 339 320 309 330 329 338 329 - 336 311 313 305 327 307 326 326 334 320 305 313 326 303
ch 2 226 14 300 325 w p 331 334 325 314 323 304 335 304 322 329 311 307 326 309 321 318 319 334 334 317 315 330 317 336 310 316 - 315 324 323 321 320 311 316 302 312 308 321 327 306 334 332 308 330 329 321 322 339 320 326 303 320 325 333 320 338 319 333 301 319 303 321 328 308 324 - 324 317 302 326 334 300 330 308 336 332 313 325 306 307 314 317 - 328 334 310 304 - 328 329 - 324 323 324 330 307 306 - 325 335 311 307 331 307 329 309 338 335 326 328 315 332 311 334 329 338 300 - 325 322 301 319 326 312 - 323 315 304 - 332 301 - 317 338 326 322 307 313 318 314 337 309 309 322 316 319 333 311 328 320 319 333 310 334 308 314 330 324 302 316 306 306 314 334 306 309 335 338 323 306 334 322 339 332 318 333 328 324 315 302 303 300 334 315 301 306 309 316 317 - 328 328 330 303 305 306 310 304 - 334 333 316 - 308 333 306 312 324 334 328 306 325 311 331 321 312 326 303 332 338 331 304 305 301 - 313
ch 2 192 15 300 339 e p 311 332 326 328 333 - 337 321 313 318 309 335 317 316 327 315 330 301 332 308 318 311 - 326 - 301 336 309 323 332 334 321 311 339 326 - 327 329 333 302 339 319 336 308 311 - 330 322 339 300 326 301 315 332 - 328 327 321 319 300 - 318 316 300 339 334 306 311 336 321 304 316 311 320 307 321 338 308 307 328 313 327 305 338 328 322 332 317 314 318 336 339 319 320 315 303 300 311 315 309 301 303 314 306 317 318 308 330 310 323 338 319 308 322 324 303 321 306 324 322 330 305 316 335 329 319 338 329 307 325 301 - 318 331 315 335 306 307 - 309 301 320 315 328 339 312 332 316 323 339 305 327 316 336 319 329 314 325 339 327 325 - 329 336 338 311 330 319 - 326 334 328 301 304 - 337 334 313 331 324 334 324 324 304 322 331 - 328 - 323 - 316
ch 2 219 10 300 325 w p - 303 324 302 306 310 325 312 305 334 338 316 332 310 316 330 329 316 336 318 319 328 309 329 301 337 327 334 322 322 309 300 322 300 303 308 313 302 310 314 332 313 309 330 325 335 305 314 302 321 334 303 - 316 322 329 306 326 304 309 321 309 318 312 313 329 318 315 301 302 320 325 321 311 309 315 321 339 324 319 339 312 - 309 321 307 - 313 329 337 327 325 303 338 320 317 302 301 316 317 330 312 337 311 321 339 328 327 339 320 307 318 302 337 339 313 315 324 333 328 321 319 332 - 320 338 334 303 301 329 331 301 305 326 337 302 303 323 306 315 309 334 312 339 300 - 327 307 302 309 317 337 - 304 329 330 306 302 333 301 314 320 - 312 335 329 323 305 312 318 337 318 338 302 309 314 304 321 316 - 309 311 321 311 335 338 332 314 325 313 324 306 334 306 - 335 303 314 310 314 325 321 302 333 335 316 305 307 304 325 337 332 319 335 326 312 333 306 325
ch 2 182 12 300 325 w p 332 300 316 331 313 314 316 330 307 307 339 301 - 319 337 306 305 330 314 - 314 328 318 307 301 - 303 317 307 302 326 310 319 314 305 303 310 301 313 - 315 305 320 317 324 306 322 304 305 323 316 310 333 311 324 324 307 332 303 313 316 329 328 - 325 337 335 314 303 333 313 303 - 309 326 333 321 335 335 332 312 305 305 307 311 306 339 339 310 302 323 306 335 336 330 337 321 322 339 331 323 321 326 323 337 308 300 306 333 316 337 300 318 313 317 329 318 319 337 303 328 308 324 309 325 326 311 300 329 327 331 - 322 323 318 308 312 325 - 335 316 333 333 321 303 321 318 322 328 329 338 337 310 339 322 - 320 317 313 328 315 312 306 301 337 334 335 301 321 - - 321 329 308 303 333 327 337 308 306 - 338
ch 2 177 11 300 325 w p 335 320 302 300 315 313 333 337 316 315 310 323 - 305 322 310 337 322 323 303 333 314 319 312 306 335 332 320 324 306 321 322 325 301 301 303 338 320 311 307 320 322 315 303 300 - 337 - 319 335 334 321 333 310 325 338 333 305 311 311 314 329 300 321 304 311 317 327 - 338 301 337 304 306 332 319 308 338 335 320 335 304 310 319 329 324 303 303 301 320 322 323 320 322 312 303 318 315 315 330 309 330 312 303 334 333 - 339 331 318 326 312 331 303 334 333 301 304 - - 332 - 316 313 300 - 305 316 302 314 327 318 330 338 316 301 309 333 338 327 314 332 310 337 331 306 313 333 324 310 327 317 304 325 327 314 325 301 322 308 320 301 312 315 320 310 328 310 302 327 309 333 301 334 337 - -
ch 2 228 12 300 339 e p 306 324 308 322 326 301 328 335 338 308 - 313 303 328 323 335 319 321 302 315 312 310 322 320 315 - 332 303 310 314 302 302 302 333 331 302 308 311 335 - 313 339 322 307 309 337 306 322 323 328 339 339 339 - - 334 320 312 318 304 305 - 326 320 325 329 311 327 309 - 332 - 315 337 328 313 307 338 308 338 308 312 317 332 306 320 322 301 338 330 311 330 330 320 307 302 338 301 324 321 315 330 312 324 325 - 322 334 322 327 321 338 332 321 333 331 305 327 317 304 317 334 309 307 300 314 315 335 333 327 315 301 300 311 338 329 303 320 319 323 303 330 - 320 307 310 322 327 319 317 313 332 311 309 333 311 308 313 324 314 314 309 338 310 333 312 323 300 316 309 335 316 311 303 332 317 335 321 337 317 - 318 302 306 327 312 336 329 318 319 323 302 335 317 337 304 309 - 321 338 312 324 309 330 312 333 330 333 302 315 339 309 329 307 319 308 314 315 331 336 315 319 324 339 338 327 321 315
ch 2 191 10 300 339 e p 331 328 - 305 333 324 319 306 324 304 319 318 337 306 302 - 327 314 314 306 317 320 318 323 313 318 339 310 310 324 303 337 - 311 - 328 326 304 328 302 331 313 320 324 308 333 313 301 303 - 303 328 328 306 317 308 330 331 320 301 327 321 325 338 309 322 307 318 308 307 339 324 304 332 328 320 321 309 329 334 305 318 313 306 306 326 300 316 337 311 331 314 336 338 308 316 323 331 331 337 331 323 313 300 310 334 318 300 301 323 - 310 334 316 309 - 313 322 318 301 320 311 - 335 333 301 309 308 321 302 309 300 300 311 - 311 306 300 317 301 325 306 313 335 330 327 313 308 309 335 307 317 - 332 305 308 334 333 318 325 332 330 312 300 306 320 325 326 320 309 334 339 323 330 314 335 304 317 305 311 302 331 301 307 319 318 311 327 319 311 326
ch 2 194 17 300 325 w p 308 313 308 312 301 325 306 320 334 325 339 321 334 339 331 306 322 331 315 307 309 328 - 339 322 303 335 314 331 313 - 335 338 330 326 333 302 336 314 308 328 309 302 301 316 338 314 300 335 - 320 315 321 303 338 309 335 338 306 317 - 332 336 320 321 326 331 337 332 309 301 307 321 327 339 305 309 317 327 320 337 317 313 339 300 311 332 321 318 336 306 310 327 329 316 301 339 330 313 333 301 - 311 319 339 - 336 316 334 337 303 303 - 331 319 - 302 - 312 324 325 - 306 328 - 305 305 329 338 311 312 332 302 325 325 338 316 314 314 327 317 322 326 308 305 331 301 309 300 300 319 320 - 326 324 315 303 331 315 303 318 300 318 322 324 304 301 - 321 323 332 321 - - 306 301 308 300 334 306 319 337 326 301 327 331 305 - 336 - 330 309 311 321
ch 2 205 17 300 339 e p 307 336 301 308 338 - 308 329 319 315 301 328 303 302 322 330 323 319 319 327 313 - 320 303 335 330 332 325 327 311 - 322 310 319 337 326 321 - 304 308 321 324 330 323 301 321 304 333 333 328 320 303 329 300 313 320 327 313 336 317 330 324 316 - 305 - 334 314 332 316 305 334 324 320 337 329 313 - 302 330 333 310 309 328 326 334 303 331 308 338 311 313 304 306 323 336 327 334 300 316 327 316 321 338 335 312 315 324 334 300 308 302 339 318 325 304 - 311 302 - 318 318 322 - 316 - 320 328 307 320 333 319 308 320 327 337 307 308 332 305 307 315 332 300 307 306 - 312 312 308 303 314 305 304 338 331 303 307 319 308 314 316 306 304 319 319 316 302 312 330 336 305 312 316 300 306 304 317 335 337 307 304 - 310 - 307 319 323 322 301 334 333 323 - 329 304 - 304 311 307 306 328 - 319 335
ch 2 228 20 300 325 w p 301 336 334 328 310 334 332 312 300 313 338 331 309 - 308 339 328 308 310 322 303 320 304 323 337 309 300 315 316 313 335 338 - 329 317 326 322 333 325 330 335 306 - 322 - - - 330 316 333 312 304 - - 329 313 332 310 306 303 322 335 - 325 312 308 328 302 332 304 302 332 317 323 329 311 338 332 325 310 325 331 336 305 310 314 318 300 324 314 308 323 337 326 301 338 330 335 330 308 302 338 316 315 324 308 307 321 310 311 300 314 316 317 336 332 330 312 330 - 321 338 318 330 312 - - 325 - 332 323 320 - 327 307 332 331 320 307 301 328 339 317 300 326 315 307 326 304 318 321 302 334 305 304 - 339 305 316 335 323 320 309 317 313 300 302 336 305 327 304 - 316 322 336 326 319 310 333 338 320 305 307 300 309 322 313 - 329 322 316 334 309 314 326 326 331 306 317 332 - 310 321 335 318 314 330 303 324 317 - 336 326 308 328 302 310 - 304 324 320 329 301 337 322 303 327 332
ch 2 208 19 300 339 e p - 334 332 309 334 337 - 337 304 - 339 301 333 318 313 - 304 303 326 336 310 323 331 331 307 334 331 330 321 303 325 308 338 308 315 300 - 330 320 306 339 312 331 322 337 309 305 - 300 300 300 314 309 331 323 325 301 337 314 316 300 309 329 300 328 306 310 - 317 302 313 305 330 327 307 322 338 314 326 304 315 308 314 337 309 330 323 330 - 300 335 309 319 306 302 316 320 324 331 311 322 333 314 318 328 - 300 320 302 - 324 - - 331 324 326 325 - 328 307 317 324 322 316 311 317 305 324 319 316 324 310 - 317 328 333 332 327 330 317 325 320 301 307 307 304 300 308 305 306 312 320 328 328 330 - 306 319 - 319 319 322 333 326 323 318 311 306 321 326 - 329 322 - 311 333 313 300 314 319 339 323 339 339 336 311 319 306 319 320 315 322 312 - 313 310 328 302 300 332 328 321 337 303 317 302 333 334
ch 2 185 11 300 325 w p 323 310 326 310 333 - 304 305 317 334 338 320 315 327 312 303 315 336 302 300 - 321 337 306 335 325 301 317 306 - 335 304 328 335 326 327 313 338 321 315 - 329 307 325 - 333 331 336 326 322 330 328 339 319 303 335 312 333 - 304 338 328 312 303 307 312 307 329 335 310 303 311 - 303 338 327 332 331 328 335 305 311 326 316 325 321 315 317 332 312 301 336 324 338 314 310 322 324 336 320 333 316 329 302 305 318 322 339 336 336 324 316 333 316 315 323 310 319 319 312 335 334 309 300 305 306 320 326 327 331 330 323 318 328 328 319 337 335 311 312 318 - 309 310 318 327 336 316 333 - 337 322 311 306 334 328 317 304 305 336 314 318 323 327 303 315 - 311 338 327 304 311 328 316 301 303 324 328 323 339 302 315 328 333 -
ch 2 213 15 300 339 e p 325 336 302 336 312 313 327 303 323 336 - 305 300 326 327 330 316 333 316 337 337 302 311 314 300 300 312 300 329 308 334 308 314 310 328 326 314 325 - 301 326 303 324 - 321 323 324 337 316 336 307 329 315 303 300 324 329 312 326 - 324 - 300 334 338 321 308 301 315 327 300 326 338 319 300 - 317 315 325 316 328 318 323 318 328 311 325 339 310 309 301 - 311 328 317 313 313 314 313 326 307 328 314 - 301 323 312 300 310 306 326 336 310 305 319 - 304 322 307 317 330 314 332 309 336 315 - 329 308 308 321 324 317 330 - 303 333 321 321 314 326 317 324 311 329 333 317 320 - 304 329 323 302 302 329 316 309 339 319 313 325 328 - 325 316 309 327 337 332 312 329 310 312 315 304 309 322 - 329 307 324 319 307 338 316 303 323 330 301 311 306 329 317 314 337 302 328 339 328 337 327 - 317 329 307 332 331 314 319 316 312 305 335
ch 2 202 20 300 325 w p - 310 306 318 323 307 325 327 334 305 330 318 328 - 308 338 339 318 - 331 335 319 323 328 - 338 306 315 326 - 330 316 314 316 315 - 331 308 328 323 313 317 - 331 329 337 322 339 303 312 308 314 339 311 331 - 324 319 311 338 320 331 311 325 322 339 307 328 311 310 325 303 334 328 314 339 - 318 332 321 302 312 300 300 - 326 - 334 311 323 304 320 338 314 301 334 321 312 - 326 334 335 338 326 318 328 326 331 326 320 313 307 - 301 306 323 325 321 304 - 333 325 309 335 328 318 321 313 302 306 - 328 336 302 - 331 332 - 327 307 326 307 327 333 316 335 325 308 322 321 337 324 331 307 323 301 311 309 328 319 - 305 312 322 315 315 318 311 302 309 307 317 308 335 335 303 - 314 328 312 313 302 311 332 334 328 339 337 337 330 318 337 301 301 304 328 304 322 302 - 329 320
ch 2 223 8 300 325 w p - 304 316 337 314 - 331 336 325 339 337 310 303 328 315 314 304 336 329 301 320 339 328 331 316 324 306 325 326 322 331 324 301 314 331 303 300 338 331 - 319 337 326 303 338 307 303 337 322 331 300 316 315 334 329 317 312 - 313 328 333 339 331 308 304 311 338 306 335 323 330 302 303 319 315 334 332 305 326 318 331 327 309 307 336 301 305 322 335 335 314 321 305 309 323 324 310 318 328 318 313 312 - 301 324 312 339 339 305 337 - 326 333 329 304 338 339 324 338 322 316 314 335 321 308 320 325 327 312 331 301 323 319 339 307 319 310 334 - 301 303 334 327 322 324 319 323 336 332 - 324 319 319 327 329 335 333 322 330 323 333 328 309 307 313 336 336 312 324 314 313 339 336 339 317 316 329 338 313 334 338 306 327 318 335 305 319 315 323 328 327 314 317 300 319 325 320 322 323 307 316 335 305 309 332 327 327 302 332 308 313 312 334 337 337 310 317 328 339 320 316 324 308
ch 2 218 18 300 325 w p 339 318 318 329 - 329 312 338 321 - 319 331 300 - 305 322 306 310 312 310 334 335 315 - 323 307 332 335 - 308 300 302 324 303 312 337 332 322 322 311 315 325 310 321 301 330 328 - 305 333 327 318 324 322 312 336 308 322 301 308 319 320 306 326 301 337 302 333 323 306 322 307 330 300 330 338 312 312 325 315 319 306 306 331 308 302 301 317 300 305 313 304 331 325 327 329 334 318 335 - 307 338 311 - 330 311 314 332 301 310 302 318 334 316 315 315 323 320 - 310 325 300 312 312 302 310 322 317 302 328 316 311 315 329 305 - 339 326 320 333 317 329 306 317 307 323 338 337 - 300 315 302 - 300 314 302 336 300 314 314 311 323 326 - 307 318 308 307 333 - - - 328 - 318 321 329 334 302 303 306 329 338 334 330 325 309 323 301 329 326 311 306 325 322 328 337 302 318 332 328 313 309 313 320 300 315 331 325 329 310 339 324 336 317 - 311 323
ch 2 229 14 300 325 w p 334 337 335 302 334 326 304 - 320 328 334 313 331 338 336 315 304 310 321 312 320 309 300 302 302 313 302 332 329 302 305 320 318 304 316 304 328 306 328 302 321 - 301 310 317 311 300 332 303 322 306 332 308 318 334 337 307 327 338 319 335 303 310 316 331 336 319 312 338 324 331 331 323 - - - 321 319 326 316 - 330 331 314 312 329 339 320 329 329 333 339 317 312 323 304 - 308 317 321 316 332 335 316 315 321 303 311 325 318 336 325 326 313 308 332 330 326 306 - 302 323 311 328 306 328 323 301 336 319 318 309 321 - - 327 319 336 311 314 312 329 338 326 321 324 310 - 304 303 305 337 313 329 309 - 310 332 324 304 305 310 313 336 315 312 333 - 315 333 331 338 329 312 301 322 334 305 328 302 323 323 328 300 332 - 309 323 303 327 319 317 302 313 313 325 336 332 301 302 322 314 307 317 313 326 328 308 338 320 315 329 323 325 323 314 338 323 330 327 329 330 335 331 317 333 326 328 312
ch 2 219 19 300 325 w p 339 332 339 313 310 314 328 318 316 310 312 311 326 308 308 327 - 317 314 301 300 333 308 300 335 332 329 316 - 326 318 325 331 - - 332 317 322 319 339 305 318 314 329 327 331 315 312 303 309 333 301 306 329 305 322 310 310 332 308 - - 320 325 308 320 320 - 300 330 314 311 304 328 318 334 337 339 319 327 335 334 312 329 303 - 319 305 310 302 322 311 338 316 328 326 308 337 321 320 311 305 308 321 303 335 331 - - - 316 328 311 322 332 303 331 307 334 - 328 339 306 336 324 323 323 335 324 312 310 308 317 335 309 336 336 337 311 314 339 316 - - 330 317 317 338 317 324 332 301 327 318 323 313 305 338 - 331 325 310 321 305 322 302 337 - 333 300 306 312 328 300 329 334 331 333 315 320 337 309 320 - 321 325 322 319 317 - 311 339 318 324 331 300 333 306 327 323 310 318 316 318 328 326 309 338 333 328 307 317 305 335 323 309 320 327 -
ch 2 173 12 300 325 w p 314 321 323 303 314 313 318 316 321 329 338 308 311 314 309 308 316 329 337 - - 308 - 319 - 319 304 308 309 330 - 301 316 327 303 331 337 314 322 315 311 303 - 332 335 337 312 315 328 331 301 336 325 320 320 327 313 332 330 314 - - 330 323 336 326 337 320 332 318 332 305 323 329 313 330 327 318 332 338 328 333 307 323 327 305 331 322 324 329 - 331 - 331 303 307 319 329 318 300 304 - 316 322 335 310 327 308 301 313 322 314 307 302 334 315 303 333 322 312 332 328 309 310 - 337 314 305 327 300 304 309 325 300 328 324 311 307 330 330 333 338 320 309 322 320 314 334 320 321 337 329 321 315 334 300 321 309 332 327 329 316 324 311 300 334 323 303 305 335 318 326 333
ch 2 200 19 300 325 w p 339 337 303 303 328 314 317 325 - 311 328 303 335 310 316 300 326 314 321 303 313 303 325 334 313 324 338 313 329 327 308 319 305 318 323 303 338 - 338 324 318 - 320 311 309 320 315 305 334 302 304 331 312 331 339 334 316 320 328 338 313 327 317 - 300 323 332 313 301 302 316 - 335 317 302 336 323 - 338 300 - 331 335 320 320 333 320 - 327 319 - 338 334 332 334 326 305 310 319 - 308 325 339 302 311 332 322 - 333 326 329 312 337 326 300 301 331 306 335 323 309 309 325 301 303 - 316 305 - 331 315 317 320 337 324 301 314 306 309 317 329 312 - - 304 300 309 317 308 329 327 316 332 306 338 330 334 305 310 320 311 338 308 326 311 305 314 324 333 - - 321 316 333 324 338 305 310 329 339 320 308 329 324 338 329 323 339 337 - 307 300 334 311 316 323 307 - 333 326
ch 2 196 12 300 339 e p 325 317 306 336 314 314 306 312 310 333 306 310 328 332 328 320 331 300 321 330 304 327 318 315 305 331 302 339 300 325 310 319 327 329 322 301 332 308 300 336 331 334 317 302 303 313 335 333 316 306 330 338 - 316 326 314 306 313 313 314 337 332 311 313 317 305 316 325 310 338 312 335 310 329 321 314 306 322 312 339 322 339 323 300 326 - 334 314 334 308 320 322 312 322 317 335 307 323 314 304 308 310 314 328 328 329 329 337 - 321 336 330 - 311 - 333 331 - 305 - 313 328 326 312 335 315 316 329 300 336 329 305 323 300 - 338 305 319 325 308 322 309 333 320 317 305 315 309 323 327 306 319 309 327 313 307 300 333 326 336 307 332 328 - 316 312 324 315 302 320 333 300 318 325 - 339 - 338 304 329 335 320 325 - 331 305 322 308 316 310 309 338 313 323 325 330
ch 2 199 17 300 325 w p 314 300 327 - 336 311 321 339 331 321 - 308 311 312 322 330 308 322 308 315 328 301 315 332 319 310 326 - 307 - 301 335 305 319 315 303 - 320 312 333 324 300 304 305 318 306 323 325 338 309 302 312 324 - 333 331 326 - 313 320 304 - 328 320 311 335 324 338 315 327 - 323 328 - 322 309 331 332 302 325 320 338 305 330 - 310 337 330 307 300 301 310 339 318 309 306 320 303 339 339 306 313 308 316 339 325 327 314 314 314 - 319 330 336 333 337 311 300 338 339 320 302 316 314 324 338 - 312 312 335 337 325 307 306 330 320 313 308 311 336 338 328 336 320 318 330 333 338 311 309 324 - 307 318 332 301 334 304 311 318 321 320 333 326 319 325 312 334 317 321 - 336 311 314 335 314 338 329 335 335 303 321 321 330 - 302 317 334 336 324 306 316 305 324 309 310 306 332 -
ch 2 204 13 300 339 e p 327 327 300 339 301 300 318 312 326 320 306 - 336 319 325 329 305 337 333 313 317 309 - 315 335 - - 333 311 326 305 331 303 307 319 308 310 - 313 310 319 301 306 328 309 318 330 321 329 338 323 334 315 318 328 312 317 300 338 314 320 303 323 304 322 324 325 309 318 320 311 311 336 326 304 316 313 339 307 301 311 326 339 308 303 320 316 312 - 302 320 330 313 304 329 306 324 339 - 320 308 332 338 320 300 325 332 309 309 310 316 326 - 310 318 312 309 312 312 338 328 339 311 311 304 - 312 335 311 322 336 303 302 307 318 302 332 310 322 323 314 - 312 339 308 - 315 303 315 303 305 330 305 329 312 301 314 333 307 338 323 337 322 313 321 321 - 304 313 318 323 311 311 323 316 328 333 308 310 312 - 323 328 322 333 314 330 302 305 301 304 330 315 331 314 338 336 313 314 334 321 308 308 304
ch 2 182 14 300 339 e p 334 339 327 327 - 338 300 309 315 - - 334 324 336 320 310 316 320 331 316 309 304 306 313 323 332 312 328 319 301 328 - 338 309 317 321 - 310 304 325 324 312 302 311 338 311 301 333 331 308 313 311 327 332 334 305 337 325 303 328 309 303 331 301 325 314 - 315 312 330 300 308 308 328 315 326 330 325 320 301 333 331 327 303 312 328 326 316 324 331 330 339 329 326 315 332 335 321 - 326 336 328 302 311 308 309 336 333 311 324 339 323 336 300 306 330 331 304 327 338 - 312 338 332 310 309 326 309 322 310 303 315 311 326 309 327 334 339 309 322 330 322 309 333 328 321 - 329 321 303 307 - 316 305 311 328 321 301 337 317 330 311 309 335 - 316 333 309 308 302 312 304 - 301 328 328 329 310 331 - 314 -
ch 2 230 17 300 339 e p 334 322 312 332 - 320 304 317 326 314 325 332 335 306 308 305 334 337 322 331 - 316 311 334 326 331 312 339 337 300 322 329 337 333 312 324 - 309 305 310 303 339 320 305 313 331 300 335 323 333 318 332 300 325 336 322 334 322 321 316 327 316 318 323 312 326 336 304 301 316 - 326 331 - 301 328 336 319 314 301 303 309 303 309 310 307 318 333 328 308 325 325 323 328 332 324 - 320 337 325 310 318 311 330 311 335 304 316 306 318 333 329 330 320 300 302 323 - 335 336 - 300 314 315 - - 335 327 312 338 - 313 302 300 301 328 327 316 317 318 312 337 321 317 307 324 318 300 311 331 306 318 314 333 316 304 321 309 320 319 316 330 303 320 336 310 313 308 317 339 319 315 315 338 - 335 308 329 320 333 332 317 315 337 - 333 309 319 334 322 316 337 323 325 302 325 329 327 335 308 338 317 308 325 330 337 - 314 - 315 314 336 328 318 316 331 - 311 312 330 332 327 337 - 329 339 318 321 324 339
ch 2 196 14 300 339 e p 315 337 323 322 301 321 316 306 323 320 315 303 317 333 300 317 311 311 307 - 327 300 321 321 300 - 335 319 324 333 - 306 307 327 305 317 326 327 328 303 305 331 309 333 306 324 301 324 321 - 339 330 339 302 306 318 310 316 - 320 327 312 - 327 316 314 301 337 333 334 313 328 306 321 324 - 307 - 334 310 - 338 304 302 318 330 336 324 334 317 302 309 308 302 335 339 335 - 316 327 327 328 328 329 328 338 - - 308 309 332 325 313 332 - 339 309 334 307 328 306 328 307 332 330 303 335 335 329 329 303 322 307 328 338 308 318 327 331 300 301 - 320 326 332 324 338 322 339 336 316 321 324 332 337 318 306 304 322 332 329 317 309 331 303 307 331 313 337 307 308 306 306 327 335 304 323 328 310 337 335 326 303 322 338 323 333 324 336 312 335 321 333 324 324 316
ch 2 181 18 300 339 e p 324 301 309 335 308 335 333 334 325 315 320 332 - 303 330 329 313 302 301 309 324 312 337 336 311 312 310 313 313 326 326 328 323 336 324 304 334 318 317 307 337 317 322 303 320 302 338 327 302 313 - 311 331 331 333 335 331 305 314 - 319 - 305 321 307 306 336 325 322 300 - 311 321 323 318 321 321 318 326 333 303 335 310 - 307 319 - - 300 312 305 312 335 325 335 323 305 325 - - 317 306 309 338 301 308 - 333 303 325 302 320 306 319 310 316 327 305 308 326 319 331 325 327 310 330 321 315 339 324 - 313 311 303 329 338 315 302 319 303 337 327 315 333 - 336 339 316 302 338 300 339 316 317 - - - 332 336 326 316 320 314 312 330 303 318 323 - 313 312 318 320 306 321 303 327 306 336 - 338
ch 2 177 10 300 339 e p 325 328 308 - 316 - 313 327 - 333 328 330 315 324 322 334 332 330 320 306 310 325 315 324 337 327 320 326 333 305 333 301 304 312 320 317 336 337 323 300 322 - 332 305 335 307 - 306 306 328 318 332 305 332 328 333 332 321 316 307 316 318 321 308 306 315 301 321 323 313 337 302 337 308 - 323 315 332 320 - 328 332 304 316 332 331 312 317 319 335 304 320 302 309 328 319 329 306 338 303 325 337 303 - 302 331 306 335 312 318 335 339 317 309 305 332 333 334 309 320 304 338 303 314 300 310 316 330 323 300 336 301 339 300 332 334 326 329 317 313 301 313 323 - 317 311 337 314 336 329 312 319 332 326 329 312 337 325 313 329 321 303 333 301 332 311 - 301 318 337 331 302 331 307 330 330 311
ch 2 178 12 300 325 w p 336 334 326 301 309 338 309 308 305 338 314 304 320 323 - 320 319 309 309 313 315 333 326 327 309 322 - 328 310 337 329 305 300 311 301 325 310 335 309 303 311 311 317 323 306 337 319 318 338 335 328 319 319 308 300 331 316 312 - 304 323 - 314 311 304 321 305 316 311 337 336 303 301 331 307 326 305 320 309 305 322 - 327 301 307 315 327 325 336 300 325 300 318 308 327 315 305 327 339 324 336 308 335 305 308 311 337 305 308 325 312 327 313 304 325 324 302 324 302 319 311 316 304 320 325 318 322 302 323 334 325 332 336 307 318 338 303 305 332 316 - 335 308 - - 309 323 - 302 316 338 - 305 339 - 321 304 306 306 322 338 327 - 334 315 300 332 335 337 313 317 331 307 331 305 321 308 301
ch 2 197 16 300 325 w p 330 330 309 334 316 315 - - 302 - 315 307 304 317 307 316 306 323 311 308 307 315 331 336 328 320 306 314 309 317 319 - 332 301 309 331 331 311 327 310 324 314 313 303 337 323 319 333 335 303 312 317 330 318 314 313 337 309 304 335 327 330 310 319 336 326 334 309 327 326 315 304 310 325 307 300 333 336 316 336 303 338 325 326 312 312 - 337 311 - 304 312 302 312 316 332 335 336 311 336 333 323 318 304 321 313 308 311 320 308 328 338 301 323 334 306 326 306 325 316 303 302 305 322 304 317 - 328 320 317 330 - 311 337 334 334 313 336 - 337 307 337 - 328 332 332 315 332 - 339 307 335 331 - 331 - 302 321 336 305 - 325 329 327 337 312 - 320 311 304 324 333 328 314 310 - 304 330 333 319 310 308 308 302 306 324 328 323 323 314 323 325 310 315 312 327 323
ch 2 179 10 300 325 w p 305 - 301 311 306 339 325 304 328 312 327 331 301 302 324 330 324 324 319 - 315 305 302 328 306 - 337 337 320 327 331 316 313 330 318 334 304 305 332 300 318 337 312 332 325 323 309 327 331 308 325 312 314 330 317 333 324 323 - 316 - 320 318 - 326 322 304 329 321 332 301 - 327 323 - 336 300 339 300 311 314 335 303 321 320 316 333 339 337 332 309 318 333 310 317 311 315 315 300 312 306 329 337 323 336 312 308 319 315 334 310 309 325 333 - 316 - 326 308 338 332 300 335 301 332 331 321 336 339 310 302 325 327 333 337 329 329 334 317 314 332 320 327 313 326 327 321 318 317 328 309 319 331 315 306 303 335 323 338 324 305 322 322 318 300 330 339 336 302 329 331 320 322 314 323 306 325 304 303
ch 2 220 13 300 339 e p 315 327 311 309 333 320 302 328 309 304 318 301 314 309 304 319 314 329 301 328 318 - 308 320 314 327 315 323 310 305 308 329 - 302 334 326 316 328 316 308 319 301 333 311 302 304 329 320 326 323 337 323 - 327 337 318 339 315 305 310 323 332 313 323 317 313 303 303 321 332 319 310 338 328 300 328 306 319 303 310 314 328 313 313 315 320 339 312 318 339 306 330 329 336 337 312 304 334 319 309 302 334 306 - 308 327 314 338 315 325 328 325 338 331 310 328 321 321 328 302 303 - 335 303 323 325 310 316 329 302 313 317 301 332 327 318 331 320 305 303 315 300 339 302 311 315 335 325 334 306 303 329 329 - 305 - 334 - 329 329 - 318 323 331 329 304 330 326 337 - 301 316 312 324 329 332 333 311 - 335 306 338 315 331 323 301 331 333 313 321 321 317 328 333 316 338 319 304 303 308 333 309 330 300 336 327 334 329 332 325 334 - 314 - 327 333 333 337 308 301
ch 2 222 15 300 339 e p 321 300 331 320 330 323 320 324 332 322 326 323 - 326 332 326 322 320 315 315 338 319 336 330 316 301 313 336 304 320 319 320 324 305 324 322 324 302 334 330 309 325 326 301 328 325 337 302 319 338 315 331 319 310 315 337 300 331 317 312 335 315 335 336 332 - 326 337 - 329 333 323 - 321 312 308 308 323 311 325 308 339 324 307 337 337 330 326 - 327 310 302 308 301 301 338 309 - 325 337 326 326 338 301 338 321 336 300 337 336 335 - 311 323 327 315 308 333 329 326 307 339 308 307 300 327 336 - 334 - 312 331 - 317 328 331 - 312 319 305 323 323 301 328 309 300 327 303 337 305 333 328 302 314 - 330 303 323 329 302 337 320 322 319 321 332 320 334 337 339 320 323 310 319 336 301 313 330 316 313 335 334 310 339 314 - 333 332 320 308 310 317 326 324 324 325 304 333 314 309 328 319 333 307 338 329 328 318 322 330 319 - 303 305 330 306 316 302 310 320 - 308
ch 2 227 17 300 339 e p 303 - 316 - 314 320 338 313 300 300 326 307 328 328 321 327 328 307 308 324 310 330 319 316 339 338 303 309 319 322 302 334 317 316 323 307 336 323 326 323 - 323 - 318 320 308 307 328 305 - 304 322 311 323 337 326 - 308 328 304 301 307 313 334 312 321 - 328 312 317 321 309 311 322 304 301 306 337 325 328 323 332 311 - 336 319 329 312 301 308 302 333 330 314 302 337 337 301 328 339 314 338 312 328 312 333 331 319 321 319 317 302 306 323 323 307 329 312 339 323 - 300 339 323 303 306 322 321 321 304 328 337 318 300 312 - 324 309 307 339 - 335 330 326 301 323 315 312 300 334 333 336 314 315 308 303 306 317 320 332 323 305 - 314 339 314 315 304 330 - 337 305 332 329 325 306 336 338 324 325 305 311 327 313 - 331 310 302 330 321 324 307 338 336 320 311 317 327 334 338 311 312 301 - 327 300 336 318 308 306 317 - 338 305 316 323 310 305 316 335 - 313 333 313 336 311 310
ch 2 195 15 300 325 w p 335 308 315 328 337 300 304 324 315 322 323 329 303 318 330 303 321 305 308 316 322 334 322 315 329 313 313 - 318 332 300 - - 309 336 337 317 336 334 328 339 323 307 306 325 306 301 319 336 325 328 334 325 - 333 303 303 315 - - 305 - 328 339 325 308 322 303 328 321 337 310 308 328 309 329 322 313 301 301 308 311 321 328 320 306 337 331 - 302 330 336 332 323 311 313 308 318 328 310 330 319 302 330 308 323 313 315 336 309 335 303 313 304 - - 316 323 308 309 310 333 334 310 325 - 339 300 330 331 332 334 315 - 338 312 308 315 327 339 328 335 313 329 327 334 305 311 334 338 321 338 313 306 339 327 319 323 301 303 323 320 317 326 325 338 305 304 309 - 333 312 306 319 - 319 326 331 329 - 320 306 331 330 306 323 317 313 332 311 329 335 309 329 319
ch 2 174 13 300 338 e p 335 325 310 312 305 303 313 323 - 327 318 331 323 321 326 309 312 313 309 319 309 324 - 315 308 331 303 332 - 329 326 - 323 303 326 323 301 - 332 318 326 311 305 318 331 337 315 338 337 307 336 333 311 303 318 326 304 321 320 303 318 310 312 312 303 329 308 316 314 304 302 319 335 333 - 337 316 - 330 316 330 301 322 333 320 308 334 329 329 318 311 325 320 323 318 - 307 312 320 305 - 330 334 314 328 307 327 325 314 318 302 334 333 307 319 300 336 326 320 - 333 - 333 302 305 330 - 304 318 312 319 317 308 319 336 312 303 310 317 328 309 332 321 331 328 307 309 328 312 305 331 306 314 325 320 322 323 322 313 309 335 321 300 308 335 327 338 306 327 - 333 332 334 318
ch 2 170 14 300 325 w p 313 326 317 336 322 305 321 325 322 331 312 316 309 - 334 326 322 321 323 330 - 338 328 338 318 319 304 311 - 332 313 312 311 332 330 - - 335 308 315 300 314 - 337 329 333 336 308 305 334 305 331 336 332 302 310 318 320 319 338 329 339 323 318 309 335 329 312 329 333 318 335 324 - 327 338 320 319 320 333 - 329 300 311 313 332 - 334 321 302 300 338 324 325 333 300 329 306 327 330 339 337 329 332 333 - 334 337 313 329 303 333 314 311 337 312 305 328 320 316 310 324 302 326 321 334 316 333 316 333 - 303 326 321 - 300 330 309 318 336 339 320 333 330 335 306 - 304 329 331 333 300 332 312 331 315 310 328 321 300 333 316 316 337 329 303 325 307 - 307
ch 2 179 9 300 339 e p 307 306 312 317 331 334 326 325 320 318 335 316 324 326 305 301 332 318 321 306 333 318 337 332 306 - 319 314 302 307 336 308 321 321 313 325 - 330 323 338 317 327 - 321 334 339 316 - 303 301 311 306 316 334 320 307 334 322 327 300 329 334 333 302 309 306 315 324 320 331 325 329 338 319 300 304 311 320 330 304 320 305 318 319 336 338 323 306 314 325 301 328 327 312 331 305 331 326 335 306 300 327 327 329 317 324 313 307 313 314 337 332 335 336 334 319 328 337 317 300 331 322 324 310 333 - 326 - - 329 307 320 303 300 326 329 315 325 306 - 305 310 334 335 302 - 318 336 313 313 338 336 314 330 311 330 309 334 319 307 320 312 301 306 308 320 322 307 336 313 313 334 302 331 339 316 309 312 302
ch 2 177 10 300 339 e p 322 - 300 326 309 329 307 302 304 315 313 328 320 301 339 314 328 320 307 312 310 328 312 310 337 305 311 339 330 328 335 320 318 301 - 304 331 326 330 338 311 323 305 328 308 330 305 323 331 333 304 - 331 310 302 339 302 323 311 312 326 323 316 - 329 337 336 311 319 309 335 329 309 302 330 335 334 303 337 309 319 313 327 313 314 - 310 308 309 308 339 316 319 320 334 329 311 335 327 314 - 318 320 307 312 338 335 323 304 315 334 309 316 321 328 327 336 328 302 327 311 323 - 313 300 319 304 322 307 311 316 300 303 312 333 308 326 331 329 339 317 330 304 338 311 300 334 330 300 311 311 333 326 - 339 326 302 319 331 337 336 324 334 323 323 305 337 321 308 309 316 - 333 330 - 307 311
ch 2 199 10 300 325 w p 334 316 321 315 314 302 - 336 319 300 316 303 313 313 310 300 321 303 318 328 301 319 334 332 302 322 317 304 304 313 331 310 311 318 314 333 317 338 - 315 304 325 - 307 307 331 328 300 312 326 312 304 339 327 310 331 334 321 334 302 332 317 303 320 328 329 320 318 317 326 322 301 323 309 314 305 320 315 322 301 310 308 316 336 315 - 321 336 301 333 303 334 305 321 303 314 332 316 309 324 - 332 326 304 322 - 313 332 300 337 326 315 324 323 331 327 322 319 323 338 319 323 323 339 301 304 307 315 314 309 326 304 316 326 329 310 336 311 320 318 331 308 311 336 332 328 311 325 333 303 327 - 301 305 335 317 331 304 304 302 312 - 328 316 306 305 339 322 302 323 315 - 327 305 313 325 329 319 306 - 313 325 307 318 300 300 304 335 332 329 325 339 338 332 336 306 319 303 311
ch 2 182 12 300 339 e p 321 338 338 315 317 311 338 327 300 339 322 311 303 329 317 312 304 319 336 329 - 335 326 326 314 315 327 310 327 308 305 320 312 312 302 307 300 313 308 324 302 314 335 337 314 - 305 329 321 320 - 331 320 331 335 324 333 322 333 - 302 307 304 327 324 317 315 322 337 313 328 300 317 303 302 312 330 309 331 316 310 326 301 332 319 315 319 303 338 334 301 312 310 312 321 310 332 318 324 307 332 329 332 305 337 307 326 322 311 339 332 301 300 314 - 306 322 329 323 320 310 301 321 306 311 329 334 327 322 311 336 330 313 334 337 317 324 307 331 - 318 - 319 311 319 316 316 306 320 318 339 331 305 336 337 332 314 322 301 333 321 319 307 316 330 - 322 317 - 326 311 - 322 - 333 333 331 302 332 324 303 -
ch 2 198 12 300 339 e p 338 317 338 337 334 - 329 306 324 334 338 317 305 307 321 312 324 310 302 323 335 310 334 307 338 311 327 303 308 332 327 300 310 304 319 302 313 325 318 305 339 310 305 306 305 322 331 309 339 - 311 328 306 - 316 326 321 336 321 313 305 - 310 311 323 318 300 307 321 309 334 330 302 316 318 307 308 316 339 316 334 326 310 325 339 312 - 329 311 320 333 329 306 315 339 316 337 325 301 329 302 - 331 - 333 306 308 307 301 308 324 307 328 - 332 306 336 310 328 314 330 316 335 335 309 313 303 339 326 304 318 338 301 320 315 318 320 323 319 304 320 326 305 326 - 339 330 318 300 317 337 324 317 302 - 318 - 313 317 339 300 330 334 312 332 326 332 319 314 - 306 331 334 319 302 312 323 319 332 314 318 328 315 308 318 316 339 308 300 337 307 336 330 319 336 337 301 324
ch 2 178 20 300 325 w p 314 334 326 312 326 - 308 313 300 - 332 315 336 304 303 313 319 304 304 333 332 307 - 318 308 317 312 327 312 318 337 339 336 - 321 307 321 324 314 325 337 333 312 314 322 302 304 339 325 302 312 311 318 306 315 313 308 324 329 307 - 331 305 - 323 316 - 311 319 308 319 312 305 324 308 300 308 301 330 338 304 305 332 - 329 - 327 311 316 322 332 334 328 313 309 332 332 - 316 308 333 337 337 322 314 325 - - 301 320 323 332 327 323 324 319 304 335 318 301 325 - 332 332 305 325 325 - 307 324 307 327 300 319 326 310 314 308 328 327 301 323 317 327 329 330 337 328 302 - 329 330 - 314 310 - 316 317 327 - 330 333 338 315 330 339 - 309 320 310 322 327 - 324 336 320 312 337
ch 2 228 18 300 325 w p 312 332 325 329 333 339 309 338 325 306 331 335 302 322 307 318 321 336 318 338 - 316 309 325 336 325 323 334 326 327 316 319 330 313 338 324 318 310 317 306 319 308 308 304 319 339 329 321 328 316 315 - 334 336 330 302 - 325 307 303 303 338 315 300 319 - - 315 334 331 336 323 337 317 336 325 316 320 331 331 330 321 300 312 327 305 325 309 306 333 - - 333 322 324 334 - 300 304 300 338 318 325 331 328 316 311 328 338 336 313 304 - 312 332 327 319 - 321 330 307 328 325 304 - 329 - 318 331 326 338 334 336 328 315 334 313 326 300 - 300 310 327 334 305 308 307 330 307 329 311 312 312 337 324 314 320 322 321 337 314 320 334 327 307 302 329 307 303 305 324 327 330 312 327 310 339 336 311 308 333 330 337 - 330 320 312 325 313 312 317 319 333 328 318 331 316 322 - 306 306 327 332 319 306 336 333 324 323 337 331 339 306 - - 328 334 333 334 302 313 308 - 316 310 321 313 330
ch 2 219 19 300 325 w p 320 313 330 306 314 339 337 336 306 323 306 337 310 331 303 339 314 326 325 300 316 324 331 300 338 319 326 336 305 329 311 320 301 306 329 321 - 330 315 305 339 320 314 337 329 - 325 308 319 329 - 334 337 302 330 303 318 329 307 318 326 305 332 331 308 312 - 331 - 327 300 306 317 327 306 306 310 334 339 - 300 323 319 307 334 337 309 301 328 334 304 336 301 339 - 306 301 - 331 310 321 301 327 320 321 339 332 329 310 312 316 306 - 329 333 333 - 334 317 315 334 338 320 332 339 318 321 - 335 301 - 309 301 317 333 333 335 311 312 330 324 325 - 312 308 317 338 309 330 324 327 328 327 313 336 331 328 321 - 300 - 338 334 315 320 315 334 332 324 319 310 313 - 331 319 319 309 317 330 325 310 321 325 323 335 336 - - 322 312 321 329 316 316 329 314 318 321 332 308 332 328 331 302 315 317 320 330 339 324 331 319 321 - 336 323 310 331 334
ch 2 210 11 300 325 w p 302 - 323 336 326 308 330 336 324 332 315 304 322 332 322 - 335 317 317 318 331 305 305 328 318 303 324 324 306 311 303 - 304 335 312 323 319 301 312 301 329 300 310 333 312 310 329 331 307 302 304 300 306 335 334 331 307 320 337 313 334 311 316 308 304 333 337 315 305 322 317 336 313 310 337 321 324 310 300 334 339 303 307 336 309 309 312 319 335 317 326 339 339 316 312 330 338 304 308 300 312 312 335 301 312 307 305 310 308 - 328 306 316 314 313 305 336 - 300 - 318 332 316 308 311 321 303 330 328 312 328 315 328 300 300 335 308 310 335 335 304 320 311 322 318 334 321 314 338 319 305 - 322 338 324 - 314 333 318 310 - 320 320 310 316 312 309 315 324 338 308 318 333 330 309 333 329 306 320 325 308 329 - 332 330 339 331 308 320 329 332 310 338 317 335 305 326 - 335 313 310 301 315 333 326 306 326 303 323 338
ch 2 201 13 300 325 w p 301 316 328 321 324 337 313 333 314 - 314 334 324 318 310 310 331 334 329 331 320 331 - 319 313 318 319 325 314 304 316 301 308 308 326 328 304 329 330 305 322 301 334 328 325 331 339 321 328 315 329 313 309 330 309 309 305 307 328 303 313 320 318 311 - - 303 333 315 330 - 311 - 314 312 301 330 318 328 339 307 320 339 336 - 300 315 324 302 331 338 329 319 323 330 332 307 332 335 310 330 315 301 320 339 317 320 306 310 309 303 320 310 322 315 335 330 336 301 332 304 311 315 305 310 319 304 329 322 324 304 337 335 - 314 - 329 304 339 330 - 337 319 336 325 308 313 338 306 301 318 306 332 - 311 335 313 314 310 322 315 335 335 307 305 312 301 327 327 302 313 334 309 318 309 314 - 328 319 314 334 336 301 336 320 - 313 308 339 318 328 325 316 316 301 325 327 326 318 326 337
ch 2 200 11 300 339 e p 305 336 332 331 306 - 301 308 302 326 331 302 301 336 318 - 330 - 321 325 313 309 307 313 321 328 320 320 315 - 306 339 304 320 325 318 316 307 302 317 339 320 322 332 308 320 337 313 336 317 331 321 300 309 333 307 310 335 320 313 303 327 317 304 312 - 319 308 313 314 307 324 327 339 - 308 318 338 322 - 331 318 301 302 327 308 323 301 300 303 317 322 314 333 328 336 313 305 336 309 338 323 318 300 300 316 310 304 304 338 319 312 325 305 332 324 308 338 300 314 321 323 305 307 332 339 323 338 314 302 - 321 305 - 329 317 330 334 322 304 311 303 312 301 338 323 330 323 316 329 333 317 304 321 302 314 319 303 307 338 325 311 303 327 322 327 314 315 312 312 - 317 334 314 321 315 315 309 300 301 326 304 322 337 - 320 329 325 314 304 317 323 321 310 306 303 304 337 327 318
ch 2 187 18 300 339 e p 317 - 305 331 324 329 302 303 327 306 339 301 300 301 321 309 310 318 337 313 301 336 324 308 311 335 325 323 332 319 - 322 330 315 331 332 - 323 337 318 313 319 319 - 323 334 321 331 332 322 301 328 301 303 309 319 321 338 306 301 - 325 301 313 320 330 - 328 303 306 324 314 336 326 324 312 328 308 321 303 306 - 307 315 - - 325 - - 314 328 304 308 - - 332 318 322 305 329 334 - 311 310 332 321 328 331 301 333 338 301 - 322 312 338 304 331 332 - 321 333 326 327 322 327 300 301 328 312 302 326 319 316 311 320 332 304 321 313 329 322 304 307 320 316 314 - 334 319 326 322 319 338 311 - 315 325 310 320 321 329 326 301 336 338 337 329 331 336 324 329 307 305 311 325 338 313 324 337 330 310 316 335 321 337 328
ch 2 211 12 300 339 e p 322 305 327 309 304 338 314 326 309 338 329 330 332 327 314 334 334 331 334 308 305 318 317 314 339 339 334 330 327 322 314 312 315 332 307 314 334 323 307 320 320 332 321 332 328 311 - 338 312 336 306 337 325 302 319 336 324 323 312 - 327 311 305 323 313 - 335 300 327 302 - 332 323 318 330 333 336 303 312 335 321 338 308 304 327 331 328 336 308 338 309 337 336 317 319 314 338 339 308 - 312 - 311 316 - 320 314 316 327 306 335 316 313 301 320 324 332 301 309 324 317 322 336 334 338 330 316 306 304 313 306 336 310 329 300 308 331 309 312 336 312 320 312 315 338 318 309 302 330 331 329 322 - 316 302 332 309 331 329 300 320 300 334 316 321 315 325 - 332 306 315 333 312 331 331 - 307 328 305 316 323 316 302 - 303 304 330 328 316 306 309 308 321 336 320 320 334 319 321 320 303 315 339 327 312 330 338 - 320 339 324
ch 2 204 24 300 325 w p 314 339 331 328 313 334 332 323 302 332 339 329 300 325 318 331 328 322 330 307 308 319 312 - 309 302 300 322 328 338 336 - - 330 337 316 311 325 304 314 - 325 - 311 324 319 328 313 336 313 309 331 - 306 305 329 334 320 327 319 326 334 302 325 - 315 315 - 335 334 302 300 337 339 - 314 321 325 328 339 301 326 339 306 322 - 304 301 308 304 323 322 327 - 337 302 - 308 337 338 334 300 336 332 332 307 331 324 302 327 - 322 316 302 329 337 327 335 332 313 - 320 319 - 314 313 - 336 308 323 338 328 302 337 313 328 321 312 320 333 314 331 311 326 305 - 301 307 332 333 - 339 300 333 - 304 319 324 316 - - 301 339 311 329 324 322 319 310 304 337 337 320 309 322 327 305 335 313 327 - 333 316 319 - 302 305 331 320 324 324 323 323 318 - 331 339 315 338 336 303 300 329 316
ch 2 209 17 300 339 e p 334 312 315 327 334 321 330 - 330 335 300 317 309 318 311 303 - 310 304 305 301 329 314 339 335 338 321 330 304 327 320 315 327 312 321 331 332 318 - 318 308 333 308 337 304 304 338 304 338 302 318 332 338 305 332 - 337 316 312 310 315 304 331 328 316 334 323 306 336 305 329 322 - 311 315 329 - 331 303 333 320 327 301 - 329 311 338 339 300 - 318 317 322 333 310 306 310 - 329 314 319 301 337 321 309 309 - 322 332 305 338 - 316 324 314 327 316 302 329 322 322 - 313 - 318 304 339 303 318 334 309 319 331 332 320 331 315 309 323 331 330 336 300 331 307 302 306 303 303 329 - 331 319 310 309 306 319 301 313 313 324 333 316 308 302 300 307 323 328 306 307 318 311 317 336 320 329 329 309 301 309 319 - 321 318 335 316 339 - 325 303 333 338 339 327 - 321 300 308 334 337 328 307 337 336 315 317 306 338
ch 2 214 13 300 339 e p 336 336 324 318 312 332 336 339 322 339 311 322 301 333 339 335 304 333 317 338 320 301 320 303 319 314 329 333 338 324 319 313 318 - 338 328 329 315 311 320 305 - 306 336 322 321 330 338 322 317 304 325 321 309 339 328 329 300 325 338 325 321 328 317 336 314 326 330 310 325 321 326 317 324 - 338 334 307 332 304 315 304 300 316 323 334 311 304 321 304 - 311 304 336 - 332 324 325 305 324 - 329 313 325 303 314 305 324 334 310 307 325 306 330 320 334 328 318 316 321 323 321 329 302 - 314 - 305 - 331 317 331 328 300 311 308 326 333 330 334 325 330 329 314 331 304 332 307 - 315 323 310 302 303 338 337 319 314 311 313 317 317 327 334 - 324 339 318 302 301 321 303 312 319 305 323 311 336 331 308 - 311 311 325 336 333 328 301 314 306 333 314 313 310 304 338 328 316 310 337 335 307 309 314 334 316 - 330 322 324 312 338 315 305
ch 2 228 15 300 325 w p 328 309 324 329 - - 326 321 - 337 319 338 305 324 337 336 320 318 326 335 334 309 335 332 309 303 - 306 323 338 324 301 316 338 310 321 328 335 324 315 315 306 312 300 319 325 317 316 336 305 303 302 311 339 316 326 310 316 328 301 324 307 330 305 325 339 335 323 315 329 328 303 327 306 323 323 308 328 339 304 331 320 333 326 316 310 309 322 328 - 324 329 323 317 - 327 311 314 310 311 314 322 332 318 308 329 323 303 303 301 324 301 308 331 323 306 303 300 335 330 313 311 332 327 315 307 333 308 317 338 - 320 - 339 332 324 317 315 310 312 312 317 307 - 324 312 305 320 326 332 300 333 317 - 334 303 331 303 321 318 321 327 320 328 322 316 - 328 317 319 301 311 326 322 331 309 322 323 325 308 321 322 - 329 303 303 302 317 323 311 308 312 327 - 302 317 300 307 308 - 334 329 332 321 314 301 339 317 330 309 306 312 334 306 305 313 300 337 326 303 - 324 336 328 306 300 331 334
ch 2 192 11 300 339 e p 316 329 312 337 333 324 323 328 302 306 328 335 309 - 325 305 335 310 334 316 300 317 300 300 304 339 300 324 306 324 320 320 333 323 325 336 310 304 331 325 309 332 323 308 319 305 321 329 338 315 320 315 320 320 320 305 336 314 312 322 333 - 331 331 310 339 339 323 - 329 325 315 300 327 318 317 319 315 315 327 318 329 330 310 328 333 332 302 329 307 323 300 323 321 334 330 302 314 332 302 323 322 314 326 302 332 321 328 331 300 327 319 320 304 - 322 315 301 307 331 305 315 336 306 304 301 320 336 - 322 337 309 308 317 325 319 330 336 300 328 322 337 308 300 315 - 335 304 337 322 314 326 318 302 337 - 322 335 311 - 316 334 333 335 326 317 326 313 333 - 325 336 303 - 310 315 301 311 333 331 313 329 327 - 311 338 315 317 319 312 327 315
ch 2 230 20 300 339 e p 315 320 321 310 306 316 337 326 311 337 328 - 302 318 329 302 337 316 307 317 317 309 328 339 314 339 - 336 321 329 306 331 327 314 338 313 - 304 318 334 328 320 314 314 321 324 317 304 322 303 335 331 - 302 317 304 308 315 334 311 - 314 318 328 318 324 322 333 305 328 330 307 331 315 316 309 310 339 339 304 - 300 - 335 319 307 - 336 337 322 322 312 300 335 304 306 - 328 302 - 325 309 304 339 332 330 322 305 324 336 333 307 308 310 336 335 302 313 - 317 309 329 302 304 338 325 321 321 320 335 305 321 332 314 300 320 338 308 319 339 330 335 337 302 329 334 321 328 333 305 339 331 333 328 305 301 324 332 308 325 304 - 302 336 306 308 330 - 339 315 325 317 313 325 304 338 331 333 320 309 324 317 324 336 326 319 334 334 315 306 321 339 316 - 319 336 310 330 - 322 326 336 335 - 318 312 337 301 332 335 300 335 339 322 317 316 - 304 317 314 - 319 312 331 313 324 - 331 - 302
ch 2 213 12 300 325 w p 320 324 - 311 339 311 303 330 321 309 330 319 312 338 308 302 312 330 315 302 331 - 305 311 308 339 333 301 315 309 - 304 333 302 309 306 329 332 305 313 303 306 327 318 308 303 320 312 321 334 309 308 323 335 332 - 321 333 301 - 313 320 327 317 302 - 332 304 333 314 332 320 328 330 317 310 334 324 335 337 337 329 337 300 334 335 315 318 338 325 310 - 304 314 335 316 316 300 313 335 311 308 302 324 320 334 309 317 331 304 325 315 307 325 332 304 320 324 306 332 325 316 321 315 320 312 323 310 305 - 327 339 316 334 310 - - 328 301 335 313 330 316 300 334 317 330 313 332 338 325 328 314 309 318 320 326 302 328 317 320 320 329 329 312 333 - 308 313 311 327 332 324 335 - 338 306 312 303 310 317 302 315 305 324 313 317 312 323 322 302 303 331 329 317 312 339 320 324 307 314 302 329 323 330 318 308 333 312 314 334 306 336
ch 2 214 16 300 325 w p 304 334 328 302 325 333 336 311 307 339 332 305 306 312 322 329 321 324 335 311 336 - 313 - 317 331 335 325 335 336 327 301 315 318 324 - - 329 334 321 304 - 311 300 320 337 339 331 317 331 337 335 319 336 323 321 317 305 319 314 330 307 334 314 305 320 326 339 322 - 317 319 331 325 339 301 330 - 339 305 303 323 322 334 300 331 312 319 334 320 319 318 338 318 304 319 315 - 329 305 333 309 330 330 304 323 316 300 327 323 321 330 319 319 323 312 - 330 308 327 326 - 318 309 321 327 320 337 302 323 307 304 318 337 308 327 303 304 321 - 339 330 335 313 319 330 326 317 335 312 302 310 300 339 335 322 311 315 332 - - 323 314 333 317 336 325 - 328 313 308 317 306 314 327 331 301 339 339 338 329 335 337 - 339 334 304 324 300 326 331 314 301 321 303 325 310 335 - 324 335 333 307 333 323 329 316 305 329 315 323 330 320 313
ch 2 175 13 300 325 w p 339 - 311 306 331 317 338 317 301 317 337 322 323 333 - 336 300 317 322 316 302 305 321 313 300 334 302 329 337 301 338 314 304 329 328 310 311 322 333 334 331 315 310 300 315 315 - 338 330 339 320 - 318 - 333 330 325 304 310 325 338 319 300 336 320 308 339 334 331 305 330 332 334 315 333 323 317 335 318 329 321 309 321 322 323 315 326 - 330 325 325 316 326 335 339 338 334 316 319 311 303 303 318 335 335 301 338 339 339 317 - 336 301 326 311 - 321 324 315 325 303 300 - 329 323 310 308 313 309 327 300 305 332 313 320 - 302 324 324 305 317 329 327 311 338 312 304 333 325 319 331 303 309 - 315 339 318 - 303 307 319 325 - 304 333 336 338 338 334 310 323 333 329 338 332
ch 2 203 21 300 339 e p 305 308 313 332 310 314 329 314 336 316 323 303 323 315 318 309 303 332 335 308 - 323 339 316 328 334 339 301 303 305 302 325 315 316 321 305 315 316 306 305 307 335 311 319 331 315 312 - 337 323 307 313 - 316 331 - 302 338 321 325 314 313 334 336 - 320 309 310 - 306 314 320 303 306 331 315 - 322 333 - - 307 312 309 337 317 311 334 317 317 330 338 329 339 - 300 309 - 325 324 330 330 314 312 - 307 312 - 331 310 325 327 339 - 302 316 314 301 329 329 308 321 336 327 307 304 316 317 - 309 302 325 - 303 337 332 334 301 339 339 301 315 336 303 309 307 308 333 319 - 317 325 334 328 310 331 319 305 334 302 333 - 316 307 - 313 327 301 312 312 327 317 302 316 315 311 319 338 326 330 325 317 332 329 - 339 339 326 301 334 331 335 330 315 334 315 300 304 308 322 - 301 317
ch 2 181 14 300 339 e p 306 - 321 338 320 317 328 314 322 331 319 337 334 313 304 301 - 336 302 314 311 337 317 303 - 322 338 328 333 322 314 337 326 321 323 314 306 335 321 318 305 305 327 335 319 - 307 334 329 329 317 302 314 311 306 310 305 311 311 - 337 339 311 332 318 303 335 309 308 325 322 328 300 328 303 324 311 319 326 314 306 304 337 333 329 336 320 332 - 310 308 322 334 303 325 324 319 - 329 318 334 - 301 324 336 317 333 307 332 331 331 331 302 303 319 302 325 330 318 311 318 323 322 329 338 333 334 309 319 334 - 307 333 317 314 326 333 321 - 318 328 324 303 301 331 302 308 314 - 311 307 331 318 - 326 316 306 330 313 323 317 - 304 308 331 321 314 319 310 338 306 330 - 319 306 325 321 301 332 310 301
ch 2 189 16 300 339 e p 328 321 303 308 316 331 315 318 304 300 313 324 312 316 336 308 313 330 315 - 332 - 335 324 - 305 329 336 336 318 309 309 338 334 - 330 327 324 334 321 317 - 301 335 319 305 304 338 329 332 320 316 308 332 317 - - 316 312 329 326 332 307 333 - 335 326 - 319 337 307 306 333 301 307 322 - 322 317 312 308 - 319 338 326 311 317 329 336 310 - 313 339 338 335 312 339 309 333 311 308 312 332 334 328 308 324 328 327 333 338 304 308 339 323 319 314 - 321 329 323 303 324 - 312 316 334 336 338 317 311 318 300 328 324 339 312 313 313 328 333 320 322 301 335 313 338 328 332 333 301 324 334 304 308 331 301 338 335 312 328 322 311 300 - 324 324 312 308 300 323 312 323 318 311 323 330 305 322 312 338 337 314 325 - 302 314 336 323
ch 2 183 20 300 325 w p 338 - 332 323 309 306 304 330 318 309 323 310 337 335 - 320 - 313 300 327 300 321 306 - 323 338 303 327 308 300 319 320 314 313 329 319 327 304 - 331 305 300 301 322 305 312 316 301 - 334 310 325 - 333 314 314 311 300 319 335 330 335 332 307 316 304 323 337 313 322 313 334 307 337 329 333 322 339 - 303 - 300 311 306 - 304 314 330 323 308 334 323 336 302 - 302 302 307 320 316 310 300 314 316 305 331 329 312 324 332 321 - 310 320 302 323 328 302 308 337 313 321 335 331 329 336 304 338 330 - 306 312 339 328 337 322 333 337 318 339 303 323 338 339 306 - 300 327 339 329 312 322 312 300 314 307 307 - 314 311 334 - 326 - 314 339 306 317 309 338 322 308 332 318 - 311 316 312 - 337 - 331 337
ch 2 203 9 300 339 e p 307 334 313 301 303 312 303 331 315 321 319 322 306 331 336 339 320 307 336 334 323 332 323 315 312 323 329 336 339 327 305 310 338 303 317 327 336 332 308 315 337 300 327 303 309 - 323 324 326 314 325 310 312 - 313 331 305 301 311 338 329 - 339 300 319 - 306 308 334 314 304 317 318 326 325 333 300 332 326 303 317 316 330 317 304 311 313 334 - 302 332 303 336 305 311 339 339 308 329 339 326 305 327 302 337 324 322 339 315 321 306 334 316 330 336 312 - 331 330 310 - 321 310 300 321 314 307 318 322 309 320 337 323 316 307 308 321 303 332 329 330 339 303 309 339 339 - 301 326 310 319 - 318 324 339 326 302 310 327 305 319 323 308 308 320 317 329 331 323 301 319 323 304 318 301 311 328 336 320 327 307 307 307 304 335 312 339 328 315 301 335 302 315 313 335 306 325 318 329 331 327 322 312
ch 2 222 14 300 339 e p 339 332 306 304 311 337 339 316 303 329 314 329 305 333 335 311 317 333 313 334 317 319 - 330 328 316 310 - - 302 338 331 304 315 319 314 307 315 324 308 324 338 314 313 328 316 334 317 325 326 316 326 321 319 320 311 - 310 333 334 334 317 314 337 307 302 338 329 319 312 314 314 313 312 - 329 333 318 - 332 311 328 - 329 309 336 329 322 336 337 316 338 320 303 316 301 337 334 321 317 311 301 334 329 336 334 300 308 313 315 324 329 321 - 317 312 319 313 316 320 326 339 333 310 338 323 311 319 308 333 309 327 305 306 327 336 303 315 - 325 314 308 331 308 303 303 318 323 - 334 318 332 - 308 319 310 306 318 321 335 321 311 311 318 338 303 329 338 302 308 - 339 314 307 316 307 - 320 309 334 318 338 322 317 309 303 335 318 313 327 333 308 322 326 332 326 335 309 334 324 334 304 329 - 324 327 300 329 334 329 337 328 338 315 333 320 337 335 317 329 318 331
ch 2 225 16 300 339 e p 317 323 317 314 318 305 329 320 314 301 321 301 330 313 336 319 319 302 304 310 306 - 335 320 313 306 303 303 333 306 322 324 - 304 333 306 337 315 328 312 - 317 339 327 332 318 315 331 318 - 310 320 309 314 337 334 308 304 332 336 304 - 313 - 303 326 315 303 304 332 339 306 326 334 309 331 319 332 317 302 325 324 327 315 332 325 - 327 308 325 306 302 324 306 333 333 336 337 314 307 - 303 301 325 315 335 - 318 311 323 338 335 309 305 - 314 308 321 311 313 321 313 302 330 337 336 328 323 307 314 310 327 328 313 304 313 322 306 335 - 313 322 328 338 315 335 321 334 307 336 335 311 300 336 321 - 322 303 320 301 323 303 309 334 324 309 303 316 333 316 306 322 313 308 306 315 332 324 310 314 331 311 317 309 318 314 304 338 305 338 324 - 323 323 313 311 310 332 329 319 339 306 325 314 - - 302 334 322 322 319 - 319 339 300 329 313 319 323 334 312 333 301 335 333
ch 2 221 21 300 325 w p 331 320 331 - 303 300 313 325 332 325 328 335 - 331 309 - 323 317 327 327 304 338 - 335 324 337 305 - 335 301 334 336 332 316 339 316 314 313 315 301 325 302 310 331 324 338 - 304 337 326 333 302 339 331 - 328 306 311 329 333 - - 326 317 307 330 325 329 323 309 312 308 308 - 324 316 321 301 300 321 311 300 337 318 312 - 306 309 329 336 314 329 - 334 314 329 316 321 335 - 323 322 314 331 330 312 307 311 303 317 304 334 307 330 323 302 306 317 302 - 318 308 308 304 338 333 324 328 339 326 309 326 315 308 333 339 316 301 313 334 313 333 - 308 311 329 338 304 332 311 303 320 330 321 - - 300 311 339 302 330 334 334 325 313 315 - 314 301 319 - 336 307 305 337 330 336 331 312 337 319 338 335 334 336 308 305 306 322 335 326 320 319 324 313 - 334 319 319 328 304 333 330 338 305 329 317 302 305 311 - 336 329 307 324 326 322 335 324 325 331
ch 2 172 12 300 325 w p 310 334 337 317 310 313 302 337 313 304 339 334 309 300 338 335 312 335 331 307 318 300 311 322 309 305 323 336 306 321 327 308 339 - 303 319 310 300 301 319 312 309 309 313 300 326 304 314 308 315 331 327 332 336 319 318 315 300 304 322 322 310 338 305 323 318 336 - 303 321 - 321 319 315 321 301 325 334 302 333 - 310 328 329 334 314 300 312 318 304 326 323 305 314 337 337 302 323 317 312 329 307 304 301 339 300 316 325 306 - 334 316 327 329 336 - - 329 331 312 309 - - 335 313 314 333 327 331 317 338 301 323 309 322 330 326 322 333 312 305 - 310 330 331 304 313 331 303 313 329 314 317 330 306 331 318 - 315 321 327 322 311 311 326 329 320 328 334 332 - 324
ch 2 229 16 300 339 e p 318 308 331 - 308 312 328 - 319 303 309 328 314 333 - 301 306 321 - 321 312 320 338 321 321 336 333 327 312 330 304 333 332 306 306 305 312 325 310 333 329 325 - 311 335 324 335 335 331 308 324 - 310 313 330 305 336 330 308 306 311 - 321 300 338 304 318 302 333 335 315 322 325 320 301 324 305 318 335 333 316 308 303 313 335 309 328 310 319 328 320 316 304 325 327 312 331 300 330 308 321 325 303 308 320 312 326 325 321 308 338 307 338 319 - 337 321 326 310 - 338 328 - 303 324 324 338 312 318 300 - 313 306 315 327 307 328 - 334 302 331 313 327 303 305 324 336 315 320 323 302 300 331 321 311 339 316 314 314 301 329 334 - 304 302 310 310 303 329 318 311 314 - 338 321 311 332 303 312 329 306 329 303 323 304 329 329 330 337 302 325 326 333 311 334 306 315 329 323 304 303 312 305 318 300 311 - 314 327 303 - 302 331 324 310 327 307 322 337 305 333 322 304 320 339 339 319 322 318
ch 2 183 16 300 325 w p 301 314 304 330 - 336 305 334 338 315 323 335 321 300 327 319 327 301 320 332 335 321 339 - 331 322 323 314 - 334 304 329 304 338 322 309 326 307 306 326 316 324 308 338 333 310 308 - 329 - 325 - - 332 328 312 314 - 332 317 - - 330 319 338 323 323 301 300 330 333 320 317 311 330 334 322 328 300 329 305 - 334 333 316 329 339 305 305 324 - 323 328 327 322 337 - 326 322 335 327 339 324 306 319 336 334 304 327 322 317 - 332 304 315 332 327 306 305 320 323 331 302 304 336 323 300 315 334 330 324 304 305 - 306 328 301 310 306 323 319 333 327 329 307 316 334 308 321 301 328 317 334 339 317 330 300 332 334 308 308 323 328 320 324 330 337 - 312 312 327 304 336 329 323 303 319 330 305 303 322 301 309
ch 2 208 18 300 339 e p 303 314 322 335 307 333 306 339 312 302 315 306 - 335 - 335 319 - 334 313 336 321 321 320 314 332 322 - 336 303 335 301 339 326 311 317 339 315 314 331 338 328 309 - 312 301 316 309 306 320 301 335 306 302 334 334 319 334 319 309 - 320 301 325 332 317 307 315 313 313 - 311 302 305 330 328 315 329 326 333 328 313 310 302 338 320 - 302 323 337 313 318 333 319 323 331 311 332 318 306 309 309 301 306 309 311 331 336 336 304 336 309 338 312 317 302 - 321 318 308 315 311 316 320 - 329 - 321 - 315 315 319 321 332 311 337 309 316 305 324 333 333 325 336 - 317 301 330 337 336 337 - 336 307 339 309 309 321 318 313 330 310 319 - 301 303 312 306 307 302 336 321 302 328 - 316 313 300 330 316 313 339 300 319 330 332 337 337 332 306 325 316 316 309 302 309 307 321 320 - 322 326 308 317 321 317 327 -
ch 2 182 15 300 339 e p 328 310 - - 305 - 311 328 313 339 316 316 312 306 316 318 335 309 320 327 319 322 331 319 309 334 304 308 334 327 335 - 333 315 307 339 318 306 328 - 320 - 337 337 309 309 305 305 310 307 308 - 326 320 312 313 336 321 327 309 332 331 323 308 330 308 - 334 328 339 320 330 305 327 318 312 327 303 339 333 321 312 303 307 - 303 304 317 315 319 300 306 322 325 324 334 320 311 302 303 319 324 329 328 322 306 319 328 315 325 - 331 336 306 321 319 311 318 - 314 334 - 333 336 324 314 326 313 318 321 315 317 314 318 310 331 314 335 307 319 332 314 311 303 314 332 - 304 321 301 317 306 335 319 - 315 315 312 328 320 306 326 - 300 312 329 318 306 314 318 335 322 327 309 310 337 330 328 316 303 324 324
ch 2 225 22 300 325 w p 310 - 315 309 304 301 317 332 300 336 316 317 312 306 335 303 336 335 315 - 335 301 318 331 318 300 318 326 306 - 337 300 337 - 329 336 317 320 315 337 315 309 328 335 311 302 - 333 - - 322 307 337 332 310 339 337 328 328 324 310 337 331 307 324 330 321 325 300 336 - 335 318 300 338 311 336 303 - 332 319 308 313 317 328 338 320 324 - 313 324 318 328 311 337 - 322 - 327 303 302 317 305 313 304 304 334 319 307 314 308 300 311 - 309 317 315 329 331 315 - 329 319 316 303 319 325 302 319 - 305 322 311 335 304 - - 300 328 331 302 331 303 300 304 316 302 316 310 324 317 320 306 326 304 336 323 307 324 310 333 327 314 326 320 324 312 332 320 338 332 - 339 315 319 309 306 313 - 336 323 337 305 324 323 301 332 335 309 313 304 304 338 321 338 318 325 317 306 - 312 327 314 305 327 338 - 301 314 302 322 310 331 301 318 318 314 327 304 338 306 - 301 325 312
ch 2 187 15 300 325 w p - 320 337 333 335 333 334 318 310 317 339 336 308 321 305 329 313 - 315 314 - 313 309 320 336 304 323 - 305 - 308 - 338 319 313 336 333 329 338 314 301 324 326 316 322 320 333 325 320 336 - 336 338 - 323 331 305 327 320 303 302 303 339 327 - 314 306 302 328 311 302 339 - 321 321 328 325 317 320 324 312 324 305 319 314 329 304 305 321 333 322 302 304 317 310 302 335 327 317 324 327 328 316 337 328 338 309 338 300 312 323 314 302 328 333 316 321 314 - 332 314 305 336 325 334 306 312 329 303 329 303 335 304 323 329 329 317 316 335 337 306 317 336 311 328 336 330 316 322 321 - 306 339 318 333 318 330 311 325 334 - 304 335 336 301 311 - 325 303 332 336 322 307 334 336 310 319 337 330 339 325 333 333 312 - 337 337
ch 2 195 23 300 325 w p 323 312 - 300 326 327 339 308 308 329 - 303 302 319 309 336 323 337 303 320 316 312 338 319 321 320 331 - 315 333 - 327 313 332 301 312 328 304 314 305 304 335 311 306 327 323 329 300 315 302 316 - 338 305 313 317 309 324 329 337 314 327 322 302 334 - 336 304 - 339 300 310 331 - 337 307 311 315 316 322 339 305 303 337 315 - 303 305 303 339 325 300 310 330 - 306 302 334 339 327 314 329 303 - 322 - 301 - 302 318 327 315 311 321 333 328 331 - 303 329 330 318 325 333 328 338 306 - 322 318 339 308 331 325 315 - 326 339 333 319 - 310 305 339 310 336 327 332 337 335 337 - 323 307 308 317 331 326 326 336 311 307 314 337 336 - 328 - - 339 319 - 332 322 308 328 334 307 334 320 307 301 - 321 308 304 303 318 316 336 334 326 328 304 334
ch 2 217 12 300 339 e p 325 304 314 308 310 311 328 331 303 300 309 303 - 323 331 306 339 308 305 338 325 319 326 307 324 338 336 309 317 322 - 314 326 332 334 311 303 305 309 320 303 310 318 329 309 309 319 332 325 325 329 310 337 318 334 339 325 334 326 317 304 326 319 316 322 300 327 336 338 314 317 310 334 319 327 331 324 310 300 331 324 319 - 323 301 - 339 327 327 305 321 306 315 309 317 301 305 308 308 332 328 320 312 323 330 301 301 315 309 337 329 332 314 302 314 325 303 320 324 324 310 322 302 306 317 326 - 308 306 338 301 331 318 332 - 312 333 334 322 332 327 303 - 331 308 339 338 331 - 318 337 303 334 331 321 324 323 337 333 319 300 329 323 313 317 331 334 315 325 313 313 319 324 308 320 332 335 326 335 302 312 320 306 325 - - 315 332 310 322 319 - 324 303 307 336 333 - 325 320 328 335 300 325 302 317 321 316 302 304 304 337 336 318 334 315 328
ch 2 200 14 300 325 w p 325 318 - 313 320 339 - 335 321 320 318 316 311 328 333 324 318 329 316 313 311 321 333 309 328 - 338 323 329 300 304 328 303 337 312 302 335 332 300 324 305 - 311 322 311 300 323 328 311 329 328 309 321 309 300 329 322 336 300 302 310 322 333 307 312 336 329 313 - 332 322 339 322 317 331 300 322 320 311 302 311 320 302 318 - 318 319 - 300 306 319 308 - 326 320 309 313 328 300 301 329 322 309 317 311 302 337 328 337 306 320 323 334 325 315 334 338 301 310 329 338 330 313 - 335 324 329 309 325 - 339 328 322 317 303 305 327 324 329 324 305 - 326 312 328 303 338 317 338 331 319 315 327 328 321 308 302 321 319 308 325 306 333 - 305 307 302 338 325 329 325 303 318 310 316 311 335 307 304 332 308 313 302 - 317 323 318 336 303 335 - 302 327 335 308 300 331 326 318 306
ch 2 201 14 300 339 e p 313 306 305 322 317 331 305 337 329 332 - 327 304 304 318 308 305 300 301 - 327 327 332 323 322 - 327 332 321 330 339 - 332 331 308 311 311 326 335 318 335 - 301 303 300 337 307 305 307 301 300 338 305 332 324 313 303 312 333 330 317 310 302 315 321 - 307 325 328 317 315 335 328 301 321 329 325 304 301 326 - 318 329 317 334 - 313 308 339 316 324 319 301 339 334 331 301 314 311 317 337 326 318 313 300 303 338 329 332 338 309 336 311 316 328 303 334 334 - 325 325 315 314 339 324 318 331 300 308 306 322 324 328 311 302 321 316 301 335 320 336 333 314 324 304 336 323 301 327 310 311 - 301 309 334 335 333 323 306 305 304 332 309 309 330 317 327 - 330 327 318 309 308 327 312 318 317 - 330 325 324 320 301 335 332 322 334 310 333 318 - 337 339 307 303 - 327 311 327 330 308
ch 2 180 9 300 339 e p 318 321 331 326 310 306 310 315 329 324 332 339 316 316 312 305 335 327 304 304 338 319 314 333 306 331 312 312 325 338 318 - 312 337 337 339 324 333 306 319 332 338 301 324 317 305 313 337 324 301 329 322 328 308 300 332 - 305 304 338 315 312 322 306 311 313 333 313 330 333 339 327 317 303 326 325 307 328 314 304 320 318 339 303 309 302 310 303 311 311 303 302 331 339 335 301 317 332 300 315 331 336 302 322 308 316 335 315 - 301 338 316 322 316 - 317 330 311 300 308 - - 327 312 323 305 - 319 335 317 317 306 329 321 329 329 338 336 317 - 312 309 309 313 322 335 314 315 322 321 308 301 333 333 327 316 333 323 319 316 320 332 303 327 - 310 317 333 321 320 301 303 330 333 319 303 324 338 328 331
ch 2 172 17 300 339 e p 327 326 311 318 332 337 332 304 302 319 316 316 339 332 310 310 320 326 328 - 339 317 331 330 329 319 331 324 327 321 308 305 315 307 304 327 313 311 303 - - 313 330 337 323 313 307 337 327 304 - 321 302 330 307 324 320 327 303 338 314 339 302 302 318 322 320 305 335 323 325 327 307 - 320 330 339 311 313 301 - 331 - 308 314 331 326 328 322 339 339 305 338 - 319 323 331 339 322 301 304 321 302 - 329 338 316 - 326 327 305 314 335 326 308 339 311 300 323 308 307 300 330 328 300 330 336 335 312 315 - 308 - 328 312 315 312 327 306 - 339 331 - 338 332 316 317 323 318 305 326 332 306 309 302 330 331 304 321 303 319 330 329 - - 338 339 316 306 - 317 330
ch 2 205 19 300 339 e p 314 - 323 312 339 330 - 323 316 312 328 318 313 324 306 316 313 324 - 327 336 329 - 319 306 324 305 323 339 311 335 311 319 337 332 326 317 324 314 309 317 324 308 330 315 310 - 325 322 305 306 - 332 314 320 339 302 300 307 331 319 334 - 316 317 339 336 - 336 305 338 329 311 336 322 303 - 324 330 323 335 320 317 338 304 328 310 - 320 - 338 311 318 316 316 313 313 301 336 320 - 337 320 - 304 337 301 330 311 331 313 325 332 319 339 309 307 308 316 311 335 330 338 308 330 301 318 - 306 308 332 304 322 334 307 302 - 320 319 310 332 311 335 313 325 - 328 338 333 303 317 316 334 320 316 304 339 311 332 329 - 318 335 311 327 329 324 314 328 - 302 336 325 320 327 336 332 331 303 324 301 302 319 304 - 321 313 328 322 334 327 302 327 324 336 321 310 335 335 325 318 302 310 335 304
ch 2 181 14 300 339 e p 318 320 338 - 316 324 305 335 332 322 314 302 333 318 334 302 319 - 317 304 336 309 331 318 328 318 319 328 307 336 338 327 322 301 332 330 - 310 319 325 330 327 321 301 314 335 322 306 - 334 316 - 311 308 309 311 300 323 339 300 339 317 316 300 336 325 321 304 328 316 320 330 317 333 317 336 316 304 321 328 316 315 304 306 323 315 300 322 - 325 333 309 301 322 317 324 318 321 322 324 323 302 334 323 318 327 339 330 328 325 317 309 316 331 304 318 302 321 326 336 - 323 309 335 325 334 338 314 329 329 - 333 315 327 306 309 332 338 304 336 313 308 324 311 328 312 309 327 317 - 317 317 332 313 316 320 337 305 312 331 338 - 331 320 319 332 325 334 312 - 305 320 - 334 333 312 - 334 - 333 330
ch 2 182 13 300 325 w p 330 339 334 337 312 - 325 329 317 306 328 335 318 322 333 317 319 335 321 329 334 326 328 312 333 308 326 308 303 309 318 301 333 316 308 305 331 320 311 326 - 300 322 331 310 311 312 303 323 335 304 312 323 324 324 311 325 336 331 315 335 322 326 335 329 324 324 328 315 337 - 301 - 307 314 - 322 319 337 312 333 305 333 338 305 316 313 301 337 320 303 304 306 308 333 - 304 334 300 308 328 316 - 305 329 307 300 322 333 329 331 307 334 309 335 302 301 323 309 301 310 - 305 332 310 305 309 325 307 315 328 - 332 330 318 315 306 309 316 308 - 331 328 325 302 303 320 335 329 322 338 305 308 314 335 314 - 315 328 300 313 328 337 320 317 309 338 323 324 302 301 324 314 313 321 - 309 308 337 311 - 326
ch 2 176 10 300 339 e p 316 311 309 318 335 304 303 323 304 319 301 302 316 - - 328 302 300 323 330 315 330 318 307 310 301 337 300 317 337 317 303 318 302 329 - 330 315 318 339 339 327 304 331 335 316 328 328 327 333 313 327 325 333 306 304 301 310 306 317 - 321 324 300 333 312 327 329 330 324 321 312 328 303 334 - 325 300 - 328 317 324 325 301 333 311 339 308 308 331 339 331 318 333 306 315 320 316 323 - 301 308 336 322 334 309 303 - 314 331 331 318 305 319 331 313 312 327 320 318 318 303 303 302 313 303 336 339 337 329 300 300 333 312 314 305 326 313 331 330 326 316 334 336 335 321 306 309 330 313 - 338 319 327 305 332 325 301 335 326 339 328 304 302 312 304 321 305 322 - 337 321 303 329 322 315
ch 2 214 13 300 339 e p 318 334 334 321 300 335 313 307 304 339 301 337 322 338 314 333 314 330 - 304 321 329 329 - 314 335 309 301 333 316 326 334 329 339 313 302 339 302 303 - 301 334 331 - 310 334 315 315 335 315 312 320 330 301 338 316 306 308 311 328 332 319 331 334 328 331 329 338 308 320 317 317 312 306 324 301 317 332 319 300 317 339 324 - 320 339 318 302 328 324 331 - 337 323 337 322 318 305 334 337 339 314 338 337 331 - 322 327 312 310 304 315 323 - 336 326 302 331 318 315 338 328 307 337 306 327 338 311 316 - 311 324 310 320 335 324 336 337 329 331 305 320 319 320 308 321 330 326 - 301 316 314 330 328 334 - 330 308 336 326 321 307 308 320 310 319 322 303 317 326 303 305 307 - 320 314 303 315 327 309 316 313 300 301 305 316 327 318 327 - 332 316 331 305 308 319 314 307 338 314 304 314 313 323 336 312 312 315 323 326 323 314 336 319
ch 2 212 18 300 339 e p - 317 314 312 303 322 311 309 308 326 335 331 317 324 303 319 308 314 306 332 301 307 305 337 325 327 - 305 - 325 338 313 302 338 310 322 331 306 316 326 334 311 304 323 322 - 303 322 300 317 303 306 321 311 312 313 307 339 337 333 314 313 329 - 328 - - - 330 332 327 336 302 322 318 - 300 315 339 326 338 317 306 319 300 327 313 339 302 315 311 - 331 310 327 - 322 301 - 325 - 307 328 317 324 315 314 307 304 330 309 320 322 322 324 333 330 334 - - 324 301 312 311 336 332 325 333 334 325 300 311 326 311 324 311 302 328 307 317 330 317 318 313 310 332 309 302 331 337 322 339 304 335 320 331 317 338 301 334 301 315 310 317 334 302 305 337 328 320 328 306 314 321 326 336 306 310 328 304 326 333 - 313 309 309 328 316 315 339 337 322 321 332 339 312 303 - 300 301 315 - 318 334 323 322 305 338 336 308 313 312
ch 2 214 18 300 339 e p 311 336 - 333 318 332 327 330 335 302 318 318 336 311 330 323 302 322 - 319 332 327 326 305 336 334 334 303 - 330 308 333 336 315 303 309 301 322 306 338 333 337 312 - 313 317 307 329 329 337 304 309 317 332 320 320 324 315 321 - 306 314 314 303 315 312 304 334 323 322 306 319 318 317 315 334 308 311 314 304 331 333 338 320 332 - 332 317 316 - 328 324 333 325 314 307 331 - 309 338 305 326 319 - 309 309 321 - 323 310 336 329 - 313 319 - 300 329 314 310 312 328 322 307 329 315 324 319 314 322 316 325 309 303 322 309 308 316 339 334 314 337 326 337 - 339 305 303 334 338 326 307 333 311 321 320 329 - 337 321 331 338 319 310 335 309 304 326 339 319 304 319 304 301 307 330 303 330 318 - 309 324 339 337 312 315 318 300 311 330 337 322 301 333 - 316 334 309 324 305 309 312 316 331 - 315 - 336 318 304 320 308 301 331
ch 2 227 9 300 339 e p 304 312 327 321 308 324 333 304 332 305 310 326 308 330 324 338 308 314 337 331 330 300 336 312 327 334 - 338 332 314 316 321 311 315 303 307 337 334 310 304 321 309 332 311 327 313 334 308 329 338 316 301 325 300 309 302 317 300 326 313 336 301 318 - 321 306 307 327 335 331 303 333 317 338 330 - 338 324 325 338 319 330 327 337 336 312 321 330 322 328 300 317 337 310 306 312 303 300 328 302 336 306 301 319 318 338 331 - 310 300 314 321 325 304 331 306 320 - 313 304 318 301 310 313 339 316 318 325 305 300 300 320 335 313 321 329 327 312 306 324 303 303 319 312 339 311 334 304 309 300 310 - 335 319 322 331 327 326 - 309 339 302 331 328 333 312 310 330 328 326 326 - 337 330 305 314 315 323 302 302 311 307 319 308 330 302 308 306 313 - 324 317 300 312 319 333 312 316 305 311 338 316 309 315 332 332 309 316 319 336 326 323 333 308 314 336 309 331 332 301 322 333 338 315 335 331 337
ch 2 172 11 300 325 w p 305 334 329 323 326 313 329 330 338 333 303 332 311 319 339 307 335 316 337 336 301 334 305 328 328 318 337 309 317 308 321 323 336 305 306 325 310 306 338 317 308 329 304 320 336 332 321 325 339 336 330 337 338 316 323 307 311 335 336 315 336 339 309 308 309 - 310 322 300 314 326 307 308 300 331 318 310 326 335 332 303 331 300 - - 311 339 311 313 329 339 315 320 334 320 301 336 336 333 - 323 330 312 334 320 302 317 320 312 319 303 307 329 328 300 302 310 308 322 302 319 305 335 300 317 337 307 323 - 334 321 326 - 333 - 337 325 333 322 309 311 321 321 303 317 320 - 316 - - 332 - 303 303 325 321 326 311 305 318 331 336 336 332 333 323 334 301 312 317 301 321
ch 2 190 8 300 325 w p 305 338 316 319 328 311 314 317 305 - 316 326 313 305 313 323 331 335 308 327 317 320 312 308 337 332 303 310 332 304 334 307 306 321 312 305 - 305 328 308 316 324 312 334 305 321 328 308 331 330 325 323 305 318 311 330 307 337 316 326 334 320 324 303 313 314 300 321 338 338 307 331 339 330 300 314 307 309 321 329 334 319 321 336 307 336 - 300 - - 321 307 338 301 313 322 300 337 326 309 304 312 330 330 303 320 308 320 336 313 312 303 331 311 333 311 301 300 330 307 333 323 337 313 302 300 324 320 339 318 317 332 312 330 326 323 326 334 338 - 312 304 330 339 324 301 - 337 322 337 312 327 309 321 302 310 310 315 317 328 - 318 311 308 304 335 332 331 305 315 320 336 318 317 326 333 314 323 318 314 321 324 321 325 339 321 311 333 336 319
ch 2 201 20 300 339 e p 318 314 324 316 338 - 325 330 305 322 332 302 330 328 308 305 333 331 - 312 314 - 339 318 316 306 337 306 302 - - 324 309 307 315 333 306 337 321 304 315 319 318 330 327 324 312 315 326 321 335 333 306 - 304 319 - 334 301 327 313 323 320 329 322 311 313 324 335 320 311 318 334 308 - 335 302 334 - 308 300 320 304 320 322 302 - 305 324 334 313 321 - 335 323 307 305 311 332 316 - 332 313 326 330 316 313 339 326 337 335 325 332 312 312 308 - 337 335 325 300 316 320 314 314 306 - 313 300 307 - - 339 303 303 305 323 328 304 302 338 307 320 313 300 338 313 310 317 333 306 326 310 322 320 330 319 336 309 320 306 335 330 319 304 327 309 316 307 - - - 335 310 317 332 300 339 335 327 313 316 327 - 332 335 336 302 307 307 338 338 339 305 308 329 320 334 310 312 338
ch 2 218 9 300 339 e p 328 324 301 314 309 339 338 326 336 324 329 322 302 335 312 328 332 309 314 314 323 318 338 314 324 323 317 318 317 318 300 306 339 314 308 313 327 333 329 329 327 311 339 321 327 - 322 316 334 322 - 320 313 312 301 315 336 315 338 321 314 312 316 312 331 314 305 316 332 300 339 318 330 304 305 325 335 321 301 307 - 308 333 327 313 316 315 337 300 334 330 303 331 332 330 320 310 334 314 307 324 332 337 307 323 339 329 307 314 330 318 311 324 319 302 - 327 328 308 314 316 323 309 337 323 316 - - 326 319 332 305 319 305 331 336 313 334 327 325 306 312 302 337 303 300 300 307 338 318 331 328 332 304 311 324 326 330 326 328 311 305 318 317 331 318 307 332 - 316 327 316 - 307 303 301 335 315 328 306 306 317 313 321 334 334 325 327 314 302 308 311 - 331 337 311 308 332 328 327 317 327 335 315 311 331 309 331 312 333 300 303 300 301 333 337 321 323
ch 2 204 14 300 339 e p 302 317 327 324 320 318 - 327 308 322 331 322 305 338 333 317 337 322 336 301 313 337 329 328 318 310 312 330 302 326 304 321 332 333 306 - 309 - 318 315 301 337 339 320 311 322 321 336 303 319 - 339 315 336 335 328 338 328 329 316 309 332 326 321 301 309 300 325 339 333 321 304 - 328 307 321 308 327 306 339 315 329 312 338 334 300 305 310 301 328 335 333 339 301 316 311 315 308 - - 319 322 301 308 319 312 330 - 335 320 328 - 335 306 329 324 332 - 322 331 335 325 314 305 322 308 301 - 330 320 338 316 307 320 329 323 304 312 310 301 301 333 324 334 315 301 327 332 331 330 309 331 308 317 307 316 331 320 306 305 316 338 330 312 320 335 - 303 324 320 - 315 320 322 306 323 324 306 314 304 - 335 304 338 300 333 319 324 328 321 314 306 318 314 330 335 313 327 307 335 305 332 312 335
ch 2 181 12 300 325 w p 333 318 308 313 320 328 325 324 303 320 305 339 334 309 335 328 326 333 327 321 334 309 313 301 332 - 327 336 338 327 303 - 313 314 337 316 328 308 339 318 300 321 303 306 312 307 310 328 336 326 312 320 323 300 312 307 313 325 321 339 329 337 303 319 339 318 336 309 312 311 309 313 338 339 320 327 318 328 - 323 317 - 322 317 322 331 339 331 315 308 303 - 335 304 338 330 307 310 326 - 329 339 304 332 315 338 334 334 315 - 304 307 325 329 327 319 339 318 336 333 332 309 323 332 - 335 326 314 310 319 318 302 328 325 320 330 306 - 329 337 323 339 306 338 302 315 324 325 315 328 333 310 - 318 310 309 325 336 321 - 327 324 322 321 328 328 - 323 311 323 306 332 339 332 338 320 334 332 314 318 327
ch 2 229 19 300 339 e p 333 326 316 329 307 - 326 336 - 307 318 300 308 307 333 339 307 318 325 - 316 320 306 320 334 - 312 317 314 328 333 319 336 320 305 328 334 307 314 - 305 330 304 332 335 332 314 310 337 333 324 338 314 300 329 336 338 329 325 307 323 313 325 309 324 318 329 305 - 313 326 333 315 302 316 305 323 304 322 331 303 310 - 304 311 333 328 323 333 338 321 312 312 320 328 - 319 317 308 321 311 336 307 318 311 334 324 314 - 301 - 315 301 335 329 326 306 316 324 300 - 333 304 309 302 310 338 337 307 - 301 310 339 332 319 317 337 305 323 306 312 - 334 309 302 308 303 322 311 - 325 308 311 338 327 328 319 322 327 339 328 302 312 308 320 300 317 316 307 - 318 - 320 301 327 305 301 308 314 335 322 333 309 325 330 326 332 302 327 301 302 325 322 324 333 307 302 322 327 320 305 - 315 - 329 303 323 325 332 312 324 319 323 305 306 331 335 327 337 - 300 337 325 307 312 315 303 308 302
ch 2 173 13 300 339 e p 313 339 323 302 317 323 319 311 332 320 326 302 312 315 306 330 317 314 313 308 303 334 302 336 326 327 - 339 316 309 305 310 324 303 306 300 311 312 324 304 338 - - 322 326 317 303 316 303 309 325 337 308 338 324 314 - - 332 330 330 302 327 329 321 328 339 321 318 332 302 331 338 303 306 329 324 339 337 308 313 337 326 314 327 327 339 - 330 300 304 302 324 301 - 305 300 326 319 320 324 - 326 313 - 325 - 331 320 337 306 301 314 322 319 331 337 303 312 330 302 308 305 308 311 318 316 337 310 302 338 308 316 319 313 302 336 307 313 314 306 338 - 302 336 301 310 319 302 322 300 326 311 320 330 - 309 309 - 331 302 329 337 337 337 308 312 320 334 334 321 320 326
ch 2 186 17 300 339 e p 332 315 334 318 307 322 307 335 315 318 307 316 300 308 331 - 312 309 331 - 310 334 313 334 307 336 306 304 338 338 307 309 308 307 317 328 303 315 332 332 326 314 323 331 331 334 330 306 308 325 338 305 321 322 329 331 331 - 319 316 312 311 - 307 339 329 303 325 304 317 326 320 303 307 332 323 326 320 334 - 320 320 310 324 311 301 338 327 317 335 326 309 335 320 336 300 - - 300 302 317 313 - 318 339 327 307 311 331 328 315 - 338 332 330 309 338 330 328 319 316 311 333 - 316 - - 336 334 334 - 314 300 324 324 316 302 313 314 337 311 327 308 324 304 337 334 319 304 319 322 - 309 317 323 330 336 - 332 326 334 306 318 320 323 327 330 339 306 315 300 331 325 329 302 300 313 - - 300 315 305 312 335 321 324
ch 2 193 15 300 339 e p 300 328 322 306 309 328 327 300 - 301 332 333 311 328 327 332 - 316 322 333 301 307 333 332 327 326 326 318 303 - 331 325 329 331 326 303 305 324 311 - 309 312 315 308 334 319 332 334 332 338 308 312 319 321 308 331 314 302 332 - 315 301 325 318 338 319 337 305 302 306 - 306 - 329 324 325 325 311 331 313 316 308 308 307 332 313 331 332 308 332 307 331 328 321 334 314 305 335 315 328 331 330 319 308 317 313 338 331 335 327 326 313 330 336 308 339 311 328 325 312 300 333 323 317 306 333 310 315 316 316 316 332 320 322 332 336 339 326 305 - 323 313 313 335 318 335 - 309 300 - 310 334 - 330 328 303 307 330 326 313 333 327 316 307 326 - 338 310 312 336 305 307 - 318 330 333 315 321 307 329 332 310 309 - 335 322 - 310 323 335 308 329 301
ch 2 228 16 300 339 e p 337 335 321 307 - 334 327 308 316 - 316 311 337 315 336 303 308 301 301 330 328 319 301 309 327 327 331 305 316 328 314 318 305 - 320 313 317 313 321 302 326 312 302 305 331 330 303 331 313 303 335 305 308 315 311 321 332 331 333 311 315 330 314 310 305 310 332 328 323 326 302 323 313 300 - 320 307 319 301 303 309 318 300 328 322 335 322 301 336 333 323 - 307 300 327 300 304 313 334 - 306 329 302 323 302 321 329 307 321 335 321 301 301 315 311 305 306 303 - 329 338 331 316 324 332 332 326 305 305 309 316 312 318 325 335 - - 301 330 328 304 321 307 328 303 337 307 337 337 312 303 330 324 336 319 323 337 - 304 328 309 315 308 310 310 322 322 309 - 326 310 301 326 324 328 318 312 309 338 324 310 - 339 307 330 - - 316 303 303 334 336 320 329 303 306 308 307 335 323 304 321 323 326 313 302 328 330 330 308 307 316 326 309 338 332 321 - 302 319 314 322 312 317 - 303 314 312
ch 2 227 20 300 339 e p 335 302 317 324 307 326 325 305 313 320 328 331 313 319 331 - 319 323 311 310 326 - 334 325 334 323 - 310 310 310 317 321 307 304 303 335 314 337 315 326 335 324 331 311 - 317 317 308 305 321 323 324 300 307 301 330 - 313 336 - 310 329 337 300 309 314 - 330 334 318 322 333 335 325 310 329 323 320 - 310 338 321 303 - 304 323 - 330 331 334 333 320 317 - 334 311 321 331 334 - 304 330 300 314 302 314 306 332 334 314 302 300 323 332 320 318 302 314 303 318 321 334 336 302 338 338 318 322 314 319 308 305 324 - 327 318 311 327 306 329 338 315 337 301 326 330 334 309 331 338 315 309 316 323 327 300 333 328 321 308 302 310 310 328 318 316 315 333 302 321 317 321 339 - 313 317 306 303 308 - 322 337 336 327 320 321 312 323 320 332 322 312 319 303 331 315 331 - 334 333 320 326 336 323 321 336 311 311 326 332 303 - 336 - 334 301 318 338 315 - 331 336 307 333 320 308 -
ch 2 200 15 300 339 e p 335 338 333 - 308 338 - 319 - 302 332 312 323 330 302 321 - - 324 324 333 310 321 322 326 302 320 336 - 302 328 301 324 325 309 315 310 - 306 329 307 318 330 314 312 316 - 310 317 316 311 307 314 324 336 316 337 338 339 319 326 302 - 338 319 330 314 305 300 311 326 335 310 335 322 312 335 318 - 327 313 319 321 333 321 302 330 306 307 335 335 313 319 330 315 - 314 311 318 322 339 312 326 320 305 318 316 323 308 310 - - 324 326 300 316 339 318 336 326 307 315 327 327 303 315 321 332 328 333 301 317 339 337 305 313 333 315 329 302 329 300 336 328 337 316 328 322 334 305 337 335 328 333 338 - 312 329 337 320 335 309 308 328 326 304 335 335 334 315 330 316 322 332 328 307 302 306 314 324 327 325 330 321 332 337 309 315 333 310 338 - 331 327 306 327 335 312 308 308
ch 2 225 18 300 339 e p 328 - 303 305 308 310 302 314 338 306 337 327 302 300 301 334 - 303 316 304 320 327 312 316 321 314 311 323 - 338 330 324 332 336 331 331 325 338 326 303 305 307 329 303 331 324 334 - 304 334 320 321 - 304 324 313 333 304 308 338 339 - 302 317 311 324 302 322 315 317 302 305 327 310 315 321 313 314 313 302 - 301 325 303 305 312 308 326 310 312 336 309 317 300 339 312 312 315 307 311 327 322 329 319 307 314 335 329 313 339 - 329 333 322 325 316 313 331 329 304 311 311 310 316 303 311 308 321 339 300 325 302 323 329 334 310 331 311 333 325 304 311 336 - 331 339 339 328 - 316 337 307 - 324 329 337 301 309 - 333 322 330 315 334 310 327 313 338 318 300 326 311 338 309 308 315 309 315 310 - 336 309 316 333 338 326 - - 311 325 329 - 335 305 326 - 338 312 332 307 308 327 315 - 314 320 304 326 321 324 339 317 319 318 329 309 313 325 309 311 304 312 327 330 313
ch 2 189 13 300 325 w p 319 317 319 337 - 316 309 334 338 329 319 323 323 335 - 309 300 318 - 313 318 330 326 317 334 300 300 308 308 335 324 304 338 309 321 312 333 303 305 317 - 338 317 302 323 324 311 339 332 307 315 302 332 313 327 316 304 328 312 324 320 323 314 324 315 - 338 307 325 314 322 320 333 338 339 - 337 316 333 316 308 302 311 328 305 321 319 338 - 317 332 - 311 318 323 304 318 329 333 303 316 328 321 327 302 314 314 325 312 - 333 335 - 311 316 318 329 327 321 338 328 320 311 303 329 330 321 314 301 301 306 325 337 322 313 327 300 306 333 314 339 317 318 306 324 312 303 303 304 303 337 327 303 332 325 316 316 320 330 327 335 311 337 310 301 - - 314 329 301 335 305 332 327 337 322 319 305 330 302 304 327 337 329 320 300 - 316 313
ch 2 203 19 300 339 e p 327 313 326 319 329 327 321 329 300 329 320 327 317 - 306 307 314 319 336 312 308 321 335 327 313 - 300 319 328 320 339 323 321 322 315 327 318 327 304 330 302 334 313 306 321 323 305 335 339 323 315 317 321 317 319 314 306 325 327 321 332 306 308 - 320 320 307 328 308 - 324 311 319 339 - 318 303 334 307 306 332 311 313 326 - - 319 331 322 329 305 306 322 331 315 310 320 - - 335 318 301 334 303 - 312 321 336 337 - - 335 339 305 307 308 316 301 325 325 328 332 331 - 306 314 302 316 319 335 - 308 329 315 329 304 300 332 321 319 331 328 334 331 315 316 329 321 311 329 305 316 318 300 338 337 313 309 300 321 313 304 334 303 336 314 322 300 - 327 327 338 327 304 305 338 - 314 327 333 326 305 325 304 301 338 313 325 306 301 334 308 - 334 - 310 309 - 332 332 319 316 302
ch 2 228 22 300 339 e p 307 331 309 306 316 304 - 313 - - 333 304 330 310 322 309 314 319 327 - - 312 300 320 339 312 332 301 336 329 318 - 323 334 - 307 316 334 318 304 302 317 333 330 303 309 306 - 327 325 314 319 336 317 315 307 - 309 308 305 319 303 327 311 324 337 302 304 317 311 317 303 304 302 302 330 318 317 302 333 307 - 323 321 318 - 318 336 321 319 324 323 326 312 326 326 331 318 320 335 339 308 306 311 314 316 335 331 320 320 316 - 308 306 326 329 305 328 334 307 323 320 323 - - 312 - 333 310 309 307 318 325 339 334 308 339 310 320 315 317 333 310 316 323 309 - 339 339 303 321 317 300 311 313 319 312 317 314 321 - 323 329 330 313 337 333 307 - 330 338 327 302 302 321 310 - 325 326 303 301 330 322 325 337 336 333 - 324 311 335 300 334 339 326 334 328 303 - 336 325 339 301 302 304 323 319 313 338 319 316 317 331 329 305 303 332 323 301 311 319 310 327 326 329 309 - 300
ch 2 219 15 300 325 w p - 309 316 321 301 313 318 328 306 329 329 322 338 329 333 300 328 335 308 304 329 300 311 314 338 319 303 324 317 314 319 314 312 336 312 312 324 318 325 300 311 336 321 - 333 335 322 301 317 312 307 304 318 336 312 320 301 318 331 312 - 311 307 312 320 308 320 300 300 330 - 311 316 314 - 319 306 - 335 308 303 300 321 324 308 339 324 302 334 334 329 327 328 333 308 330 332 311 333 322 305 308 330 329 305 317 - 325 330 335 333 300 312 324 321 - 310 329 318 339 331 302 334 - 332 332 310 333 332 334 315 320 333 304 316 309 317 - 323 336 339 336 313 311 305 331 311 324 337 338 310 327 328 324 336 326 328 315 303 - 308 - 333 313 - 314 333 323 324 301 315 330 303 324 300 311 330 328 315 337 320 321 322 - 302 303 306 335 334 329 304 319 321 318 301 316 310 314 316 336 309 318 339 309 311 313 301 324 331 303 321 305 314 320 335 315 - 300 317
ch 2 210 12 300 325 w p 339 305 314 307 332 319 332 316 337 320 336 309 306 331 313 339 306 323 339 324 329 - 308 334 330 307 302 335 320 333 337 302 307 307 330 322 326 320 308 - 339 - 335 324 - 308 315 313 310 339 303 305 336 331 303 - 308 310 325 317 305 303 306 326 306 318 329 314 318 304 333 310 305 319 309 337 305 309 306 305 322 318 307 326 316 310 326 - 305 339 312 332 313 329 306 336 329 330 332 314 332 306 304 301 - 314 317 319 302 313 315 333 302 335 304 318 301 327 305 300 322 316 322 320 325 328 320 317 304 328 339 306 312 324 330 309 300 - - 310 328 311 324 338 328 305 304 338 306 322 314 303 335 315 309 304 325 317 300 308 306 308 309 335 317 303 336 303 328 317 315 307 335 336 334 311 338 331 330 301 312 331 - 334 335 308 328 327 311 329 316 318 309 309 336 304 316 310 302 326 314 319 322 - - 304 336 306 308 316
ch 2 191 12 300 339 e p 302 327 327 327 315 304 301 329 336 328 335 332 301 320 325 311 330 327 339 317 320 324 303 322 334 314 335 336 305 339 331 314 325 317 309 301 308 306 311 306 303 331 325 332 304 334 305 312 330 314 330 318 332 334 316 302 324 326 - 327 328 322 330 305 308 303 328 307 325 - 333 301 331 328 - 303 314 322 332 - 311 306 315 317 317 302 317 301 335 330 307 313 - 302 334 328 319 - 323 335 337 337 308 - 333 - 332 321 306 304 304 317 339 330 305 - 314 309 305 339 329 313 332 315 314 319 318 302 332 328 330 319 326 331 304 303 323 313 310 334 - 338 328 325 326 320 315 337 336 315 326 327 303 322 310 312 309 319 307 339 326 327 332 - 310 300 322 328 - 308 317 303 333 337 300 317 331 336 311 304 319 329 330 316 303 317 314 321 329 331 304
ch 2 194 13 300 339 e p 301 301 302 305 313 309 327 320 300 328 334 329 321 - 321 - 323 - 327 326 317 325 325 321 305 303 338 334 314 338 304 302 305 321 306 - 318 327 306 324 328 326 321 304 338 305 331 305 339 335 312 320 310 333 303 330 320 314 306 339 310 304 327 307 316 332 315 307 325 327 313 - 315 311 - 333 337 329 322 327 339 304 304 308 305 329 300 326 326 305 302 302 313 332 308 328 301 - 321 317 304 310 327 332 319 314 330 336 - 307 327 313 303 304 333 332 323 305 334 313 301 321 327 - 318 302 304 332 308 306 306 319 330 326 334 312 320 327 323 339 324 317 322 338 323 326 - 337 323 307 306 323 - 323 327 330 318 322 - 323 319 315 307 337 324 321 319 339 335 304 304 300 304 325 - 311 321 331 308 321 302 326 306 327 300 312 317 338 310 303 305 338 313 334
ch 2 191 17 300 325 w p 300 324 317 323 338 300 325 324 308 302 305 334 310 327 337 337 320 334 311 303 324 332 303 336 310 315 337 327 300 325 316 318 - 315 - 333 - 325 310 333 308 331 301 304 312 - 319 309 - 302 339 313 301 - 303 317 312 333 307 303 321 301 331 314 321 336 311 316 310 304 309 334 310 325 304 330 323 336 303 319 315 309 331 332 314 338 301 330 - 307 333 320 317 339 326 301 300 - 334 327 300 324 324 333 317 324 339 319 - 328 306 313 332 337 336 335 338 337 334 305 333 303 306 311 310 312 306 312 324 318 - 305 321 318 337 308 338 337 302 321 337 306 322 339 305 - 306 335 314 318 333 310 310 315 306 - 320 315 310 - 311 318 324 311 303 308 318 303 306 308 336 315 - 301 - 329 339 314 334 302 336 - 335 334 330 312 319 322 325 325 -
ch 2 202 7 300 325 w p 306 302 320 320 337 331 308 337 318 321 300 311 320 304 327 304 327 327 322 326 321 326 321 329 323 334 305 337 311 - 327 314 323 306 307 327 325 304 300 307 339 320 300 334 309 308 313 307 326 312 322 304 303 339 303 308 337 309 306 316 306 315 319 - 321 331 317 305 - 332 328 303 315 305 327 307 337 316 314 302 323 325 339 326 327 331 317 338 304 303 309 305 319 338 317 324 328 300 333 327 333 339 302 303 338 313 316 316 323 330 338 322 332 321 326 300 332 317 308 315 302 320 327 309 338 301 308 - 323 329 333 312 306 320 336 326 316 334 308 307 307 331 337 302 302 336 307 300 311 - 304 308 331 303 321 322 318 338 314 320 312 335 300 319 318 326 322 338 320 331 306 304 305 313 317 316 329 332 309 - 309 304 - 322 317 325 324 334 337 332 313 310 339 301 316 313 323 307 329 328 316 315
ch 2 219 27 300 325 w p 306 306 301 330 331 339 325 330 - 336 320 - - 302 305 303 332 335 334 300 304 300 - 318 301 305 300 338 331 322 306 339 318 302 330 313 333 336 324 329 - 330 303 304 306 316 336 313 322 302 301 316 313 331 336 338 338 318 308 - - 333 - 335 332 313 329 316 311 339 317 310 311 - - - 300 336 - 303 306 316 - 303 335 324 306 305 310 335 - - 309 327 321 319 325 308 334 319 - 339 324 - 334 316 305 325 323 318 305 330 317 311 322 317 307 327 - 304 - 324 336 339 302 326 329 324 339 309 318 320 313 324 322 332 324 319 324 304 332 320 315 315 - 323 338 324 305 331 309 333 324 - 315 314 329 327 316 326 312 331 303 - 332 323 304 324 316 325 304 320 328 326 336 317 316 303 322 309 331 305 300 316 317 303 315 300 - - 339 321 301 300 312 309 321 311 - 317 329 329 314 312 - 333 334 314 300 300 312 336 308 328 337 321 - 311 314
ch 2 203 17 300 325 w p 320 331 310 308 333 327 307 339 320 334 337 316 339 316 303 339 335 309 308 301 312 304 305 316 313 312 307 331 304 300 330 335 332 318 324 339 301 318 334 305 310 331 316 336 335 317 316 305 332 335 320 334 324 314 335 - 314 315 336 337 317 305 332 302 312 318 307 330 311 315 320 315 - 314 301 329 303 318 - 304 - 337 327 309 335 339 316 300 321 327 332 - 309 323 - 329 331 - 307 324 336 313 - 315 319 322 333 306 - 335 330 321 307 319 306 335 314 302 325 338 331 320 321 336 321 310 305 304 336 303 322 303 335 327 329 332 304 338 326 336 315 311 339 324 310 315 327 317 315 - 329 312 324 302 326 333 333 - 329 329 305 302 - 312 315 304 - 326 335 332 302 325 303 328 - 309 320 313 319 - - 323 318 308 311 320 331 309 324 301 333 328 301 317 325 317 327 - 327 326 310 312 330
ch 2 179 8 300 339 e p 331 317 331 331 308 328 328 312 330 326 331 303 307 331 303 336 337 328 324 - 329 336 314 308 324 313 316 337 300 331 320 334 329 334 333 325 321 317 305 316 327 318 308 323 319 334 312 338 302 339 331 309 304 312 336 317 301 334 333 330 323 329 321 306 302 326 328 311 305 334 303 313 308 309 309 337 331 317 303 - 314 - 309 308 - 335 317 322 336 316 330 332 308 318 330 327 302 337 310 - 304 326 305 302 329 330 338 318 326 300 310 313 338 318 - 330 310 325 313 327 300 327 302 304 324 335 321 310 308 339 308 321 334 329 303 320 315 306 306 334 322 321 330 330 328 324 330 319 300 325 - 317 304 325 307 318 334 309 310 325 335 320 319 301 320 319 321 332 334 - 312 320 323 302 338 311 327 302 307
ch 2 179 7 300 339 e p 301 333 323 310 310 338 333 318 302 319 325 318 327 335 333 - 309 318 300 327 336 305 320 319 325 323 314 302 - 310 335 328 323 329 316 304 332 329 305 339 300 311 333 311 312 336 329 317 333 317 - 338 - 315 309 312 333 309 318 326 322 - 334 - 307 328 327 306 302 329 329 327 300 326 325 328 313 330 313 308 326 328 315 318 308 300 335 335 324 325 312 303 321 339 311 307 334 319 327 315 316 325 308 335 335 313 303 304 333 317 339 338 306 327 306 311 338 311 325 337 333 - 332 333 326 310 312 339 307 310 326 331 318 307 338 335 328 330 322 334 318 322 325 300 325 301 313 333 330 331 322 303 319 338 337 310 326 332 334 303 339 328 339 325 326 332 336 332 304 322 337 335 336 327 307 321 331 301 333
ch 2 204 16 300 339 e p 303 316 310 329 334 326 305 322 315 316 319 - 327 322 315 - 313 320 331 324 327 316 325 314 312 324 307 - 321 323 327 333 317 319 326 322 335 336 321 303 312 305 314 305 319 314 338 322 331 304 326 317 324 310 302 312 - 316 - 310 338 329 313 304 333 326 327 317 301 332 334 326 302 318 321 307 331 336 312 323 300 309 327 307 300 311 330 304 325 330 326 321 303 300 - 310 319 303 - 324 314 301 313 317 - 334 309 306 337 300 328 318 333 312 310 339 324 - 317 321 311 326 331 313 - 335 324 313 311 321 306 312 330 328 - 327 339 319 306 - 305 335 339 328 320 302 318 - 317 321 326 328 329 306 336 316 - 332 312 311 305 301 337 317 337 308 327 307 318 315 306 329 - 337 305 300 338 323 334 305 311 314 338 - 334 305 302 339 320 336 338 309 319 323 334 333 336 330 323 310 304 301 330 311
ch 2 202 17 300 339 e p 322 337 321 323 325 314 312 332 303 319 335 313 338 311 322 338 326 316 332 311 322 317 315 319 308 315 319 - 307 310 314 323 331 334 314 338 339 310 314 322 318 308 332 326 - 300 308 - 325 328 314 305 311 - 301 - 307 329 306 324 332 319 328 305 306 - - 317 339 317 309 322 325 322 300 336 - 303 309 306 337 339 316 325 - 331 324 335 315 321 307 300 320 302 334 320 329 331 321 325 306 333 - 329 334 305 329 338 319 333 311 328 - 322 324 338 314 - 337 339 300 328 336 311 319 - 312 319 308 304 325 302 302 307 311 335 336 - 317 316 302 313 302 321 334 311 309 318 328 316 333 315 331 334 329 339 337 318 307 319 - 326 336 322 320 331 333 313 303 303 300 319 328 305 300 311 300 309 327 331 322 332 316 320 313 336 330 303 335 335 325 337 - 302 331 326 - 320 319 335 331 300
ch 2 174 14 300 339 e p 321 325 306 339 334 330 335 321 335 333 331 337 315 318 334 300 314 308 339 332 336 317 327 325 327 321 338 317 325 313 336 300 337 319 300 301 318 321 326 336 324 322 332 328 330 - 336 302 300 337 324 319 325 332 317 336 324 331 338 327 323 313 320 302 - 304 325 329 307 303 302 - 303 303 - 334 300 319 - 323 303 323 326 - 306 317 319 318 304 305 - 314 312 304 324 322 326 335 334 329 332 304 301 317 313 339 304 327 304 325 308 313 310 335 339 333 330 311 338 307 336 308 327 318 314 320 - 306 329 304 314 307 339 331 312 315 317 312 332 320 310 310 338 330 - 337 335 333 325 320 334 321 321 311 - 318 318 301 307 310 320 - 318 323 329 - - 303 326 324 322 310 - 305
ch 2 224 15 300 339 e p 337 301 - 335 337 331 307 315 327 324 - - 308 332 325 307 330 324 307 335 310 334 308 314 330 314 308 304 313 311 319 304 303 317 329 316 313 314 324 332 311 301 304 318 315 322 314 334 331 305 328 306 329 336 328 314 324 310 - 333 339 334 318 311 313 319 312 313 308 - 300 325 316 - 311 316 332 324 305 322 325 303 303 301 302 333 301 319 326 326 331 301 329 338 - 314 328 308 331 319 316 311 - 310 337 306 316 302 336 316 308 302 339 321 309 312 310 307 333 319 313 322 311 338 316 306 302 332 331 300 317 329 308 326 339 336 332 318 330 337 333 332 338 314 335 337 303 - 307 300 318 331 320 305 328 318 337 333 307 303 316 - 314 332 326 314 300 325 - 325 311 317 300 315 305 319 321 333 335 307 310 334 - 313 317 313 322 334 305 305 328 321 302 316 338 318 - 303 309 313 301 303 335 326 338 338 310 307 - 334 - 323 324 334 307 318 322 327 311 303 331 303 313 327
ch 2 211 12 300 339 e p 335 308 313 314 338 337 - 314 313 330 - 319 308 336 330 331 333 313 304 - 319 337 330 322 300 338 331 334 335 303 - 302 324 313 333 307 317 311 336 315 326 335 337 322 338 338 305 301 311 311 334 335 326 307 321 318 323 304 315 322 317 321 331 317 329 322 320 300 336 325 319 308 302 311 339 313 314 313 332 333 300 331 334 339 320 325 337 327 321 336 306 322 329 333 311 335 323 314 338 302 - 322 304 326 301 309 330 331 336 324 325 311 301 304 304 323 324 314 313 300 320 300 330 326 - 328 301 338 312 305 334 305 334 333 334 325 336 338 301 308 339 318 315 307 308 303 328 318 300 322 310 308 311 304 339 - 325 310 320 313 300 301 306 300 338 336 300 300 325 325 309 311 317 - 327 322 339 302 335 303 301 324 310 336 - 339 300 - 320 324 300 300 334 - 307 312 308 305 317 313 312 324 311 310 321 333 - 334 307 328 316
ch 2 205 12 300 325 w p 329 337 318 333 - 336 305 338 303 332 325 319 328 300 317 337 329 329 305 323 338 331 308 309 308 326 334 308 338 307 325 315 305 328 322 - 319 331 304 336 312 328 332 320 315 300 317 330 317 331 300 - 329 328 324 - 323 336 305 334 322 338 328 300 306 317 306 328 337 300 - 309 323 321 - 315 311 318 303 305 304 303 310 324 300 - 303 333 339 321 - 327 304 301 310 320 302 319 316 328 301 308 312 305 330 323 313 324 318 336 323 308 315 330 305 325 319 316 321 311 317 332 331 326 312 319 314 311 330 - 317 310 317 315 314 333 317 - - 312 320 311 308 316 318 309 322 306 302 323 331 312 316 303 311 306 307 306 329 325 311 313 313 - 316 325 309 315 323 302 337 317 339 320 309 314 330 323 313 323 320 330 310 324 322 319 302 332 321 324 320 327 306 328 306 339 313 333 311 308 308 335 309 316 317
ch 2 192 14 300 339 e p 318 311 323 331 325 327 307 331 315 338 310 327 338 322 302 335 331 335 315 302 316 332 300 305 321 314 319 313 315 312 327 336 - 333 302 314 301 337 314 318 315 305 327 315 321 339 301 301 - 326 312 301 301 303 325 330 322 327 338 318 304 - 314 325 303 311 335 - 318 319 319 - 323 323 326 316 307 316 333 339 317 325 335 322 303 - 336 318 303 - 308 315 300 - 307 304 305 303 315 331 307 303 333 310 332 312 316 317 319 335 323 307 339 302 313 327 317 325 - 322 305 306 332 334 330 315 328 308 309 319 332 319 318 305 339 328 331 336 318 - - 332 317 311 - 317 304 307 338 328 321 337 327 328 307 329 322 314 319 325 319 332 316 322 324 328 324 305 - 330 319 334 324 329 333 309 331 338 321 327 - 305 323 320 315 302 314 324 337 324 301 328
ch 2 229 16 300 339 e p 319 334 326 - 317 305 310 335 337 312 332 310 335 337 327 337 301 305 308 312 339 322 323 324 326 331 314 304 324 305 330 300 338 325 310 314 330 332 305 314 305 307 333 332 334 306 339 333 - 329 311 300 305 325 307 - 304 334 312 316 330 324 332 318 319 323 334 335 336 332 314 315 301 319 325 333 309 324 338 - 309 331 310 309 315 302 318 323 334 333 338 324 324 312 321 - - 318 321 325 - 322 318 304 - 333 335 327 310 315 325 303 313 324 324 306 327 320 311 300 335 337 300 327 331 304 332 316 325 305 325 304 332 324 327 - 310 329 335 331 309 322 327 317 300 320 308 - 331 304 335 334 321 314 327 325 339 322 322 336 328 308 333 315 334 317 316 328 327 328 325 330 339 324 305 313 324 309 320 337 326 301 300 310 313 302 315 306 - 315 339 - 312 322 329 300 306 301 334 322 326 339 337 - 310 336 300 329 334 302 303 - 325 319 310 324 317 311 - 334 337 301 311 339 308 313 314 - 304
ch 2 191 18 300 325 w p 320 327 319 301 304 333 301 316 327 325 - 307 338 319 312 311 315 326 334 305 306 306 303 314 336 304 338 322 314 316 - 328 321 323 323 337 - 303 330 319 324 333 302 316 329 - 331 304 316 318 317 308 338 306 304 320 - 300 - 313 314 311 322 307 309 321 339 307 326 313 339 - 316 317 309 309 333 315 302 328 319 320 319 306 325 333 328 305 325 304 330 328 308 303 311 323 - 335 325 309 - 317 323 332 303 313 327 313 336 333 316 336 339 303 323 300 303 316 338 - 328 330 302 - 322 304 329 309 308 315 326 310 - 321 327 327 305 308 339 302 301 316 309 334 308 300 337 337 321 320 334 319 338 311 328 332 332 310 333 324 324 - 333 306 317 - 337 309 310 328 - 311 308 - 311 326 312 338 - 322 335 335 336 301 321 - 316 333 302 325 316
ch 2 218 13 300 325 w p 334 310 310 322 321 331 302 320 310 319 308 - 300 336 326 320 308 330 303 308 309 304 320 331 319 316 327 310 317 310 300 336 322 311 311 335 309 322 313 309 300 304 339 321 324 328 320 338 - 300 315 326 328 303 316 336 338 336 - 301 308 318 314 301 331 333 325 334 - 338 311 332 311 305 317 321 310 338 321 312 329 310 336 302 317 326 317 330 326 304 326 300 331 308 327 301 328 315 300 310 300 303 306 - 324 336 336 306 301 338 319 330 300 307 334 307 315 312 312 325 309 318 - 315 306 305 336 321 335 332 324 336 331 311 319 321 332 305 329 336 331 326 311 334 307 334 309 - 309 318 333 327 308 338 330 327 312 337 307 305 333 - 324 318 333 321 315 - 310 302 303 325 319 320 - 337 322 - 323 316 304 313 308 312 310 316 305 329 306 313 338 339 331 320 319 304 320 330 310 - - 301 320 339 339 328 334 323 332 316 321 312 304 322 306 334 308 322
ch 2 184 10 300 325 w p 322 335 330 327 330 318 315 306 313 - 335 315 310 313 332 325 330 331 330 335 309 300 330 319 321 330 318 313 - 309 301 311 321 330 308 307 338 338 314 312 304 305 322 306 321 309 337 306 328 307 319 324 - 323 328 322 323 306 312 313 334 310 322 301 304 338 329 316 331 327 317 312 339 311 337 313 333 - 319 336 313 329 330 337 327 325 339 331 303 300 305 320 328 - 306 310 331 324 338 332 336 327 315 - 337 304 326 316 323 323 323 330 332 338 336 325 330 315 323 308 337 - 337 313 316 322 322 331 332 309 333 326 317 317 - - 313 314 333 312 323 335 331 319 332 338 308 319 307 329 323 322 310 335 336 330 335 313 326 329 308 331 331 330 318 330 308 - 319 303 324 336 308 325 339 312 313 307 330 311 334 330 312 304
ch 2 172 15 300 325 w p 300 302 326 328 - 300 307 322 318 319 338 339 322 311 309 - 334 306 308 - 304 313 314 309 312 313 - 324 337 321 - 326 314 334 337 325 319 332 328 334 331 324 300 333 321 324 - 327 - 311 330 323 338 303 - 326 314 338 328 309 331 300 307 333 333 317 336 318 327 312 - 313 328 338 309 312 320 338 301 322 303 323 333 307 312 337 324 304 311 313 333 325 335 322 337 304 313 305 338 301 301 339 316 317 300 331 304 318 335 311 303 327 331 332 329 322 305 314 339 335 323 303 328 331 338 332 314 334 - 337 300 305 300 319 319 311 304 - 333 333 339 - 337 329 300 334 308 329 331 303 311 314 - 314 320 339 301 327 305 334 330 302 - 337 330 300 306 334 - 302 326 323
ch 2 179 13 300 339 e p 308 300 313 300 309 314 325 306 323 339 312 317 319 330 300 330 319 335 327 326 - 311 313 310 302 305 326 - 323 318 311 338 313 - 326 303 339 314 300 334 313 305 306 334 305 311 320 335 331 310 329 339 310 316 307 336 317 310 332 317 312 316 307 305 313 308 322 311 307 331 325 311 321 309 326 - 329 324 338 - 339 333 - - 327 301 - 318 334 337 325 318 326 334 303 331 315 318 337 311 335 324 318 - 330 302 321 318 300 316 324 316 332 302 314 330 321 328 336 303 - 312 337 332 316 339 - 310 328 332 313 319 335 312 338 322 312 300 309 320 314 315 333 308 324 316 324 311 316 331 324 313 335 310 325 338 301 326 303 320 329 333 311 317 302 - 324 321 338 330 323 328 302 - 338 330 307 305 319
ch 2 199 9 300 325 w p 310 - 302 301 302 303 325 324 328 331 322 328 312 329 306 332 - 313 318 327 325 327 335 310 300 - 302 333 305 318 314 315 319 311 323 304 335 320 331 303 301 312 311 331 303 338 306 312 318 332 316 317 334 334 327 334 316 314 302 322 319 305 325 316 319 303 333 306 313 325 316 323 303 314 306 305 324 338 318 305 305 300 322 313 304 326 331 325 312 300 302 301 309 329 302 303 330 333 335 336 321 303 301 328 319 - 328 332 315 300 302 308 339 - 335 326 323 332 334 327 309 322 331 324 306 304 339 304 315 313 322 300 325 300 336 301 320 325 315 303 312 332 309 312 320 319 310 301 327 - 313 337 317 329 339 307 333 331 326 - 312 304 307 316 316 320 320 - 309 306 330 - 319 335 309 302 316 312 303 335 336 309 326 320 331 305 304 309 335 309 309 310 326 319 336 312 316 329 322
ch 2 208 10 300 339 e p 313 316 316 334 326 317 317 303 322 300 311 313 303 324 306 338 334 325 333 313 327 337 303 310 323 332 333 304 326 307 318 301 - 339 332 - 300 327 339 313 339 314 308 328 320 313 310 320 308 334 336 323 318 336 324 333 303 336 332 317 336 - 334 322 328 319 332 310 317 322 307 317 331 311 319 312 338 316 308 - 319 312 315 334 339 324 331 314 305 319 - 324 300 305 303 300 309 306 335 - 300 306 308 339 331 304 321 325 315 327 334 312 311 300 309 333 305 314 315 307 316 319 - 302 305 338 320 323 331 - 329 302 323 322 323 329 321 329 324 334 307 320 325 319 300 334 317 311 327 315 335 300 301 326 324 327 332 327 323 322 300 - 320 334 311 329 336 330 321 309 324 300 305 300 338 322 322 329 333 330 324 307 315 335 330 306 300 333 324 319 327 304 335 311 334 305 316 318 327 307 302 314 303 306 309 321 315 -
ch 2 177 13 300 339 e p 329 333 317 319 321 - 319 313 317 327 326 301 333 325 - - 337 309 338 334 308 - 313 307 306 305 301 - 301 332 312 - 335 314 300 304 327 308 304 336 305 306 329 305 305 332 333 308 322 334 320 339 320 330 333 329 336 332 307 325 318 312 337 320 334 313 317 313 311 338 338 316 317 310 335 329 329 317 305 318 332 - 309 325 331 303 329 336 307 321 303 324 338 302 313 - 308 319 310 326 333 323 332 303 300 327 316 306 310 334 311 302 315 310 334 327 322 315 - 334 312 325 319 323 339 - 329 327 332 328 303 317 300 312 313 302 - 322 332 - 333 300 339 301 309 320 336 329 337 326 317 336 325 326 338 329 326 318 311 305 301 307 333 320 339 333 325 309 310 327 321 - 329 336 327 303 303
ch 2 175 15 300 339 e p 321 305 308 321 308 317 307 - 313 320 306 300 307 307 319 321 316 330 306 328 318 324 - 331 - 317 323 333 311 303 - 335 - 317 328 339 318 319 - 319 332 317 320 335 305 331 - 301 - 312 300 - 301 302 310 333 334 336 313 339 319 316 317 322 322 318 309 312 324 304 321 333 304 335 303 329 304 320 318 303 330 335 308 317 308 315 309 306 339 339 321 330 338 320 315 318 324 311 334 313 317 307 331 316 - 311 301 301 303 319 313 305 316 326 337 323 309 314 327 336 - - 314 334 324 313 323 338 325 321 306 337 324 315 330 314 307 301 310 331 327 337 322 305 324 337 330 318 324 326 - 339 336 319 332 300 316 339 332 315 316 318 306 318 326 320 328 311 339 330 - 305 319 308 -
ch 2 225 11 300 339 e p 330 - 332 322 325 310 - 323 310 309 334 330 337 301 305 320 311 318 318 306 324 308 336 303 312 335 315 322 314 324 304 313 - - 304 311 325 315 323 302 329 335 318 310 302 308 333 324 318 307 319 321 326 - 329 328 331 339 339 322 334 333 300 304 301 327 325 312 316 317 326 329 331 332 329 316 311 326 329 306 - 337 329 304 325 318 337 339 333 330 308 312 311 326 309 317 300 328 314 306 334 331 326 326 310 312 312 305 308 311 307 332 313 302 302 306 333 323 302 328 328 331 323 306 316 318 317 316 315 314 - 302 334 312 318 314 331 304 306 333 - 330 326 315 308 336 336 339 331 - 321 318 316 338 312 320 307 333 301 339 305 313 316 302 333 317 327 300 322 320 335 326 337 300 338 324 320 305 311 302 328 332 326 303 312 - 324 321 301 329 310 327 304 338 336 319 303 314 309 317 302 336 302 325 304 339 327 314 314 331 301 334 322 311 338 - 328 326 301 301 330 320 329 320 314
ch 2 194 14 300 325 w p 336 330 - 332 300 312 320 300 315 309 328 316 321 337 301 336 317 316 330 329 308 339 300 314 324 317 306 322 321 339 302 313 310 303 338 307 318 336 321 - 339 316 325 339 331 325 321 318 328 316 330 305 335 316 312 336 338 331 310 329 - 306 325 316 302 334 305 319 319 - 326 301 - - 301 322 - 306 330 318 324 304 308 325 329 332 314 337 - 327 306 339 336 319 331 338 303 303 322 311 322 325 313 333 301 320 329 317 337 309 326 330 307 336 311 327 323 330 323 311 310 326 304 318 304 336 326 330 328 314 321 323 308 - 314 306 332 306 324 305 317 335 330 317 307 - 312 337 337 318 334 334 333 334 - 324 330 336 310 321 309 326 303 - 315 323 339 324 329 - 326 317 322 307 338 339 308 335 327 315 301 301 323 304 319 304 339 300 - 328 330 335 333 337
ch 2 219 16 300 339 e p 330 320 307 317 315 306 327 306 319 339 333 314 330 - 336 328 328 300 338 321 328 315 331 309 335 319 335 323 - - 304 306 330 - - 338 315 328 301 326 - 308 309 301 300 315 304 301 327 322 303 334 337 305 312 322 315 - 322 323 321 327 335 326 339 310 337 301 300 319 311 332 302 324 331 308 310 316 319 313 - 318 300 328 338 303 332 308 303 325 311 306 312 328 316 306 336 319 319 318 303 - 324 318 333 301 306 327 339 318 319 335 314 301 314 336 329 318 328 311 310 319 319 322 339 316 313 308 329 309 321 306 315 332 335 309 306 317 333 - 326 333 338 330 321 300 312 - 327 322 307 300 320 301 - 322 332 335 306 - 306 314 308 327 316 300 320 336 309 330 312 308 335 336 338 322 334 - 304 333 300 314 309 313 311 318 301 314 322 325 309 329 323 323 338 320 314 324 328 322 333 325 314 330 328 317 323 320 - 331 316 316 333 312 308 325 326 - 301
ch 2 229 11 300 325 w p 317 309 306 333 310 322 333 334 311 333 338 302 305 335 338 325 319 - 327 - 306 339 306 324 335 320 337 309 331 313 311 329 331 333 330 301 308 316 309 326 339 332 313 327 332 320 334 304 316 309 332 323 327 309 317 320 303 305 326 312 322 316 326 - 302 300 311 337 325 329 332 323 - 338 311 301 322 314 319 316 311 320 314 333 323 327 334 309 304 329 314 327 300 302 304 335 313 320 311 307 300 323 303 331 336 319 300 319 307 331 337 331 336 330 331 310 331 308 330 325 334 310 307 334 332 335 335 306 332 332 305 - 337 334 325 339 314 337 319 300 322 329 321 312 308 315 325 307 312 - 325 317 333 311 320 327 304 309 329 - 322 311 338 328 313 339 326 320 338 334 311 333 314 324 331 320 336 326 324 307 310 336 300 - - 333 316 301 321 336 320 306 330 320 322 336 300 333 326 315 307 312 302 337 313 306 314 310 322 339 317 334 317 316 300 309 333 306 335 325 318 - 316 309 322 301 - 338 308
ch 2 173 11 325 325 w p 329 324 315 - 330 316 337 315 323 333 322 315 339 334 308 321 309 306 329 302 314 324 307 305 305 308 308 - 312 - 324 307 322 303 308 302 320 313 - 307 304 - 313 310 306 339 305 321 337 317 324 338 326 331 317 322 320 305 306 316 335 310 337 321 326 309 308 306 312 337 301 336 313 318 303 323 323 302 330 323 305 320 318 313 331 307 313 339 338 324 308 337 303 338 323 330 307 328 320 330 328 310 309 312 310 334 314 338 304 312 334 312 313 319 332 334 317 306 326 303 310 - - 314 308 313 321 307 - 330 318 306 309 301 309 322 334 339 308 329 305 318 304 310 305 305 - 309 - 313 316 333 317 309 326 330 302 308 310 311 330 339 309 327 336 326 334 318 306 - 336 337 313
ch 2 228 11 300 339 e p 306 - 336 339 311 300 311 325 314 306 334 313 321 300 313 338 320 309 322 322 331 308 318 323 323 - 327 303 329 328 - 309 317 306 314 333 - 309 338 300 309 336 339 314 336 322 321 308 334 321 334 322 324 332 323 315 303 323 320 321 - 304 318 316 318 315 301 324 317 336 327 300 - 322 330 316 312 334 301 307 336 327 309 322 334 324 335 325 307 325 305 335 304 320 321 312 315 324 300 318 324 312 325 337 318 309 327 - 335 337 317 321 307 327 - 320 319 309 - 326 336 336 310 323 307 330 311 327 326 338 304 316 330 333 324 327 316 316 309 305 311 307 318 319 314 320 300 329 302 331 312 313 310 334 321 301 333 303 325 317 311 325 324 334 316 326 301 303 330 306 337 312 310 306 308 323 304 307 320 314 331 317 304 309 327 324 326 332 329 333 307 312 305 303 331 312 329 309 317 314 309 333 321 304 339 332 326 329 314 - 319 332 307 315 326 - 338 333 314 301 328 327 309 313 316 300 305 335
ch 2 174 21 300 339 e p 308 315 317 319 - 308 325 333 317 - 338 318 324 330 322 300 313 315 310 322 - 304 337 323 322 321 323 309 339 315 315 320 304 324 308 319 311 320 304 322 324 303 336 332 - 318 331 308 323 312 306 312 - 308 334 328 303 323 - 336 300 303 314 321 310 312 320 - 317 304 313 334 306 309 324 - 334 311 330 311 326 318 312 - 303 311 - 315 335 321 301 311 330 338 337 312 317 311 339 - - 304 331 300 319 311 325 312 309 321 323 335 328 - 315 - 329 308 306 325 - 326 - 332 332 317 310 331 337 338 322 316 315 311 318 329 339 328 315 310 315 310 - - 335 339 320 334 327 305 311 336 311 323 301 - 332 - 305 - 332 337 317 321 327 301 315 317 320 331 337 324 308 309
ch 2 195 6 300 339 e p 339 308 319 338 335 302 311 324 304 335 309 301 314 317 - 305 320 331 305 330 326 309 339 339 332 304 301 338 306 308 301 333 339 333 328 323 320 319 308 - 327 338 314 338 313 313 321 318 322 306 327 306 327 329 337 327 320 318 304 - 313 327 320 305 329 330 326 302 322 326 307 306 300 328 319 320 319 336 305 336 322 303 334 338 305 332 305 326 332 324 324 324 336 334 329 327 300 320 333 336 308 301 324 316 337 313 335 316 322 339 313 321 329 322 307 319 318 310 309 309 323 312 331 300 308 332 308 305 321 314 309 307 303 - 304 321 306 338 307 324 324 333 330 328 328 335 303 328 310 306 301 310 316 319 315 339 317 322 311 335 337 334 331 324 335 317 314 300 320 315 329 306 317 319 324 - 305 332 323 327 336 321 301 339 310 - 327 329 303 307 323 328 322 301 336
ch 2 185 12 300 325 w p 301 314 300 332 313 320 335 322 310 302 307 - 334 - 334 305 324 312 314 309 301 321 337 339 306 325 321 325 321 300 314 333 309 327 318 324 - 306 318 301 333 328 324 321 338 323 321 326 337 - 326 323 326 315 336 317 307 315 317 321 336 333 336 326 337 302 313 - 331 300 312 331 317 - 320 324 305 336 319 318 328 318 338 301 339 319 308 317 - 336 326 311 309 316 305 326 308 302 338 306 315 325 334 300 333 300 301 336 312 327 316 332 - 316 337 306 - 308 330 329 314 323 332 322 302 334 313 322 314 335 320 332 - 315 333 304 336 336 315 311 300 308 318 332 317 326 322 337 302 316 309 337 - 314 310 319 306 332 311 335 318 324 305 320 329 308 323 322 - 304 339 308 312 326 316 315 315 323 308 323 322 335 320 318 315
ch 2 171 13 300 325 w p 333 - 303 316 325 323 338 311 312 331 313 335 332 321 331 305 334 308 318 310 330 306 318 312 304 322 324 319 316 326 317 338 330 305 338 307 319 324 305 320 - 315 310 301 - 335 300 337 - 339 337 335 337 313 - 317 316 - 311 304 307 329 325 301 329 308 - 324 315 312 306 308 305 318 - 336 324 318 305 334 - 326 304 309 319 332 335 330 - 337 337 319 318 330 319 333 305 335 322 320 333 307 300 304 339 311 334 313 314 302 331 310 318 316 317 337 310 328 306 323 329 327 300 332 303 331 337 311 330 338 320 314 301 321 324 323 324 - 309 - 332 320 301 337 321 318 328 326 337 339 310 332 302 310 309 333 322 - 300 330 339 314 306 312 323 320 320 322 318 310 304
ch 2 172 10 300 325 w p 311 - - 312 305 334 334 313 332 317 325 329 317 322 330 326 339 320 315 303 303 312 306 325 313 303 327 - 329 329 321 305 327 309 333 330 318 314 334 331 324 329 308 323 - 335 327 308 312 332 334 315 311 306 319 326 328 308 - 300 334 307 314 309 325 321 310 321 301 307 324 303 312 321 322 303 - 332 328 332 313 317 302 333 310 300 332 320 325 319 332 329 319 325 317 305 - 310 313 304 - 313 311 325 317 301 311 304 319 339 335 301 316 314 319 331 300 328 338 309 325 307 320 319 - 300 336 332 305 323 309 318 325 303 328 332 338 333 333 - 322 338 316 323 330 323 310 309 339 311 310 315 335 310 312 305 312 332 326 339 331 314 309 308 332 312 336 330 321 318 325 328
ch 2 210 14 300 339 e p 314 313 331 302 327 302 307 330 339 332 305 307 - 313 320 301 320 302 305 336 336 334 316 335 333 316 309 319 - - 301 331 338 323 321 301 328 304 301 326 338 326 331 326 324 329 317 307 312 320 303 320 337 327 328 308 320 - 329 307 300 313 316 300 335 306 307 305 327 325 310 327 308 339 315 310 303 336 304 336 317 316 312 305 332 326 335 301 308 337 315 301 330 315 311 306 312 336 329 334 325 325 334 331 307 305 305 322 330 322 313 319 305 323 334 305 315 - 300 311 327 325 336 330 320 323 326 300 317 304 311 322 303 302 304 303 309 321 317 328 318 307 328 315 - - 326 325 319 310 327 314 327 313 - 339 312 - 328 316 331 328 317 327 339 325 309 - 302 - 307 319 333 313 339 326 325 326 321 319 - 334 336 327 303 338 310 317 338 - 323 315 329 323 328 330 317 - 339 325 339 307 335 338 300 304 314 304 306 307
ch 2 181 11 300 325 w p - 326 317 - 301 312 309 321 316 332 331 325 328 312 323 323 - 337 324 309 333 331 320 333 317 316 319 315 301 334 335 319 330 313 306 330 318 304 318 303 336 303 323 312 309 316 320 310 301 330 312 332 315 338 332 336 324 338 307 302 339 330 312 310 318 301 304 332 334 323 332 333 303 330 308 329 304 335 335 301 306 317 336 335 326 313 333 303 303 - 324 309 334 329 304 302 303 301 306 321 312 319 329 322 335 301 332 323 - 336 334 318 314 316 310 326 330 316 322 307 326 320 329 310 339 336 335 304 330 302 308 307 300 304 313 304 304 - 309 - - 305 321 313 314 322 336 335 305 324 318 337 337 329 337 304 - 318 302 329 301 300 334 301 314 338 331 - 309 330 332 336 323 326 334 321 302 319 - 309 320
ch 2 223 15 300 339 e p 319 313 323 326 325 302 324 326 306 338 318 323 318 327 306 323 321 305 309 312 316 339 313 308 321 339 302 314 322 321 334 302 312 304 339 300 302 307 304 337 338 320 315 318 303 328 310 326 334 324 325 331 334 313 330 321 337 319 314 304 303 306 315 312 304 300 338 300 326 301 329 338 333 336 331 316 319 321 303 318 311 317 326 332 325 326 327 300 336 - 336 329 324 317 337 - 329 316 335 331 314 324 318 325 308 304 327 308 327 322 316 315 301 334 307 335 307 325 323 323 311 333 307 327 332 331 320 303 307 333 310 314 313 311 312 328 310 329 302 - 301 335 336 304 - - 313 329 318 339 313 335 315 311 308 315 311 338 329 334 306 305 300 338 - 328 311 300 - 312 327 336 302 320 304 327 331 332 332 - 327 317 303 333 301 336 305 312 303 304 318 - 337 304 313 311 336 314 328 318 308 301 - 303 317 319 307 337 - 326 - 310 300 310 335 319 - 313 309 328 326 - -
ch 2 206 12 300 325 w p 301 303 328 319 339 325 312 325 329 333 - 328 302 325 304 - 326 304 301 318 306 327 319 329 316 303 334 328 337 319 320 314 306 301 333 329 308 - 326 300 319 302 - 306 311 304 321 325 - 323 311 315 306 330 335 339 328 318 307 326 320 328 337 302 323 309 310 323 331 313 329 305 328 - 303 331 307 - 313 332 317 328 315 321 320 300 339 335 328 305 318 - 326 307 300 335 301 313 320 314 312 310 337 339 333 318 332 310 308 307 321 339 301 311 338 322 339 308 306 335 303 - 313 309 320 320 - 301 315 326 305 335 323 324 315 316 313 307 307 330 321 321 313 324 323 310 337 309 321 314 330 328 331 313 333 305 326 319 302 317 301 309 336 302 339 303 310 319 311 319 304 331 308 307 331 332 320 337 326 313 305 - 300 303 330 337 312 302 336 301 332 308 308 333 - 339 339 330 320 337 331 304 335 323 306 320
ch 2 178 18 300 325 w p - 309 321 332 316 300 321 301 314 317 336 323 301 301 337 304 - 338 306 333 - 302 323 303 315 323 301 323 - 308 315 329 303 312 327 339 326 307 335 335 332 - 321 304 300 301 300 319 318 311 307 305 334 325 324 - 316 325 332 306 - 335 329 325 316 301 330 308 314 331 306 335 339 311 314 318 304 312 338 322 302 332 318 - 301 332 315 324 331 305 339 333 306 333 303 315 - 336 320 317 307 316 325 336 338 - 304 336 332 310 316 325 330 316 319 306 311 325 314 311 316 317 321 310 304 327 339 307 - 303 309 315 315 325 332 335 320 322 - 322 318 306 313 329 314 - 335 - 331 316 335 324 - 321 316 332 303 339 330 334 315 321 323 307 330 324 - 307 323 301 - 332 307 325 312 305 - 301
ch 2 215 16 300 339 e p 333 303 318 308 300 338 324 338 332 322 303 322 303 308 312 - 314 331 302 333 - 323 327 301 332 339 306 301 325 317 307 317 331 336 306 339 301 303 327 319 314 330 328 322 309 315 302 - 318 320 328 310 337 328 303 323 332 331 324 337 302 325 319 313 304 337 317 303 308 - 321 318 320 309 339 315 317 329 338 315 304 339 322 313 335 322 - 301 302 315 326 324 301 322 328 338 331 324 317 304 331 325 321 312 302 335 310 338 - 313 317 329 316 313 308 - 311 313 310 311 330 312 316 312 325 - 307 327 321 326 315 313 308 305 - 300 319 305 315 300 302 302 317 312 332 317 339 311 329 - 322 326 313 302 329 313 302 317 339 - 327 314 326 315 326 - 309 300 314 337 336 310 - 334 301 338 339 313 332 320 329 306 - 302 331 326 317 309 330 307 307 315 338 306 300 308 301 333 - - 320 336 323 307 328 328 300 339 329 332 338 300 304 318 320
ch 2 219 12 300 339 e p 320 326 309 302 329 324 316 300 301 320 312 335 315 332 319 321 324 335 336 305 301 322 312 306 318 325 314 318 304 - 305 302 338 302 320 318 314 335 305 329 339 319 326 333 332 315 337 320 325 317 307 314 334 - 338 328 319 338 320 317 314 330 316 304 309 326 304 339 313 321 335 325 325 316 331 309 338 302 334 316 331 316 303 326 310 300 329 333 305 333 319 313 - 312 325 336 320 337 - 305 311 317 335 330 300 315 329 338 330 305 331 304 338 334 303 332 314 336 321 323 335 305 302 318 308 338 320 331 319 336 305 324 325 321 304 307 318 325 313 318 313 309 - 325 325 318 331 310 - 334 334 311 339 308 338 305 337 322 328 308 327 310 318 303 331 331 312 314 316 312 320 315 307 300 316 331 313 328 - 302 310 300 300 306 337 329 333 302 321 330 - 330 324 312 338 320 316 - 303 335 - 312 315 325 325 325 301 337 323 331 332 318 306 - 324 312 326 318 -
ch 2 174 12 300 339 e p 309 302 - 328 304 324 329 338 339 305 333 331 300 339 327 329 311 327 303 310 326 305 328 - 339 332 300 321 333 306 312 332 337 332 328 326 335 316 308 315 333 320 301 324 305 325 322 302 317 307 338 331 335 338 330 325 327 305 336 310 339 300 326 315 334 317 328 331 323 334 338 329 314 304 332 332 319 308 - 332 315 317 307 300 315 - 332 306 315 321 331 303 314 313 335 325 327 323 338 311 327 316 334 306 - 308 331 - - 314 - 307 332 309 308 311 321 308 332 312 310 - 317 308 302 317 332 305 321 302 338 339 318 338 322 327 324 324 327 308 332 326 331 308 310 333 326 326 311 302 330 333 - 320 313 306 300 333 302 320 329 307 325 - 303 334 - 323 313 314 327 303 304 333
ch 2 230 15 300 339 e p 317 332 - 318 339 - 312 323 311 307 314 335 327 307 335 338 311 314 319 323 333 309 319 315 311 335 302 331 311 327 334 308 320 329 337 321 324 319 332 303 328 314 310 305 329 338 - 337 327 302 300 325 312 328 301 326 330 304 335 334 317 316 311 300 335 325 336 317 326 304 307 - 335 300 329 307 311 306 326 329 300 302 303 302 301 309 327 316 300 320 337 327 322 334 310 315 337 329 338 319 - 331 309 306 311 300 328 314 321 301 303 316 328 328 331 304 322 301 308 323 303 307 304 300 304 339 317 305 313 300 312 313 329 303 328 338 302 334 327 - - - 337 329 321 - 329 305 334 317 - 339 - 300 304 309 325 326 322 309 304 - 316 310 322 312 323 318 313 328 338 307 321 330 334 306 300 322 305 - 318 330 330 317 312 307 314 302 322 316 312 301 - 317 325 301 306 337 317 301 333 324 333 329 334 327 321 - 329 333 320 321 315 306 334 303 319 317 314 337 308 328 334 331 319 335 311 307 331 327
ch 2 210 11 300 325 w p 310 318 300 303 327 310 337 316 318 316 312 327 311 328 - 305 304 330 323 320 310 308 318 306 - 314 338 331 306 320 316 328 311 323 317 334 330 303 336 312 320 321 306 309 332 325 317 336 328 328 305 324 338 317 329 304 327 320 333 327 336 338 314 307 310 326 - 301 317 328 304 325 325 305 319 337 315 304 339 314 307 321 302 313 321 303 316 335 330 319 - 334 336 302 304 339 321 312 - 323 328 - 305 304 305 334 314 303 304 312 323 309 313 322 309 336 300 328 337 303 324 332 320 314 326 312 300 339 332 302 331 324 304 321 323 337 337 328 - 308 319 309 319 315 310 - 308 315 339 336 306 331 312 329 330 334 301 330 335 320 334 337 307 338 334 303 316 331 316 302 307 306 333 322 327 - 304 323 309 314 338 - 332 310 316 315 306 318 317 323 305 319 339 310 301 339 315 334 336 - 336 309 338 317 336 327 339 316 337 317
ch 2 176 13 300 339 e p 319 304 330 310 308 316 330 325 320 323 312 336 326 309 323 315 323 331 335 332 335 315 334 325 334 300 333 316 338 320 330 328 311 - 317 314 - 312 315 332 311 - 319 338 310 322 328 330 307 300 313 320 331 302 302 331 311 315 322 - - 324 - 317 302 311 322 322 300 308 329 301 309 319 321 327 330 339 320 314 310 307 332 306 312 303 - 337 321 307 338 333 - 307 320 309 307 303 321 327 337 315 324 319 313 332 311 328 313 321 335 307 327 330 335 324 306 325 325 303 324 312 329 339 317 316 338 301 - 337 317 338 - 312 321 331 334 305 325 306 307 319 333 313 335 318 320 312 337 335 327 328 315 319 319 - 311 306 - 321 316 339 302 322 304 324 315 307 300 331 - 311 338 333 302 317
ch 2 195 16 300 325 w p 319 319 335 323 333 - 336 324 319 332 337 332 303 327 314 318 300 331 318 320 339 302 313 306 303 300 325 322 302 308 - 331 339 312 322 313 336 304 317 326 306 - 335 322 305 314 329 - 326 303 316 326 322 335 339 337 303 335 337 332 313 307 319 323 321 328 301 337 302 324 331 338 308 331 303 301 334 332 335 322 - 306 315 336 339 318 307 - 334 307 333 - 326 324 331 - 313 312 327 334 302 - 302 332 309 331 302 - - 303 337 300 323 337 319 330 320 339 324 330 337 303 336 303 314 314 330 335 319 308 300 313 307 328 320 315 306 327 - 314 332 315 318 315 303 315 311 308 303 302 312 308 326 327 307 335 313 329 328 337 310 335 326 324 338 325 323 309 305 - 306 307 335 330 304 330 326 305 312 314 324 - - 308 321 324 321 319 301 306 331 310 - 332 301
ch 2 170 13 300 339 e p 305 - 321 324 331 308 335 319 - 324 316 300 306 328 310 323 326 326 337 323 331 302 311 307 335 320 316 304 304 328 319 332 303 301 306 328 306 326 306 328 - 339 302 301 306 330 327 314 334 325 309 308 331 300 300 318 309 338 329 307 335 330 325 311 337 328 323 339 337 329 327 317 327 336 311 314 307 308 317 - 321 308 320 333 304 336 332 315 311 303 329 317 314 311 - 329 307 303 336 310 - 312 336 327 307 320 325 - - 311 - 324 333 303 309 316 308 319 300 331 336 - 335 317 327 334 338 322 - 313 333 334 308 300 321 327 317 339 337 320 338 312 313 - 338 331 326 336 333 - 305 339 307 312 332 337 338 309 321 339 309 312 330 325 324 335 333 339 335 328
ch 2 172 12 300 325 w p - 322 305 314 311 325 328 - - 332 324 307 310 321 301 337 335 336 307 313 - 301 334 323 318 330 305 303 314 320 330 328 301 306 310 313 316 310 314 317 335 306 334 326 - 315 306 - 331 327 316 321 304 323 325 330 311 316 333 300 311 315 - 332 337 329 337 327 308 329 322 305 328 328 321 318 330 337 328 - 327 320 322 304 313 319 338 331 301 313 321 312 311 327 316 324 323 330 301 319 339 324 304 335 302 327 320 323 311 312 318 312 317 307 320 334 300 322 335 310 337 305 302 312 318 313 316 331 316 331 337 304 335 315 320 318 327 329 339 306 319 303 304 321 323 314 - 301 311 318 - 316 305 320 335 318 323 333 309 331 331 313 - 307 328 308 332 335 307 301 331 -
ch 2 218 11 300 325 w p - 313 331 338 - 311 336 334 304 319 301 337 339 324 315 304 307 302 330 325 - 303 334 314 316 329 313 328 335 331 312 326 328 335 333 332 334 308 317 326 327 316 309 307 328 304 336 307 316 337 326 339 305 317 302 - 309 311 307 322 324 318 337 308 - 335 310 303 323 329 335 324 301 337 335 302 306 328 329 331 333 331 338 310 317 318 330 307 309 303 311 334 330 300 328 322 312 323 317 330 327 331 324 306 317 316 315 336 323 338 334 314 320 320 316 303 323 329 306 322 - 331 328 314 308 306 301 333 337 331 304 - 309 305 324 320 339 326 334 308 306 331 300 305 335 328 310 319 308 333 335 320 315 327 312 325 313 316 302 313 333 306 312 301 333 333 310 332 329 312 332 313 321 329 305 313 327 335 - 330 320 312 320 337 313 305 337 325 312 337 334 325 312 305 306 311 320 317 312 320 320 330 322 338 329 322 318 305 331 337 312 319 - 317 307 - - 337
ch 2 201 15 300 325 w p 332 331 310 307 333 302 306 330 313 334 305 300 313 333 319 326 338 324 311 326 334 337 303 306 303 306 323 336 - 301 337 - 335 324 313 - 317 326 326 332 317 324 304 311 305 302 316 327 305 326 315 304 319 324 - - 321 306 302 327 320 334 300 331 321 316 335 326 - 337 309 325 332 334 305 311 317 308 320 318 314 338 300 305 328 327 304 308 308 337 329 322 300 316 321 308 313 337 328 337 - 301 334 325 326 316 313 327 339 301 304 - 337 325 323 318 316 300 308 339 333 301 300 308 306 - 305 329 301 334 305 318 326 321 320 333 301 329 323 300 330 336 302 319 323 301 306 333 - 310 314 - 301 303 310 324 315 318 315 322 329 334 311 334 301 317 - 328 332 314 338 338 317 311 300 311 311 337 - 318 314 - 306 331 318 327 301 312 - 330 318 309 314 307 333 328 327 307 331 317 327
ch 2 224 22 300 339 e p 322 - 305 328 - 310 327 324 325 - 339 306 303 303 329 336 305 321 327 326 308 306 322 - - 331 329 321 335 306 317 - 301 331 319 310 303 307 329 306 303 335 - 321 338 301 316 313 309 326 320 305 316 314 331 306 319 313 - 312 328 307 335 317 323 315 328 314 309 311 325 307 300 - 306 325 331 333 333 317 328 334 - 311 301 328 321 311 303 317 317 327 324 326 312 328 - 326 326 329 326 328 307 337 320 324 330 335 324 327 303 324 339 302 338 336 337 314 314 308 325 332 339 331 300 300 327 - 338 320 313 302 329 325 323 320 314 328 324 308 311 - 326 - 337 326 - 335 328 329 317 311 318 335 339 327 330 304 302 310 333 324 303 319 337 329 324 313 327 337 321 337 - 300 333 304 339 314 - 310 308 330 315 308 306 305 332 310 332 300 320 330 325 - 327 316 313 315 305 302 338 - 319 321 - 337 300 302 310 322 333 326 310 315 308 302 321 - 330 316 316 - 305 318
ch 2 204 13 300 325 w p 329 305 325 325 320 330 316 338 334 308 327 302 323 339 336 303 300 324 302 317 328 325 338 338 339 319 333 313 320 320 333 318 320 336 - 303 328 - 322 326 321 313 324 306 327 337 301 321 306 325 322 338 334 323 - 333 314 332 - 333 314 329 308 - 314 - 302 310 323 311 300 308 313 302 - - 336 313 310 327 320 335 303 301 338 323 308 321 321 325 324 304 321 303 324 334 312 324 305 322 318 322 331 338 318 316 329 312 335 304 309 328 336 300 308 334 - 312 307 327 324 335 320 312 335 331 324 338 320 337 324 335 306 309 324 320 331 - 317 314 338 309 318 323 307 320 325 334 306 308 320 314 317 303 311 305 323 - 329 305 334 320 334 305 333 319 321 335 329 306 319 315 300 301 325 315 325 325 331 - - 337 324 315 330 323 304 315 303 332 307 327 339 305 303 307 308 309 338 302 339 310 310 317
ch 2 171 11 300 339 e p 327 334 300 307 302 317 333 332 331 329 311 327 303 311 - 329 306 306 320 307 338 319 336 321 321 301 312 313 301 311 317 324 308 322 330 315 303 331 332 315 301 312 316 316 327 329 328 328 - 317 318 331 327 300 333 - 314 320 313 - 328 328 306 - 338 327 - 309 333 331 331 333 337 313 312 334 331 - 323 324 337 338 325 312 303 300 - 324 301 327 321 320 334 307 332 336 335 316 338 328 309 - 339 - 307 319 338 326 302 318 324 319 304 322 304 315 310 322 312 337 326 328 315 337 323 309 326 321 338 327 323 335 330 320 317 321 313 331 - 322 326 328 317 304 307 333 301 306 308 336 336 308 333 321 321 339 300 304 337 300 307 308 334 323 314 328 330 313 338 305 321
ch 2 172 18 300 339 e p 310 303 323 321 322 306 329 334 315 308 322 - 320 308 323 306 337 331 308 335 308 339 305 309 304 319 310 338 318 324 337 302 - 309 321 312 324 314 - 305 304 328 324 332 304 337 335 - 309 - 322 302 301 319 - 317 300 307 329 336 330 338 320 300 322 302 300 322 338 310 - 311 328 313 306 331 336 324 330 313 334 329 316 301 314 320 335 312 313 339 333 319 338 310 313 - - 331 326 332 - - - 301 323 326 300 314 317 323 315 339 324 - 314 325 333 330 336 326 326 308 333 304 322 303 332 - 326 310 - 310 338 333 305 306 325 315 329 336 - 306 330 325 326 326 323 319 309 305 333 302 335 - 314 335 331 - 312 305 331 304 319 311 317 324 331 313 332 331 312 324
ch 2 225 12 300 339 e p - 334 318 326 308 301 326 320 319 303 335 312 331 338 335 323 301 323 321 322 314 306 316 300 338 301 317 306 310 323 333 309 335 301 335 318 321 303 323 314 339 316 300 - 333 336 - 331 334 337 334 331 319 317 318 318 315 321 329 339 330 315 310 333 339 315 312 321 336 328 330 317 326 333 308 336 302 314 322 309 318 300 322 312 304 322 302 334 326 316 308 318 337 328 325 337 313 339 311 314 333 - 334 302 339 321 314 330 - 309 302 338 322 335 310 330 - 316 - 326 316 338 321 318 338 338 336 313 310 324 305 303 324 313 324 333 304 313 300 301 324 320 325 333 331 327 301 316 316 301 306 331 317 - 331 310 339 324 311 333 339 329 331 328 320 337 313 321 330 304 332 303 - 312 323 306 335 339 313 329 - 301 327 329 330 338 339 334 321 328 320 317 335 339 307 335 304 320 327 339 317 324 331 317 329 316 305 301 332 321 335 334 330 323 310 317 330 - 324 301 - 303 304 330 300
ch 2 199 13 300 325 w p 333 330 329 - 335 335 319 327 331 303 307 308 337 302 324 300 324 337 326 319 328 330 322 316 306 335 320 338 339 339 320 336 314 305 332 324 304 325 308 315 333 304 304 302 332 339 327 310 326 339 328 308 326 312 311 317 324 300 335 333 315 331 - 307 339 333 304 320 315 - 333 314 306 338 331 316 302 - 306 317 - 319 335 319 317 330 325 307 326 325 338 331 327 - 312 310 327 302 328 334 335 307 322 314 311 315 314 306 332 338 327 330 338 312 304 329 319 315 339 320 333 321 301 330 313 311 311 333 308 339 326 325 330 317 332 306 334 337 - 317 317 309 308 - 336 305 301 310 302 317 336 331 312 335 305 308 311 306 323 - 332 320 338 324 319 326 - 329 329 328 316 305 331 311 304 320 323 311 313 - 314 - 329 339 315 336 338 303 328 320 328 309 314 301 - 333 321 307 306
ch 2 185 17 300 325 w p 337 332 325 330 323 310 310 - 336 309 330 309 - 305 303 328 304 332 301 311 314 327 306 311 337 313 304 301 315 310 - 326 321 - 317 314 321 - 323 328 317 302 334 319 304 339 305 324 317 319 326 336 318 312 339 317 330 - 329 308 318 330 302 324 339 323 332 - 306 311 320 307 324 316 334 335 331 333 310 - 336 301 334 331 330 307 - 337 304 302 - 306 337 311 300 304 330 334 307 314 301 324 334 336 - 321 - 313 313 301 309 313 301 323 320 316 339 326 330 310 - 333 301 314 305 323 322 317 326 301 302 303 308 309 325 330 315 308 317 310 329 335 - 338 308 331 325 331 304 318 328 317 309 335 - 302 325 - 333 336 320 338 308 308 318 331 312 312 312 337 327 - 337 301 307 335 304 320 327 313 307 337 317 333 329
ch 2 220 15 300 339 e p 331 324 324 312 338 311 303 313 302 316 324 314 334 322 320 311 300 320 321 309 - 329 334 338 323 336 301 310 300 328 - 330 319 336 329 338 323 322 312 314 322 301 313 - 337 316 327 305 317 310 310 326 320 310 - 312 333 319 324 306 305 306 336 - 310 300 314 323 321 307 330 314 307 339 333 309 317 300 337 339 318 315 326 302 339 336 300 311 317 308 333 312 308 309 321 334 321 303 308 304 315 - 300 323 339 318 327 320 316 332 306 332 327 307 328 - 334 320 337 338 334 333 310 329 300 326 311 - 319 319 329 317 315 315 312 304 308 303 334 319 318 333 335 315 334 301 302 311 319 331 321 323 335 328 329 - 333 319 318 307 334 338 302 331 - 331 300 338 306 320 327 301 311 314 334 308 311 321 306 - 321 - 333 327 314 323 322 318 324 317 311 334 - 330 308 301 - 333 308 319 324 323 322 310 332 335 309 318 311 329 330 336 311 312 301 335 333 308 - 337
ch 2 198 13 300 339 e p 305 332 327 313 325 324 328 302 320 324 332 333 305 308 305 305 314 335 326 338 325 - 329 328 304 334 302 307 335 307 - 337 305 300 326 338 304 306 313 304 322 324 305 323 330 336 300 300 304 - 311 331 302 334 310 304 336 327 327 322 332 323 317 330 328 321 328 304 - 316 311 306 303 - 305 310 335 315 317 311 327 - 327 307 305 337 314 324 320 - 309 307 319 300 334 - 314 300 318 302 304 334 329 327 327 307 329 314 333 304 306 334 321 305 308 - 329 320 300 301 323 322 - - 326 319 325 334 323 306 317 339 310 315 314 331 321 338 306 333 308 334 330 326 308 300 331 304 314 304 307 309 323 323 312 315 310 334 312 316 318 318 325 - 306 314 320 338 325 335 337 301 328 316 - 306 323 337 313 306 311 327 339 319 324 301 331 338 306 332 339 315 324 338 302 312 334 317
ch 2 182 12 300 339 e p 306 - 307 320 333 331 335 303 309 303 308 328 320 307 - 322 308 309 336 306 333 304 308 333 337 335 317 318 309 313 311 312 305 338 312 334 300 - - 303 309 330 308 328 322 303 312 318 315 322 317 - 338 322 334 320 316 314 316 307 326 326 339 - 308 334 317 316 301 310 337 311 313 304 - 300 315 322 311 325 333 313 311 301 319 321 324 322 332 333 315 305 321 308 308 329 301 335 323 330 314 336 306 318 327 320 316 326 326 327 306 320 325 315 302 335 316 339 325 321 335 324 311 339 304 337 334 319 324 331 322 - 301 322 314 300 - 325 - 324 316 313 309 315 334 314 318 317 - 326 338 328 330 - 313 329 306 336 338 310 339 338 300 331 336 314 331 319 322 307 300 326 337 327 331 304 326 338 324 322 308 326
ch 2 226 18 300 339 e p 326 330 327 315 333 332 310 311 - 306 309 318 317 327 309 326 325 317 328 307 335 315 - 316 301 331 329 316 322 321 323 318 327 333 325 336 324 327 337 316 318 303 - 308 320 - 339 314 315 332 333 335 315 319 318 333 314 307 315 313 337 - 310 305 304 318 332 328 322 325 - 305 329 303 321 302 317 336 333 312 320 323 332 324 303 310 309 - 337 - 322 333 301 333 326 334 329 - - 332 332 - 310 327 317 317 307 331 306 330 325 306 328 300 303 331 330 338 333 305 311 334 308 332 332 320 325 - 300 311 320 333 315 314 330 335 308 311 - - 312 336 317 305 310 325 319 337 326 315 312 331 - 306 311 302 312 339 335 320 335 329 327 338 321 - 309 329 339 308 317 336 313 322 314 332 300 307 313 313 328 321 323 335 305 312 335 319 314 322 309 - 324 323 332 324 313 313 314 306 334 312 331 309 310 328 314 331 307 - 327 308 333 325 312 324 318 320 338 318 334 305 305 326 321 305
ch 2 229 18 300 339 e p 315 308 - 316 - 335 308 326 315 304 327 320 330 316 334 313 326 337 331 314 331 324 330 302 310 326 332 325 329 - 316 336 313 304 321 339 316 331 311 - 329 300 311 334 304 302 316 - 304 310 305 - 309 - 328 320 304 322 305 329 306 307 311 311 331 326 313 300 303 337 339 313 325 312 - 305 338 332 339 313 323 325 319 339 310 307 339 339 325 325 313 317 328 319 336 320 338 324 320 300 310 309 301 322 301 328 328 333 300 338 309 318 302 335 307 320 322 333 316 318 302 325 307 309 327 339 313 316 316 - 338 310 305 324 332 309 317 318 305 333 303 306 314 318 308 334 338 324 326 313 307 306 309 - 314 317 302 306 328 313 316 305 332 - 315 304 339 328 339 304 330 339 329 326 309 320 316 301 314 303 317 300 315 301 330 - 332 320 315 336 313 302 - 332 322 331 320 317 335 - 321 314 339 318 324 313 332 - 321 321 335 - 325 334 302 319 310 332 337 301 323 312 331 - 331 330 306 331 -
ch 2 191 10 300 325 w p 338 301 326 300 336 308 322 327 311 331 318 311 312 301 328 336 322 309 324 322 312 333 - 316 308 332 315 338 - 313 306 326 300 302 303 301 309 337 325 328 334 320 329 313 323 310 329 304 309 332 304 306 337 333 305 327 336 305 305 331 334 337 - 338 312 320 318 331 338 - 330 331 306 315 331 317 307 314 313 322 302 304 - - 328 323 328 316 331 313 331 314 320 327 320 325 313 338 312 322 306 316 309 326 337 313 320 326 309 319 302 309 314 331 318 319 323 313 300 339 327 300 328 328 332 305 313 307 337 313 337 331 315 329 324 339 336 316 329 330 301 326 309 323 327 300 323 310 318 301 302 305 339 332 318 305 - 318 314 305 303 334 332 331 337 332 337 320 312 337 - - 324 307 - 304 338 327 325 319 310 326 318 339 333 301 327 324 314 335 323
ch 2 215 15 300 339 e p 304 321 336 - 324 310 314 310 322 324 314 307 313 336 339 326 310 316 300 327 328 329 333 309 302 305 335 331 313 318 326 312 314 303 322 304 322 - 328 - 303 - 329 329 322 336 309 331 310 303 326 310 325 319 305 330 325 - 320 329 300 322 309 307 316 310 324 328 334 308 - 317 322 306 306 316 327 333 300 308 300 305 307 - 321 306 304 304 331 302 310 320 328 305 - 314 323 326 305 333 301 309 324 305 322 328 332 323 304 304 336 337 306 309 313 313 310 301 339 307 302 326 315 309 322 322 309 330 311 312 329 328 335 - 333 302 321 319 328 - 316 335 316 327 304 306 325 339 327 310 313 330 - 330 337 332 312 317 332 - 318 320 334 303 - 333 320 324 326 314 311 308 314 314 310 315 329 333 336 314 - 318 338 300 304 316 319 323 328 317 337 311 329 329 319 306 322 307 318 315 - 316 334 326 336 312 338 311 304 326 326 332 317 328 322
ch 2 217 16 300 325 w p - 326 - 323 334 311 333 - 330 329 305 324 310 330 - 316 314 311 302 325 301 302 314 325 321 318 - 328 331 312 317 334 312 325 332 336 327 314 325 310 315 326 305 302 334 304 323 303 306 334 313 305 314 316 330 310 312 333 305 303 319 324 335 310 323 304 321 329 - 325 309 307 338 330 336 312 302 303 315 325 303 334 310 - 328 335 330 302 314 301 312 306 312 329 325 303 314 334 300 331 323 323 316 305 - 325 328 325 302 321 306 317 313 323 315 328 332 337 312 306 322 332 323 317 302 311 - 337 311 319 307 310 315 324 324 327 321 336 301 308 302 314 323 326 330 333 302 323 334 302 300 323 328 303 306 335 - 305 337 329 301 - 325 335 300 310 314 315 322 318 337 331 327 314 338 326 - 335 326 304 315 305 300 314 - 301 321 314 320 - 309 - 302 338 325 329 - 326 302 305 306 308 337 319 332 306 312 335 323 324 310 318 319 309 318 339 324
ch 2 179 11 300 325 w p 324 330 305 314 319 313 333 333 329 300 318 328 310 316 323 317 302 337 336 327 302 - 329 320 308 323 337 328 322 303 305 314 316 335 316 304 302 317 337 305 322 322 311 309 308 311 305 338 304 333 336 300 302 313 320 310 318 302 333 311 311 327 327 338 307 338 307 - 330 323 - 329 334 327 301 302 305 311 318 325 316 301 324 309 308 336 308 309 - 317 324 327 336 329 314 314 317 312 - 338 317 321 337 326 320 338 324 336 306 - 311 322 - 332 337 311 339 304 320 326 311 306 326 332 328 300 303 316 - 303 334 316 304 332 331 304 316 318 - 334 309 303 307 326 327 330 306 324 330 - 303 332 305 318 316 311 339 335 300 303 328 309 328 327 329 338 - 319 325 308 335 334 312 308 319 324 339 317 303
ch 2 216 19 300 325 w p 306 - - 311 309 313 337 305 314 304 324 313 317 314 328 327 307 322 322 304 337 334 - 335 302 336 301 328 312 308 310 322 313 315 308 - 319 316 336 302 327 338 - 334 326 315 305 334 310 334 308 335 329 339 309 318 320 320 336 335 323 305 336 311 326 330 301 - 316 326 317 315 324 326 - 300 303 319 326 303 318 328 310 327 308 335 306 320 311 321 335 328 334 304 312 - 309 332 306 - - - 322 319 317 303 303 321 307 313 337 - 339 322 302 301 334 313 326 334 316 338 306 307 328 317 305 320 321 - 327 327 336 332 321 319 316 326 334 337 329 331 338 318 301 313 318 337 328 327 309 - 332 303 330 307 302 308 319 339 338 330 315 331 - - - 305 318 302 338 317 - 304 324 314 304 313 314 325 300 300 338 301 300 305 313 320 329 332 309 337 305 312 329 312 302 313 307 309 326 316 320 332 315 - 328 306 307 315 306 303 318 312 312 335
ch 2 217 10 300 339 e p 303 308 325 311 322 309 - 305 - 308 330 304 310 316 304 316 332 301 306 319 305 333 328 304 319 336 327 321 319 322 319 338 326 310 334 317 336 306 303 318 - 331 - 320 316 320 327 332 311 314 308 305 334 303 318 - 308 311 303 339 339 315 316 332 331 321 323 336 307 305 338 321 314 304 317 332 304 319 326 315 321 336 332 331 323 328 308 334 312 321 327 339 321 313 315 311 334 306 317 301 313 322 312 330 326 306 311 323 305 338 302 327 335 310 319 317 321 315 313 309 318 321 337 335 334 301 324 - 317 305 335 312 318 334 322 322 308 305 336 328 300 309 - 315 325 319 319 318 320 315 319 334 327 311 315 313 320 315 317 309 317 306 339 336 - 333 304 309 305 325 304 317 301 337 323 316 334 329 326 326 310 339 324 302 - 323 327 331 339 321 316 302 327 303 305 329 320 326 301 331 301 327 323 314 319 329 336 - 318 320 334 307 315 321 326 324 323
ch 2 221 15 300 325 w p 335 315 320 302 300 330 305 313 306 307 315 312 305 313 337 321 309 329 - 318 339 314 306 307 - 318 321 332 333 325 - 300 311 310 318 329 - 330 319 317 312 300 335 310 324 328 335 334 326 315 311 327 328 315 313 327 322 324 302 337 318 332 324 308 - 324 338 314 308 - 310 306 328 308 321 301 317 - 320 320 307 313 312 318 327 318 337 338 301 337 337 306 316 339 324 318 304 318 317 309 306 303 328 338 304 333 313 310 335 338 314 304 319 313 323 316 304 328 333 302 310 321 309 304 - 331 - 321 311 339 306 322 314 334 327 329 321 323 332 304 311 302 302 303 - 314 311 300 326 300 - 326 301 335 - 339 300 335 333 334 300 - 332 314 326 339 323 325 321 315 308 321 307 330 305 313 333 314 321 301 304 310 309 318 334 320 331 336 326 339 328 328 339 309 317 312 321 317 306 321 309 329 337 314 332 339 337 335 - 326 316 336 301 312 - 335 313 310 330 315 332
ch 2 204 19 300 339 e p 339 319 305 - 308 316 - 325 330 311 329 335 - 329 305 325 320 303 322 326 330 319 333 315 332 330 301 334 313 - 302 306 314 332 312 328 326 - 312 329 300 316 328 333 300 - 312 313 316 330 325 323 322 336 333 321 - 331 - 301 300 302 322 306 300 312 309 307 333 334 323 307 310 332 321 338 304 308 329 315 302 305 339 320 317 302 314 308 324 312 307 314 301 315 306 - 319 338 327 338 322 303 339 315 332 319 318 306 331 - 306 317 310 305 313 306 - 312 - 333 301 328 319 - 308 302 338 311 305 335 332 316 318 323 - 323 302 337 312 305 311 332 315 314 303 303 309 337 332 339 315 311 309 305 309 305 332 329 - 310 329 330 313 339 - 316 326 310 330 333 319 316 339 307 318 327 305 308 316 338 304 312 330 323 325 318 304 320 318 - 316 - 308 310 310 308 311 325 318 305 - 327 314 338
ch 2 172 9 300 325 w p 310 308 306 307 324 - 313 322 327 300 307 327 308 335 327 311 304 305 331 319 311 322 - 334 322 331 309 334 311 329 332 - 330 332 - 306 330 331 321 315 339 338 336 306 307 302 325 332 314 323 326 334 320 319 337 312 318 319 303 314 321 311 336 310 330 311 321 314 332 329 322 - 330 312 334 338 306 307 326 334 305 322 314 323 312 319 301 317 304 325 320 331 324 334 320 311 317 339 312 317 336 304 326 325 - 303 301 312 330 302 - 328 302 337 304 317 319 332 300 311 309 310 304 302 318 303 336 323 329 317 327 322 317 311 331 337 325 314 301 321 301 318 327 328 310 316 334 312 334 335 335 - 330 337 333 311 300 337 334 321 318 300 304 320 331 314 312 - 304 333 316 329
ch 2 215 16 300 325 w p 319 307 303 336 307 335 337 322 311 327 326 338 307 - 306 322 313 321 316 306 - - 309 333 335 324 330 323 322 326 300 335 307 333 327 324 322 325 324 338 315 304 337 307 326 305 336 318 306 338 322 333 303 319 327 331 334 302 338 302 320 318 311 300 326 317 319 306 339 307 326 337 334 - 326 311 325 328 316 328 336 312 323 325 301 - 318 305 306 333 332 303 300 314 323 322 - 308 306 332 337 320 - 326 321 302 319 333 - 324 305 314 333 318 301 312 328 - 325 324 313 338 314 - 325 304 339 311 339 323 318 301 333 316 304 312 339 310 331 313 331 314 306 337 - 320 336 - 337 328 326 322 316 326 339 333 302 307 318 338 336 317 300 333 301 320 318 333 301 301 311 331 331 302 321 302 335 301 316 328 - 325 323 327 323 301 316 332 330 333 336 322 321 325 319 330 308 305 - 317 334 317 330 300 309 322 307 325 319 314 302 325 - 321 -
ch 2 207 13 300 325 w p 330 327 327 337 325 337 330 330 304 - 337 323 302 306 330 311 319 337 327 337 315 310 332 332 316 - 300 322 332 321 323 338 317 306 323 338 336 310 305 305 326 307 312 325 333 336 310 301 333 310 300 325 306 309 301 329 320 324 338 314 335 337 307 320 336 339 - 314 309 301 300 327 336 317 328 306 332 318 - 309 313 310 309 301 324 339 319 - 336 300 327 325 329 318 310 303 312 336 334 323 307 328 320 312 328 312 324 302 313 308 331 304 319 337 303 330 313 326 335 314 - 328 312 323 309 328 327 302 316 329 336 337 315 - 314 304 333 308 327 313 316 - 302 304 312 313 311 318 319 312 318 317 307 - 321 306 316 330 316 315 314 - 305 302 318 318 304 318 310 308 307 331 310 303 313 326 327 301 336 320 - 302 - 332 328 303 335 308 305 317 307 301 311 312 - 301 306 319 323 328 329 339 310 322 331 314 308
ch 2 172 15 300 339 e p 334 332 - - 317 311 338 330 323 331 332 320 313 338 - 338 313 316 338 320 - 311 309 337 307 310 337 300 326 304 - 322 318 329 312 335 323 324 317 302 334 312 329 305 312 328 331 306 307 300 316 302 304 310 338 316 319 308 306 309 302 310 326 332 336 310 303 312 333 333 327 334 339 323 309 335 322 332 311 300 308 311 307 315 312 311 307 312 339 311 327 336 321 - 313 313 310 307 322 323 308 327 339 316 338 303 322 332 315 339 302 312 324 - 315 310 302 305 - 308 335 - 306 306 300 339 305 326 317 324 317 320 - - 311 - 304 316 312 324 339 325 309 323 322 328 318 312 312 305 - 332 309 304 - 315 311 317 330 315 300 329 301 304 326 302 312 323 - 325 304 313
ch 2 174 12 300 325 w p 335 326 306 303 306 338 306 315 326 322 320 326 310 318 301 327 333 326 328 313 318 327 339 308 323 301 323 308 329 339 324 - 322 302 323 - 329 - 335 327 326 313 302 303 317 322 331 311 - 326 311 333 - 328 305 314 - - 311 332 333 332 311 334 320 336 304 335 315 331 308 310 307 331 314 313 315 310 319 303 310 305 309 329 314 303 327 328 326 328 317 328 324 313 334 314 309 335 337 323 334 - 308 301 319 307 306 329 319 302 334 303 305 334 303 309 319 317 330 320 326 318 - 332 315 316 311 330 339 307 339 - 304 333 316 307 338 326 311 320 300 - 322 304 321 303 321 333 314 310 336 339 332 304 314 - 306 325 322 332 326 312 307 305 319 325 325 323 332 304 312 312 313 310
ch 2 217 24 300 339 e p 317 - - 328 302 310 330 - 304 337 333 313 303 303 304 - - 330 303 309 - 310 339 306 328 327 303 321 331 319 326 - - 304 301 308 326 311 326 334 324 338 309 333 317 322 338 300 310 329 325 302 301 339 330 313 321 301 315 325 333 318 308 337 - 327 308 - 324 328 336 320 332 334 - 307 335 321 318 311 - - 332 321 328 313 301 300 318 327 327 339 320 - - - 335 302 316 328 332 334 312 304 304 322 321 321 311 - 327 - 315 338 315 330 324 312 322 336 327 320 336 301 337 302 304 301 327 316 301 322 305 332 320 339 307 313 - 336 337 336 323 335 320 317 335 328 306 322 326 313 315 305 333 318 312 316 339 300 - 333 324 308 310 - - 320 328 307 314 327 301 326 312 321 323 327 319 334 312 300 309 312 337 333 328 328 330 317 - 315 303 335 306 304 338 313 330 335 306 334 307 337 327 312 324 - 313 324 308 326 310 313 320 330 321
ch 2 202 13 300 325 w p - 339 321 337 315 333 337 329 330 335 336 300 333 308 319 311 325 313 308 304 327 300 308 307 330 332 305 315 321 338 314 312 - 317 319 308 331 337 332 336 320 332 312 337 319 336 338 332 313 - 308 339 316 310 332 334 339 - 337 313 326 334 334 309 335 318 305 335 333 338 306 335 - 307 312 316 305 335 306 308 304 300 333 322 321 323 339 306 313 - 332 326 314 326 321 319 333 333 315 305 328 337 325 310 307 336 317 318 325 323 339 339 324 325 319 - 300 329 338 338 311 327 311 305 324 - 301 326 306 331 304 328 332 301 304 322 334 326 321 308 329 318 324 325 311 330 332 319 319 312 325 312 311 326 316 310 309 328 302 - 335 319 308 302 330 339 - 326 311 303 305 315 - 321 322 304 316 310 - 316 309 331 312 331 321 301 306 - 323 320 302 319 339 324 325 313 324 321 331 310 330 305
ch 2 228 11 300 325 w p 310 324 336 332 334 318 - 320 318 324 316 312 301 331 334 319 328 - 301 326 321 339 307 317 328 330 - 303 319 314 327 316 304 339 319 308 307 336 339 304 300 318 320 307 300 331 300 331 308 313 330 308 314 334 329 - 301 305 330 301 321 301 335 305 317 318 311 329 311 314 316 320 310 334 327 325 330 317 321 332 322 328 315 310 325 328 334 301 328 309 323 314 - 336 - 323 307 311 338 315 328 322 - 313 324 309 301 318 311 330 318 328 312 332 326 335 328 316 309 338 321 315 337 336 - 303 308 328 320 306 300 323 322 326 318 322 326 - 328 339 339 339 339 314 330 322 326 312 305 329 307 317 333 318 333 331 308 - 339 327 329 325 329 339 315 323 305 307 322 306 309 313 333 333 316 311 339 329 308 338 316 300 311 326 307 302 331 316 302 331 308 323 329 312 316 331 314 328 - 319 305 315 324 321 336 327 301 321 321 322 336 304 331 306 307 322 313 320 316 325 304 326 316 317 311 312 322 337
ch 2 201 26 300 325 w p 308 308 310 330 339 329 328 322 - - 336 308 330 331 307 313 308 302 331 - 324 327 339 312 325 313 323 335 321 322 301 335 302 335 306 328 339 319 308 329 330 333 338 314 339 334 313 305 307 311 339 339 300 332 324 310 323 - 334 326 - 316 331 333 328 304 312 319 321 335 319 337 316 312 - - 318 309 - - 309 317 309 - 306 321 323 307 339 318 335 323 - - 323 330 312 319 317 - 328 - 334 305 313 331 337 - - - 328 330 323 302 306 325 335 339 330 - 337 305 321 300 - 314 319 321 323 - 311 - 338 305 - 300 322 300 - 301 303 315 301 301 339 339 308 304 306 - 311 331 303 310 321 321 339 326 329 335 311 - 328 317 312 308 326 313 304 300 313 308 316 301 303 338 303 327 327 333 320 334 309 332 - 333 333 329 335 311 327 333 309 313 334 329 337 321 306 314 321
ch 2 222 16 300 339 e p - 304 327 330 306 319 317 322 319 324 338 308 - 308 328 306 302 335 335 300 338 332 336 314 - 318 308 303 322 305 321 301 322 309 308 319 307 311 319 309 339 310 303 306 307 335 317 310 321 321 309 314 308 322 338 335 332 309 305 314 329 337 - 335 338 329 302 330 - 316 306 334 319 326 328 313 314 305 - 319 339 309 303 324 334 - 318 311 314 327 336 333 311 338 327 324 300 - 333 - 329 337 305 334 304 338 309 333 316 323 326 334 329 325 304 339 317 301 331 312 334 335 323 301 303 - 335 303 - - 332 337 329 327 330 339 311 339 321 305 324 - 304 317 323 318 321 332 309 310 330 331 313 313 318 302 311 317 311 306 321 327 316 331 308 331 321 312 303 315 329 325 336 322 312 - 336 334 334 336 305 336 320 336 324 324 - 305 301 312 330 307 315 301 308 302 336 310 336 - 302 331 304 321 304 305 325 322 310 320 303 337 329 319 334 319 339 324 320 324 316 312
ch 2 191 11 300 325 w p 307 321 310 331 337 319 301 - - 326 328 322 339 316 - 313 337 300 321 303 330 314 305 332 303 319 333 306 313 334 328 323 317 332 331 328 325 304 312 325 332 331 332 312 315 315 328 315 313 318 304 327 - 328 303 307 300 338 331 305 309 302 303 335 332 314 313 314 339 318 319 309 303 304 319 319 - 328 328 - 306 326 338 311 321 318 314 333 304 320 317 - 316 331 308 306 325 337 310 304 304 319 333 301 334 329 311 331 303 317 307 339 332 335 322 301 331 328 328 300 337 308 321 304 310 339 311 312 308 332 300 322 334 307 325 324 312 306 - 328 309 - 329 303 319 333 319 326 333 317 331 321 301 324 - 338 327 318 303 320 319 322 320 337 316 323 323 330 324 339 310 318 312 319 305 322 331 306 319 326 332 337 306 329 315 - 322 324 317 318 321
ch 2 223 15 300 325 w p 331 - 311 310 337 328 304 338 311 332 319 - 325 315 314 329 300 306 300 317 306 302 - 319 314 301 317 318 321 332 314 - - 307 305 320 - 305 338 326 302 316 304 302 335 327 - 338 310 336 339 335 337 306 337 312 302 326 317 335 335 305 309 338 300 338 336 337 307 329 305 314 326 327 325 333 338 305 301 - 309 308 318 322 309 323 338 330 317 305 304 301 - 320 315 319 323 326 319 330 321 325 304 304 319 322 317 316 322 318 307 316 309 328 323 322 330 339 311 316 313 325 334 329 310 307 334 334 331 316 325 303 329 325 311 339 328 322 315 317 313 325 304 308 337 310 335 302 333 312 330 313 324 319 332 307 316 311 337 336 308 328 328 311 315 313 300 302 320 312 - 321 306 339 314 304 307 333 327 - 321 - 304 335 303 313 313 327 319 302 325 327 327 326 337 - 306 317 313 337 327 318 320 319 300 337 324 339 320 - 314 301 325 311 330 334 304 321 335 - 308 311 329
ch 2 230 10 300 325 w p 334 303 316 304 302 333 316 310 338 325 318 - 323 300 307 304 326 308 323 - 308 307 - 326 301 338 311 331 325 305 306 338 314 318 312 308 - 339 330 311 312 329 321 314 324 301 312 335 333 339 306 326 336 326 325 338 310 335 333 316 320 303 334 330 330 314 310 - 318 300 332 317 324 306 328 312 322 - 306 326 321 338 329 331 325 338 307 311 300 331 332 332 305 326 312 334 301 335 323 316 301 328 308 338 336 312 304 319 317 335 333 336 326 - 311 330 316 321 318 306 - 325 323 321 300 317 322 312 301 308 339 304 313 313 308 335 333 338 327 317 314 323 314 315 308 306 302 309 329 322 310 322 338 326 333 305 317 326 322 302 329 310 316 322 319 334 304 335 323 301 306 311 316 334 313 328 310 327 333 300 327 333 333 313 313 325 320 328 314 - 328 322 315 332 326 336 302 316 324 324 325 334 306 303 311 304 307 323 331 - 328 336 315 333 337 319 330 318 337 307 315 314 330 307 319 321 313 331 317 313
ch 2 212 14 300 325 w p 304 308 307 319 333 309 310 332 334 315 311 333 307 310 301 325 326 334 321 - 312 327 302 - 307 302 317 319 333 325 322 324 306 309 306 322 303 308 310 306 317 339 304 322 314 327 325 336 333 317 333 326 338 329 314 308 315 318 338 309 - 338 332 300 337 326 326 - 312 307 329 324 338 329 322 - 339 338 311 323 311 339 338 304 339 321 321 - 319 338 328 309 302 301 300 320 329 - 311 - 302 316 301 319 311 - 320 315 320 304 330 328 330 316 306 329 306 321 301 319 314 301 307 313 324 321 337 318 333 320 319 315 300 316 307 306 302 336 335 - 328 313 336 318 306 331 - 303 308 314 303 308 311 311 303 332 339 324 325 306 309 317 302 320 316 304 334 317 310 319 320 321 339 323 330 330 301 334 326 335 312 332 307 306 - 301 301 317 324 300 321 335 335 317 307 333 309 334 336 - 303 316 307 323 339 328 336 316 300 310 305 -
ch 2 208 17 300 325 w p 327 334 329 324 321 323 306 305 309 317 316 316 338 - 309 - 306 - 302 321 318 315 323 301 313 309 304 316 323 301 318 332 - - 312 316 308 339 326 335 324 302 336 314 301 315 319 307 - 318 309 - 336 318 312 331 325 311 319 326 328 334 336 338 - 312 303 308 338 309 319 321 336 316 330 328 311 321 319 322 318 331 314 329 326 315 302 329 311 327 320 324 315 326 338 331 - 333 318 331 326 328 306 325 322 324 308 309 305 317 - 300 309 331 306 302 335 - 303 330 314 323 336 303 317 305 327 335 310 327 330 322 308 337 327 322 315 320 321 326 335 315 315 309 304 339 332 317 316 302 322 322 328 338 330 309 333 309 307 301 - 325 326 338 324 319 333 337 308 334 309 - - 322 323 319 338 332 - 311 329 338 337 337 320 315 303 325 319 333 - 329 337 335 - 337 302 338 305 314 312 321 339 328 332 315 327 336
ch 2 195 16 300 339 e p 318 301 318 319 314 339 326 338 330 304 - 313 308 325 337 - 309 - 337 327 - 332 300 332 314 313 336 320 304 - 321 318 316 311 312 325 - 336 325 315 308 323 - 328 321 303 320 319 302 331 312 318 314 337 307 325 330 325 333 313 338 317 314 319 329 304 336 306 325 304 336 300 300 324 335 323 302 324 325 318 316 307 305 331 326 317 304 305 - 324 307 305 314 339 322 330 - 330 301 301 308 325 306 337 319 - 323 305 323 300 328 327 306 - 332 309 331 330 327 303 301 332 300 320 333 327 337 330 311 327 333 329 315 300 303 323 328 336 331 320 305 303 303 338 332 - - 337 303 331 310 330 318 337 326 332 335 - 333 301 305 301 336 336 313 307 325 315 308 311 327 306 313 312 305 312 314 325 335 311 304 - 332 332 306 - 307 306 316 316 301 327 318 305 335
ch 2 175 8 300 339 e p 315 307 335 325 329 333 334 330 314 321 308 307 331 310 323 329 334 320 329 320 - 338 311 324 301 - 335 324 336 329 339 332 333 323 325 315 331 324 305 304 307 305 336 - 308 331 303 333 322 338 324 337 332 339 313 308 336 325 310 323 328 318 334 302 330 321 305 309 335 320 308 330 309 328 320 339 328 302 300 311 311 327 307 315 305 337 329 320 311 - 328 308 313 307 322 334 321 334 320 318 309 312 318 312 304 316 - 314 303 308 322 - 319 322 306 - 308 322 - 334 335 333 311 302 320 323 331 321 338 319 322 327 309 308 325 303 305 303 302 313 310 329 317 336 337 323 316 307 311 307 330 339 316 334 333 303 322 312 327 315 332 334 307 331 334 339 324 338 334 317 327 327 309 303 301
ch 2 266 16 300 339 e p - 302 300 308 323 326 327 303 332 327 313 338 306 334 337 317 324 318 313 334 320 323 309 - 305 - - - 306 312 312 304 302 315 304 324 332 326 333 310 302 308 325 330 332 338 315 - 332 329 310 328 322 331 322 339 308 308 329 307 327 332 336 310 300 337 319 319 332 - 337 322 328 300 303 339 314 309 317 311 302 307 310 334 - 318 - 308 316 328 319 335 312 327 313 321 302 319 314 317 309 314 300 312 334 309 330 326 338 329 304 305 314 322 330 310 336 332 300 323 320 314 335 319 329 305 328 305 320 300 303 330 302 331 332 326 332 334 325 311 311 321 314 305 322 318 330 304 334 316 317 322 304 323 301 339 303 301 300 327 327 338 307 327 321 320 302 308 315 307 333 311 333 329 334 337 - 334 318 308 300 336 319 333 300 337 305 326 308 301 - 313 323 311 321 311 336 332 323 - 329 332 308 324 312 308 - 316 300 325 325 318 314 307 319 303 339 331 336 319 316 328 324 328 313 317 320 325 304 330 319 316 331 312 301 308 - 330 332 333 326 324 333 309 316 337 - 331 - 327 301 302 310 323 300 326 310 334 331 319 319 327 311 300 315 307
ch 3 171 14 75 150 w p 64 156 150 112 146 140 65 116 114 80 112 164 136 126 157 141 154 90 - 118 165 115 63 137 116 - - 133 - 71 94 102 - 136 77 53 139 161 161 164 64 125 164 72 56 70 151 58 127 - 161 120 - 64 164 69 127 97 116 105 122 67 150 - 72 90 127 84 152 120 168 94 148 82 123 54 144 61 129 90 53 105 138 99 129 68 70 123 92 161 167 - 136 120 124 102 141 68 169 77 125 104 68 115 71 143 155 - 94 81 69 142 107 141 67 63 100 - 126 163 163 126 82 59 - 89 75 - 161 59 87 76 132 63 83 155 120 90 119 143 164 129 - 52 152 87 70 156 134 91 118 124 75 115 65 142 68 57 88 134 136 87 157 167 62 58 99 160 168 163 94
ch 3 229 14 50 150 w p 66 138 146 69 50 78 141 164 115 106 118 158 165 88 81 143 146 103 73 125 163 134 62 142 62 65 134 - - 98 55 - 169 110 160 146 122 162 99 136 100 118 68 147 117 61 - 113 121 53 102 66 60 141 128 87 63 136 160 111 96 110 106 84 112 139 - 126 80 92 50 112 88 93 160 129 147 59 82 74 106 110 149 102 95 161 86 108 90 132 144 103 162 140 92 155 106 162 90 123 119 114 120 52 57 50 - 60 110 - 51 58 51 93 76 132 68 168 143 107 53 101 139 - 85 - 137 62 123 112 61 67 80 113 68 103 102 83 89 51 70 121 112 134 143 165 140 73 69 163 66 134 - 54 126 158 60 135 141 113 147 - 62 53 109 115 142 72 72 125 - 148 93 141 149 154 164 132 159 52 99 81 119 123 157 121 135 111 168 98 139 117 132 159 94 59 67 155 122 148 120 132 118 96 158 164 83 109 98 115 - 163 117 68 67 141 123 64 162 169 78 142 169 88 111 - 163 62 154
ch 3 177 12 50 150 w p 102 61 72 61 130 - - 70 93 77 67 146 - 83 146 69 125 161 121 84 169 52 74 139 140 99 - 66 161 155 81 154 132 111 168 79 133 128 119 80 105 136 104 82 100 83 61 93 64 136 125 128 100 151 106 152 114 133 54 67 52 99 71 142 52 94 62 53 159 131 - 84 66 113 89 66 141 100 95 164 156 142 79 150 166 63 107 66 146 70 104 68 75 57 153 100 51 163 - 85 58 57 60 84 134 128 72 151 164 140 95 110 138 80 54 168 129 117 156 75 - 151 78 133 129 92 63 - - 85 168 111 55 125 150 50 94 125 77 113 61 150 140 - 101 63 129 94 58 94 133 70 59 138 143 82 83 51 108 70 - 53 64 151 97 67 108 152 79 - 82 160 50 63 144 144 58
ch 3 216 12 50 169 e p 162 162 151 141 67 126 121 71 161 112 80 61 111 83 70 162 55 103 121 120 103 63 94 63 50 110 93 133 105 92 163 106 119 137 120 53 168 137 160 116 86 127 136 146 132 110 110 64 97 155 61 87 104 84 158 62 133 151 71 111 104 86 119 59 89 106 95 108 117 93 81 136 142 51 151 142 122 79 169 112 159 98 106 107 164 164 98 119 82 163 59 90 78 63 93 54 63 - 60 79 106 104 114 134 88 163 161 166 - 71 55 - 129 131 167 157 65 61 95 60 156 52 128 88 97 84 137 154 124 148 86 147 129 71 142 148 - 79 - 87 163 96 78 112 115 74 126 167 134 - 52 - 104 - 151 97 50 56 102 126 144 86 - 78 64 154 - 85 94 116 119 149 132 138 166 117 76 131 59 159 65 87 114 56 101 130 59 161 87 138 160 150 126 62 151 54 125 53 102 - 90 92 111 127 57 147 105 149 147 137 101 159 140 - 118 101
ch 3 214 14 50 150 w p 53 - 125 120 120 98 60 65 156 - 53 93 70 169 - 90 129 84 103 140 144 61 153 111 73 144 53 147 71 79 87 124 161 145 73 76 98 72 167 68 144 50 65 115 134 103 84 140 161 66 142 81 122 141 70 129 55 94 154 112 126 146 98 137 167 93 135 150 113 74 59 123 57 96 113 156 94 136 163 116 108 66 141 166 65 101 103 63 62 111 90 158 156 128 56 84 - 54 - 92 50 77 100 68 164 88 77 51 122 - 125 145 114 164 145 101 100 117 122 145 109 52 61 145 94 125 101 162 160 131 51 115 149 146 51 166 118 148 152 82 70 162 111 115 71 72 76 106 123 53 - 147 107 - 128 138 - 133 55 144 142 73 92 155 150 71 60 57 73 127 74 50 128 163 163 119 81 - 72 128 61 169 80 - 73 67 146 67 65 92 153 122 66 75 76 129 101 57 105 - 124 81 119 60 169 81 - 162 131 - 96 66 50 84
ch 3 198 11 50 150 w p 103 137 - 61 77 74 56 167 52 166 133 79 96 97 127 143 64 111 58 70 137 150 80 129 96 55 160 88 157 113 75 52 120 103 161 94 61 99 67 - 115 - 158 52 164 79 140 163 92 149 75 111 81 95 75 146 58 78 68 58 104 133 120 99 58 101 93 164 102 65 52 86 133 151 - 151 93 145 50 131 90 148 74 152 92 - 92 111 74 125 95 117 94 132 60 97 118 58 61 90 61 102 97 155 157 120 96 89 142 53 104 108 155 86 142 132 64 50 115 59 104 162 98 135 117 151 86 135 52 87 83 86 155 103 68 53 135 169 56 114 162 - 63 100 100 65 165 95 67 60 65 124 153 110 102 142 - - - 78 102 53 163 137 - 92 81 145 71 143 98 168 89 157 113 158 86 74 134 57 90 101 138 95 - 159 81 128 80 108 77 76 92 168 73 66 91 125
ch 3 216 20 50 166 e p - - 129 151 120 106 68 89 62 57 147 93 136 - 86 50 72 - 142 - 161 163 122 - 124 51 145 155 139 - 135 52 149 133 92 107 155 88 153 120 57 83 62 112 121 140 53 146 78 164 132 56 97 157 104 - - - 62 61 82 71 126 75 158 142 82 135 130 159 146 90 - 153 141 - 152 - - 120 - 132 104 51 114 142 - 66 95 78 101 71 134 151 84 143 99 - 125 - 64 129 - 159 98 80 64 120 112 83 117 111 109 64 131 129 76 149 55 158 107 118 154 104 118 102 151 90 61 129 66 - 99 78 68 120 94 72 166 131 104 81 86 75 104 166 154 141 109 159 153 55 106 140 111 135 66 160 129 127 66 164 160 145 83 62 95 50 141 165 165 71 92 126 59 127 85 161 114 74 162 63 133 129 166 97 51 137 57 107 153 65 146 153 150 80 71 61 73 97 76 143 124 166 118 81 163 69 75 131 87 70 114 135 67 152
ch 3 173 11 52 169 e p 94 86 52 69 143 134 135 167 - - 162 112 149 113 151 162 52 81 150 102 91 - 79 130 158 136 - 155 94 107 160 74 78 103 65 151 132 84 109 146 87 79 150 96 61 86 98 121 - - 97 134 109 89 62 136 151 82 121 117 67 62 146 128 68 104 88 114 153 86 107 96 157 165 60 156 133 104 96 152 143 96 109 142 131 135 126 134 101 74 91 104 151 78 96 66 114 70 116 53 115 61 82 80 128 115 80 54 88 71 134 56 52 132 53 137 95 83 110 60 71 158 97 - 93 140 96 104 105 124 163 128 147 143 67 132 100 74 108 53 149 83 132 81 161 66 - 130 128 122 92 - 168 127 131 118 169 66 104 - 95 145 73 - 138 80 66 145 64 146 80 125 100
ch 3 194 23 50 150 w p 109 140 161 62 - - 155 137 - 92 143 158 130 60 162 52 145 89 - - - 104 56 165 142 140 90 51 66 108 81 95 161 111 168 156 139 100 108 165 82 129 134 120 117 124 131 54 - 155 167 162 81 116 52 50 150 97 57 75 60 69 158 59 90 134 74 113 - 68 73 95 129 118 93 139 - 104 72 169 84 98 97 141 96 93 113 - 122 - 95 122 130 98 160 110 122 86 145 125 112 77 169 - 88 - 141 119 93 125 159 106 103 130 130 102 99 56 149 131 65 79 165 144 166 113 - 159 60 - 80 130 75 165 72 91 84 117 164 115 64 110 158 113 117 - 60 108 98 97 87 79 78 74 158 - 68 - 147 137 93 93 141 73 119 114 85 63 53 164 63 - - 124 129 - 105 110 75 161 70 150 94 137 128 93 - - 80 130 64 127 69 122
ch 3 226 15 50 169 e p - 142 - 163 58 148 - 84 162 156 163 - 59 53 68 136 166 61 138 73 90 87 71 162 145 131 50 93 53 67 120 - 114 148 74 145 51 148 73 146 78 160 107 55 165 111 121 - 126 106 70 93 81 168 100 56 90 109 77 120 132 115 - - 147 84 97 162 120 143 146 - 81 71 150 163 75 165 120 132 108 57 87 130 90 91 162 92 59 54 121 157 165 101 113 104 71 162 127 130 149 109 118 145 132 154 50 94 127 121 68 158 123 76 108 140 84 113 135 60 93 166 166 81 105 58 101 139 169 101 143 70 157 121 139 135 88 126 123 60 153 - 132 155 128 59 107 164 92 - 127 91 168 145 137 157 167 163 133 51 67 63 157 96 55 138 76 52 107 90 152 149 153 136 143 123 98 159 123 70 78 142 160 96 134 135 120 67 76 134 107 150 93 156 86 145 84 133 63 - 114 - 164 86 168 51 131 94 72 59 97 83 143 - 78 130 74 127 132 106 144 138 108 80 152 -
ch 3 203 15 50 150 w p 105 85 103 148 106 150 95 84 115 138 92 154 56 - 111 154 64 58 124 - 118 104 117 137 164 111 73 92 75 133 62 65 123 101 141 102 163 - 153 76 162 60 110 162 - 132 160 - 156 57 166 86 89 151 99 92 123 137 139 132 - 99 166 127 148 143 52 50 79 154 68 139 169 68 149 68 92 116 140 57 69 123 157 71 94 58 124 - 85 118 158 84 - 153 53 159 135 66 87 74 107 76 75 123 55 166 51 137 161 139 138 92 152 137 54 91 147 118 72 66 73 - 163 60 75 51 143 51 74 131 74 139 164 162 159 55 123 140 160 75 164 165 98 79 60 101 69 121 130 - - - 158 85 81 139 164 139 97 140 89 55 74 53 157 90 142 63 129 56 62 - 152 169 83 105 97 82 111 98 145 78 60 137 - 83 101 132 126 110 113 83 50 101 72 - 63 137 85 71 162 130 98
ch 3 183 16 51 169 e p 66 166 106 154 119 59 54 117 63 101 158 150 152 62 150 130 75 169 101 61 - 154 65 72 - 100 113 127 107 121 - 84 72 51 - 77 51 114 105 138 72 131 88 169 - 100 85 152 - 76 137 77 60 154 100 163 144 56 90 63 53 162 96 114 111 - 92 - 63 - 120 147 84 68 142 70 66 148 88 104 98 70 56 137 56 76 74 130 145 137 - 146 89 104 140 61 100 156 162 116 118 152 - 141 94 118 70 107 125 131 154 - 96 85 136 154 79 87 149 92 160 82 136 - 156 84 120 166 55 74 107 79 98 - 141 119 100 157 140 104 51 135 131 114 65 73 66 61 120 88 117 71 73 123 - 115 77 82 51 161 127 168 106 74 55 64 162 140 138 130 90 125 109 129 - 132 149 162 75 134 140 163 121
ch 3 224 21 50 169 e p 82 117 143 132 164 - 146 94 75 166 - 144 67 74 149 119 83 73 140 - 124 - 51 167 97 145 121 59 143 126 95 - 153 169 155 129 63 71 157 90 66 150 56 149 142 91 - 144 146 52 77 78 135 89 104 88 124 - 142 65 67 166 163 82 154 128 134 63 93 69 - 57 137 73 104 135 142 163 95 143 89 63 137 131 100 103 168 107 164 80 122 51 61 112 120 133 - - 52 - - 82 53 166 143 93 150 55 169 145 135 118 140 147 126 157 86 68 146 85 159 - 79 101 - 57 134 126 - - 50 73 119 94 139 160 137 142 147 54 124 115 112 156 112 153 88 62 149 57 57 146 146 137 53 52 129 136 135 71 80 58 88 129 71 135 148 89 69 123 64 129 166 114 69 53 59 55 70 56 66 124 61 79 54 71 100 131 - - 114 112 126 140 54 162 144 100 - 150 83 72 108 111 57 - 157 112 146 139 80 90 156 150 56 125 169 71 161 136 - 130 112 67
ch 3 217 14 50 150 w p 132 66 115 105 - 138 53 114 67 62 119 124 73 152 152 77 51 124 60 127 98 74 157 110 169 90 58 100 - 108 96 101 62 152 156 126 107 165 157 121 137 146 107 89 - 58 101 117 52 124 144 87 82 142 102 160 166 127 116 76 98 160 102 109 169 154 71 142 153 78 115 118 158 54 108 138 168 113 64 132 140 157 150 59 - 143 132 90 156 64 164 - 102 113 109 165 153 84 148 - 85 53 118 72 134 70 154 161 132 112 155 160 101 105 57 155 100 166 157 79 68 79 69 74 131 157 57 - 167 75 83 156 100 160 84 - 150 103 56 154 72 124 167 94 161 91 121 147 165 - - 153 89 89 114 114 120 79 128 87 116 87 156 - 129 120 146 81 140 169 71 126 84 131 167 73 135 121 - 146 56 151 122 68 118 133 92 138 63 166 106 148 50 157 53 89 149 110 82 147 105 70 166 66 - 111 110 158 128 126 105 99 83 140 78 - 92
ch 3 209 17 50 150 w p 126 123 94 100 169 62 126 75 116 69 117 72 74 131 133 107 105 133 124 167 90 110 119 144 58 85 144 107 142 160 88 50 - 136 164 110 96 93 - 58 - 155 68 83 90 98 90 65 60 90 76 120 109 97 139 85 117 139 101 130 62 151 119 144 - 141 61 93 166 - 120 102 67 168 63 157 104 95 106 169 99 97 67 120 81 58 92 80 140 148 102 - 84 111 70 - 165 105 113 112 119 114 140 123 152 81 140 83 112 73 - 80 71 68 89 145 64 65 154 69 - 168 112 - 91 107 168 143 65 119 88 126 135 - 115 127 124 125 50 96 120 133 127 156 64 123 85 162 - 127 108 - 93 100 130 158 90 79 86 71 57 90 - 92 111 63 134 79 111 113 146 - 108 136 116 159 141 123 116 - 149 53 139 126 142 63 106 160 - 50 146 122 113 92 100 166 104 115 162 76 114 82 60 50 164 109 109 160 106
ch 3 180 16 50 169 e p 98 - 116 159 167 137 - 110 166 105 101 150 166 119 161 119 58 - 153 63 118 130 169 154 102 62 64 136 141 84 72 133 114 - 153 163 86 72 151 141 83 156 72 53 112 139 105 - 52 169 162 98 - 110 69 95 134 140 78 119 133 99 63 124 126 130 159 91 59 110 64 166 67 74 - 55 78 137 138 92 89 149 122 89 124 128 135 163 112 74 157 136 138 109 132 86 146 57 115 85 74 161 90 - 162 51 57 50 114 60 126 - 58 132 58 53 - - 147 71 105 138 77 151 155 96 156 - 57 121 53 57 119 169 - 60 108 98 79 52 - 97 165 125 134 105 151 141 98 91 74 60 54 156 144 61 169 168 112 99 76 108 98 132 151 141 102 90 67 159 54 155 56 - 112 57 78 66 57 -
ch 3 209 18 51 169 e p 57 133 57 60 76 126 86 108 113 139 162 100 60 162 69 152 168 57 163 80 67 60 152 130 113 165 102 160 83 65 154 167 120 101 - 139 158 98 122 68 110 128 155 111 162 126 75 162 160 52 - 83 - 130 - 72 115 160 84 55 - 86 74 141 111 97 59 154 129 165 58 98 - 160 78 94 125 93 109 169 90 132 93 139 129 159 73 168 56 106 110 168 131 - 117 88 103 - 161 132 128 161 123 52 126 122 104 59 - 97 129 56 85 165 100 51 87 141 159 126 62 166 136 151 109 51 - 56 152 76 - 91 88 164 159 - 166 98 116 71 54 70 96 162 136 - 81 127 76 54 103 135 - 52 77 133 113 123 110 75 95 90 154 157 126 82 142 106 168 - 147 88 - 108 101 - 65 75 121 59 163 103 127 61 82 85 93 132 71 155 62 72 133 108 81 97 93 145 93 86 97 - 149 110 113 139 122 82 67
ch 3 217 18 50 169 e p 143 83 76 - 110 57 75 51 169 142 120 122 100 168 58 78 75 121 138 77 161 159 133 120 102 162 - 110 114 156 115 - 149 52 56 60 92 114 69 62 160 - - 89 75 62 53 64 166 114 155 112 109 160 67 96 141 124 169 - 87 132 155 164 87 162 165 144 74 - 89 159 89 54 104 76 154 58 159 145 81 124 132 167 155 94 142 167 164 108 105 120 - 105 95 115 103 143 136 96 133 138 - 96 161 133 68 91 156 117 166 113 146 100 94 108 83 148 88 - 117 121 114 87 100 62 92 93 56 59 149 50 116 93 161 148 59 136 124 70 57 126 63 83 - 125 74 - 84 - 87 166 65 124 163 62 169 106 152 109 133 86 112 100 98 83 108 90 118 - 160 64 161 69 132 158 86 54 138 59 - 168 69 147 125 95 155 - 99 112 137 129 129 132 117 119 162 56 165 58 102 159 164 111 - 161 104 - 150 97 113 115 167 112 164 63 131
ch 3 199 13 50 150 w p 115 160 112 152 138 160 164 123 157 64 88 107 81 68 162 161 101 57 120 61 60 118 101 76 76 159 92 120 51 61 124 164 - 63 67 51 78 56 93 - 89 65 122 113 75 159 104 150 77 117 62 52 150 84 99 - 114 138 71 89 - 113 164 80 81 - 124 - 131 164 150 86 134 86 114 59 82 114 165 50 97 - 122 119 78 67 109 143 61 109 53 168 130 130 152 62 163 66 105 128 155 122 149 70 71 156 124 83 156 154 52 98 73 94 141 100 165 112 - 139 61 118 119 161 142 125 - 118 135 124 73 102 52 127 138 141 145 80 - 140 156 - 89 148 124 84 94 50 133 134 135 145 108 168 103 119 167 148 91 116 - 88 70 128 118 75 111 - 67 93 161 151 67 51 88 51 92 137 125 117 92 74 73 64 128 72 144 144 63 111 151 153 140 85 161 120 64 109 58
ch 3 211 14 50 169 e p 155 73 75 166 79 140 86 163 139 - 166 60 132 160 135 147 143 66 84 143 107 85 87 152 82 169 110 161 116 146 166 57 159 151 148 - 103 51 120 133 112 151 62 148 104 86 76 130 156 58 - 162 149 146 - - 50 114 79 91 68 144 72 106 75 60 109 134 107 153 77 107 112 71 72 135 78 - 126 56 105 107 114 62 107 - 108 55 142 154 137 - 120 71 111 142 112 107 85 - 152 109 86 93 90 112 136 60 136 104 91 94 131 125 52 58 162 56 97 97 - 129 142 136 141 126 159 58 53 120 105 147 126 152 88 126 88 72 127 167 93 52 122 91 106 63 79 68 93 146 124 128 158 84 159 91 151 157 161 145 62 99 54 111 152 151 86 138 89 111 - 66 156 57 63 83 157 165 113 135 119 102 81 107 164 57 162 54 119 - 56 116 123 53 160 86 137 55 161 160 142 63 123 - 102 167 77 64 166 - 81
ch 3 205 18 50 169 e p 89 164 79 - 167 104 58 96 125 - - 129 - 167 123 56 162 169 - 161 62 107 107 - 121 56 144 94 111 166 90 123 129 82 100 50 161 72 148 134 81 57 125 - 70 58 141 111 107 100 144 95 54 169 151 132 50 159 116 75 - 79 149 78 53 134 - 82 128 161 99 73 142 51 150 156 97 118 91 106 158 74 - 76 124 77 99 83 63 70 50 159 163 - 168 101 70 136 149 92 89 155 102 124 154 135 105 165 120 151 61 140 110 54 159 53 88 140 127 71 116 52 138 155 67 169 159 94 91 127 143 128 50 160 86 166 119 81 159 60 - 118 101 155 75 118 153 96 154 125 149 122 168 103 87 61 - 155 159 155 98 - 108 95 67 115 84 166 158 85 115 138 76 127 139 82 103 69 82 130 75 85 117 134 - 93 117 - 141 70 61 136 - 149 156 84 98 101 - 55 96 161 118 144 91
ch 3 199 8 50 169 e p 65 109 148 81 139 77 84 71 131 133 137 166 83 165 92 124 84 117 129 166 101 51 57 108 151 96 63 76 138 99 145 59 85 136 78 133 123 51 83 155 - 88 74 116 145 156 59 131 123 111 66 130 136 121 146 98 62 138 144 74 131 70 140 158 81 158 - 159 141 93 136 145 123 56 151 61 147 114 125 65 119 112 136 133 134 146 148 65 105 55 141 69 63 57 165 88 123 129 74 152 136 50 95 61 70 168 108 96 116 166 153 156 78 77 158 162 64 135 65 108 58 114 103 100 130 169 144 142 84 113 134 130 104 96 115 126 66 145 64 62 156 51 61 87 160 - 149 92 162 96 58 - - 139 147 113 50 66 54 75 118 150 58 128 131 87 83 134 69 152 104 54 93 94 62 131 127 53 143 169 95 59 83 139 79 - 159 154 - 67 142 110 77 152 102 69 - 80 89
ch 3 193 12 50 150 w p 158 83 134 100 160 68 66 - 118 120 94 169 141 150 143 121 93 169 116 - 113 50 136 155 84 157 - 160 85 67 75 126 66 62 71 117 - 50 84 120 115 100 124 139 148 156 114 89 65 83 57 158 69 111 53 90 116 81 95 160 60 - 99 74 161 147 144 146 141 112 93 65 114 163 104 126 73 141 109 81 58 - 121 130 82 57 71 62 168 156 107 - 126 113 118 129 135 139 163 82 124 57 - 126 54 100 96 121 138 139 105 55 145 51 169 101 65 - 168 154 132 157 88 145 162 - 145 156 83 117 68 130 160 118 - 91 105 77 123 65 115 113 62 71 69 77 129 70 142 72 112 98 88 149 135 68 166 53 105 67 102 57 139 66 166 134 50 68 130 73 85 76 99 62 56 123 110 110 86 140 55 83 84 163 - 99 126 60 70 61 144 51 103
ch 3 186 12 50 169 e p 142 85 65 50 93 80 66 158 - 107 52 61 97 113 50 116 88 144 113 128 117 129 146 153 106 71 56 142 122 142 115 154 109 85 69 127 167 136 127 76 161 106 78 113 - 103 115 80 125 167 127 112 147 93 86 134 66 104 57 142 147 86 110 - 121 102 72 - 104 80 154 70 81 115 104 146 96 106 161 168 98 90 169 124 138 63 80 124 127 90 138 56 118 120 117 165 57 65 143 104 66 142 - - 93 92 62 118 115 73 75 56 119 152 102 67 112 144 57 100 159 146 143 136 - - 142 71 125 102 141 159 - 118 - 142 71 84 101 61 164 168 148 79 83 120 142 139 125 61 159 85 120 116 107 128 100 91 59 83 62 100 - 167 - 75 135 109 115 52 70 141 74 58 60 57 105 108 94 154 83 128 99 58 166 104
ch 3 195 11 50 169 e p 114 167 61 101 94 121 133 78 55 120 66 137 139 61 67 147 52 168 121 55 81 119 - 140 60 60 62 140 118 81 53 129 112 88 139 85 68 108 - 90 79 162 163 51 167 93 99 81 50 75 85 - 145 121 145 117 - 151 169 128 - 113 72 90 157 166 123 105 117 99 155 129 85 132 96 75 117 109 65 91 102 - 65 164 72 155 111 162 105 119 146 157 125 107 - 138 111 122 54 107 157 133 155 61 137 67 85 169 - 143 162 142 74 143 102 138 134 142 104 152 106 140 115 107 56 141 139 80 68 160 73 118 96 73 87 146 73 67 114 50 51 131 122 134 65 151 65 71 161 122 168 - 56 133 100 97 161 138 141 163 114 156 61 117 153 139 62 87 85 - 89 96 160 55 86 150 81 138 - 83 142 71 157 66 123 54 70 82 87 111 124 161 68 128 124
ch 3 191 10 50 169 e p 116 138 139 83 55 133 138 113 55 125 150 168 137 51 134 59 76 75 92 146 72 67 92 135 156 117 162 100 124 - 61 113 57 115 102 110 65 - 167 91 61 102 60 72 99 147 94 169 92 66 58 154 156 155 85 127 117 65 76 90 - 91 76 58 81 51 56 64 108 90 132 94 63 146 54 83 87 99 87 67 - 76 98 64 68 55 60 89 144 143 150 73 128 62 114 102 106 117 143 - 127 62 114 152 126 116 100 78 83 100 132 145 103 169 143 138 124 62 160 153 122 161 133 55 53 131 90 92 112 150 61 147 61 125 59 110 83 124 102 50 115 67 111 68 97 149 86 140 - 62 96 96 133 125 111 - 162 168 85 86 60 108 - 159 126 80 - 74 73 105 118 56 114 124 167 94 129 159 147 108 133 104 87 64 52 113 50 69 82 53 -
ch 3 225 12 50 150 w p 120 131 78 71 70 78 95 126 58 118 99 106 148 72 122 154 105 86 121 101 73 73 167 156 - - 138 168 62 129 105 150 98 160 113 121 168 84 103 169 143 113 78 122 52 77 118 52 156 105 50 66 74 157 102 83 67 - 164 85 130 139 93 166 83 160 73 118 140 91 127 109 160 126 82 100 164 154 58 143 166 154 166 153 138 120 - 138 164 124 71 116 131 161 96 117 72 123 55 96 154 164 150 164 84 111 53 127 157 129 - 81 74 68 131 150 77 52 151 148 - - 81 169 124 137 - 109 84 154 163 139 169 52 147 155 92 80 64 51 162 54 108 136 73 93 113 73 132 142 75 133 141 68 154 151 116 147 134 139 166 86 122 67 101 79 123 72 124 117 113 55 63 78 148 101 101 98 - 107 118 168 166 127 63 128 112 75 61 96 98 71 140 153 141 59 62 - 89 - 120 162 118 81 60 125 160 128 108 140 55 157 76 162 63 140 125 109 145 93 - 53 101 105 135
ch 3 189 17 50 150 w p 148 124 70 140 - 142 125 135 150 - 153 57 52 117 149 81 55 91 72 60 59 153 89 148 102 71 133 77 141 63 - - 60 65 140 104 104 87 53 146 149 116 67 127 50 78 - - 148 152 165 74 91 155 84 87 100 94 100 111 108 153 103 113 122 150 - 151 140 155 - 162 117 72 101 88 81 95 - 103 65 151 102 52 - 78 93 76 130 148 68 - 153 - 143 164 63 61 100 148 113 - 62 100 88 129 162 68 121 114 162 87 54 59 73 83 117 70 169 123 164 114 86 84 139 112 158 144 131 154 132 93 89 60 96 53 157 169 120 123 - 140 92 167 165 - 168 - 98 140 124 57 143 84 64 127 118 98 160 84 167 77 58 117 53 113 96 82 162 71 135 68 74 162 132 155 91 104 123 50 116 53 - 166 133 118 114 52 60
ch 3 186 15 50 150 w p 100 - 143 156 156 85 57 - 82 73 92 163 155 50 110 126 122 148 119 108 149 52 88 75 80 125 104 151 52 151 123 165 85 - - 163 80 91 131 121 137 122 82 131 75 51 82 90 95 52 156 - 51 160 90 133 118 88 117 113 159 59 78 62 149 62 169 118 71 58 - 101 84 103 87 141 168 120 - 122 69 152 - 168 - 138 143 160 98 138 76 80 128 - 123 118 159 118 83 123 72 168 56 104 59 113 149 164 50 67 96 57 165 137 74 51 87 158 52 151 80 130 152 166 151 155 103 151 62 - 80 144 107 - 128 74 165 90 116 - 106 138 155 146 169 155 76 111 133 72 142 56 52 110 112 91 100 106 56 - 112 68 85 55 133 56 154 127 133 91 129 61 112 99 - 129 115 150 121 100 118 64 143 125 84 67
ch 3 227 15 50 150 w p 141 102 51 165 92 115 77 136 134 161 107 129 113 82 51 59 142 106 114 153 145 110 151 90 117 106 97 118 122 150 - 131 133 - 102 83 112 165 - 69 53 120 50 116 74 122 104 60 101 164 143 99 66 83 69 125 135 101 142 108 114 60 110 71 126 - 66 148 145 57 62 91 71 127 98 119 82 151 95 67 73 - 149 53 - 140 141 126 143 150 103 89 141 113 - 126 147 82 123 91 86 - - 164 93 93 129 54 77 67 67 168 126 142 99 69 86 91 162 116 143 155 55 79 158 72 133 89 50 120 97 119 89 56 149 101 103 86 133 122 88 159 83 - 87 - 54 89 135 146 93 65 - 56 159 112 60 144 84 139 116 - 82 124 160 153 106 105 153 131 76 100 104 156 79 140 98 85 77 54 - 112 166 62 111 110 147 132 151 62 56 106 139 163 163 133 75 103 143 159 110 66 144 114 50 115 81 - 84 83 115 169 113 156 57 150 135 53 147 77 84 137 67 92 132 83 111
ch 3 221 17 50 169 e p 143 74 156 57 82 118 72 135 65 156 61 64 - 71 123 68 88 121 86 165 128 71 157 59 - 54 160 142 70 111 131 163 61 78 167 84 85 82 160 108 94 133 - 149 154 141 64 87 72 148 155 153 139 116 94 155 52 164 89 133 140 106 134 127 - 163 139 154 83 119 131 56 57 131 90 66 104 101 - 80 - 135 152 - 84 144 131 92 153 119 127 153 113 124 139 162 60 133 131 104 100 113 65 - - 121 128 103 - - 158 68 - 161 145 161 123 128 55 87 55 164 151 91 92 125 129 66 131 162 146 127 159 168 65 - 50 130 51 119 71 74 146 52 169 94 74 163 85 88 133 135 - 66 161 92 131 118 82 168 101 120 62 106 140 73 144 103 70 136 68 138 152 71 148 67 155 - 58 - 139 157 101 60 63 109 136 131 125 126 51 133 95 148 119 103 144 134 124 65 110 163 168 95 147 105 111 121 102 125 - 135 104 149 159 163 70 111 57 98 133
ch 3 192 15 50 169 e p 109 91 142 135 88 64 120 110 - 123 68 119 57 118 150 100 161 92 168 107 134 166 85 72 83 79 159 91 119 116 161 169 114 162 - 107 83 - 134 160 138 125 62 120 89 135 124 92 93 94 137 56 169 158 - 159 126 140 159 - 150 60 94 124 165 76 155 115 139 - 144 149 127 86 89 51 114 - 122 77 157 58 168 167 56 114 69 - 93 130 108 - 157 148 166 79 93 68 124 85 106 81 74 159 123 80 114 124 - 120 167 103 99 116 61 106 125 131 77 78 70 142 156 95 62 80 146 104 118 160 61 106 101 127 132 145 75 106 - 164 63 131 130 75 70 83 130 112 98 145 51 159 - 91 130 70 58 75 122 143 150 - 68 - 81 167 94 167 157 102 69 53 135 78 139 86 50 120 113 162 123 112 169 96 57 - 99 64 70 153 116 103
ch 3 224 13 75 150 w p 99 161 125 168 81 153 107 60 133 163 87 140 166 61 161 63 103 152 124 168 148 59 153 63 109 126 71 69 74 123 136 159 108 - 145 125 113 79 135 109 63 84 117 - 86 115 115 79 114 114 156 166 147 52 153 90 93 135 - 152 124 90 96 114 86 167 91 51 167 - 125 86 162 61 71 154 - 65 112 116 76 90 141 69 60 64 - 80 - 124 53 162 57 97 136 88 129 136 153 - 146 72 121 133 125 90 60 83 55 168 92 167 101 98 51 142 82 164 159 66 54 74 59 69 105 55 132 155 109 106 136 79 73 126 75 80 87 120 - 89 83 142 59 158 69 140 151 81 84 68 82 92 83 150 58 72 133 143 165 73 154 86 82 - 79 62 85 109 70 136 156 70 155 148 116 149 152 64 - 86 144 103 160 67 162 99 117 61 56 68 136 160 128 166 82 88 68 117 100 122 127 141 163 - 112 75 115 113 112 91 80 109 98 95 121 79 116 116 134 119 - 153 64 88
ch 3 209 12 75 150 w p 134 152 74 136 72 99 160 129 160 110 73 108 64 - 117 - 81 140 139 168 124 76 116 115 169 95 112 86 149 162 137 74 158 149 90 79 145 118 62 91 151 110 - 151 92 135 77 65 73 - 115 104 169 81 99 - 135 117 126 55 55 75 101 82 157 53 136 149 104 89 152 146 155 144 140 119 55 57 86 53 96 128 154 134 99 129 90 65 168 140 85 82 59 100 62 77 - 66 144 81 85 - 94 167 96 103 155 88 144 114 123 - 93 157 95 121 88 153 134 157 102 86 69 134 131 157 164 83 112 120 57 167 124 147 161 169 126 104 141 159 136 166 115 129 61 77 99 52 154 127 114 167 57 161 56 134 104 56 90 53 82 64 130 60 110 - 86 74 71 75 164 107 129 51 144 84 83 74 126 98 - 151 51 146 83 91 158 52 139 - 116 54 82 122 113 111 71 80 125 53 109 139 129 - 125 83 75 106 137
ch 3 226 11 51 169 e p 140 159 - 148 167 136 158 107 132 123 162 113 76 131 95 80 - 163 124 80 109 92 134 124 - 103 166 90 145 111 148 93 114 149 145 143 68 168 124 132 94 135 76 68 104 60 134 149 158 - 99 74 103 55 73 144 82 106 119 71 154 82 - 159 65 149 - 145 155 85 53 65 58 150 135 93 153 169 - 85 84 56 142 - 114 59 127 105 154 129 55 108 86 160 131 112 65 164 126 95 58 - 154 165 94 126 162 106 - 79 146 143 91 85 98 112 128 - 124 68 143 67 144 58 159 108 122 93 162 150 130 96 91 158 57 152 117 68 124 163 122 62 148 115 52 162 150 107 164 69 110 72 95 139 163 111 151 144 56 79 140 136 131 151 114 108 57 156 99 152 106 154 108 113 150 106 111 54 68 136 80 104 165 127 155 148 58 132 150 110 135 80 168 105 67 165 93 81 133 66 57 55 119 89 99 142 131 52 77 150 163 62 130 100 155 121 89 102 82 51 116 89 76 84 156 95
ch 3 184 10 50 169 e p 117 84 68 - 115 - 57 107 161 101 115 88 146 76 57 63 97 156 67 141 126 146 50 76 54 159 106 89 138 159 99 155 136 83 159 120 - 143 142 146 128 123 169 129 63 86 161 114 131 102 75 83 50 124 68 98 160 132 62 133 57 110 74 103 125 110 127 51 169 - 166 84 89 136 - 113 61 59 149 74 63 - 162 - 86 129 70 127 72 65 99 94 140 103 147 167 101 127 99 95 145 122 95 113 106 100 109 52 160 - 73 108 156 100 - 162 79 56 52 132 96 158 101 136 104 60 63 53 55 162 50 104 105 155 108 60 - 151 90 69 64 119 159 73 90 116 85 112 132 50 53 160 62 111 163 108 124 115 157 64 156 155 111 97 79 71 117 94 128 168 57 82 74 71 64 67 65 138 88 62 105 62 146 145
ch 3 182 20 50 150 w p 115 132 57 83 87 168 108 115 54 168 150 85 - - 119 117 141 132 69 86 117 90 92 57 134 119 159 132 155 156 79 80 56 63 147 86 137 130 149 105 64 157 154 62 109 52 145 51 147 169 154 144 - 73 74 - 78 153 93 61 77 167 109 166 137 123 - - - 57 121 75 - 113 - 79 168 137 75 65 164 - 97 139 85 - - 87 160 73 166 135 123 93 127 145 114 92 80 164 104 85 129 77 109 - 61 67 168 - 91 119 82 58 83 155 87 144 89 52 127 - 66 - 101 135 143 144 77 103 90 59 118 89 123 50 136 97 113 80 107 149 - 87 161 105 126 134 74 69 84 137 74 87 - 119 151 113 128 168 84 75 61 - 103 71 132 66 64 114 57 90 90 69 113 147 - 147 167 84 50 77
ch 3 183 10 50 150 w p 166 62 102 149 68 66 52 54 98 125 167 102 95 - 101 124 158 151 146 71 105 73 138 50 137 75 120 90 143 129 146 129 73 82 98 88 100 54 61 96 76 164 150 82 77 78 104 160 129 108 160 85 73 78 83 156 94 119 165 108 94 - 126 106 150 83 77 137 50 62 60 107 122 93 56 163 144 117 59 133 92 139 113 83 169 148 73 82 142 82 84 71 88 90 120 103 69 106 95 105 150 55 72 163 53 95 157 76 103 96 50 75 94 143 156 50 101 57 94 145 133 128 139 75 90 164 64 147 - 87 79 54 67 154 - 69 62 88 152 90 123 - 114 164 - 125 154 148 158 122 69 144 128 98 - - 153 123 59 131 112 102 91 120 154 71 78 88 79 - 129 123 119 52 85 76 - 143 145 101 92 127 87
ch 3 201 17 50 150 w p 51 - 151 130 159 147 - 121 133 61 56 82 166 68 62 76 107 157 144 55 145 119 104 169 67 135 55 123 105 - 60 80 91 97 101 145 87 70 90 150 94 97 94 51 129 133 145 71 123 - 114 77 - 155 149 167 118 123 152 149 152 59 55 148 94 124 99 108 138 153 167 94 135 66 169 163 - 137 - 119 163 125 94 - 146 52 139 - 96 50 - 93 66 98 149 131 66 163 167 54 90 135 146 144 66 77 163 - 101 88 63 87 122 - 51 - 66 123 107 130 53 - 167 54 89 135 117 82 148 142 78 137 55 - 85 72 152 146 76 142 137 141 57 105 132 92 160 146 85 50 85 156 97 113 62 162 55 146 137 91 125 82 - 104 62 166 60 165 51 143 152 93 84 103 127 78 134 94 130 83 163 149 133 160 79 137 105 158 106 98 - 62 162 125 137 88 69 133 142 159 66
ch 3 171 16 51 168 e p 57 157 146 90 52 86 156 125 120 95 153 143 115 107 101 160 114 89 112 56 52 72 - 113 156 156 149 107 - 115 54 82 101 103 76 86 141 110 166 91 122 93 110 120 95 115 93 53 62 147 136 53 - 71 - 51 153 143 98 96 106 53 75 89 76 - 76 70 131 112 70 69 118 136 116 57 - 139 133 146 51 - - - 96 117 138 148 167 109 132 94 166 107 58 56 133 51 61 - 56 78 165 129 163 100 156 77 62 78 125 123 123 85 124 58 88 139 - 144 159 85 155 - 109 89 84 56 160 134 146 72 168 68 89 161 94 143 - - 156 81 138 168 67 77 58 132 104 77 152 110 148 76 82 - 160 79 117 61 77 135 53 145 152 61 155 61 - 76 59
ch 3 203 9 51 169 e p 51 112 156 110 51 87 92 54 106 169 118 153 151 64 84 131 143 59 105 61 63 97 155 130 133 141 99 126 110 99 133 97 - 61 91 122 159 140 137 155 59 134 53 139 131 147 121 97 167 82 165 54 96 109 - 119 119 - 88 151 140 162 61 - 75 76 70 - 149 65 125 61 117 68 165 110 60 134 161 74 156 99 99 159 105 81 70 53 59 146 124 89 134 131 70 135 59 83 166 87 81 86 61 81 169 168 150 143 124 93 - 118 123 55 67 65 71 85 105 103 133 135 102 168 98 108 128 137 106 136 134 - 59 88 145 74 165 168 122 128 122 73 168 100 149 64 64 124 157 142 59 97 62 64 124 161 153 165 151 61 67 78 99 80 122 101 73 118 119 140 122 152 112 141 76 - 98 97 163 124 120 143 134 71 125 150 62 107 144 60 53 - 58 149 131 58 163 52 119 153 124 150 152
ch 3 175 14 52 169 e p 76 55 54 114 77 146 163 - 59 115 - 60 101 135 - 75 74 125 - - 136 123 161 86 117 - 152 - - 78 161 166 161 144 119 61 76 125 100 - 74 150 128 55 156 125 71 89 109 68 156 113 54 126 129 - 148 79 72 113 115 149 54 - 69 100 61 100 130 134 52 164 94 130 90 88 148 137 138 158 101 138 159 98 72 113 65 67 77 169 143 123 80 109 90 74 53 74 58 159 154 151 54 115 71 168 63 109 91 97 105 76 114 131 118 148 132 87 156 61 - 69 104 113 151 119 87 87 87 144 160 111 155 52 69 74 99 74 166 119 124 62 162 138 129 64 63 87 169 169 111 59 101 154 91 70 141 80 158 - 97 117 - 150 153 109 57 64 55 137 117 97 149 166 159
ch 3 172 15 50 150 w p 60 162 130 92 89 59 158 56 135 55 94 132 54 156 132 168 155 150 71 63 123 99 - 92 93 84 114 54 145 128 98 98 94 151 129 159 97 55 - 146 149 93 114 151 133 - 95 130 54 126 61 143 166 140 129 98 79 149 - 169 139 148 137 134 84 76 131 80 59 67 142 93 - 50 158 50 72 85 87 166 - 102 154 75 56 65 100 - 110 91 112 164 64 - 53 - 146 113 139 157 167 71 78 139 142 - 71 105 146 79 - 164 82 74 92 133 63 71 77 128 56 146 114 78 135 86 150 91 101 127 81 75 140 73 162 150 135 78 160 70 129 98 - 145 99 79 65 51 135 166 97 61 55 150 127 91 131 59 103 - 61 122 161 111 158 163 - 113 - 104 133 126
ch 3 176 8 50 150 w p 93 116 109 131 78 54 115 80 87 129 120 121 64 83 164 91 101 131 143 105 125 109 123 140 139 61 154 169 68 86 96 61 169 89 161 67 169 161 112 154 153 82 122 153 64 158 59 158 - 93 - 57 134 159 137 109 160 169 127 152 53 90 131 81 65 169 54 92 56 150 51 51 93 164 124 82 65 115 70 57 156 80 146 76 74 66 103 50 167 61 69 93 162 84 126 167 53 64 57 86 65 87 123 129 63 118 93 63 144 61 154 95 62 160 167 - 112 72 110 150 102 67 109 112 - 66 164 91 63 163 158 53 - - 122 125 109 168 52 75 64 69 99 - 145 143 52 124 54 - 71 113 55 61 111 145 79 157 89 110 142 110 113 93 65 135 139 95 147 113 106 72 143 100 125 107
ch 3 177 7 50 169 e p 151 87 62 112 90 55 81 65 157 84 167 77 - 159 89 133 159 56 51 123 167 92 145 113 65 162 89 162 153 84 57 71 95 85 161 116 164 - 51 61 140 93 50 102 157 131 86 167 150 159 118 91 125 108 90 156 156 60 120 73 93 81 90 71 67 100 - 140 130 105 113 111 58 - 74 70 - - 90 56 59 59 79 166 57 80 92 131 65 103 116 89 104 89 166 81 58 103 90 89 52 79 74 77 66 149 88 158 164 119 131 94 147 59 167 129 107 115 123 98 122 68 137 77 61 109 116 104 132 111 78 94 113 - 54 75 65 140 108 139 140 142 74 75 145 109 100 81 52 61 151 80 136 169 60 108 132 118 69 52 109 126 153 86 58 141 168 77 59 93 164 77 94 143 95 57 53
ch 3 176 11 50 150 w p 115 125 161 85 119 75 161 106 81 77 51 135 168 69 142 149 111 154 168 157 66 115 96 165 56 - 71 - 106 50 139 89 84 52 103 75 56 - 92 - 155 79 115 74 109 103 133 87 70 - 155 151 118 103 138 158 124 168 99 86 76 159 70 130 78 99 158 51 58 168 83 146 148 82 165 57 67 144 167 87 151 152 55 82 114 164 68 161 131 54 - 68 118 131 92 58 114 167 125 116 118 151 98 143 84 91 108 62 148 111 163 70 99 52 135 151 76 - 77 117 57 73 129 85 144 164 54 128 93 120 56 88 99 126 138 78 59 130 76 148 114 55 52 141 51 52 113 52 102 127 165 169 121 - 58 122 111 131 53 154 98 57 62 63 131 - - - 128 125 132 74 139 76 61 66
ch 3 194 13 51 169 e p 64 70 169 121 62 113 139 91 92 71 129 155 157 117 60 141 111 157 51 109 61 161 132 55 130 101 122 154 65 100 98 64 - 76 153 160 99 66 124 69 67 151 115 - 157 58 59 78 - 147 115 51 159 91 132 110 147 96 - 52 63 123 64 67 113 157 109 114 155 163 99 69 99 153 156 157 85 146 167 95 116 123 - - 67 128 149 123 104 54 160 114 66 84 67 158 59 71 119 118 123 140 114 142 138 - 107 124 89 87 128 110 81 84 96 155 94 62 98 165 80 120 123 106 58 119 - 122 79 80 98 78 130 99 62 133 63 87 166 128 134 90 136 75 110 163 115 116 - 94 151 57 121 58 110 145 78 100 141 142 79 129 146 59 - 101 125 165 77 141 112 115 158 84 168 88 134 117 - 133 82 79 77 - 52 70 156 64 123 68 127 - 105 157
ch 3 195 14 50 169 e p 91 121 54 130 111 120 163 165 169 149 157 86 95 97 - 144 86 102 118 120 - 66 141 106 148 75 58 122 112 - 113 134 137 120 110 90 83 152 133 98 53 68 150 74 77 124 55 103 117 103 97 140 92 114 89 - 112 161 115 155 133 50 - 133 98 51 96 151 143 101 168 139 85 147 79 82 121 163 91 93 51 96 89 132 88 98 77 143 162 - 72 117 55 80 90 93 156 71 56 76 145 119 130 53 153 168 82 134 123 154 - 109 168 - 148 142 93 100 106 - 80 112 139 97 107 71 82 112 58 114 163 75 93 58 51 94 54 117 130 87 138 104 147 92 63 68 - 139 126 78 166 - 149 103 115 - 151 100 - 165 61 - 100 104 60 168 108 80 138 161 135 118 78 76 66 143 132 153 96 54 79 56 102 52 96 79 147 127 129 68 122 91 158 50 128
ch 3 228 8 51 169 e p 108 69 96 139 127 91 90 95 164 65 71 105 74 85 111 74 153 56 117 167 55 122 55 60 119 104 99 160 104 91 52 149 98 140 119 61 - 108 146 166 166 85 109 87 115 86 - 83 125 58 128 58 119 62 104 111 62 122 136 51 153 - 91 70 149 87 131 - 106 89 69 123 154 124 102 155 129 150 81 - 160 73 163 132 107 88 116 107 109 63 169 162 124 149 164 62 - 150 146 84 109 56 158 91 100 89 110 162 143 138 127 144 53 75 169 59 163 75 52 52 59 66 128 85 147 73 108 144 168 92 162 79 94 149 116 60 138 120 93 59 122 122 139 113 151 85 83 98 51 93 168 82 - 156 149 81 157 109 95 142 52 164 162 137 106 73 131 138 136 145 142 - 62 134 66 54 89 78 113 88 126 94 94 51 141 136 103 72 62 118 126 76 126 114 87 167 161 137 92 74 168 67 56 88 89 97 124 137 147 165 55 113 133 76 54 144 60 107 64 86 137 129 109 152 95 61 112 87
ch 3 209 15 50 169 e p 169 85 149 80 99 85 124 80 91 160 61 59 84 150 132 163 146 102 142 147 126 109 108 166 72 92 103 50 149 - 51 77 78 50 121 - 118 63 164 146 87 - 118 166 57 147 69 91 85 104 67 104 53 118 56 133 115 77 80 89 67 140 145 69 51 - 59 148 - 140 136 55 88 65 65 50 121 146 52 168 135 75 119 154 - 142 52 84 117 82 85 78 106 157 155 145 60 106 75 130 133 139 146 83 - 155 132 116 88 144 119 98 155 164 119 95 77 55 153 158 134 165 143 54 100 86 67 54 130 55 152 - 94 53 - 111 124 103 144 127 95 161 71 112 111 93 83 66 130 126 115 71 99 122 74 113 164 87 97 168 89 102 50 95 136 169 77 146 144 149 92 148 76 93 150 - 133 95 - 152 77 80 115 163 65 152 67 75 - 105 - 96 89 73 - 61 97 56 57 142 135 142 60 79 114 117 165 53 -
ch 3 185 18 50 169 e p 169 103 - 69 - 168 75 162 124 65 86 124 123 124 52 168 81 114 71 109 52 120 145 130 152 74 81 132 148 63 80 120 146 76 63 57 95 102 129 124 118 72 168 85 66 140 155 57 108 104 135 50 105 56 88 - 80 - 74 120 123 149 86 121 - 65 - 98 141 106 111 140 156 134 147 68 82 151 57 141 83 152 - 156 149 88 66 55 55 165 79 57 57 154 150 105 109 147 124 69 141 52 138 121 67 62 99 73 93 102 85 - 109 81 94 95 62 62 108 89 127 - 113 52 131 120 151 - 160 75 166 98 - 107 63 158 79 147 85 129 - 91 - 153 - 128 80 161 140 110 79 132 - 132 99 74 168 166 103 156 117 131 155 - 64 94 80 68 - 125 146 145 168 110 158 143 91 111 82 152 139 125 150 105 -
ch 3 191 10 75 150 w p 150 166 129 - - 125 73 157 145 126 137 126 140 93 168 157 102 73 168 111 118 166 138 113 135 115 73 114 162 71 77 65 106 - 104 52 98 99 - 127 106 54 150 108 89 120 97 76 123 - 136 109 113 135 115 62 76 52 88 100 105 143 128 75 63 119 67 129 61 138 117 59 145 129 148 110 55 76 81 165 119 145 57 117 165 162 60 127 59 128 154 128 91 163 131 80 54 163 79 141 69 120 - 140 124 61 161 54 92 125 111 153 160 58 51 77 86 51 157 71 162 74 96 135 156 138 123 136 72 117 151 88 99 125 58 159 65 89 63 61 105 158 67 150 89 96 51 150 144 85 53 87 60 127 119 - 79 105 112 56 68 83 125 161 83 147 136 141 113 - - 128 - 163 103 57 116 143 111 58 109 100 109 76 148 140 59 126 99 53 132
ch 3 214 16 50 150 w p 159 - 55 123 147 - 62 71 70 73 113 128 159 99 124 52 125 109 95 126 105 127 122 120 160 59 125 - 110 93 91 78 129 149 132 81 101 141 74 156 163 - 91 168 86 - 108 108 169 150 106 93 142 164 129 148 94 100 137 - 164 56 - 60 94 - 161 157 60 79 70 114 50 131 134 98 121 58 159 139 118 93 169 80 55 96 80 52 103 111 120 116 132 87 54 121 151 169 144 146 - 119 63 83 82 155 134 62 71 92 159 65 141 100 96 115 63 153 139 117 168 139 104 155 79 163 144 104 - 121 80 95 54 - 132 97 - 70 64 87 88 163 97 - 157 166 59 136 121 - 87 - 85 119 76 97 151 139 82 87 76 153 92 157 141 54 126 111 60 138 122 166 73 76 115 169 135 98 144 63 164 103 130 160 50 75 106 - 105 157 53 143 94 130 143 102 55 154 91 81 76 155 64 110 98 83 114 161 86 54 166 70 159 166
ch 3 185 10 50 150 w p 167 131 67 137 147 134 115 81 55 146 135 102 68 - 100 141 108 113 115 147 - 148 90 115 137 117 104 108 153 68 123 153 88 162 67 85 74 96 154 98 - 110 137 154 58 156 - - 94 156 52 - 91 65 65 52 112 133 162 126 77 50 151 85 77 121 143 138 96 139 64 153 104 106 77 79 82 123 94 60 124 68 167 76 99 136 99 65 135 159 84 75 100 121 73 50 - 159 88 163 126 - 50 112 57 87 63 164 129 96 73 82 78 150 129 73 119 102 136 160 86 139 91 154 163 88 78 74 - 109 140 108 146 164 146 128 68 101 100 53 72 87 - 98 74 102 54 131 127 101 89 80 52 93 71 82 124 101 165 150 72 115 62 73 79 85 165 143 135 117 95 144 50 67 103 78 112 59 122 147 112 111 96 162 128
ch 3 188 13 50 169 e p 137 141 60 90 57 118 156 65 76 146 53 86 107 - - 65 71 167 154 141 132 161 128 135 159 121 147 125 168 130 66 57 58 82 113 93 114 121 124 77 101 150 64 80 168 92 66 - 65 98 166 166 106 66 129 - 99 129 73 137 58 56 70 169 - 104 138 116 151 103 168 121 109 139 93 82 139 162 158 110 147 85 103 151 84 - 94 96 59 160 111 133 75 96 67 105 125 74 157 - 158 73 - 128 121 115 - - 157 157 166 104 - 110 98 63 139 90 64 153 153 97 151 144 101 118 120 129 81 166 154 126 111 139 106 58 66 144 - 117 134 122 157 102 104 67 135 66 76 80 73 86 50 132 161 148 142 132 115 65 160 155 116 54 125 90 123 82 86 - 55 65 166 164 92 101 72 129 145 58 152 107 143 158 141 63 68 91
ch 3 182 11 50 169 e p 94 102 73 138 124 113 136 96 95 89 145 90 136 82 139 135 92 169 120 - 51 146 73 114 - 55 90 60 100 - 95 70 58 80 71 - 111 165 164 79 68 155 97 150 118 66 127 145 89 90 - 55 161 131 118 76 129 114 60 144 58 85 108 107 133 131 121 64 60 136 107 113 164 138 84 87 84 104 127 66 110 84 106 167 105 94 139 155 69 70 169 50 142 73 82 90 116 93 - 124 63 62 152 101 - 109 113 134 115 152 162 123 147 85 154 66 80 155 134 99 - - 88 82 81 103 72 126 132 117 159 - 159 97 78 134 161 152 54 149 150 75 147 50 82 132 84 157 96 123 152 123 82 61 56 59 82 94 96 74 161 162 161 149 148 65 72 74 60 134 81 85 122 152 59 76 - 85 138 51 140 94
ch 3 193 10 51 169 e p 154 130 64 53 125 160 132 119 154 129 67 115 85 166 133 109 61 59 154 167 110 162 146 58 139 68 91 79 96 85 62 116 51 - - 79 119 154 163 149 127 167 140 126 84 145 145 78 116 81 64 58 114 121 64 101 77 119 54 121 93 148 153 62 166 154 106 167 87 132 92 - 144 155 133 153 115 165 141 107 146 68 124 122 86 167 53 59 120 166 124 151 66 120 114 99 96 72 153 141 169 91 81 56 125 133 100 109 130 79 60 - 157 140 - 111 122 144 - 69 - 139 83 113 72 117 59 84 102 93 112 93 99 70 139 107 66 83 60 133 166 168 73 92 95 153 95 155 140 148 67 95 87 - 100 121 76 157 134 - 63 59 103 126 113 116 165 131 83 157 145 140 121 113 149 148 111 97 77 114 95 100 156 54 159 124 105 61 148 - 98 166 157
ch 3 198 12 50 150 w p 141 60 121 - 81 93 - 107 79 113 122 106 99 121 89 149 100 148 120 131 154 69 77 86 61 126 96 113 57 113 82 70 81 61 94 - 110 153 84 66 152 164 111 93 150 - 137 - 97 63 154 - 83 78 96 61 103 135 83 101 54 116 133 73 131 104 87 68 148 127 62 105 157 114 168 - 85 118 160 52 151 85 143 135 79 161 130 70 148 145 148 77 139 79 70 155 68 52 118 65 67 165 140 144 111 152 149 101 153 139 124 119 71 115 101 110 - 133 159 128 64 81 96 168 85 50 - 96 127 165 92 142 142 - 128 121 60 73 116 64 - 76 155 117 54 138 142 55 59 89 153 160 65 61 67 52 127 144 88 107 133 131 126 64 69 128 110 71 111 147 96 154 112 136 68 118 107 92 69 110 136 158 124 136 107 116 108 131 85 125 136 84 150 71 - 76 83 156
ch 3 197 16 51 169 e p 95 162 156 84 149 166 125 122 121 100 52 138 144 115 60 152 101 51 118 163 72 124 128 53 - 78 119 90 65 - 139 84 140 - 75 127 153 96 91 147 - 86 129 63 71 156 - 143 82 121 58 54 155 119 131 149 122 118 150 98 139 84 76 120 131 138 164 73 121 115 52 70 84 56 126 92 142 80 150 - 81 166 147 163 117 115 90 163 - 105 - 143 118 115 168 78 62 109 75 68 96 72 138 93 104 169 116 - 116 111 98 130 121 56 67 141 135 129 139 100 133 115 60 71 139 144 96 110 84 101 - 106 158 - - 107 69 56 51 115 83 152 91 92 67 84 120 73 58 61 - - 138 155 71 81 124 131 66 90 118 150 99 122 154 - 107 92 151 101 147 92 78 161 167 131 - 146 124 155 73 117 151 162 121 96 154 107 162 64 143 138 84 69 144 108 81
ch 3 182 13 50 169 e p 66 104 152 99 52 165 99 111 162 98 114 53 155 100 90 100 - 81 100 78 81 61 53 61 133 146 116 - 54 147 78 - 82 144 149 160 140 - 83 91 70 120 145 160 52 144 80 135 - 85 75 102 64 100 76 120 69 - 134 145 101 118 117 169 93 91 78 55 146 82 111 141 117 113 168 149 168 98 107 62 93 149 130 80 129 103 166 156 138 - 122 90 162 119 - 160 82 121 130 71 82 161 55 99 132 - 161 151 80 76 154 86 144 60 150 73 144 100 116 52 51 154 53 110 124 119 121 95 84 155 - 163 - 154 115 86 50 56 128 142 151 116 166 121 113 68 132 142 55 143 79 99 136 114 130 118 61 116 164 62 122 126 156 163 57 166 94 108 53 87 - 62 141 98 156 122 69 - 97 165 88 90
ch 3 198 11 75 150 w p 157 - 137 145 64 122 164 164 119 93 51 61 51 103 113 135 166 119 148 111 138 133 78 51 127 80 139 70 - 106 160 123 152 66 82 148 74 144 78 70 86 86 167 127 140 110 142 - 124 113 56 135 88 73 157 163 107 122 85 97 137 150 128 64 76 135 138 81 64 128 110 162 105 - 160 67 - 164 64 86 164 140 168 74 168 53 61 68 101 146 81 83 106 166 - 117 157 76 56 - 124 113 67 140 112 153 127 166 104 166 115 90 108 77 58 146 114 52 153 113 76 100 166 57 148 162 105 81 119 159 118 91 122 92 55 76 152 74 86 130 - 61 92 143 157 132 - 106 123 102 65 76 168 81 142 88 150 120 75 75 154 125 116 72 62 56 85 122 120 142 92 128 157 67 54 88 135 54 141 151 136 62 114 160 119 93 84 124 124 116 - 60 119 88 59 153 76 -
ch 3 222 19 50 169 e p 99 62 50 86 88 97 110 96 63 155 78 136 130 52 - 147 71 - 67 167 119 107 139 136 - 108 90 142 150 85 94 152 67 115 62 - 138 136 - 104 121 120 137 115 61 151 127 78 116 50 74 79 154 52 54 86 61 114 165 83 55 76 160 56 158 74 125 114 52 141 92 163 76 - - 106 155 115 138 148 51 79 61 - 168 166 119 69 87 98 140 149 167 124 141 148 131 160 112 54 96 124 79 54 92 102 64 140 164 77 164 147 110 99 138 57 60 114 132 87 132 168 140 72 101 88 69 88 108 70 104 - - 88 97 142 76 88 144 133 163 69 118 - 50 66 52 165 53 81 122 103 134 87 57 97 153 50 109 111 142 76 104 91 127 101 123 151 81 150 104 107 167 127 - 69 - 134 71 167 53 141 136 84 138 89 - 116 93 115 110 - 64 - 112 72 146 66 126 119 - 156 165 155 169 50 74 74 151 71 141 - 122 80 130 - 72 104 77 107 96 87
ch 3 210 12 50 169 e p 70 77 60 118 102 159 166 75 96 168 75 151 125 135 147 116 117 118 143 86 63 50 96 106 103 53 106 75 164 56 - - - 54 147 54 149 65 89 78 136 57 72 115 67 77 115 95 60 155 155 130 165 147 50 66 132 134 62 73 158 166 101 79 138 112 84 58 163 - 169 77 60 169 77 88 112 141 143 74 88 117 119 121 113 144 52 127 93 154 75 138 151 104 59 119 151 53 55 77 69 119 168 63 78 116 124 - 85 121 142 110 59 - 80 101 84 68 93 79 81 98 - 157 56 85 68 99 166 103 92 148 82 97 77 99 117 124 147 91 122 166 126 106 89 73 113 156 96 136 143 113 132 113 97 60 138 - 104 129 96 - 59 61 158 106 146 147 81 90 149 136 166 - 110 63 157 74 117 145 160 78 121 107 89 72 116 157 - 148 115 70 162 102 102 99 112 141 95 111 78 148 60 - 155 115 103 62 50 82
ch 3 217 9 50 150 w p 105 67 96 - 148 132 53 124 134 111 114 79 148 156 88 81 157 96 154 130 118 83 124 85 154 141 66 68 - 149 134 139 145 94 89 105 66 51 104 147 87 107 69 136 125 158 79 - 149 120 66 86 118 94 88 114 113 101 152 99 - 60 102 - 102 96 74 103 168 114 - 142 150 121 81 109 68 146 101 116 143 80 51 91 116 161 53 91 57 162 56 70 76 128 127 93 64 98 112 85 166 145 104 136 146 142 - 84 134 56 137 96 54 94 59 50 80 65 75 57 128 70 84 156 111 128 88 55 84 165 140 79 145 98 146 140 63 53 148 107 104 132 79 166 75 110 122 145 - 54 96 65 137 82 164 95 74 130 68 133 71 67 97 66 124 145 - 128 90 147 137 106 64 103 127 118 85 150 117 119 123 114 107 121 54 97 116 77 61 61 118 161 71 81 89 147 108 100 168 94 107 78 106 100 139 51 166 92 140 64 55 127 134 154 89 81 75
ch 3 198 20 75 150 w p 151 120 162 52 151 136 84 70 - 125 129 153 107 82 79 111 132 111 - 86 132 67 157 141 149 152 87 141 132 155 111 141 81 72 129 77 85 68 - 65 133 114 86 81 97 60 61 125 84 82 80 - 130 159 163 70 132 88 157 109 67 128 80 56 - 166 66 139 104 69 121 113 67 113 142 - 166 154 56 125 99 87 104 106 56 59 90 93 66 119 168 102 88 75 - 151 125 60 79 99 112 94 60 89 - 116 108 163 159 99 - 155 158 - 152 81 77 117 82 - - 94 86 147 159 146 131 132 - 158 124 158 119 54 - 160 104 99 105 159 74 60 70 125 52 64 105 102 - 99 86 59 77 75 121 89 - 158 96 137 136 112 118 90 - 140 149 97 100 162 112 134 117 68 90 151 104 61 164 153 - 93 127 119 102 - 137 135 83 61 59 54 62 - 100 75 123 65
ch 3 176 9 50 150 w p 159 95 66 106 93 141 105 131 143 125 105 167 73 123 161 138 132 67 100 155 142 - 78 128 - 106 98 101 51 - 158 67 109 93 167 108 99 109 84 64 148 50 128 145 111 169 107 168 98 72 143 122 139 152 70 89 168 59 101 103 83 81 51 135 86 78 121 78 126 112 106 133 86 105 58 107 147 114 - 102 66 92 69 - 84 166 154 155 110 57 129 69 82 125 121 139 73 66 135 136 162 135 160 - 119 115 57 57 113 122 110 66 138 136 121 58 156 62 157 166 98 74 162 99 72 - 120 110 131 87 158 109 52 - 145 91 52 147 80 132 109 88 117 94 131 110 110 93 65 76 121 149 134 155 109 95 60 142 109 116 96 55 68 70 118 84 163 121 159 - 141 134 158 85 137 135
ch 3 200 22 75 150 w p 105 87 85 87 62 73 165 120 109 92 - 103 79 - 133 89 57 99 102 65 100 100 120 - 71 118 156 104 104 91 103 58 78 91 57 - 66 99 103 159 64 145 143 147 52 53 113 152 118 113 59 155 72 114 143 65 109 145 92 112 128 - 75 127 97 75 - 66 55 59 112 - 98 128 114 159 161 70 80 160 136 98 81 70 77 67 140 65 147 103 - 114 154 164 103 69 144 68 90 69 103 132 - - 126 158 59 79 156 162 54 153 52 129 117 115 72 94 143 - 149 106 107 114 63 101 101 103 158 74 145 161 127 165 83 - - 58 167 134 162 165 84 104 77 135 164 - 130 - 146 102 158 82 89 - 62 58 165 158 85 90 - 56 81 56 71 99 51 117 111 128 118 55 153 90 141 - 87 132 - 111 129 60 140 131 - - 123 67 73 165 158 - 164 103 100 119 166 168
ch 3 174 12 50 169 e p 129 88 - - 132 83 84 91 120 114 104 102 165 65 144 86 65 59 70 122 162 82 158 126 98 127 116 118 125 50 118 74 143 54 - 132 160 104 - 151 160 152 161 - - 54 89 150 129 117 76 106 121 54 67 53 65 55 144 153 109 118 80 129 96 101 - 107 169 106 107 163 88 119 88 50 95 68 - 114 130 108 - 74 121 62 127 129 115 157 139 107 66 58 140 131 162 51 110 117 92 79 111 104 125 134 - 147 80 142 108 - 118 66 134 98 162 50 153 128 79 82 142 81 61 169 112 145 - 62 141 109 116 154 115 57 74 96 79 143 57 107 149 160 84 67 84 57 142 80 120 94 137 76 147 103 67 163 57 58 83 144 128 70 155 103 109 58 144 119 90 117 97 64
ch 3 199 13 75 150 w p 150 106 95 114 76 160 - 90 121 155 149 116 153 123 143 141 160 91 108 96 98 117 120 106 124 57 164 156 162 94 109 88 90 - 60 - 90 152 148 76 165 83 126 108 113 74 110 73 132 144 118 100 63 66 163 118 103 115 147 97 136 136 66 83 110 128 68 156 145 60 79 91 83 72 144 80 132 168 138 138 143 123 74 145 56 - 80 160 131 117 158 86 60 158 97 90 - 94 104 56 112 67 109 125 78 58 97 163 79 165 148 121 94 88 - 116 112 158 120 151 79 134 121 75 63 93 62 - - 158 53 167 148 - 140 92 115 - 56 169 148 126 115 154 91 101 102 116 128 96 58 74 168 162 80 139 69 114 51 106 159 133 - 90 67 51 93 142 158 61 152 147 84 131 67 81 141 111 138 77 131 136 83 149 100 69 78 - 114 120 146 86 86 140 98 146 110 78 -
ch 3 213 16 50 150 w p 61 71 136 95 156 143 110 162 168 129 83 150 118 83 69 71 78 138 83 124 110 73 152 114 113 147 100 125 169 75 141 139 70 137 - 69 70 56 - 69 58 63 76 164 125 159 70 115 52 119 110 85 137 102 117 160 72 57 130 74 95 106 99 102 63 - 166 126 157 156 64 - 147 136 163 168 73 139 91 - 77 61 145 153 149 105 85 157 169 150 145 - 110 110 122 95 87 69 67 53 - 137 130 143 129 125 166 89 - 136 104 136 137 - 137 83 129 - 61 134 76 141 163 65 109 81 - 65 79 157 110 110 - 85 167 59 72 51 134 143 150 83 71 - 91 58 91 - 124 59 86 53 66 57 111 100 162 77 169 142 113 66 85 168 60 93 162 110 101 82 159 - 78 66 52 161 145 87 107 144 134 164 - 59 85 107 163 80 130 85 139 67 50 165 69 153 106 152 150 114 92 85 169 123 138 149 68 149 59 80 64 72 160
ch 3 173 13 50 169 e p 74 60 - 120 84 126 78 71 125 76 152 - 147 129 96 116 98 76 146 115 77 - - 73 71 129 54 62 67 - 107 150 73 140 - 73 51 159 57 111 68 145 117 113 116 157 112 161 134 154 94 101 112 89 - 140 108 68 118 123 100 - 134 86 71 68 139 67 55 97 162 68 119 152 81 97 150 162 82 63 133 111 145 61 127 111 167 108 76 159 158 93 141 75 99 78 120 158 83 66 157 106 126 164 155 96 70 62 138 148 165 132 57 107 92 138 77 138 - - 139 148 102 161 78 96 57 153 84 72 124 - 114 120 59 132 57 91 90 100 138 108 111 89 66 106 137 51 103 101 95 76 169 - - 140 93 150 108 77 118 50 102 56 109 123 55 98 85 116 52 122 140
ch 3 192 14 50 168 e p 154 158 63 142 87 155 54 89 65 121 167 138 90 128 131 55 157 - 57 125 85 134 61 - 90 126 71 159 138 158 - 132 128 106 - - 96 85 163 87 - 166 77 116 - 57 159 114 97 146 122 122 152 117 58 80 145 117 94 111 151 73 90 136 159 62 152 147 90 162 79 108 144 84 114 103 114 65 120 87 151 134 163 151 141 86 156 91 63 143 116 76 143 145 - 139 62 113 55 58 103 88 150 140 114 166 114 73 143 86 - - 103 117 121 78 79 167 93 114 123 137 78 83 166 79 63 68 67 108 102 59 56 125 119 64 84 106 133 159 141 71 81 124 50 154 77 76 - 114 139 125 128 67 57 132 109 150 146 106 55 154 146 92 126 155 166 132 114 136 59 141 - 165 77 125 150 - 98 154 74 111 106 111 85 130 119 76 123 168 - 167
ch 3 227 12 50 150 w p - 116 118 89 140 88 146 53 88 74 134 72 143 82 158 118 139 109 72 161 63 110 132 134 164 - 95 119 91 109 167 150 143 62 150 55 88 65 82 95 - - 113 144 120 161 134 59 121 50 115 93 169 141 102 65 155 - 137 158 69 116 149 126 73 169 136 96 127 55 136 61 132 - 161 101 109 153 151 74 121 64 - 148 124 168 72 56 73 111 107 83 54 100 54 103 67 75 55 54 140 145 74 91 53 86 97 165 90 165 91 - 103 108 166 117 122 65 138 71 64 110 112 157 151 90 115 114 - 151 104 99 101 153 83 79 134 162 107 99 107 68 69 - 112 55 163 130 115 63 152 119 152 119 - 153 60 69 89 80 87 107 119 149 143 162 57 118 137 163 55 164 55 136 105 92 90 114 80 96 79 96 161 164 149 102 148 85 53 128 152 142 143 140 73 110 123 83 115 89 - 107 135 142 150 96 83 156 161 138 154 168 57 151 87 80 83 135 77 59 83 164 129 163 113 144 165
ch 3 199 4 54 168 e p 163 99 87 65 108 112 67 130 144 71 91 63 158 126 150 127 149 122 153 72 115 63 138 117 147 125 144 143 149 143 143 164 106 108 168 96 71 76 59 107 67 82 130 159 61 143 117 143 100 141 104 55 96 112 134 73 147 109 160 66 149 153 142 73 113 153 151 59 79 105 57 64 - 61 90 80 64 127 83 65 87 111 150 79 102 109 98 77 139 80 70 78 62 54 92 87 78 150 55 149 150 83 130 93 - 166 159 72 122 139 73 118 105 97 104 99 164 159 60 155 134 66 150 126 95 93 134 133 154 107 77 155 130 57 122 81 160 93 102 147 129 143 92 - 68 135 109 157 92 149 148 75 81 77 89 60 104 93 132 69 118 120 162 66 67 116 136 165 157 126 98 97 70 105 149 152 69 95 84 143 71 129 - 109 69 80 117 100 117 104 56 65 79 56 56 65 111 71 73
ch 3 173 14 50 150 w p 74 50 168 116 162 - 107 136 98 70 150 146 112 132 130 79 128 118 - 103 167 106 60 80 71 118 - 68 - 80 123 70 104 167 160 141 62 110 139 97 71 136 130 65 115 115 115 114 146 107 118 68 72 84 155 143 84 166 56 86 155 99 150 154 144 57 104 118 55 98 67 140 124 62 118 104 - 168 - 101 52 158 135 71 83 - 93 148 79 - 153 67 132 155 148 151 123 156 152 129 168 75 116 164 110 63 65 103 111 131 141 57 128 86 53 94 121 139 61 119 117 102 77 - 145 - 62 157 156 153 118 81 140 164 - 66 164 128 130 51 63 92 147 - 96 149 99 65 69 93 166 140 116 122 136 69 - 149 154 67 95 162 90 79 - 113 59 102 146 120 50 115 135
ch 3 219 19 50 150 w p 88 51 151 115 166 91 105 80 146 111 83 81 147 144 61 131 94 - 52 99 124 - 112 168 82 152 89 146 140 158 96 - - - 134 103 128 86 104 58 88 150 90 67 94 150 67 167 131 - 83 68 97 78 68 154 79 68 54 67 - 75 165 58 135 144 94 136 88 117 152 83 156 149 159 60 165 94 137 125 168 159 101 63 61 56 136 136 51 144 101 144 - 164 93 58 - 127 162 119 58 103 130 161 85 - 65 120 165 71 129 107 74 93 119 123 50 145 70 93 149 96 69 67 79 104 - 165 92 155 125 108 70 123 65 116 133 75 72 - - 151 60 133 116 158 68 - 60 91 146 133 57 87 131 75 100 152 57 132 129 149 65 157 - 136 123 - 117 121 133 55 79 95 124 - 160 64 61 157 161 142 89 119 71 90 - 163 166 105 162 74 83 167 54 160 96 - 51 168 157 165 66 128 88 73 52 93 135 85 59 82 58 139 61 78 158 62 75
ch 3 179 11 50 150 w p 121 - 100 147 112 138 159 76 138 53 148 145 67 51 98 126 142 96 109 108 120 115 - 93 - 157 111 87 123 125 101 169 138 - 110 135 125 68 53 103 168 158 137 103 119 - 81 165 130 162 71 132 96 66 71 136 154 150 115 158 119 85 162 106 84 - 163 - 153 62 59 90 123 50 147 98 107 86 86 161 108 50 139 112 146 109 - 106 90 62 154 104 117 71 68 73 73 123 142 125 128 111 145 107 102 105 136 140 138 71 131 100 89 100 128 148 - 88 114 73 97 149 98 153 126 100 98 160 85 132 79 106 100 137 134 115 68 169 - 163 144 142 110 156 146 136 96 - 98 107 146 165 150 122 75 163 78 94 79 65 86 74 135 96 104 107 149 100 53 95 135 87 83 73 68 101 105 159 91
ch 3 206 17 50 150 w p 141 114 55 - 66 147 77 75 152 149 - 102 66 - 152 74 167 112 165 84 104 122 106 155 62 110 114 107 104 84 87 88 - 154 120 100 153 140 165 54 96 132 - 162 89 79 163 57 - 89 158 71 151 127 163 120 64 133 86 165 100 87 165 141 158 115 100 104 90 85 55 153 120 141 169 71 82 159 128 160 92 159 81 - 119 95 65 80 85 81 145 163 114 160 98 146 130 107 83 111 - 135 142 150 135 120 161 93 133 70 - 80 142 76 85 142 69 122 155 167 107 156 69 77 124 118 - 109 150 162 161 57 133 66 95 146 62 168 159 101 103 114 142 93 89 150 103 119 68 111 98 138 61 164 167 56 164 - 88 61 164 162 133 - 50 - 80 169 70 92 - 119 156 129 66 52 53 122 149 116 114 78 141 91 79 75 - 92 - 168 139 56 125 89 88 94 - 99 159 121 113 140 108 58 50 51
ch 3 189 15 75 150 w p 132 82 - 91 74 54 163 109 101 60 77 84 82 - 67 56 130 82 147 90 90 132 140 100 64 138 140 156 128 119 - 134 166 141 122 - 114 - 137 88 51 117 71 149 - 70 81 167 83 75 89 52 163 71 106 129 - 102 127 60 132 82 118 88 117 65 116 124 92 84 129 75 116 143 115 161 140 96 168 51 - 121 165 118 91 129 108 122 87 75 168 54 72 134 123 135 67 142 101 159 150 142 76 129 81 76 89 - - 148 163 164 105 105 147 94 - 149 131 - 121 54 143 110 155 121 164 115 78 54 67 119 103 118 105 115 131 77 163 156 166 152 98 56 129 103 64 152 74 - 84 - 131 127 96 138 125 165 163 124 77 - 105 91 81 153 78 168 81 85 152 114 103 101 119 51 127 110 71 53 66 99 153 101 160 87 161 159 145
ch 3 226 31 50 169 e p 162 161 66 82 52 122 73 76 60 - 97 120 - 112 - 118 147 99 64 - 152 74 96 161 64 - - - 120 107 - 78 142 - 131 - 88 87 125 137 102 57 123 - 159 85 110 96 115 61 166 - 64 166 70 141 - 105 73 112 151 133 72 151 158 97 156 129 167 126 119 96 123 167 157 52 62 50 71 108 67 61 105 129 107 59 92 110 - - 110 77 159 99 142 65 - 80 101 136 113 87 51 - - 58 102 124 123 91 - 128 169 103 63 132 115 - - 89 62 104 147 94 165 83 90 120 107 130 63 73 75 113 78 95 128 - 148 90 135 142 167 - 145 146 118 81 120 151 78 66 63 107 72 159 100 140 76 - 87 122 106 157 78 53 108 142 137 165 89 - 137 116 56 62 112 - - 125 119 78 125 65 116 95 169 132 148 96 81 149 121 73 - - 54 108 161 85 53 91 110 - 53 140 56 147 113 96 53 142 117 78 118 64 92 88 147 85 111 110 53 74 149 -
ch 3 189 10 50 150 w p 135 138 162 144 103 63 91 150 162 137 164 143 116 70 - 85 141 83 157 111 161 159 74 107 120 57 56 136 53 66 150 - 104 150 160 127 148 57 168 112 58 - 127 61 168 82 132 167 88 115 - 145 82 102 58 151 109 - - 119 131 162 161 69 - 138 97 158 164 97 70 67 158 90 53 120 110 101 154 105 161 169 106 106 135 114 143 110 82 103 156 123 144 73 78 124 90 130 111 135 144 77 66 97 61 120 148 152 129 85 127 164 133 54 155 82 163 92 91 128 138 104 62 127 53 67 - - 169 166 142 135 146 100 141 144 152 124 118 163 150 53 72 105 103 134 103 138 144 95 89 80 155 127 144 87 114 159 95 82 166 143 142 132 80 141 - 113 151 50 56 135 163 69 68 134 142 70 88 160 169 63 106 122 98 121 51 118 76
ch 3 206 11 50 150 w p 146 99 68 64 82 76 136 67 112 100 105 102 57 151 105 54 74 133 94 149 158 169 161 108 67 53 169 - 133 169 100 62 108 126 140 120 163 123 165 59 117 106 153 134 165 113 116 54 120 93 161 137 125 111 106 116 134 - 142 138 135 83 69 - 131 66 - 152 - 65 134 61 118 110 138 95 150 63 169 146 67 132 66 169 58 83 145 155 169 126 101 51 50 118 69 151 61 165 157 96 62 105 138 129 137 137 158 144 84 104 - 70 113 122 155 164 143 113 120 108 - 131 59 102 82 125 154 167 121 146 147 126 142 160 60 100 55 115 152 141 114 88 148 64 133 65 118 54 164 - 57 87 131 143 139 82 144 154 142 - 140 108 104 155 161 125 92 134 61 53 66 101 78 142 167 56 97 - 98 55 106 90 112 50 127 162 134 83 75 50 102 85 105 - 56 160 169 114 71 144 94 94 93 161 149 82
ch 3 200 15 50 150 w p 125 58 144 105 128 138 99 109 84 98 90 53 68 147 141 140 138 147 97 144 157 58 103 136 82 140 96 129 78 113 - 121 50 52 - 77 72 108 104 102 146 138 51 124 67 164 56 84 - - 164 74 57 123 58 164 92 159 - 112 112 153 55 84 - 165 153 115 79 - 101 70 - 65 153 160 116 107 163 97 123 128 165 52 144 - 63 81 128 71 56 82 146 72 52 131 130 116 114 86 156 169 - 97 72 163 90 113 99 137 162 107 116 155 63 - 67 153 139 74 102 75 127 99 90 - 99 149 168 142 84 135 69 136 117 54 62 125 148 148 89 157 158 72 117 135 163 - 72 130 135 108 99 88 79 58 62 84 70 159 101 72 89 124 96 72 139 162 66 129 76 114 92 53 122 63 88 144 - 154 155 145 97 147 128 76 68 135 142 69 125 55 - 119 138 161 163 65 125 61
ch 3 193 13 50 150 w p 161 151 86 143 149 83 151 119 130 154 68 103 135 162 53 122 98 148 70 97 147 100 90 86 123 121 113 119 151 130 146 - 128 88 150 80 64 154 163 146 120 88 120 127 115 67 87 140 126 70 161 55 105 111 140 131 66 155 - 156 116 81 93 161 - 69 92 55 152 99 97 72 73 75 100 - 151 - 102 57 55 142 110 54 75 109 64 58 122 108 - 130 133 123 169 141 89 146 141 88 128 158 60 120 147 109 - 127 82 81 163 50 57 77 80 74 72 - 169 109 165 138 70 64 118 145 167 136 107 50 76 168 169 55 66 - 80 165 112 116 96 119 125 133 167 124 164 115 74 102 121 105 153 155 113 - - 96 115 98 167 146 91 - 99 159 58 158 58 142 112 156 124 69 99 76 82 78 156 88 127 71 67 55 56 - 118 96 156 138 153 102 156
ch 3 222 20 50 150 w p 147 142 127 161 55 153 70 150 165 150 80 93 169 131 55 161 145 84 124 57 101 169 160 83 52 97 116 157 152 59 86 72 113 119 86 73 149 92 149 109 94 62 138 151 99 78 - 122 72 72 101 89 72 151 60 - - 107 83 61 154 75 126 60 141 136 99 138 86 167 54 144 138 101 123 143 130 139 121 112 135 54 57 62 156 81 50 97 - 120 - 147 157 100 165 52 82 - 157 141 61 124 67 - 64 113 87 72 155 150 102 152 94 145 137 138 107 54 52 83 136 54 113 85 102 - 61 97 51 155 145 - 123 54 131 - 128 63 106 60 51 159 163 161 121 54 63 161 128 138 167 107 96 151 98 54 133 151 58 159 - 107 97 53 150 138 53 160 142 111 73 96 103 - 166 120 153 109 163 162 137 - 125 84 160 100 148 145 52 98 101 99 - - 130 88 67 137 107 - 131 144 147 109 98 161 168 138 126 69 83 - 68 161 160 65 - - 57 102 150 -
ch 3 205 11 50 150 w p 101 120 66 50 67 117 154 50 138 57 118 72 139 139 76 56 129 165 90 162 149 110 150 139 132 109 134 105 70 91 92 122 - 150 169 - 130 107 167 - 130 118 147 168 52 71 126 78 95 118 62 147 82 113 108 125 50 136 100 165 121 160 134 84 153 77 89 85 130 126 - 112 69 125 54 141 137 131 127 54 139 60 84 77 61 117 65 78 139 84 137 55 150 56 128 92 116 164 125 - 81 149 94 157 112 80 154 92 - 159 165 78 - 134 146 75 143 78 118 169 130 149 106 116 108 124 116 109 90 144 152 63 124 85 159 150 130 78 70 109 101 65 133 75 53 76 153 143 138 68 72 148 80 124 97 91 51 124 155 71 133 140 157 77 103 - 104 62 52 87 - 136 107 121 113 65 110 99 84 155 152 76 66 - 123 91 114 83 74 65 81 87 114 91 55 168 169 116 - 53 99 157 112 105 105
ch 3 215 20 50 150 w p 129 92 155 158 159 150 132 126 80 78 102 149 79 59 108 87 131 121 63 140 82 54 - 166 67 98 156 - 150 138 121 55 52 125 126 88 109 87 85 112 126 - 79 106 51 83 151 82 143 142 136 147 - 53 110 129 158 157 87 132 134 119 159 117 74 89 55 55 - 146 - 123 115 50 96 84 83 71 105 - 88 155 114 151 64 111 101 87 71 85 125 131 142 94 55 116 76 118 109 90 52 167 75 106 50 - 77 - - 168 - - 106 114 67 152 77 79 89 145 61 89 52 137 89 85 95 53 - 163 54 72 102 96 149 82 120 62 76 124 127 143 138 - 81 76 58 85 148 136 50 129 63 - 80 98 76 125 139 157 96 - 101 105 57 75 106 - 134 89 158 101 - 60 86 70 126 83 96 149 113 165 50 - 92 50 148 167 61 102 63 78 73 54 85 62 102 82 80 84 169 156 109 132 71 93 112 128 143 107 124 71 130 - 77
ch 3 208 14 50 150 w p 88 53 132 156 145 142 75 90 90 61 110 98 109 159 61 130 106 130 - 80 94 126 128 - 167 145 92 165 105 58 145 166 102 129 64 76 86 92 92 89 131 150 66 133 133 - 165 99 106 65 157 54 114 92 78 76 - 51 110 136 121 69 94 143 74 141 166 137 134 91 70 - 127 79 105 91 - 139 90 93 93 129 159 105 145 59 116 150 51 - 103 128 136 146 111 66 - 97 168 155 142 169 114 94 166 61 123 86 75 60 113 131 95 110 85 59 157 135 118 79 - 89 127 54 168 130 58 98 72 - 161 161 122 164 76 50 126 73 147 - 81 52 57 147 88 149 113 - 54 159 73 138 85 - 103 92 130 73 148 124 163 149 80 87 77 124 117 166 125 127 105 98 123 145 163 114 142 141 136 - 92 75 65 107 113 124 156 99 169 108 136 159 91 148 157 78 117 73 68 169 84 86 75 136 167 67 89 163
ch 3 223 20 50 169 e p 143 51 70 95 82 112 97 133 132 115 86 102 130 105 74 114 154 142 64 165 156 88 151 122 146 151 96 136 169 84 - 151 - 80 127 155 150 86 129 121 60 131 75 62 67 69 118 103 69 103 140 162 62 63 53 149 73 70 158 109 76 137 82 - 131 - 83 78 58 69 133 83 88 100 142 50 114 91 - 149 150 88 154 - 95 65 88 153 87 71 123 115 64 93 131 51 56 125 130 86 137 - - 87 96 75 101 166 166 73 107 154 50 104 106 139 61 116 128 65 79 130 66 120 57 142 162 158 151 106 144 146 51 108 - 90 - 137 145 92 107 124 86 155 77 137 153 161 148 151 93 169 81 133 164 62 - 134 - 169 73 116 161 72 106 95 137 75 109 132 157 142 97 167 - 145 162 130 - - 101 63 56 155 159 122 - 136 143 96 156 106 132 159 63 165 149 126 - 166 72 102 53 133 87 149 116 146 101 - 131 164 107 77 - 84 - 52 102 65 73 130 100
ch 3 204 12 50 168 e p 119 74 78 103 124 157 - 120 75 62 51 81 108 82 153 127 118 149 138 60 107 80 76 168 145 69 92 135 77 115 125 80 140 96 71 117 77 52 64 121 70 73 142 123 114 70 74 85 78 146 126 61 88 52 113 91 86 84 148 100 153 74 114 - 154 66 144 114 154 - 59 114 124 155 160 146 167 155 141 140 122 94 66 138 168 52 51 119 75 54 146 59 111 67 103 152 166 152 90 97 - 59 143 166 61 139 67 56 153 130 55 101 127 82 143 129 110 148 63 69 56 - 149 157 139 - 69 87 136 69 100 - 126 87 97 50 134 76 109 81 79 62 145 94 - 167 129 80 125 57 72 55 130 - 126 - 141 148 110 150 81 133 99 121 60 92 - 157 104 142 90 105 75 103 102 103 76 159 144 136 82 136 145 159 60 142 120 59 168 144 56 113 126 93 141 146 - 136 61 146 126 57 61 69
ch 3 184 15 50 150 w p 74 132 147 53 144 118 59 156 136 110 109 89 163 158 167 96 107 66 101 91 165 54 76 109 106 159 116 160 122 142 128 102 157 141 169 166 - 75 - 114 150 92 98 101 112 111 166 151 81 100 - 60 55 97 130 90 125 101 - 145 103 149 140 116 58 103 152 89 82 110 116 103 101 102 153 78 63 52 55 - 95 125 99 147 74 84 111 115 153 70 - 132 107 72 159 147 137 55 - 67 131 76 161 101 114 108 73 139 91 156 115 74 139 157 97 152 108 161 152 105 50 131 - - 145 141 93 94 116 124 130 55 77 72 115 91 70 59 97 91 93 156 139 150 99 - 58 - 112 102 59 104 154 117 - 75 - 100 87 81 120 128 98 138 129 152 105 139 147 87 104 105 - 122 67 78 115 131 81 - 117 119 168 136
ch 3 215 14 50 150 w p 81 95 162 96 113 - - - 87 147 103 86 79 169 65 98 66 - 161 139 67 146 86 101 144 111 125 125 68 61 159 112 159 52 88 59 130 60 96 90 97 105 117 67 95 77 141 85 129 90 63 167 163 146 139 58 90 63 54 102 80 168 161 118 132 115 106 99 52 - 84 - 114 55 118 104 164 - 63 149 108 145 150 149 134 156 62 119 71 131 108 71 127 120 83 138 77 153 164 50 - 54 71 61 130 123 124 - 80 81 122 67 132 86 142 139 68 108 152 112 168 119 154 139 - 90 103 70 77 141 102 - 135 72 63 98 121 113 137 72 129 91 96 128 151 146 147 77 93 106 71 100 64 80 113 95 53 68 132 130 - 102 - 119 - 114 105 56 70 68 166 66 82 62 125 53 159 111 87 99 140 152 79 50 167 166 121 164 115 145 99 123 101 152 87 148 113 85 125 129 87 135 112 133 64 65 76 127 116 120 147 116 86 100 82
ch 3 183 17 75 150 w p 106 59 159 112 161 61 91 130 147 94 124 - 156 55 51 58 162 150 54 129 92 169 53 - 165 69 67 148 159 132 53 - 127 157 94 - 146 79 55 169 59 125 135 160 99 92 144 69 117 99 80 120 156 148 105 109 108 156 66 109 102 63 95 60 134 55 68 70 165 152 129 87 89 - - 106 - 109 164 169 124 106 62 78 73 148 53 136 69 118 74 119 100 138 162 94 91 132 113 111 124 72 109 59 74 82 154 106 - 60 117 - 95 161 158 117 60 132 152 126 62 65 109 80 135 51 130 - 87 121 113 64 102 138 96 107 57 105 - 90 60 81 156 76 75 72 71 75 106 99 67 78 155 160 63 159 167 88 - 67 157 135 100 164 57 - 167 71 90 106 - 152 76 153 71 155 84 - 160 142 - - 162
ch 3 192 18 50 169 e p 112 148 - 163 118 75 123 72 69 90 165 79 51 56 96 140 105 - 122 57 137 53 128 - 108 50 68 78 111 154 154 129 132 111 113 - 130 141 119 85 110 109 64 50 143 88 94 125 90 51 102 144 67 165 126 123 62 77 147 129 128 75 127 55 135 51 - 71 107 - 119 72 - 160 160 75 112 56 95 94 113 142 117 163 - 57 163 167 85 63 79 142 67 102 136 166 85 145 82 104 158 81 106 150 146 68 120 169 50 91 146 119 76 156 87 67 159 - 157 140 110 143 63 85 122 154 160 113 118 - 60 98 137 58 140 167 51 87 163 87 86 - - 70 150 158 128 - 166 81 139 77 95 161 67 161 164 - 90 113 141 91 147 68 72 149 125 146 - - 150 93 122 116 - 66 93 119 62 125 55 143 125 128 - 160 69 104 128 84 129 156
ch 3 190 6 50 150 w p - 77 136 72 137 95 54 135 90 140 97 50 56 65 84 74 50 64 67 58 158 96 132 114 84 152 135 61 115 167 117 - 160 91 100 65 80 135 86 64 105 159 161 85 86 158 76 159 62 122 111 81 90 102 122 52 84 135 166 63 89 67 87 164 93 68 132 113 70 140 85 72 56 85 71 60 128 84 88 144 66 53 63 83 105 78 126 70 - 131 98 73 111 128 103 131 99 94 131 161 166 56 152 157 136 65 148 104 160 152 119 55 134 166 150 124 153 144 145 82 166 68 126 118 61 163 116 106 95 136 140 96 - 163 141 158 71 61 91 67 142 161 138 142 89 92 - 86 155 68 143 - 68 63 107 79 83 104 73 102 72 114 166 81 90 165 132 121 67 119 133 154 93 162 150 151 50 68 157 57 122 79 78 150 50 145 71 96 76 58
ch 3 190 12 50 167 e p 76 55 128 129 122 75 55 113 158 121 - 145 110 139 - 130 57 - 113 52 111 116 156 76 131 77 153 148 86 - 87 162 83 62 73 167 153 123 53 143 86 161 148 99 107 117 144 - 50 53 132 89 102 143 138 70 89 - 85 118 136 83 150 131 53 95 56 139 121 112 68 58 59 80 58 73 153 108 142 119 58 84 73 141 70 142 90 - 58 113 - 158 75 108 53 167 71 112 72 123 104 64 55 91 129 134 60 67 74 64 166 116 156 108 118 142 147 106 54 103 68 - 163 116 59 109 80 159 79 54 104 159 54 141 112 94 50 120 92 84 132 87 137 - 162 102 85 95 147 - 74 58 77 80 80 153 69 76 126 163 140 111 101 150 69 140 80 90 147 167 137 119 - 158 144 121 107 50 126 60 93 98 154 96 52 163 121 106 60 111
ch 3 185 12 50 169 e p 54 90 108 104 50 127 144 103 83 103 106 86 156 133 90 138 59 73 71 128 109 67 62 93 145 71 105 91 - 107 129 156 86 165 97 81 52 159 138 109 121 130 79 56 102 108 - 126 100 120 63 113 76 94 160 139 - 113 115 119 167 - 115 153 117 76 134 80 136 153 135 54 144 76 163 157 152 126 81 164 75 128 62 86 152 81 67 79 120 98 144 160 62 147 69 156 162 128 138 154 165 77 127 141 - 82 - 60 108 - - 82 157 83 169 62 86 121 83 157 62 154 - 74 70 108 72 145 99 115 91 140 112 110 111 156 161 72 143 105 61 161 89 77 79 87 121 126 96 60 153 134 89 144 76 118 92 76 84 152 152 116 53 123 133 87 62 151 - 132 78 141 64 134 166 161 118 86 155 160 133 120 - 168 -
ch 3 188 15 50 150 w p 77 152 81 60 102 97 148 51 128 63 113 166 73 66 126 109 62 - 93 75 79 90 150 - 123 81 101 64 108 98 53 114 74 135 144 64 130 52 154 - - 85 134 65 109 138 163 136 152 112 156 167 54 90 88 100 50 - 88 140 154 60 120 132 95 - 81 142 160 105 152 105 120 150 166 106 135 77 95 101 151 58 137 98 92 84 58 75 165 - 92 - 113 74 75 51 71 142 104 140 131 - 148 160 - 56 59 130 103 112 99 105 131 151 98 92 163 - 143 103 117 145 70 119 68 68 51 140 132 107 - - 110 103 64 100 88 162 78 - 65 75 108 154 143 56 - 116 150 84 126 89 99 69 154 68 158 66 137 143 147 134 64 167 142 123 141 130 115 129 133 138 163 155 168 88 94 99 160 121 76 91 136 146 80 147 93 100
ch 3 224 17 50 169 e p 60 63 114 126 133 61 50 75 164 129 68 - 113 154 131 88 167 167 132 118 130 87 113 144 123 128 - 157 138 91 66 86 101 138 79 157 140 - 53 71 80 127 - 146 138 129 144 168 86 75 93 50 59 101 98 53 167 132 141 106 158 94 55 154 - 152 160 142 133 166 118 113 119 119 169 158 108 165 167 142 69 142 162 146 121 160 131 - 111 153 80 58 90 - 67 152 118 - 144 126 63 150 - 81 132 87 55 71 95 119 130 62 - 74 165 66 100 121 165 59 116 109 141 146 131 132 81 145 - 93 145 97 129 145 143 100 56 83 119 112 82 80 159 109 148 67 50 92 157 55 127 80 149 131 76 79 144 81 106 149 119 80 99 112 136 149 164 145 115 155 161 162 157 63 106 62 121 - 168 50 154 - 148 144 102 149 55 78 125 62 - 77 76 - 56 92 165 112 124 50 53 169 158 - 65 70 60 109 144 102 75 90 108 151 102 52 159 128 81 65 - 114 151 169
ch 3 225 19 50 169 e p 113 89 - 143 104 88 133 94 97 158 123 103 113 143 142 132 146 56 112 137 79 73 152 92 139 - 142 109 51 143 147 138 130 69 97 85 67 133 - 96 - 134 115 112 54 54 73 131 114 66 158 160 101 155 160 108 160 75 115 83 82 109 99 136 55 63 141 62 149 102 99 60 165 118 141 76 121 - 58 152 90 166 - 91 120 150 162 168 71 145 97 - 79 51 78 97 149 131 164 159 - 105 134 136 104 73 115 169 121 92 67 97 125 95 160 142 127 137 71 100 108 - - 136 123 148 130 152 - 63 - 154 - 89 60 71 - 155 59 116 51 105 109 155 106 142 75 54 135 153 153 93 92 87 138 118 90 135 - 110 70 119 - 50 - 91 87 98 51 - 146 55 158 148 155 135 100 83 102 146 154 114 62 126 142 51 122 75 - 96 62 155 98 150 59 112 75 149 92 164 83 110 148 78 89 166 71 73 71 101 84 99 136 121 90 161 103 134 163 164 127 64 163 167 87
ch 3 196 9 50 150 w p 59 121 91 75 149 158 163 113 151 116 67 114 148 - 121 91 109 145 161 72 162 132 - 100 60 138 90 - 58 138 135 126 162 132 150 65 84 133 99 64 150 131 129 147 138 129 121 84 64 138 146 94 71 86 95 162 162 167 96 - 165 86 93 126 155 162 106 163 147 157 - 50 166 118 120 163 50 96 123 131 - 126 87 112 113 160 60 56 135 139 149 166 90 - 157 102 165 101 102 108 63 130 - 149 70 89 90 76 121 127 78 100 96 118 78 151 77 71 77 167 139 160 75 110 128 54 139 156 57 71 87 156 108 120 86 51 157 109 159 143 101 78 95 100 101 142 110 120 112 145 110 86 94 126 114 105 164 113 87 92 133 86 79 59 119 94 82 152 141 138 162 156 53 88 111 114 105 59 74 129 113 134 - 105 147 106 141 61 100 115 85 136 161 68 85 79
ch 3 218 17 50 169 e p 162 72 89 117 150 - 78 167 55 - 150 56 165 101 163 103 128 150 149 166 80 91 58 51 82 130 109 168 119 105 110 135 116 68 136 160 150 148 77 87 111 93 157 - 139 93 70 142 128 59 87 74 150 130 131 109 105 117 111 - 119 144 71 150 66 163 117 133 - 99 84 86 83 149 139 104 110 - 122 - 126 83 - 130 127 - 137 97 153 101 79 71 104 - 50 145 143 124 148 65 - 159 65 162 120 99 - 130 129 73 84 106 96 154 76 52 138 79 104 61 117 139 141 126 144 95 53 159 142 84 52 151 142 107 79 66 81 118 94 - 153 55 59 88 117 141 119 120 168 76 89 121 119 59 128 53 62 82 - 105 51 - 75 169 138 59 118 169 51 54 148 121 79 - 139 95 167 153 74 86 116 99 89 60 141 51 89 121 164 121 107 103 117 73 108 60 59 77 78 101 159 146 150 100 165 168 151 101 - 134 139 85 157 72 77 79 50 156
ch 3 215 11 50 150 w p 91 78 127 136 - 142 87 129 61 73 - 124 145 88 169 129 156 69 166 99 83 130 75 134 60 168 64 117 136 52 51 101 137 138 74 110 109 139 124 93 101 66 100 130 90 112 62 127 93 70 75 139 86 102 156 76 166 116 94 143 105 69 78 75 119 137 95 71 166 69 95 95 96 154 120 - 51 120 57 75 106 126 89 74 84 103 112 120 133 134 145 126 124 112 92 58 129 75 85 97 87 56 - 113 55 62 63 162 157 147 120 108 50 70 151 76 84 113 102 60 166 131 97 98 111 152 84 75 150 124 87 75 164 - 150 56 81 - 166 70 168 160 146 168 107 126 122 52 60 59 121 57 75 72 141 109 152 151 110 147 163 52 - 97 77 115 50 57 114 51 57 100 151 81 78 153 - 127 122 138 - 95 54 58 89 78 153 122 74 147 135 82 109 120 125 87 162 - 64 119 106 159 125 158 128 81 75 - 142 58 54 167 95 63 70
ch 3 195 11 51 169 e p 55 136 63 67 144 80 60 120 122 123 117 - 130 169 107 161 125 141 92 68 151 82 123 104 161 136 144 164 73 164 132 162 149 55 166 99 62 90 166 101 164 166 51 124 95 77 88 75 152 93 140 61 99 89 130 - 150 63 136 129 83 126 80 101 161 - 68 72 - 75 121 108 94 62 107 168 63 90 75 119 84 117 160 111 77 101 147 120 88 55 137 158 104 97 70 60 103 119 55 146 85 106 79 136 65 134 105 85 109 - 164 154 117 77 124 - 93 68 100 155 120 97 132 76 - 64 105 84 60 60 52 132 157 114 105 153 142 - 166 138 113 119 105 82 104 76 131 60 82 143 76 83 133 130 56 161 - 164 63 87 99 127 53 95 169 106 156 68 132 146 92 133 68 83 158 65 113 104 - 74 79 86 111 102 161 75 149 76 152 148 128 99 - 134 155
ch 3 196 10 50 150 w p 121 81 88 109 145 120 161 93 61 152 - 152 119 142 101 62 69 116 106 113 56 125 128 165 - 133 168 164 154 119 130 - 80 69 101 52 124 - 111 132 105 117 75 124 137 115 64 128 91 145 66 136 123 153 150 73 89 55 124 67 95 102 121 123 - - 128 62 118 142 148 115 128 144 113 101 158 51 116 102 123 162 155 69 77 122 73 118 75 103 125 67 160 135 81 169 56 87 96 157 153 158 137 79 116 125 134 123 98 153 109 77 50 - 62 131 124 74 51 50 72 63 152 127 134 56 145 130 88 - 122 83 89 100 93 128 68 87 148 82 97 86 134 150 139 76 133 140 110 123 136 91 86 97 104 120 113 147 - 153 79 95 129 145 140 51 122 87 65 107 106 121 130 96 117 107 87 52 160 60 143 - 120 59 148 149 153 114 145 137 106 76 131 150 116 73
ch 3 226 15 75 150 w p - - 103 83 - 94 56 115 87 87 77 79 104 113 - 103 83 157 164 164 100 129 84 129 60 124 141 162 169 116 92 123 83 84 129 52 55 126 90 95 53 75 109 168 60 134 99 144 101 134 73 86 - 119 61 94 99 151 127 134 123 83 101 89 162 100 67 159 99 137 57 97 95 116 106 99 169 78 130 105 - 134 165 137 69 148 167 59 78 64 167 124 73 168 129 106 86 105 96 - 85 87 120 84 80 - 127 78 64 64 66 70 161 117 112 66 145 66 - 140 74 135 151 - - 51 162 161 75 163 - 82 75 75 96 69 70 156 60 129 79 137 163 57 83 152 56 54 66 95 51 164 154 57 - 135 95 132 94 64 163 117 98 85 124 - 66 110 99 91 78 116 161 155 123 150 53 94 165 91 135 94 85 113 110 109 107 97 162 79 118 167 87 125 118 65 103 134 138 156 163 105 147 71 95 135 - 149 63 73 63 94 156 120 131 70 84 147 95 87 156 106 108 137 147 106
ch 3 217 21 50 169 e p 79 - 110 164 114 60 77 84 63 87 126 - 86 97 139 109 142 156 132 61 159 62 122 169 69 106 124 137 142 60 152 106 107 91 144 55 68 166 77 63 169 70 97 110 96 126 111 - 94 78 67 59 68 82 128 102 - 143 130 128 65 166 138 63 73 93 109 64 - 76 59 147 115 57 145 121 66 144 - - 125 66 - 131 - 148 51 121 62 73 168 75 118 154 81 145 107 124 119 56 - 86 54 121 108 114 - 121 123 132 156 54 153 61 64 168 - 137 55 164 - 50 141 161 125 112 63 167 147 77 53 62 60 55 73 103 142 - - 77 66 107 65 74 144 - 51 62 88 136 105 135 151 94 156 100 136 139 - 115 79 82 124 - 114 131 59 71 153 113 - 147 164 133 86 63 109 71 74 99 - 67 110 102 169 153 89 - 106 149 165 95 130 71 54 153 159 142 67 98 81 161 109 102 137 90 112 159 132 71 147 115 78 140 136 121 160
ch 3 220 18 50 169 e p 76 83 158 52 101 165 94 56 69 119 151 163 127 158 104 88 74 54 82 135 94 130 100 59 99 121 65 104 89 162 72 86 52 119 - - 138 156 118 58 104 55 - 83 166 144 73 92 93 163 163 - 58 85 90 160 169 161 134 100 126 169 157 69 116 134 154 149 120 89 97 138 123 154 59 134 141 85 124 56 60 147 162 59 87 167 84 133 - 130 134 125 101 84 105 95 62 141 150 - 120 119 128 64 84 141 53 67 151 69 62 97 165 96 130 51 79 50 82 70 125 150 74 153 163 138 139 162 117 136 150 110 92 85 147 154 116 147 158 93 162 107 102 81 91 144 141 - 118 150 131 - 66 55 66 148 131 123 - 132 57 - - 85 100 76 145 57 84 98 54 119 133 119 153 166 161 123 166 95 141 85 113 96 85 144 - 71 164 96 102 - 112 124 72 54 138 89 - 104 83 102 109 101 62 105 120 148 - 135 140 97 - 71 - 132 92 143 100 -
ch 3 180 15 50 169 e p 85 149 52 168 136 - 121 82 96 - 148 58 64 131 89 56 162 124 92 137 69 133 - 121 144 51 - 96 90 63 - - 165 148 130 78 116 130 102 145 129 - 102 141 111 78 132 134 76 67 57 153 66 113 112 - 163 58 128 107 148 114 110 81 79 62 81 127 152 83 112 - 50 - 69 - 155 148 130 63 138 165 97 54 157 156 136 133 157 79 131 81 115 66 132 128 157 72 119 72 101 - 123 92 69 62 68 52 84 157 93 136 124 164 81 100 115 120 163 131 118 121 116 143 64 65 54 146 155 158 139 - 91 162 122 126 - 152 75 - 140 59 137 112 113 110 109 81 151 93 138 116 62 91 92 157 140 87 110 168 125 132 154 75 64 103 50 145 169 96 128 87 52 135 132 76 155 51 56 59
ch 3 177 15 50 169 e p - - 164 97 139 77 159 81 149 83 91 80 167 167 136 74 57 160 - 159 71 129 132 125 111 131 59 76 157 68 63 - 134 93 74 155 66 118 119 - 140 59 73 65 84 166 126 125 68 62 120 148 53 119 165 76 126 76 134 128 56 85 55 137 - - 69 126 142 95 128 127 140 162 84 69 154 70 159 160 151 94 - - 73 160 155 135 74 69 102 50 109 148 - 125 122 127 62 90 164 70 74 85 139 57 140 154 160 117 73 87 135 81 145 84 88 103 - 55 94 128 91 77 147 58 97 115 135 92 146 - 134 139 - 71 116 134 - 129 93 169 - 99 148 115 168 75 79 94 125 145 121 99 139 163 127 111 152 80 84 51 130 164 159 117 108 64 77 166 131 152 155 54 107 67 69
ch 3 207 10 50 150 w p 127 143 - 59 - 96 77 50 77 111 156 - 106 55 84 94 129 - 79 68 169 139 51 111 127 57 88 - 67 158 166 120 95 157 68 153 105 65 112 121 74 83 102 55 150 70 108 51 84 - 134 59 164 72 155 105 165 52 71 169 115 134 97 146 95 134 111 111 162 81 153 136 86 146 81 107 147 101 113 78 53 134 123 - 96 131 154 152 117 55 67 157 165 121 132 93 140 167 75 82 84 105 121 163 124 167 152 164 109 132 86 123 153 - 111 84 61 60 86 110 136 107 151 102 79 79 128 64 53 127 - 165 132 112 91 128 111 163 65 130 114 86 117 58 104 143 164 134 118 63 163 146 124 91 84 60 133 50 143 78 116 143 87 135 100 68 86 125 126 106 - 59 138 138 76 52 63 165 138 96 76 162 60 103 124 121 64 145 113 80 147 122 163 112 58 169 148 150 53 136 79 55 118 162 51 153 102
ch 3 220 14 50 150 w p 124 140 124 128 125 158 147 55 100 122 59 - 101 99 79 133 125 - 82 62 - 71 - 109 139 87 129 72 147 77 112 125 153 137 106 93 116 120 146 120 156 106 51 160 61 77 139 76 54 84 112 126 123 106 102 169 84 - 84 106 - 150 167 52 106 150 66 87 73 54 143 105 65 117 58 53 129 61 92 155 99 132 56 144 54 166 91 131 - 117 162 103 96 159 124 87 139 148 107 - 72 78 76 98 - 150 168 89 148 127 87 97 108 159 100 159 123 66 99 106 64 94 86 142 102 119 64 62 165 127 105 113 120 50 142 - 141 89 138 143 93 - 86 119 89 138 98 163 114 165 103 120 128 169 158 75 108 114 116 88 74 71 76 87 52 - 147 155 51 85 101 67 111 115 77 73 80 102 70 114 164 67 60 86 105 77 169 79 54 161 70 80 161 126 142 126 60 164 - 156 148 51 90 52 111 159 52 88 163 91 165 69 - 116 71 62 134 112 61 104
ch 3 222 17 50 150 w p 77 114 - 139 70 100 88 - 140 158 106 - 123 118 101 158 99 139 55 129 109 139 116 114 99 50 62 143 - 112 65 100 94 105 145 - 59 67 98 63 126 116 63 94 158 82 - 103 159 72 120 72 101 119 82 92 101 107 85 110 163 120 82 66 88 82 80 136 115 90 125 61 59 123 142 128 96 69 93 114 70 72 95 111 154 117 120 62 74 74 165 - 83 127 74 157 133 149 129 119 161 162 - 66 123 - 114 62 54 76 166 93 118 115 139 - 86 - 128 130 52 88 57 63 157 84 141 165 - 148 52 115 108 53 78 113 124 73 68 128 92 144 120 74 160 164 56 134 164 50 59 115 - 137 59 62 123 143 61 97 79 51 147 154 107 159 98 - 73 60 155 88 128 70 95 92 126 96 148 158 126 155 75 149 145 87 - 83 129 110 - 129 114 154 104 86 152 153 99 117 141 132 103 79 91 145 - 127 107 149 134 62 130 99 84 109 84 79 97 79 72 54
ch 3 219 19 51 169 e p 155 68 164 136 63 134 67 77 61 - 95 97 151 129 - - 149 121 152 103 102 107 169 146 63 126 113 167 58 163 134 - 60 92 134 102 89 85 - 143 136 90 128 86 88 - 138 66 - 69 124 98 164 166 65 117 169 54 - 61 70 106 116 62 116 83 - 163 81 167 147 130 60 101 141 109 67 - 140 153 89 53 112 140 - 156 167 169 80 126 107 136 130 93 85 77 70 - 141 127 135 122 98 58 111 142 168 101 - 131 141 70 99 145 163 128 67 110 169 147 58 85 53 109 128 65 145 91 71 69 84 - 113 70 138 167 157 91 165 130 128 61 143 138 116 97 144 118 98 116 67 - 114 72 61 116 126 143 70 77 62 115 148 140 128 77 111 166 157 - - 167 123 77 122 95 164 - 109 69 144 111 119 110 72 94 89 - 129 60 162 53 76 101 99 84 143 168 163 63 166 72 63 72 160 123 129 139 115 150 80 138 126 91 112 145 104 51 91
ch 3 170 13 50 169 e p 122 119 86 113 63 107 55 54 70 93 73 69 156 151 72 89 149 161 54 126 103 160 167 102 115 88 66 162 149 118 115 107 148 61 109 90 51 131 160 - 144 141 140 57 107 66 149 86 68 72 83 - 101 111 110 144 115 - 72 - 127 120 96 119 126 55 50 129 142 - 121 141 118 118 62 93 82 118 86 52 92 124 131 141 - - 104 93 149 65 96 133 - 160 96 138 61 88 119 57 54 152 124 148 59 169 54 54 95 87 166 143 97 - 58 141 144 54 98 88 131 63 150 127 141 66 59 68 150 125 126 138 166 113 103 - 127 115 53 - 144 158 52 156 144 69 162 75 108 85 110 50 - 159 53 61 142 120 - 108 65 124 54 97 102 83 140 94 124 115
ch 3 222 16 50 169 e p 122 78 72 75 123 108 131 84 110 88 91 56 155 127 92 83 130 138 - 141 127 61 70 63 165 127 143 123 158 99 136 58 159 104 103 132 157 61 68 102 50 109 54 168 137 143 120 151 82 80 141 59 141 149 163 91 75 128 131 158 121 168 115 67 86 126 133 136 82 125 115 96 148 88 81 158 74 107 89 107 121 88 150 100 - 67 155 - 125 79 61 126 130 80 119 57 87 150 64 75 90 122 122 52 87 - 150 51 51 103 169 77 127 75 90 95 143 168 106 144 134 96 156 117 100 92 105 130 169 130 90 - 112 138 80 95 - 146 145 80 169 102 117 123 81 93 - 98 79 - 155 - 125 - 92 103 64 61 151 61 81 142 137 145 54 140 112 74 77 144 108 163 167 98 76 155 142 - 99 129 150 - 105 - 75 139 81 152 77 75 167 75 69 115 - 159 106 157 71 161 131 122 116 161 58 167 99 124 137 144 - 105 162 70 60 122 65 92 169 120 118 -
ch 3 182 13 50 169 e p 122 167 95 76 154 140 - 82 159 - 77 150 138 138 147 77 130 134 165 - 138 149 97 116 123 164 160 109 166 - 114 96 86 150 145 153 73 - 164 63 77 127 74 167 156 86 133 169 99 161 - 71 131 63 127 61 63 94 151 118 132 124 - 108 103 133 103 168 - 111 100 152 83 79 60 114 152 110 86 118 163 144 135 86 101 159 87 78 66 85 119 98 71 90 87 74 151 105 79 - 101 115 111 104 160 149 - 139 87 56 55 153 77 54 110 - 162 122 52 150 70 101 111 134 152 - 117 130 111 124 67 65 98 56 99 155 62 69 139 76 159 150 110 79 - 116 128 169 75 67 143 87 153 98 129 163 163 135 130 168 134 144 145 88 112 58 143 77 50 132 131 96 63 52 116 152 101 158 100 104 90 123
ch 3 218 11 50 169 e p 138 169 58 81 72 79 - 99 58 149 52 166 64 - 73 162 127 74 88 97 80 110 60 143 145 93 169 160 155 73 72 111 90 144 106 88 149 125 - 169 160 71 159 84 123 90 126 121 93 104 130 144 145 56 112 77 148 88 66 136 68 138 97 63 - 141 108 169 76 63 56 169 138 166 164 102 113 109 81 67 52 144 158 61 70 95 58 155 67 111 59 125 135 63 82 72 152 161 158 85 132 92 64 79 82 - 87 63 137 50 51 105 72 83 67 135 127 139 125 81 75 52 68 95 82 - 71 125 80 108 118 119 156 153 150 156 79 118 65 110 159 69 132 149 55 54 121 64 103 121 51 149 158 109 135 129 140 146 - 86 77 122 - 85 52 98 73 82 54 144 160 66 - 137 102 136 - 142 97 86 125 67 72 71 50 53 135 - 161 110 93 163 119 75 88 99 132 95 71 99 82 79 166 114 141 139 83 135 115 62 95 93 159 107 141 72 102 114
ch 3 229 25 50 169 e p 62 95 124 130 130 67 107 79 148 78 51 99 118 82 134 69 - 71 160 125 72 - 103 148 120 96 166 72 161 160 61 144 72 52 129 56 59 111 106 107 155 66 56 78 83 160 92 64 55 - 79 69 148 - 156 64 155 - 168 - - 89 98 117 77 126 135 149 152 91 89 164 58 72 128 66 155 100 146 163 131 - 144 105 156 58 77 88 51 107 115 126 - 124 50 - 141 126 - 90 67 105 122 163 69 143 102 123 66 167 168 133 123 164 117 120 159 53 148 116 72 159 96 116 135 149 113 - 92 56 120 60 60 67 - 88 130 158 - 140 135 147 83 100 148 56 97 146 69 93 165 84 133 103 153 - 138 84 105 106 54 - 166 108 65 132 145 103 124 80 111 - 164 100 72 127 67 103 - 145 56 166 137 66 164 73 112 - 155 58 111 - - 105 80 120 121 101 144 82 91 81 70 168 125 83 152 - 169 82 113 58 110 139 59 151 76 82 102 157 - 60 119 152 128 58 - - 84
ch 3 226 22 51 169 e p 93 52 140 - 93 - 161 111 84 102 137 91 158 - 73 99 59 90 126 133 83 61 58 79 - 103 148 122 89 160 68 56 65 91 66 83 72 77 71 120 75 59 58 102 98 131 54 62 125 66 - 70 160 142 117 148 161 129 95 152 - 163 60 67 101 144 96 98 147 121 137 114 133 155 149 - 85 144 97 130 164 150 112 72 156 78 84 127 69 96 141 144 82 54 110 155 83 80 92 57 57 131 142 65 168 116 97 81 115 77 - - - 107 71 122 157 60 159 128 128 85 - 137 59 98 - 160 88 125 76 - 67 72 59 76 131 109 86 99 127 167 90 115 83 169 86 159 - 151 150 118 133 70 93 64 164 91 80 86 132 72 169 140 155 155 164 167 51 - 113 - 147 - 88 155 153 69 63 116 64 67 167 139 87 106 62 142 - 149 91 - 116 116 132 54 80 156 85 127 69 100 82 153 - 126 161 97 135 120 62 85 154 - 74 - 86 110 130 144 168 168 56 133 113 135
ch 3 208 11 50 168 e p 107 140 72 117 87 153 157 104 62 118 121 92 141 133 88 81 93 110 139 88 142 102 77 53 97 53 154 117 112 148 90 141 116 153 127 - 71 55 150 124 58 107 58 62 64 151 112 150 102 - 72 124 110 90 78 111 98 126 135 94 55 - 99 121 111 107 166 89 143 93 106 161 53 79 126 50 133 158 106 162 80 150 50 83 167 120 150 91 94 - 123 63 50 145 147 70 100 144 141 101 61 131 96 163 53 101 116 100 121 101 155 62 86 166 168 107 138 111 124 158 168 164 57 117 59 99 147 154 151 129 125 67 124 58 69 147 124 - 106 124 93 - 61 135 161 146 148 115 142 114 82 - 128 144 138 - 123 83 133 155 111 167 54 132 89 167 72 144 68 111 65 85 82 83 99 50 96 144 92 162 104 165 - 155 79 111 153 168 151 148 - 92 63 148 60 77 121 111 136 109 137 - 100 79 95 160 162 106
ch 3 199 14 75 150 w p 57 106 77 70 131 164 143 117 68 138 96 158 56 87 133 - 117 88 95 66 79 149 135 80 124 - 65 134 107 157 57 132 - 121 70 153 128 138 123 67 122 63 167 165 85 151 166 146 74 135 51 - 53 116 - 61 147 75 146 79 86 123 118 55 105 141 129 160 143 138 139 138 123 153 113 115 126 114 125 143 153 114 63 157 65 82 159 146 - - 62 92 109 133 - 51 53 149 155 145 167 86 103 - 160 149 75 52 119 124 77 121 104 115 68 86 111 163 - 148 52 54 147 169 108 148 118 150 - 151 - 75 123 94 63 62 128 131 152 116 73 167 147 90 142 112 158 - 67 121 126 73 101 88 122 141 116 115 136 71 58 114 120 107 57 117 120 118 157 132 105 67 155 60 108 114 158 139 74 139 60 153 163 160 51 106 106 63 54 132 135 107 115 - 127 78 74 56 111
ch 3 211 21 50 169 e p 152 - 122 128 69 115 75 96 121 96 - 155 68 157 99 156 169 82 155 113 161 62 88 - 150 110 118 97 100 157 166 83 68 156 126 - 117 98 119 140 - 81 162 167 120 102 143 137 69 115 142 123 162 60 160 139 118 91 109 124 134 163 169 50 70 131 116 - 80 135 54 - 57 84 67 75 117 65 127 139 156 84 - 88 161 129 111 87 101 - 151 71 74 83 95 98 - 162 162 81 74 144 77 121 52 112 71 151 154 - 74 67 - 92 161 75 83 86 95 79 161 157 129 154 153 123 112 139 140 56 101 109 82 - 164 118 51 129 144 156 134 144 110 - 152 129 118 102 99 152 - 78 157 96 71 108 105 137 109 78 116 70 - 126 81 121 74 167 98 112 81 - 165 127 162 133 50 - 117 127 94 - 157 142 73 - 85 75 140 107 148 64 59 152 122 129 - 114 101 78 136 116 81 142 158 107 118 164 106 77 80
ch 3 207 11 52 169 e p 125 59 138 121 146 137 140 100 134 82 90 166 88 98 69 69 79 99 132 92 144 137 161 85 161 158 103 93 168 77 165 88 169 129 132 113 163 70 76 79 109 164 90 115 121 167 135 56 102 126 134 63 137 72 147 62 86 94 167 166 150 138 153 153 58 143 147 163 152 98 147 60 166 146 52 145 124 52 63 160 126 167 142 168 122 64 93 80 166 109 74 60 99 102 64 53 105 146 140 134 135 136 55 161 124 99 132 119 139 147 76 157 - 116 64 70 168 78 - 60 165 119 87 - 166 53 - 93 126 72 81 107 61 133 136 134 55 71 105 150 74 105 97 148 - 81 151 120 88 68 119 166 114 113 - 129 77 58 95 - 107 61 61 117 119 110 93 151 85 129 132 148 146 136 63 - 86 121 112 86 154 57 - - 137 133 157 64 153 57 69 160 77 150 88 115 167 74 - 87 58 90 104 82 62 139 81
ch 3 179 13 51 169 e p - 163 158 - 59 167 63 86 87 135 71 51 65 - 106 142 143 157 92 156 69 57 169 82 164 104 128 59 67 108 151 132 - 98 98 150 130 106 93 130 - 118 159 77 57 69 124 106 161 106 98 52 153 124 116 144 - 112 154 135 108 91 - 140 162 79 75 76 101 130 105 72 - 121 146 130 84 134 160 123 112 88 66 53 76 85 152 63 134 127 - 150 168 162 130 63 126 157 77 63 154 68 108 99 68 52 - 137 126 98 71 74 137 160 111 104 99 130 92 92 151 169 160 141 114 121 134 65 115 145 158 69 159 165 115 100 92 60 77 93 107 74 164 - 113 157 168 158 51 78 52 161 - 85 115 132 115 95 161 133 95 72 155 85 60 71 87 52 58 78 79 65 76 131 91 152 60 - 124
ch 3 219 9 50 169 e p 80 109 77 76 133 107 89 81 86 149 99 104 53 - 123 81 154 154 143 169 105 130 142 84 117 160 118 94 - 150 143 153 120 71 50 87 51 133 90 145 103 92 96 69 92 50 167 116 106 103 82 89 155 107 57 144 72 151 50 97 52 140 57 160 124 58 95 112 - 126 122 110 93 142 143 109 50 154 124 129 152 158 124 126 130 166 - 135 88 61 99 55 105 83 113 121 107 117 68 96 162 122 73 124 56 82 114 61 139 57 153 - 111 129 130 165 68 125 123 - 70 78 154 100 74 111 91 160 120 162 82 161 76 130 - 150 63 90 163 158 123 114 113 - 52 75 102 71 157 153 166 82 112 108 104 65 62 129 154 153 84 124 163 162 167 57 71 145 82 155 115 79 63 126 94 143 65 79 77 120 105 95 127 140 169 66 139 105 64 142 76 137 136 52 118 111 138 78 112 87 124 158 119 120 117 163 - 135 91 117 90 146 69 144 114 132 152 153 164
ch 3 191 10 50 150 w p 157 82 133 149 57 87 74 70 86 120 134 130 109 53 60 52 - 125 - 129 114 139 97 135 154 76 56 68 88 70 108 120 110 141 130 91 143 114 116 73 62 145 103 71 134 137 155 69 114 126 124 144 167 101 135 153 102 119 53 148 114 122 108 126 121 138 125 62 128 93 119 89 91 104 139 113 159 111 110 87 151 129 146 161 109 119 - 78 96 90 148 - 82 152 133 125 147 143 70 67 115 75 55 113 132 67 74 65 - 164 123 139 88 77 57 140 107 82 169 169 96 167 50 93 83 87 135 - 156 137 133 - 146 163 85 105 121 - 52 83 131 152 83 59 127 51 125 123 - 79 86 90 152 121 109 73 76 66 93 67 91 123 60 51 62 59 50 121 71 137 131 96 164 148 138 112 137 124 95 142 113 - 56 107 151 62 61 107 115 68 66
ch 3 190 11 51 167 e p 143 82 83 55 - 122 65 59 57 136 73 65 154 69 148 - 102 81 55 82 58 79 61 124 78 75 100 131 154 125 58 72 129 113 158 97 145 151 139 52 163 69 118 112 75 114 107 87 56 160 121 156 119 - 150 85 148 119 144 51 80 93 141 - 130 62 152 142 65 154 59 96 112 - 157 146 62 164 146 144 127 70 98 124 165 164 123 89 78 122 51 109 160 162 62 99 84 101 53 - 123 90 149 162 82 133 102 95 116 106 81 151 154 152 65 - 146 97 - 167 139 66 - 93 127 84 81 157 80 167 111 167 134 151 88 163 100 109 110 57 167 134 106 167 108 163 61 144 149 149 - 101 138 162 166 167 139 99 111 106 148 136 126 81 67 153 153 159 88 85 163 68 154 70 58 68 77 - 144 129 53 145 88 136 58 138 164 111 139 148
ch 3 171 13 51 169 e p 51 56 119 145 110 154 98 135 129 133 152 113 103 168 137 138 - 80 118 131 125 60 100 155 164 143 169 110 56 135 162 51 58 54 157 127 162 71 157 153 143 153 - 71 99 141 88 126 113 110 123 60 64 137 107 149 53 114 114 73 116 74 - 154 134 138 121 74 105 156 - 59 79 154 110 - 65 132 79 161 64 51 54 60 146 69 79 87 112 73 146 60 143 129 54 67 53 72 123 128 58 71 73 73 61 149 - 53 144 63 124 162 163 60 137 74 81 58 - 140 121 - 83 57 94 83 76 113 105 132 169 165 118 53 73 153 51 152 135 141 156 108 96 158 - 75 146 134 100 - 92 162 115 163 71 85 68 164 - - - 84 109 156 79 156 77 82 156 85 148
ch 3 190 7 53 169 e p 91 157 56 164 169 57 127 99 111 72 98 129 - 69 115 164 109 140 95 84 66 119 129 148 152 167 91 111 140 66 115 124 81 124 121 167 112 77 99 105 62 75 161 81 91 88 115 74 157 87 136 105 141 83 123 91 97 135 - 122 167 102 133 139 94 141 88 99 139 130 155 71 103 138 103 54 103 123 102 129 - 131 154 78 149 56 77 64 87 53 92 63 156 148 116 134 111 60 124 - 140 83 159 113 77 68 124 104 120 79 87 77 130 102 89 119 134 117 155 64 125 159 155 118 148 68 66 123 165 87 - 73 118 70 142 76 56 133 164 166 115 88 90 58 143 103 120 - 134 - 110 92 53 149 81 169 140 94 111 108 97 134 138 155 121 101 59 121 134 152 109 161 63 78 110 151 118 87 61 86 142 139 118 125 132 125 132 117 79 107
ch 3 175 11 50 150 w p 79 148 132 169 100 68 92 70 157 153 - 164 113 76 70 81 117 99 156 - 127 139 106 79 115 88 127 54 129 99 98 156 132 53 132 161 54 132 66 122 - 98 129 135 154 143 157 - 114 154 - 106 - 53 87 163 59 163 166 103 129 103 148 116 102 94 121 88 148 50 120 114 57 109 153 56 97 162 150 112 121 83 83 74 105 67 62 126 140 - 166 - 92 69 135 86 127 129 161 147 58 107 166 66 76 92 54 65 92 143 162 136 149 89 90 97 169 82 124 70 56 55 89 57 120 125 109 168 111 69 - 154 148 107 145 110 87 85 105 132 151 125 129 114 84 111 149 119 166 117 122 169 60 58 111 158 125 99 51 - 112 108 130 125 - 150 153 125 149 71 100 124 136 103 73
ch 3 206 13 50 169 e p 115 103 76 108 159 164 - 157 130 118 55 68 54 68 119 54 135 - 152 99 160 81 136 145 154 168 109 91 65 52 92 51 118 137 162 81 72 113 139 121 145 100 91 163 118 127 106 135 - 166 147 168 137 - 110 111 50 62 139 92 123 - 100 95 169 136 169 168 124 71 81 86 93 105 107 159 50 93 77 144 69 92 52 91 98 63 88 58 59 160 91 74 85 129 112 - 60 - 157 156 98 144 143 155 110 156 - 160 158 66 161 114 105 118 158 81 65 73 82 77 129 141 161 144 163 - 101 75 70 60 - 138 88 - 92 156 108 89 66 61 59 77 104 137 73 149 114 106 64 127 157 82 59 164 89 135 153 108 50 114 91 133 114 69 - 87 103 169 90 126 152 154 82 156 159 93 92 136 87 133 119 77 166 154 133 141 90 114 158 163 153 122 92 131 118 112 112 69 102 156 161 74 106 145 58 -
ch 3 190 9 50 169 e p 133 87 70 77 81 - 62 64 150 115 151 55 126 138 97 109 88 88 148 163 123 - 119 95 87 72 92 167 68 140 152 149 161 105 109 - 134 140 146 123 121 157 67 112 138 95 107 - 133 159 90 58 131 114 106 152 113 105 96 91 144 169 142 156 - 169 67 117 99 111 80 78 76 114 97 57 85 126 77 153 66 50 53 127 116 128 169 81 63 152 102 136 139 105 127 133 - 72 165 83 169 147 82 148 151 - 137 93 87 91 140 138 51 97 112 168 66 83 144 130 112 56 72 70 143 59 145 89 119 165 146 100 118 99 159 136 132 53 109 133 156 53 86 77 144 149 78 135 125 137 169 - 160 - 141 131 50 164 102 89 92 135 112 102 62 82 90 146 155 154 156 113 94 119 124 127 72 164 168 154 132 130 56 149 106 56 87 138 81 66
ch 3 183 13 50 169 e p 161 164 - - 123 153 81 116 132 84 122 143 86 125 69 134 124 58 165 77 116 111 147 - 61 - - 159 - 136 103 157 160 - 91 144 168 60 50 152 - 140 114 83 84 142 56 115 56 92 154 132 138 168 118 121 147 63 134 67 113 - 63 109 - 68 98 129 51 108 67 105 89 112 76 89 165 159 104 74 66 72 60 100 73 104 123 162 119 120 - 103 - 155 148 67 - 99 137 99 55 157 81 107 53 158 102 81 58 100 94 69 65 147 106 158 136 136 62 145 83 169 133 123 154 70 90 100 109 89 102 140 61 103 164 115 107 153 75 157 168 116 70 130 55 60 168 90 157 78 56 150 78 128 95 69 106 116 67 156 145 116 165 120 72 98 134 51 86 151 86 65 57 138 104 152 89 80 112 69 67 55 83
ch 3 226 17 51 169 e p 85 105 87 - 75 68 111 130 96 137 74 80 91 139 69 67 90 103 168 167 - 71 74 - 159 136 159 55 110 80 132 146 58 141 139 55 87 54 157 81 100 - - 128 159 88 160 77 74 147 69 73 84 91 68 104 68 159 80 101 137 103 53 66 80 55 - 105 55 121 63 147 167 - 145 114 162 153 86 69 - 169 158 150 61 141 164 147 79 69 68 129 90 - 161 113 130 55 51 151 74 116 124 79 93 54 138 136 77 70 158 154 86 - 70 163 59 102 56 86 68 149 139 169 95 157 165 150 147 64 90 112 100 81 116 - 146 135 146 144 145 150 100 56 116 86 108 - 138 - - 134 162 129 139 169 80 63 111 125 117 80 119 69 64 92 138 133 161 169 52 117 164 51 62 166 164 - 141 161 - 160 132 82 - 137 133 146 143 103 51 121 87 111 59 133 63 163 142 73 92 126 107 114 51 111 85 76 144 53 149 88 100 159 129 94 105 86 142 162 92 154 72 56 114 121
ch 3 181 9 50 150 w p 97 67 128 148 81 141 93 77 100 52 112 53 90 167 122 144 111 150 128 53 121 141 78 126 71 57 129 75 104 130 75 127 114 81 140 124 129 155 163 62 97 61 159 162 118 79 64 164 76 141 79 - - 139 131 119 109 72 50 121 56 88 156 164 127 74 57 102 93 104 118 122 99 154 60 160 - 143 81 118 104 96 84 91 103 59 159 63 153 83 127 56 133 61 90 58 - 74 129 52 96 154 152 110 160 152 51 136 91 - 138 121 87 97 119 84 158 68 84 118 80 168 146 125 85 67 - 71 78 95 100 152 121 - 146 78 61 144 61 161 149 129 141 100 156 63 57 - 50 119 58 96 88 93 64 117 138 79 156 137 - 130 159 79 55 146 98 154 131 68 66 72 68 116 154 112 124 116 146 99 105
ch 3 178 16 51 169 e p 64 127 127 167 162 164 116 155 56 98 125 150 51 85 144 52 116 97 140 - 114 78 62 127 121 56 69 101 141 80 161 148 - 74 145 144 69 165 - 106 169 161 128 - - 67 110 166 162 99 164 51 158 119 108 99 142 141 124 88 - 111 161 60 125 143 145 152 152 - 84 96 104 167 69 134 121 77 164 51 53 86 151 60 - 167 128 73 130 160 91 74 - - 148 61 93 - 131 76 121 130 75 164 162 132 68 131 142 - 101 125 56 114 - 103 58 75 143 84 153 67 111 62 78 56 61 - 139 110 82 113 163 148 152 61 - 89 64 93 135 116 80 54 81 135 90 149 156 135 87 141 140 74 108 - 151 140 89 143 159 145 135 105 63 126 77 61 87 135 94 80 70 82 66 51 99 67
ch 3 230 19 50 169 e p 121 159 158 130 50 132 161 115 122 54 105 77 118 87 119 162 164 166 51 118 54 140 156 121 84 133 153 137 113 147 72 165 131 138 144 68 107 97 104 85 83 114 138 129 87 146 92 72 154 154 165 77 77 144 129 140 80 131 130 125 - - 64 94 115 - 104 139 163 57 57 164 62 79 134 147 63 126 90 91 96 66 112 70 75 131 69 144 55 142 143 56 59 108 157 64 65 80 142 103 65 - 147 125 79 149 - 109 64 - 141 75 56 - 96 66 68 118 - 165 156 94 169 69 134 87 146 113 94 137 122 - 80 80 60 130 54 157 145 100 139 89 - 140 145 114 83 166 121 54 169 111 85 81 55 113 117 112 - 83 168 - 87 - 106 128 167 - 144 106 126 101 95 85 126 70 160 120 163 149 135 155 121 72 54 166 66 97 92 - 85 - 58 145 80 77 70 120 116 133 99 129 88 146 - 76 - 157 83 71 137 109 67 164 102 152 102 66 156 77 147 144 59 112 76 152 84 136 - 57
ch 3 174 16 50 167 e p 143 143 57 150 126 113 119 132 80 93 97 149 140 134 122 56 160 140 134 113 82 75 - 115 - 130 57 166 144 167 165 103 155 56 165 57 122 132 93 68 105 - 118 50 99 79 118 124 157 65 115 129 138 146 161 - 68 91 156 78 149 147 81 123 122 - 96 129 73 84 164 119 76 120 141 157 53 82 81 135 68 149 - - 104 152 107 116 77 95 - 130 130 52 124 - 66 105 - 111 81 126 74 82 138 167 128 157 66 80 118 132 144 156 124 151 162 136 144 94 113 120 53 133 81 94 123 57 - 129 58 57 - 158 100 146 50 71 - 74 113 63 - 62 139 73 - 155 138 162 113 140 75 109 115 148 142 121 - 95 108 95 52 95 92 125 123 99 118 97 105 95 140 106
ch 3 202 10 50 150 w p 100 65 169 157 161 157 101 78 98 135 141 121 168 133 79 114 159 60 143 80 95 137 59 86 118 157 135 50 120 53 89 159 109 90 165 67 115 161 139 130 77 119 123 88 59 151 93 103 94 150 - 50 59 164 - 131 - 144 162 134 80 101 62 158 110 126 140 123 63 71 76 119 108 132 98 164 143 88 54 141 163 134 108 61 83 112 53 59 90 122 98 94 93 113 124 134 92 91 168 55 69 63 120 55 147 164 96 113 91 127 123 99 57 145 64 106 93 85 50 129 128 131 134 108 125 59 103 134 - 65 103 54 111 157 151 140 86 118 54 60 76 - 98 111 72 55 134 121 158 90 - 127 80 53 154 106 - 167 53 156 104 64 160 150 - - 58 78 160 159 96 54 142 120 125 72 141 - 67 71 143 84 132 116 120 109 64 56 81 164 109 77 109 82 110 85 167 102 71 94 132 105
ch 3 179 16 50 150 w p 143 - 89 - 122 91 70 163 112 109 110 78 57 152 97 98 152 102 119 135 150 66 85 63 101 145 117 147 63 90 56 61 165 69 99 118 76 56 - 129 77 117 - 62 151 - - 162 101 83 109 62 90 - 58 - 86 118 79 117 76 76 128 127 82 - 166 147 159 157 67 109 70 92 104 110 68 149 61 120 112 165 - 62 104 94 121 122 - 63 54 77 138 81 78 56 163 142 169 149 54 102 116 146 86 103 94 82 94 87 126 58 168 122 81 90 89 136 152 122 155 108 139 80 114 155 - 157 54 80 53 - - 125 114 154 56 153 76 161 68 89 95 150 159 64 - 127 89 97 153 102 57 - 79 169 102 73 50 120 159 81 99 100 118 161 141 121 141 108 75 56 111 119 59 115 166 78 153
ch 3 220 23 51 169 e p 117 - 137 62 68 63 118 84 156 91 - 138 165 56 63 78 94 166 115 135 - 121 155 - 147 104 76 - 74 169 114 - 52 134 129 91 99 58 - 123 104 141 72 77 55 66 133 - 162 83 133 110 70 - 135 160 92 70 154 130 63 89 118 74 - 113 158 96 64 119 65 63 124 110 78 119 90 142 169 139 149 139 - 63 - 138 151 154 73 114 104 113 163 146 115 151 99 52 73 162 79 75 109 137 86 - 128 76 109 78 101 92 165 125 131 144 149 143 97 121 99 154 125 53 - 166 55 107 154 164 161 83 98 75 136 139 97 112 158 - 133 138 125 68 131 97 76 167 91 142 71 72 94 142 81 72 108 110 - 152 66 121 103 136 51 56 - - 149 97 119 119 110 105 153 59 129 84 73 - 131 67 116 110 74 113 89 108 150 133 163 166 129 53 149 157 112 148 - 56 138 52 110 - 74 130 103 88 60 161 83 59 - 116 128 160 77 64 - 158
ch 3 224 22 50 150 w p 77 135 155 81 53 71 118 90 - 61 124 132 133 - 82 52 114 88 81 111 - 98 86 65 95 148 88 55 123 159 72 60 - 129 86 116 58 - 88 - 79 78 73 - 102 137 - 119 121 - 82 115 106 135 112 - 166 125 146 62 84 71 70 111 97 91 61 150 151 141 143 111 86 130 146 152 52 98 95 60 94 157 64 85 90 58 114 155 139 143 54 59 103 112 109 145 66 126 169 161 107 67 162 58 141 135 125 76 50 90 88 138 62 112 57 83 - 89 113 66 54 136 52 131 57 - 62 102 149 157 115 162 134 80 95 63 115 111 - 66 142 117 53 145 - 64 56 58 - 98 130 143 - 165 91 147 - 118 - 147 - 87 157 152 162 55 160 84 145 69 97 72 128 84 55 - 164 98 53 117 100 104 53 62 66 119 - 130 168 131 141 77 168 91 168 120 132 165 150 143 136 97 138 51 144 84 114 55 61 123 77 161 159 98 64 61 138 139 157 - 111 58 132 159
ch 3 189 11 50 150 w p 55 89 104 56 96 61 113 150 50 150 52 92 77 85 72 133 135 160 120 53 161 54 91 80 60 - 112 159 162 113 168 137 105 88 70 137 - - - - 78 131 138 147 164 166 82 89 112 94 117 52 79 158 126 58 59 55 109 112 99 162 67 136 116 72 93 - 85 55 74 139 65 72 133 167 81 82 105 148 88 160 123 138 158 166 123 143 59 95 69 73 63 129 94 167 93 81 109 62 134 106 165 135 123 146 53 104 114 64 73 137 50 65 165 92 160 59 118 162 99 65 118 79 130 140 55 103 165 - 157 139 - 162 152 63 147 77 99 84 59 158 - 107 72 139 147 102 86 66 99 75 67 90 52 129 85 95 - 110 50 152 169 121 124 100 70 60 59 75 106 127 56 93 145 - 55 154 120 148 164 96 79 161 93 156 83 148 113
ch 3 207 7 50 169 e p 90 138 143 63 168 155 120 160 54 68 57 68 53 62 151 51 134 103 161 110 53 53 120 130 89 122 92 107 78 62 146 63 129 141 101 157 124 160 166 60 156 113 55 116 148 110 73 96 120 70 147 76 106 - 125 52 - 57 99 121 63 118 67 159 121 93 59 86 136 122 127 78 165 55 89 140 92 113 143 138 71 104 99 59 162 126 124 140 92 91 137 107 136 120 50 75 129 104 78 123 140 144 132 51 56 76 90 112 150 156 98 69 57 147 120 61 55 145 66 112 78 129 95 97 144 118 98 113 144 55 68 118 67 83 55 159 132 158 111 - 120 100 122 62 75 107 146 115 - 91 72 165 61 69 82 96 152 114 106 79 141 106 144 90 72 78 157 111 105 112 - 158 145 71 152 - 134 126 122 66 96 109 110 143 169 89 69 111 166 50 - 100 166 151 104 60 157 169 112 92 119 159 142 147 115 71 115
ch 3 230 14 75 150 w p 78 94 106 156 135 51 63 169 116 167 156 146 104 114 73 133 152 123 100 69 113 - 75 67 163 88 89 73 69 154 115 115 94 74 54 55 60 - 82 156 108 65 71 54 136 - 64 89 78 61 159 68 - - 168 69 86 161 72 105 100 115 102 84 102 122 78 62 - 97 60 99 132 161 147 111 168 152 125 140 51 114 66 140 104 110 144 71 - 145 58 121 58 134 149 59 137 94 123 148 164 93 76 157 71 85 96 106 141 156 96 105 82 109 62 59 57 53 139 82 93 108 - 70 55 108 107 - 76 153 129 70 167 61 129 167 149 104 138 126 116 77 77 134 55 74 91 135 68 71 119 137 147 71 82 124 149 145 141 119 95 52 98 134 142 112 84 161 101 58 81 166 88 128 126 59 104 104 - 168 83 105 67 - 56 87 82 78 115 - 145 136 166 90 80 162 135 76 63 65 115 116 94 61 85 54 164 77 86 78 51 67 85 134 96 159 106 114 - - 79 147 166 81 77 135 141 134 124 87
ch 3 203 5 50 169 e p 166 68 140 152 124 90 126 102 72 66 108 81 168 60 135 163 169 82 115 76 169 82 149 148 - 109 76 79 162 129 77 112 50 95 120 85 61 75 91 103 66 129 93 136 - 115 143 150 77 92 138 99 56 55 139 116 121 52 124 107 64 81 136 82 157 142 141 133 96 51 84 91 148 119 152 89 60 126 136 95 102 103 79 92 60 111 140 113 145 122 148 100 83 55 122 72 139 93 63 110 146 52 106 61 97 59 96 121 115 114 66 64 91 144 115 134 60 59 153 80 95 94 132 108 141 95 66 88 126 142 135 119 53 - 154 88 99 125 127 151 93 154 76 63 139 82 94 90 135 148 130 85 163 79 136 62 151 50 125 149 143 141 165 97 129 102 137 64 107 156 109 106 66 146 127 98 77 130 - 132 - 151 88 90 166 155 90 153 58 118 125 160 88 119 72 52 126 161 154 91 133 95 144
ch 3 209 24 50 169 e p 123 78 58 114 115 128 85 120 - - 84 56 104 129 - 66 59 135 159 169 155 167 65 110 168 77 75 135 73 78 68 141 127 167 - 109 149 - 122 146 129 85 71 - 129 119 125 - 157 91 105 120 140 87 141 158 54 60 93 144 130 53 82 112 132 130 132 141 129 51 138 - 79 78 63 78 129 163 - 57 55 56 148 135 99 94 96 155 60 82 - 98 161 131 - 60 129 67 59 112 144 88 124 68 90 111 115 85 128 142 97 148 - 54 - 71 61 142 112 - 91 115 129 153 158 129 99 86 142 102 167 163 - 93 68 - 69 130 168 79 91 108 108 163 118 133 102 62 83 77 124 111 159 136 62 122 161 129 136 74 73 - 158 59 116 117 - 160 99 - 56 50 - 122 - 107 132 159 93 152 118 157 145 149 130 112 154 143 99 - 50 92 142 98 72 78 100 149 90 104 111 - 162 81 59 99 154 152 -
ch 3 229 22 50 150 w p - 99 78 86 77 52 53 100 92 - 167 70 64 123 82 151 158 105 - 51 113 55 68 155 136 - 162 90 160 59 159 138 167 132 124 59 51 86 119 89 83 96 128 118 128 131 116 110 - 93 72 71 151 159 94 53 59 150 76 111 132 151 - 62 96 85 94 81 130 141 60 117 134 82 88 158 64 117 54 85 71 163 103 161 122 127 160 58 - 80 82 139 121 105 - 85 60 73 136 63 158 - 166 136 160 - 144 162 75 61 55 84 145 163 102 61 61 85 140 70 98 61 71 102 112 110 149 132 139 150 75 59 163 141 91 110 128 52 164 84 163 119 122 - 59 91 106 - - 52 145 67 149 162 66 130 - 135 67 81 85 82 94 70 50 84 89 146 141 67 168 81 111 54 116 122 105 120 110 129 165 - 92 69 163 106 52 - 89 165 119 121 131 87 162 126 104 71 99 57 91 107 84 120 84 - 73 - 105 108 106 123 89 116 - - 153 - 133 61 150 74 124 81 142 59 - 134 118
ch 3 220 23 50 169 e p 134 66 75 109 114 155 164 100 115 116 142 152 85 75 130 98 87 - 64 122 - 90 101 158 75 99 58 140 161 129 143 65 128 157 79 129 92 84 144 129 92 120 128 59 81 152 63 - - 88 125 98 - 136 68 - 106 82 107 - 88 - 58 141 99 58 136 162 148 - 83 98 167 55 145 167 127 167 128 157 119 104 169 119 106 - 156 155 114 122 118 163 - - 63 100 152 64 89 94 74 - 160 151 51 97 108 156 121 131 106 - 85 92 56 111 144 - 142 70 96 152 - 152 67 163 118 129 106 152 55 163 149 74 154 136 69 92 137 119 95 138 150 138 139 - 139 80 156 143 115 70 50 - 76 121 96 100 66 104 143 90 165 146 56 145 90 159 92 68 141 118 50 - 167 98 150 75 139 114 93 166 74 130 167 165 92 - 89 87 55 96 111 141 169 72 - 86 137 96 102 52 87 82 122 147 116 52 98 151 133 128 119 58 58 - 121 56 53 -
ch 3 225 12 50 168 e p 92 85 72 165 70 101 128 144 62 - 108 139 139 161 79 114 155 77 149 92 53 108 161 156 51 157 75 132 52 - 107 54 94 140 - 72 157 79 136 140 66 135 109 68 73 123 115 61 131 - 98 81 80 102 119 51 126 - 124 114 64 138 68 136 60 84 90 95 142 71 83 120 137 - 97 156 165 70 151 65 101 132 165 127 59 89 153 91 160 110 167 80 85 89 90 - 139 51 167 58 137 143 165 153 83 56 140 62 165 - 150 99 141 161 152 166 - 109 84 129 71 157 80 62 140 119 85 71 101 64 114 139 144 89 139 90 133 94 51 147 75 57 83 51 140 99 61 168 130 139 111 164 141 110 131 142 57 123 - 71 124 167 111 152 65 61 151 131 104 148 164 121 120 156 108 78 143 71 167 67 52 131 59 140 55 132 85 91 131 65 105 - 75 151 157 112 61 162 147 81 84 164 58 157 126 123 94 67 123 50 93 119 50 154 - 167 99 153 161 164 52 50 150 167 160
ch 3 182 21 50 150 w p 95 147 66 - 106 83 - 120 73 - 59 108 137 72 - 150 118 88 133 112 - 141 55 102 64 - 152 112 65 120 147 102 - 160 168 113 95 164 157 146 125 135 126 67 84 75 65 151 99 109 62 107 91 102 89 118 94 120 140 101 62 84 104 100 164 91 100 84 152 114 87 - - 107 - 114 139 166 58 60 145 116 149 131 60 115 158 76 58 98 110 57 51 71 - 100 72 62 53 56 68 160 117 86 93 80 - - - 164 50 148 - 157 - 63 105 145 - 60 - 90 124 132 153 71 107 163 128 131 63 85 100 150 147 132 104 59 124 91 73 - 107 55 103 52 106 54 133 130 69 59 106 99 136 61 122 - 51 72 165 64 127 - 81 96 92 59 69 66 86 102 85 50 106 58 107 126 114 143 69 133
ch 3 179 14 50 169 e p 140 75 116 79 124 156 100 161 133 145 97 137 119 57 64 167 149 50 147 96 82 105 155 142 102 56 144 127 150 85 149 121 118 - 149 71 93 85 77 167 56 165 158 101 114 76 55 124 156 83 155 72 159 119 117 101 101 118 160 96 57 157 65 102 152 107 81 166 169 131 130 143 - 75 71 124 83 62 125 51 75 68 157 102 146 104 71 85 151 68 104 54 109 59 103 54 127 73 - 111 82 160 134 102 121 - 125 147 87 112 151 85 127 76 - 161 164 126 155 69 82 142 104 - 153 166 119 165 143 96 153 61 134 86 121 - 52 56 - 87 - 100 - 157 137 84 - 153 152 83 53 169 72 168 - 69 89 101 52 69 50 - 82 133 - 132 55 139 107 111 147 106 97 134 146 91 159 146 169
ch 3 185 12 50 150 w p 141 70 142 78 79 63 93 90 144 78 - 56 127 139 111 127 145 101 - 122 154 52 97 130 96 120 111 157 - 94 64 99 163 147 159 77 88 69 - 160 143 - 129 136 169 109 102 145 164 156 - 92 76 69 75 126 84 64 59 52 114 79 90 168 111 147 114 90 157 169 134 89 136 62 147 51 50 92 136 137 77 54 - 99 139 147 136 138 162 - 68 148 - 64 109 152 97 133 85 166 55 114 111 - 52 127 90 88 117 77 115 98 78 98 117 125 116 98 111 164 155 156 58 92 102 131 63 162 82 79 85 141 80 89 75 - 129 93 168 71 116 99 56 129 148 - 134 83 73 62 123 102 122 85 165 137 85 157 156 155 100 143 56 55 113 77 125 82 69 142 80 137 78 79 164 62 72 73 89 160 136 137 164 69 85
ch 3 218 21 50 150 w p 159 128 148 141 156 153 63 54 56 165 144 125 94 112 77 87 83 155 149 97 84 93 91 147 80 131 - 117 148 139 114 - 58 132 154 116 127 - 51 99 161 64 147 137 91 57 101 143 79 - 69 148 - 121 - 96 143 77 54 - 108 75 55 154 118 110 117 124 149 144 62 - 125 122 131 90 - 73 168 - 100 108 136 167 89 165 68 53 140 134 87 65 138 111 145 84 135 104 67 107 50 131 - 167 68 137 156 115 102 168 67 56 92 107 106 66 164 118 168 103 60 73 50 70 134 64 144 134 128 91 137 133 142 147 116 158 115 141 152 - 101 133 54 53 - 96 130 122 151 55 118 106 145 155 86 155 101 52 102 127 83 106 82 140 94 128 104 - 162 119 136 67 - 51 61 - 158 79 - 138 64 111 134 109 112 - 153 148 126 137 111 165 76 126 57 - 116 134 81 107 63 147 116 153 140 87 112 157 87 100 - 123 70 57 112 162 - 57
ch 3 221 16 75 150 w p 97 144 - 52 83 124 97 87 113 - 144 101 72 102 98 - 140 97 128 134 91 167 121 151 139 84 94 116 157 128 - 120 76 135 123 108 - 91 83 166 67 145 159 84 63 108 160 102 115 113 129 61 84 145 162 92 55 121 73 163 153 156 62 55 110 89 - 93 131 61 84 107 51 69 153 82 101 137 135 134 139 59 144 92 100 112 80 79 66 141 122 164 - 150 154 115 169 99 74 92 156 129 75 77 116 116 136 92 82 97 133 52 83 159 54 166 - 90 148 56 90 156 160 109 72 109 112 134 126 106 109 150 144 - 81 85 102 100 141 - 103 55 51 63 53 86 160 139 109 135 - 86 80 83 162 69 100 58 136 94 138 125 121 56 143 134 129 104 142 53 120 62 - 80 141 103 125 59 - 74 167 100 82 165 132 158 55 112 97 93 131 162 93 80 65 137 82 112 122 128 64 107 70 111 - 58 67 - - 142 61 69 74 127 140 80 123 86 121 138 64
ch 3 183 11 75 150 w p 157 130 - 126 73 145 169 132 75 126 142 61 69 - 58 146 - 97 140 93 162 161 60 128 154 161 84 168 111 117 115 147 101 125 63 58 97 59 136 92 149 115 68 73 82 123 82 159 - 118 127 55 61 151 72 69 149 58 79 60 54 - 104 154 141 70 159 167 144 66 59 162 95 141 83 - - 142 132 83 128 119 139 166 162 106 57 155 124 - 83 110 156 118 128 109 168 117 167 80 110 135 108 165 129 153 77 70 95 166 166 163 100 131 160 55 57 160 71 143 55 129 153 113 143 99 132 82 79 67 99 59 112 90 92 88 98 93 74 98 118 69 77 98 119 128 68 149 64 106 92 111 57 132 - 142 153 58 110 146 89 125 169 132 86 73 124 129 75 164 58 - 156 155 155 130 55 76 74 127 160 78 -
ch 3 206 18 50 150 w p 165 78 158 141 81 85 79 125 108 - 60 107 133 101 126 139 70 121 123 116 155 57 56 - - 163 166 53 - 98 - 53 - - 166 144 115 103 - 145 112 136 91 139 - 94 94 121 152 149 62 74 99 77 143 168 106 97 63 120 79 166 - 106 89 142 79 119 103 130 153 119 137 62 94 88 - 121 117 168 142 53 152 98 92 65 163 57 55 149 78 60 167 100 145 70 59 64 - 169 54 57 56 70 72 51 59 123 81 74 157 105 167 63 141 164 53 134 52 - 63 50 59 86 73 155 79 146 78 131 84 148 - 135 60 133 81 65 131 53 169 149 66 - 117 139 68 156 166 85 135 116 100 101 167 130 99 76 115 67 78 151 154 53 140 100 102 128 139 110 138 - 52 153 116 81 - 137 77 96 66 149 164 84 62 61 159 139 80 84 - 58 97 111 90 122 75 102 69 67 73 90 68 86 71 92
ch 3 203 16 50 150 w p - 60 98 66 110 132 107 93 121 59 160 166 163 126 129 120 95 133 148 138 104 84 56 112 114 155 139 164 119 149 110 144 157 93 59 131 117 106 85 - 147 84 94 62 116 53 114 68 162 77 164 73 83 71 55 108 141 130 59 131 144 162 115 87 80 112 111 - 121 75 138 53 - 129 166 77 107 109 66 92 94 77 125 118 - 150 58 149 107 128 116 119 164 132 128 57 101 120 71 103 - 130 109 102 105 144 149 81 110 160 58 63 71 50 109 116 91 150 118 154 87 - 101 - - 111 148 142 142 63 78 82 118 62 151 - 149 85 58 121 131 74 111 54 110 120 76 - 51 145 122 106 159 148 118 73 125 110 129 74 147 153 106 151 147 120 - 107 87 135 150 92 54 121 86 84 116 166 98 64 130 83 121 155 127 167 - 80 144 108 - 157 95 54 75 149 - - 154 133 148 51 50
ch 3 194 11 50 169 e p 86 144 75 99 162 148 127 91 88 100 64 123 161 50 116 132 111 165 94 57 52 107 98 83 54 52 139 85 85 112 129 95 118 - 144 148 61 57 152 - 58 91 107 79 93 74 61 111 131 130 71 80 162 154 72 138 99 86 52 50 148 166 138 73 74 - 161 - 126 161 162 145 148 - 166 124 89 63 100 129 81 90 125 162 - 65 88 117 52 52 156 161 111 111 114 134 87 76 160 103 59 125 163 153 153 63 139 52 158 62 169 81 158 72 76 - 54 106 108 62 - 81 165 98 87 114 122 119 68 112 91 140 79 75 68 63 151 139 98 79 119 168 123 53 124 101 130 59 92 74 165 145 54 96 151 160 82 51 85 - 83 134 - 97 115 129 - 59 94 79 108 115 118 144 127 74 106 168 98 68 96 158 88 162 139 123 132 123 153 123 94 138 76 107
ch 3 204 18 50 169 e p 109 - 71 72 164 151 143 60 123 78 135 141 75 130 55 102 144 124 136 68 149 157 128 - 101 78 139 116 87 151 131 66 142 - 107 64 57 - 112 113 54 83 82 80 64 142 107 156 - 107 - - - 159 151 119 51 - 116 95 108 - - - 80 163 138 71 121 114 135 86 135 72 57 56 133 71 66 128 160 71 132 - 129 - 162 116 110 129 136 94 103 115 81 95 52 99 168 129 162 110 - 84 109 104 84 75 100 156 123 152 83 92 132 159 156 160 90 133 148 162 116 61 95 97 103 93 105 139 65 115 90 76 84 88 134 154 127 165 103 76 141 146 74 - 169 108 77 147 110 106 69 115 58 143 166 117 96 105 111 80 109 162 121 162 50 136 133 139 - 155 77 123 164 148 149 - 157 56 165 153 166 128 93 80 64 70 106 162 118 156 53 132 143 70 156 83 157 68 164 137 104 98
ch 3 186 14 50 150 w p 144 81 52 115 109 142 128 70 - - 92 73 69 65 - 100 90 160 - 74 139 118 150 92 147 73 169 98 169 68 116 145 77 120 81 158 146 137 71 - - - 118 66 106 109 56 140 104 76 139 88 151 113 168 50 155 86 61 120 64 - 133 154 157 90 65 97 126 145 102 97 115 53 110 85 83 134 - 72 126 80 122 - 80 79 124 119 147 98 141 134 117 140 101 78 113 112 150 79 151 135 72 110 65 93 134 101 93 122 97 91 165 52 98 126 123 110 133 99 135 153 140 94 74 93 66 55 77 98 100 160 69 159 117 108 161 153 146 - 144 104 140 121 133 95 133 85 95 77 137 149 159 79 60 121 67 167 - 141 73 94 74 157 142 64 75 163 106 57 131 146 149 - - 70 63 146 79 83 161 77 98 140 119 114
ch 3 180 10 51 169 e p 107 84 162 130 140 94 90 98 70 163 109 140 136 121 99 168 86 97 111 140 110 147 140 114 164 - - 72 76 112 111 169 158 122 58 120 133 144 93 165 56 56 110 77 138 102 150 103 139 61 91 98 100 100 54 - 92 169 102 118 63 122 158 75 92 85 72 106 128 99 77 143 139 104 99 59 137 159 75 93 70 93 - 89 140 - 132 98 57 82 113 148 70 59 65 144 150 156 90 138 118 138 98 166 135 53 55 116 160 126 155 88 60 130 110 65 52 113 80 80 160 134 96 65 98 152 56 127 92 129 66 164 129 150 150 72 - 133 83 108 56 92 - 128 142 114 108 131 164 104 159 131 113 109 104 110 166 78 - 67 127 100 90 - 109 130 138 96 151 91 51 149 79 127 111 - 162 112 169 83
ch 3 188 15 50 169 e p 76 - 150 52 80 99 - 164 169 64 130 97 159 50 160 154 87 141 109 157 144 57 90 88 144 100 86 71 97 58 161 95 147 135 151 69 112 146 124 - 137 134 111 93 54 105 84 119 160 - 154 58 151 81 70 117 91 133 141 142 149 - 118 117 120 126 143 112 80 106 89 110 - 51 168 169 103 99 150 88 133 120 90 84 128 145 82 - 124 169 64 117 152 62 100 59 86 128 161 - 57 100 81 105 135 54 112 165 - 95 64 147 147 141 52 79 132 54 140 156 131 97 - 159 60 107 77 100 79 169 88 122 165 152 133 77 117 137 55 126 82 147 98 54 104 131 127 62 164 96 125 91 - - 154 - 167 156 87 84 92 153 142 147 59 114 156 67 89 144 57 165 168 165 69 163 62 51 169 92 169 138 - - 104 108 160 125
ch 3 203 16 50 150 w p - 114 160 96 134 67 162 103 166 140 - 143 164 129 93 163 95 71 102 87 87 76 51 - 135 121 89 92 167 - 121 93 64 150 - 113 137 122 125 51 108 52 96 125 70 146 129 154 69 107 - 147 105 122 89 126 92 - 103 135 150 144 75 155 84 140 82 137 165 64 100 65 121 131 68 115 159 - 116 101 95 134 159 131 95 64 96 - 106 166 111 159 61 169 116 60 68 - 108 156 55 155 157 169 67 108 105 82 50 92 140 156 92 64 56 68 158 102 70 72 64 86 126 75 130 143 78 93 51 105 135 145 - 166 110 134 114 125 71 72 116 113 100 129 146 160 106 92 138 90 - 127 - 102 152 158 161 70 68 53 85 125 110 84 55 128 120 106 - 132 52 141 163 - 168 95 114 - 94 66 163 89 141 127 52 71 88 168 66 93 126 131 83 119 97 101 139 144 83 71 88 117 115
ch 3 189 11 75 150 w p 101 139 - 148 94 148 69 68 151 90 149 115 146 134 - 148 98 162 137 96 - 51 80 160 125 160 160 102 91 69 76 121 115 74 103 55 166 134 55 169 135 110 106 59 - 148 79 102 129 147 155 122 78 78 165 137 55 54 164 148 119 - 162 90 65 - 121 147 139 167 70 155 56 80 140 92 68 131 - 135 124 84 87 154 125 149 80 51 87 52 55 86 62 111 149 59 105 159 101 133 75 - 151 142 63 95 132 130 166 62 120 113 67 140 - 163 85 74 129 147 118 128 90 117 67 154 83 154 56 108 - 79 153 102 71 88 155 76 110 150 146 167 65 126 123 136 82 53 158 - 145 100 145 68 52 159 97 77 66 101 90 56 58 116 139 147 149 123 108 80 148 145 122 75 161 91 51 151 116 94 154 118 58 150 127 72 168 60 160
ch 3 182 12 50 150 w p 144 54 154 96 119 100 119 85 63 102 86 127 98 141 121 117 - 62 124 65 95 159 110 - 51 97 57 90 165 99 - 121 125 124 104 84 - 101 139 138 70 110 169 73 153 120 96 125 65 149 114 168 117 83 - 122 160 151 140 146 - 82 111 74 75 - 93 154 54 142 162 160 97 57 144 93 131 147 161 59 51 138 161 108 144 160 150 134 74 129 105 53 113 76 85 119 99 116 94 148 - 168 64 150 73 131 117 - 119 - 144 134 75 58 59 114 151 164 159 167 132 115 129 74 117 50 84 86 117 136 135 106 158 167 66 82 - 167 92 119 109 126 51 115 109 158 52 51 124 53 120 50 100 142 154 102 162 79 99 126 141 134 87 75 89 149 97 84 129 128 117 71 145 96 53 65 130 - 91 99 55 78
ch 3 209 14 50 169 e p 169 63 107 124 - 133 145 55 149 169 83 96 129 142 97 122 125 67 96 142 - 53 96 159 119 64 128 111 98 120 119 68 84 143 69 162 99 107 147 152 50 130 95 129 - 138 61 92 152 98 55 77 63 134 77 59 80 63 144 93 - 53 82 81 151 167 155 64 77 - 83 93 107 93 97 67 119 142 73 150 54 73 137 77 53 57 154 145 59 60 165 153 123 155 107 98 152 90 63 134 83 74 164 79 114 104 155 - 91 168 98 127 - 63 88 117 52 101 114 86 71 95 95 156 56 73 - 153 63 - 83 166 151 136 141 131 150 102 - 98 117 84 52 120 63 134 164 169 109 97 58 88 163 102 96 164 157 - 93 57 54 57 150 58 61 100 65 99 106 78 57 90 - 119 137 169 102 130 118 156 51 114 104 167 102 134 50 125 86 167 70 99 - 157 147 - 129 135 148 78 157 99 119 51 142 163 153 161 137
ch 3 183 12 50 150 w p 67 144 140 75 150 63 74 65 140 84 131 114 88 138 135 155 167 131 113 77 160 107 59 76 150 143 162 134 91 - 136 123 159 130 69 86 158 110 86 126 143 68 134 - 147 - 126 130 110 71 69 130 50 69 125 137 107 103 - 151 101 169 147 74 70 167 144 70 - 60 85 76 95 121 123 156 129 164 91 97 82 135 134 155 88 - 70 126 77 139 151 127 159 142 62 141 147 52 122 - 76 84 76 155 95 72 130 82 112 108 136 - 160 70 107 - 148 94 141 157 53 86 122 83 94 84 131 72 63 116 150 113 87 120 163 73 101 167 153 68 116 81 97 118 65 - 133 169 136 116 - 79 123 51 98 134 70 62 168 79 83 70 93 - 88 106 144 65 167 130 90 167 82 85 146 167 144 82 129 118 134 115 51
ch 3 184 16 50 167 e p - 83 137 67 103 128 105 57 79 156 87 82 152 122 130 118 130 88 80 125 - 148 50 152 54 89 97 70 165 117 117 - 112 152 85 148 89 149 102 - 145 83 152 - 148 101 76 155 160 148 122 149 95 131 72 159 132 57 146 85 103 159 56 82 141 161 80 91 139 - 139 118 126 119 131 81 91 121 159 106 - 102 79 68 58 125 162 106 117 110 152 56 101 153 134 88 139 149 64 - 87 - 77 154 97 146 119 161 97 146 154 115 54 132 129 - 85 112 155 117 64 118 94 120 111 56 123 147 114 110 - 97 - 53 73 87 109 151 134 133 103 144 154 120 150 167 59 73 153 142 - 76 153 129 89 143 57 60 70 160 135 96 136 63 53 108 155 104 123 109 135 65 79 89 86 115 87 154 - 159 82 - - 154
ch 3 193 8 51 168 e p 112 123 93 - 167 96 56 115 106 160 136 156 101 149 141 153 135 92 116 112 105 54 123 84 118 133 92 87 143 89 161 89 - 77 90 109 119 77 142 134 132 99 53 105 159 131 - 87 83 155 72 110 149 142 82 - 82 121 - 145 65 55 110 61 137 96 119 113 82 153 119 144 129 55 135 166 60 72 141 142 82 164 64 67 128 136 165 111 149 164 127 86 163 103 86 142 71 83 135 150 55 76 74 105 78 92 - 118 87 89 94 139 161 100 167 93 120 101 90 121 103 108 58 138 127 92 140 113 130 118 87 122 92 145 85 106 154 157 - 165 65 51 95 108 60 123 100 145 157 107 151 104 127 95 96 125 56 168 90 159 83 104 109 64 124 144 90 102 104 93 144 62 52 132 75 74 89 157 95 85 - 59 142 145 80 117 155 106 151 135 129 57 118
ch 3 172 11 50 169 e p 130 153 104 71 - 128 165 106 112 86 91 65 - 79 84 110 109 92 122 123 137 50 163 123 111 127 162 107 122 99 93 67 130 89 79 120 132 143 150 82 83 116 106 162 151 58 50 135 98 146 90 113 102 159 70 107 153 71 94 154 79 61 66 119 91 117 106 159 149 145 89 115 161 82 52 - 156 136 101 134 96 83 105 103 81 152 - 72 86 151 101 61 77 138 146 83 - 84 157 85 98 120 97 89 119 141 127 - 60 74 - 153 138 145 142 101 94 167 62 75 126 143 57 149 99 64 86 121 - 85 53 106 124 - 97 82 169 163 - 117 102 - 104 163 115 63 102 159 119 83 119 112 161 133 75 169 119 136 122 140 134 99 54 137 136 125 146 65 163 142 54 124
ch 3 187 14 50 168 e p 114 81 114 58 136 97 168 160 105 137 - 99 90 53 54 111 74 - 131 116 79 160 159 73 153 68 72 148 139 133 135 157 166 84 97 146 154 98 78 160 152 62 54 62 146 53 118 63 - 83 102 98 - 98 131 59 55 120 112 155 153 58 - 125 76 75 71 84 106 - - 50 159 140 75 78 - 87 96 154 88 138 54 102 74 121 132 155 60 99 132 163 154 77 90 93 152 130 - 102 98 81 110 78 56 69 64 118 129 93 143 67 78 75 165 130 55 92 107 69 162 102 68 - 154 85 79 128 141 - 52 60 95 151 91 123 139 91 54 117 151 113 148 60 53 76 - - 138 145 100 77 111 87 79 141 136 159 135 120 105 101 146 122 75 76 82 57 125 152 109 51 167 57 104 156 73 96 111 136 70 - 102 73 92 75 67
ch 3 179 11 50 150 w p 106 159 94 97 66 123 149 - 121 101 67 148 100 82 86 82 118 68 138 117 57 92 169 51 83 101 125 113 67 168 106 66 - 73 114 154 53 123 62 159 57 72 162 65 87 149 50 90 82 144 82 83 144 134 86 84 160 151 138 86 142 165 113 163 164 119 65 86 64 - 65 77 86 66 - 155 64 162 112 100 154 50 - - 160 140 98 72 131 151 54 131 131 59 102 147 131 54 56 57 130 52 84 121 165 55 151 138 164 69 - 78 65 65 146 165 131 83 69 65 135 162 118 150 113 143 160 68 87 165 100 - 114 128 107 131 83 111 115 141 - 79 103 93 101 59 73 - 133 61 69 104 98 158 54 163 67 54 147 136 143 82 103 100 81 168 60 59 98 119 92 158 136 - 58 72 159 111 128
ch 3 194 15 75 150 w p 52 71 - 76 104 78 113 121 103 93 162 105 153 125 65 53 73 69 168 128 51 96 78 75 101 81 166 148 74 84 168 159 142 134 59 121 95 161 75 70 77 125 81 127 75 113 - 118 160 119 132 92 122 87 128 154 94 101 132 87 69 129 - 157 58 128 109 122 59 125 124 - - 112 129 - 130 74 68 156 130 76 116 117 93 145 109 167 168 108 136 132 87 154 87 164 156 93 96 74 91 94 56 143 63 168 108 73 97 73 99 73 121 112 - 167 133 76 - 56 157 114 104 - - 165 - 110 74 127 147 109 102 94 127 122 81 - 131 114 71 100 135 90 96 78 89 154 157 125 - 90 168 67 52 159 123 159 104 78 - 167 73 66 155 157 85 151 55 53 100 139 142 146 64 169 154 77 116 120 105 53 111 - 98 57 84 165 96 65 158 154 81 97
ch 3 184 12 50 150 w p 155 119 61 144 88 151 98 134 88 62 123 102 55 72 - 83 86 - 76 72 141 61 124 73 111 72 68 167 154 126 91 88 106 94 152 136 123 - 149 146 138 139 125 58 112 78 74 106 129 169 98 145 65 66 89 89 109 155 - 119 111 113 87 119 150 160 148 - 50 118 153 158 63 124 71 92 163 72 97 123 160 125 146 79 - 150 141 90 98 108 111 73 103 62 67 113 78 66 148 155 95 113 107 166 82 140 68 - 60 73 118 129 149 56 77 50 119 120 78 127 116 110 115 79 50 165 - 100 147 142 166 80 100 144 - 52 - 131 98 102 133 136 63 123 52 - 147 77 135 69 - 120 50 110 73 92 51 143 82 122 77 107 131 87 52 69 161 58 84 113 76 115 136 88 121 165 150 70 147 97 131 133 146 56
ch 3 211 14 50 169 e p 120 66 109 62 134 100 76 50 148 93 104 153 - 133 84 105 74 95 53 136 114 107 123 80 - - 141 73 128 156 62 87 156 63 125 - 81 - 78 83 71 56 132 130 139 120 63 153 120 155 100 90 - 132 160 164 - 167 146 148 73 76 82 85 96 98 166 59 66 88 154 157 88 131 50 55 111 97 60 133 81 94 120 - 97 129 111 159 162 133 68 61 - 91 113 59 62 135 120 71 75 146 113 86 164 118 169 66 160 116 74 75 95 131 59 55 125 81 60 65 152 70 164 126 161 119 168 86 118 140 61 146 131 50 158 143 155 118 126 134 98 117 76 142 169 - 100 115 152 93 83 - 87 127 86 79 77 125 129 167 63 78 71 92 115 129 59 99 63 118 53 79 123 91 141 98 137 - 122 75 87 96 52 - 90 123 120 102 160 142 143 160 128 115 53 55 65 115 148 97 78 146 54 144 154 90 - 150 164 108 72
ch 3 185 11 50 150 w p 127 169 81 69 149 101 109 58 70 109 152 114 122 64 137 82 - 144 51 67 60 61 116 70 131 129 106 114 106 58 137 138 146 101 129 - 120 110 148 87 50 129 56 148 123 - 134 115 66 130 134 156 102 - 68 121 148 132 77 161 102 105 68 154 124 121 94 155 64 146 138 59 162 - 76 87 113 100 - 59 115 129 141 140 - 53 144 159 92 136 54 166 101 113 61 168 80 158 155 122 92 143 123 101 64 142 141 145 95 107 158 83 155 146 56 145 131 112 71 144 101 143 153 54 92 106 101 121 - 120 137 169 91 127 120 131 - 142 52 79 105 59 73 150 - 153 95 81 93 99 62 124 114 112 125 92 105 85 118 108 151 101 95 57 78 108 146 73 152 85 111 147 168 51 - 143 99 129 105 136 130 136 147 92 85
ch 3 200 15 50 150 w p 106 59 64 106 102 139 80 100 135 87 138 70 84 134 82 75 140 169 - 57 71 133 161 115 - 54 56 63 57 83 67 73 141 72 105 150 88 67 110 80 61 - 80 89 71 84 143 155 136 - 93 108 120 100 93 50 73 113 86 147 86 - 59 156 - 68 71 120 87 141 139 51 132 63 151 89 122 - 164 117 111 151 95 63 153 104 50 59 141 147 130 - 50 86 98 122 114 73 87 117 137 159 121 151 121 101 106 112 140 128 126 134 61 139 115 156 163 56 86 129 52 85 - 56 127 115 163 124 124 163 110 101 122 134 113 120 84 92 157 108 151 146 164 157 169 122 - - 94 70 - 96 70 87 52 - 67 157 59 84 81 128 131 115 153 115 51 60 153 105 105 166 98 165 156 106 161 129 168 67 164 110 138 84 157 138 78 63 79 - 72 118 113 107 76 71 158 63 - 64
ch 3 182 9 51 169 e p 143 134 151 74 66 62 133 162 54 105 112 54 75 66 - 132 68 93 152 134 58 - 142 133 133 141 110 91 51 116 118 164 55 60 122 138 77 52 163 78 99 106 161 98 159 80 128 57 71 - 165 79 95 115 - 103 105 51 103 59 52 83 69 74 97 152 88 81 121 113 157 150 86 115 72 76 84 161 162 114 129 155 155 100 92 74 136 108 140 116 140 78 119 114 127 169 163 112 163 66 169 129 75 139 103 167 131 - 157 150 80 76 118 104 167 74 114 131 119 132 132 - 93 110 165 141 128 139 124 96 164 92 62 85 65 76 119 78 107 111 140 98 118 163 60 127 139 95 97 119 - 154 128 120 - 83 70 161 144 55 141 89 122 141 90 58 134 65 121 147 53 93 72 121 100 59 142 - 168 97 152 126
ch 3 185 12 50 150 w p 96 93 145 157 86 51 141 90 111 76 129 160 165 133 97 159 116 - 128 - 115 112 63 93 162 144 70 117 59 125 94 114 92 69 168 155 115 159 120 88 83 104 99 75 108 153 - 114 120 55 162 140 102 92 96 130 66 67 59 138 74 77 79 51 54 143 53 140 98 78 155 91 162 - 59 88 105 131 108 66 117 88 - 63 67 147 59 127 160 87 53 155 92 149 88 156 108 92 134 152 164 131 - 71 - 113 83 161 98 72 120 63 - 110 136 126 92 111 109 107 98 106 111 - 80 50 132 105 131 150 95 144 133 135 69 112 92 157 122 61 158 152 91 140 59 81 75 67 120 148 133 54 115 68 92 50 127 118 - - 110 90 80 61 137 81 64 138 150 90 - 63 131 58 67 75 154 117 144 163 85 125 123 148 63
ch 3 216 12 50 169 e p 118 95 50 153 55 151 71 124 59 - 132 167 152 57 140 124 130 79 - 124 115 58 122 119 93 160 136 117 163 107 103 128 155 81 74 93 69 147 75 99 166 154 114 100 115 145 87 71 111 168 124 142 77 141 52 137 56 146 169 130 81 152 130 109 82 94 56 125 137 149 111 136 146 98 152 84 145 143 115 85 62 145 - 71 84 60 164 53 166 120 160 124 - 87 85 141 68 100 89 59 119 - 111 52 81 51 80 70 124 112 153 127 123 98 153 110 56 61 145 113 94 63 155 152 65 168 108 118 73 159 158 151 159 147 66 156 154 59 96 127 95 66 76 66 94 126 67 140 103 158 164 169 155 73 51 167 95 164 125 145 95 131 105 - - 94 104 111 66 105 157 148 97 87 52 - 111 - 163 129 65 - 161 68 127 76 77 91 91 75 119 83 81 121 124 81 132 161 141 64 75 130 123 133 167 71 147 142 - 155 - 124 118 77 135 150
ch 3 174 11 75 150 w p 162 112 94 90 89 63 112 - 121 91 - 149 154 57 137 74 60 90 102 142 142 58 - - 123 160 146 - 149 127 119 93 94 160 116 162 116 81 160 61 89 87 126 133 148 97 153 122 97 127 167 162 78 135 169 152 141 79 142 71 73 107 89 66 152 54 161 - - 128 51 167 154 - 142 56 110 141 137 102 129 66 142 95 124 116 70 160 169 62 167 165 52 135 140 58 147 98 62 114 116 148 86 67 160 92 121 72 81 167 96 131 69 137 114 131 77 112 107 72 - 60 163 53 70 84 98 141 51 137 142 151 161 73 169 119 160 51 135 118 71 165 54 168 131 - 88 59 83 105 91 134 52 90 - 105 164 91 144 119 120 120 102 82 78 112 113 129 163 163 149 154 86 164
ch 3 230 17 50 169 e p 75 66 90 83 165 56 131 65 101 165 168 93 137 109 89 159 62 126 155 152 67 157 106 90 143 119 - 81 57 150 129 105 78 52 68 126 100 90 147 53 99 159 - 59 159 87 54 64 125 168 100 63 86 131 155 127 76 131 84 158 152 94 - 124 130 152 58 102 112 137 154 114 168 169 112 129 81 96 99 61 99 96 120 52 - 129 145 150 54 61 144 87 160 147 102 155 110 102 81 90 130 64 50 110 64 - 162 130 112 97 51 - 79 115 165 131 93 155 154 159 86 137 66 136 155 146 143 87 71 - 112 61 65 86 137 83 - - 119 142 126 86 148 96 59 158 157 122 53 70 105 136 58 119 113 125 105 64 145 69 83 55 152 137 80 100 120 157 93 138 114 122 88 - 158 98 - 51 146 150 91 - 148 64 - 159 112 73 53 162 89 77 160 129 88 134 81 69 124 97 118 - 52 72 126 133 92 - 135 133 124 161 117 134 162 130 76 160 153 120 106 129 53 140 63 - 89 - 164 143
ch 3 188 13 50 150 w p - 55 128 77 97 141 - 72 139 67 104 66 - 141 82 50 165 51 137 100 58 150 146 149 132 105 - 135 120 111 119 - 128 67 103 106 54 95 159 164 99 74 148 133 122 135 161 - 160 155 66 145 90 61 56 157 81 112 126 62 86 168 108 154 66 83 160 60 - 63 135 142 123 97 90 169 122 122 50 104 151 148 82 80 117 128 85 50 80 81 56 168 120 81 102 152 76 84 164 54 63 162 67 60 51 - 138 165 79 120 153 123 119 110 110 100 69 104 70 74 128 88 59 137 - 88 96 168 121 119 103 59 102 101 115 85 115 115 122 74 143 107 83 137 - 167 97 165 95 - 63 - 82 119 148 110 117 88 117 131 142 106 107 82 112 118 159 70 64 94 138 129 164 151 118 103 139 134 - 99 148 88 126 164 148 79 143 119
ch 3 188 8 50 150 w p 66 115 142 168 65 169 152 142 67 61 80 148 62 55 85 138 68 149 70 50 - 67 74 108 129 67 135 132 92 81 153 - 149 95 69 68 131 66 105 128 142 67 96 56 67 - 60 70 133 62 61 70 134 108 131 114 50 169 151 119 117 76 109 - 82 157 92 133 168 66 138 129 62 94 135 152 55 - 95 111 95 76 97 80 136 93 111 50 126 139 124 65 112 124 69 93 66 161 155 58 114 143 80 52 167 105 94 58 146 59 101 168 119 - 169 153 129 168 85 80 104 84 120 110 57 162 141 108 165 154 52 160 54 125 129 115 110 70 140 169 162 64 116 83 91 118 161 158 145 81 100 139 169 50 75 84 53 83 90 127 165 120 93 107 68 105 148 58 162 104 80 155 81 - 164 134 109 74 82 57 56 123 112 162 111 165 - 92
ch 3 216 25 50 169 e p 156 60 134 168 98 163 103 88 52 156 145 159 59 99 62 109 - 79 156 107 115 167 116 61 98 - 116 91 76 86 102 149 132 - 109 109 111 - 94 75 82 153 76 148 145 137 105 127 117 143 162 133 70 90 160 122 - 157 167 114 112 81 118 99 - 80 121 55 118 88 74 124 120 143 67 129 100 142 112 80 58 131 - 167 89 66 68 84 150 103 78 51 82 108 - 140 - 94 134 99 146 86 78 162 158 135 76 114 128 - 62 - 68 124 - 93 101 - 98 74 83 55 117 - 137 134 108 146 169 113 166 105 147 155 111 90 83 50 51 79 162 119 130 56 50 154 132 - 147 56 73 92 165 85 159 158 54 112 135 116 138 - 120 148 66 - - 103 - 144 118 94 64 114 65 157 66 151 - 87 104 83 142 - 56 123 - 114 82 - 85 55 - 148 68 95 131 145 133 72 162 108 165 158 153 133 166 169 - 79 132 58 134 104 152 71
ch 3 202 11 50 169 e p 65 106 84 74 - 98 52 91 - 168 155 - 133 130 111 150 141 99 57 121 94 157 60 112 64 - 109 - 153 50 166 116 138 145 86 147 138 95 92 159 62 73 144 53 74 135 130 92 127 73 139 134 59 156 167 59 131 159 56 92 126 116 111 105 128 82 94 69 166 154 56 131 102 64 118 168 155 53 163 144 66 109 108 165 116 103 163 169 - 99 97 153 72 130 77 - 94 114 164 65 154 107 104 147 52 144 106 - 155 75 124 164 80 85 140 147 51 154 140 139 110 69 54 148 100 129 136 101 131 127 107 55 66 151 64 91 115 78 157 156 110 96 90 135 90 - 111 111 99 59 146 85 132 159 154 114 57 105 130 165 110 162 147 53 166 71 133 139 117 163 81 53 139 66 134 - 117 133 128 147 - 135 63 50 163 120 55 96 117 108 125 147 157 156 112 139 50 137 105 117 152 101
ch 3 215 16 50 169 e p 76 104 87 141 72 135 76 150 165 129 121 164 116 114 - 88 116 165 162 87 87 71 97 138 63 - 135 112 - 119 83 71 156 159 115 111 167 124 - 57 169 97 125 61 147 65 93 121 56 57 99 127 163 54 146 119 59 150 132 143 80 165 166 162 157 143 130 108 - 143 74 160 149 109 66 128 50 - 52 156 55 134 129 124 130 131 125 - 159 70 100 70 73 149 149 155 87 103 75 137 139 114 139 146 156 81 132 103 76 75 141 93 74 57 106 67 73 151 168 63 119 147 111 - 156 90 153 129 128 133 166 137 166 156 152 54 114 77 98 95 52 - 86 144 139 131 128 85 138 110 161 94 75 77 59 153 84 56 72 - 101 130 90 - 89 154 147 111 118 61 141 168 163 - - 156 - 92 72 137 169 77 55 61 98 158 77 115 - 134 158 96 125 - 150 54 121 133 92 116 53 133 134 122 114 122 117 57 110 159 54 89 58 91 117
ch 3 204 11 75 150 w p 167 51 156 101 93 143 105 124 - 93 107 105 134 88 136 148 157 112 119 165 78 53 156 69 165 146 169 71 76 151 149 69 143 153 60 65 142 77 92 130 52 95 78 127 70 92 169 165 87 166 96 149 158 98 151 90 98 53 113 124 169 168 155 78 - 80 148 135 136 93 111 155 108 142 77 97 96 147 105 63 102 139 118 94 163 111 150 60 66 65 57 125 152 97 130 59 144 152 139 129 117 142 97 - 101 53 83 57 60 - 76 114 60 165 80 98 95 92 66 96 110 86 84 162 - 96 129 52 107 75 169 52 149 98 83 61 143 91 94 93 65 51 77 65 129 61 140 61 95 163 111 - - 109 55 97 65 73 148 156 94 131 157 144 168 138 62 99 158 151 135 141 - 144 100 100 150 94 84 95 74 63 - 156 138 - 155 93 - 134 150 52 106 156 106 127 117 62 136 62 104 151 126 55
ch 3 208 8 50 150 w p 147 148 - 57 74 165 152 80 154 67 112 141 121 125 101 64 69 97 103 162 137 54 142 125 57 162 102 151 154 51 101 165 159 102 115 161 59 52 - 141 131 65 159 136 53 52 70 72 - 148 73 165 150 112 144 - 166 113 150 128 169 139 89 167 134 - 163 130 145 152 88 59 144 142 145 82 56 121 166 60 67 64 126 141 139 56 60 100 147 59 137 63 108 92 117 167 59 72 88 130 127 54 103 106 70 50 158 105 160 113 72 51 120 133 126 147 57 83 107 94 53 138 158 57 107 95 81 106 54 62 145 126 146 74 147 127 136 159 59 130 84 140 123 105 78 134 50 76 163 74 74 167 143 137 115 122 57 148 72 143 92 62 114 105 158 117 165 83 87 - 84 91 161 115 67 63 117 - 110 88 83 73 113 73 59 112 61 106 142 125 133 158 168 155 79 59 53 133 121 156 142 132 152 123 90 88 120 -
ch 3 180 13 50 169 e p 106 150 166 144 72 61 69 57 82 68 84 61 124 153 76 135 145 53 130 118 114 63 - 167 144 - 54 67 157 160 59 - 108 116 161 57 162 125 84 143 96 111 - 120 71 120 154 - 167 88 162 140 - 128 139 84 156 145 92 50 88 69 154 144 160 57 - 101 158 167 162 160 54 91 163 146 81 66 168 128 87 122 126 122 117 106 102 56 59 102 - 76 128 142 126 92 77 74 99 114 135 96 143 150 106 89 110 136 157 111 - 93 130 64 164 153 66 147 134 77 124 145 131 91 62 133 72 145 65 68 59 123 152 65 107 152 101 - 89 115 106 86 - 59 - 61 90 107 108 136 95 71 103 79 - 50 79 148 106 98 145 74 147 129 164 118 103 104 131 88 107 68 169 164 55 87 69 166 162 160
ch 3 226 15 50 150 w p 165 82 167 153 165 116 - 94 65 90 168 68 167 72 67 158 92 134 99 107 78 149 90 87 117 127 98 98 119 131 62 - 121 53 87 64 142 112 95 119 130 64 96 78 159 158 95 - 157 65 101 81 74 85 131 73 124 153 74 138 87 116 74 - 103 - - 92 79 - 58 141 - 66 90 - 117 148 77 66 159 155 153 151 98 130 69 105 66 134 153 70 115 126 57 52 - 66 78 135 - 54 114 163 106 93 132 79 141 - 99 146 138 135 83 67 62 71 - 125 56 65 160 93 100 70 71 51 97 72 - 140 73 102 142 118 71 136 109 94 96 90 127 131 134 102 107 145 51 87 155 103 114 164 155 153 145 87 149 58 81 57 150 76 72 78 50 95 104 139 162 59 88 114 151 100 148 115 88 114 151 152 122 162 99 84 - 60 54 52 74 93 114 73 132 57 131 161 120 107 55 88 96 158 98 73 143 91 100 98 94 153 110 129 62 117 85 127 135 61 165 161 113 79 131 74
ch 3 177 13 50 150 w p - 141 154 166 86 160 139 92 54 84 131 159 61 50 73 125 135 77 91 88 75 143 142 - 92 51 159 124 53 98 61 111 167 106 70 50 124 66 145 84 71 - 111 166 126 130 50 98 163 120 82 97 87 99 159 58 157 54 133 142 149 145 - 104 146 161 92 55 110 54 155 - 89 - 167 122 136 156 - 126 126 106 118 161 147 100 144 134 168 167 - 97 - 87 94 - 92 154 92 126 100 - 58 118 163 133 140 84 102 63 92 117 99 99 94 146 135 166 113 121 140 59 158 - 87 131 122 58 155 163 149 163 87 72 161 103 81 130 92 116 95 61 109 108 65 168 148 147 54 142 85 156 169 160 100 132 163 94 80 123 125 138 167 152 150 83 126 115 - 89 140 116 114 153 150 150 152
ch 3 170 12 50 150 w p 55 81 124 168 156 56 116 60 108 112 117 79 144 142 56 105 83 53 90 - 91 111 74 74 123 143 151 140 124 165 130 169 144 87 148 164 135 - 160 - - 167 62 121 71 142 134 106 54 104 126 66 117 168 109 64 109 87 - 149 111 67 70 62 141 163 70 52 157 - 86 151 133 73 69 89 71 - 162 52 63 109 133 73 81 70 113 65 151 136 135 51 - 58 106 126 143 88 103 70 58 128 143 75 57 167 111 135 76 72 165 167 138 50 135 - 125 62 154 167 58 164 62 - 158 92 140 144 143 73 167 165 92 52 128 168 152 51 151 120 112 124 74 105 139 - 91 89 109 92 140 - 119 76 74 106 50 79 164 50 154 63 75 61 155 128 82 94 95 65
ch 3 218 11 50 150 w p 116 108 148 102 56 111 74 93 110 100 167 64 91 - 99 98 116 132 89 163 59 121 145 129 147 103 70 79 165 68 - 165 146 86 141 81 92 110 110 106 125 56 154 81 107 61 150 76 93 98 112 70 144 78 93 119 150 80 93 107 56 73 139 141 94 55 55 63 84 83 92 85 61 66 103 160 123 137 140 103 67 110 102 113 80 163 165 136 79 115 70 76 155 56 122 116 69 94 124 52 97 54 160 153 76 79 116 60 51 107 73 115 148 153 129 119 166 - 134 68 159 133 63 168 50 153 74 121 164 - 55 164 60 86 111 164 147 132 163 160 98 110 152 81 - 132 154 102 97 52 106 103 91 147 90 157 - 90 - 162 167 51 156 104 165 154 - 159 139 105 150 101 - 79 88 63 163 64 169 97 95 - 152 114 166 158 141 162 141 85 152 130 129 147 108 154 133 140 63 92 127 138 87 125 72 56 164 82 64 54 - 71 154 138 104 165 158 52
ch 3 178 17 50 168 e p 146 113 165 83 102 134 101 141 - 65 132 64 149 123 66 - 114 83 148 165 96 153 134 86 - 133 89 157 125 77 65 - 127 - 82 152 133 - 157 59 158 70 61 153 145 90 72 94 158 92 145 100 168 84 120 134 118 136 141 147 166 70 88 101 87 144 122 130 89 51 164 164 62 124 157 83 161 72 151 99 74 63 96 153 159 130 104 108 106 122 149 160 85 - 82 78 148 137 94 124 155 161 124 161 94 151 - - 105 97 115 110 57 119 80 122 107 80 59 - 122 88 149 - 159 64 116 107 101 55 160 133 54 75 129 87 137 133 - - - 165 127 94 74 148 114 - 77 - 110 87 - 72 147 119 162 105 51 159 115 75 91 76 62 140 152 138 68 66 92 118 104 101 68 159 50 148
ch 3 175 11 50 150 w p 143 - 130 79 120 85 90 68 161 157 151 141 96 158 156 144 75 100 142 139 93 74 - 121 115 64 70 99 72 92 162 99 50 79 96 - 93 62 169 - - 135 - 123 126 60 155 118 159 81 61 64 100 135 96 83 56 68 72 107 70 - 96 68 121 50 76 103 110 164 54 87 92 120 166 135 108 120 60 77 90 78 60 86 140 86 74 69 119 97 111 106 145 143 165 85 70 72 84 50 55 83 146 - 143 133 62 100 100 139 68 133 55 68 117 56 142 87 121 134 76 154 113 57 - 138 123 78 96 164 94 122 130 72 162 161 - 53 128 107 124 87 91 112 116 101 56 152 79 102 124 105 150 - 121 169 50 78 123 147 116 146 64 102 135 111 125 68 143 107 54 52 59 114 149
ch 3 200 14 50 169 e p 84 139 138 141 163 153 95 82 132 146 153 131 83 146 114 149 68 148 124 - 149 164 116 88 139 68 - 72 114 - 91 - 144 81 155 80 58 69 151 110 169 150 113 93 162 166 157 102 146 83 62 118 85 86 108 130 - 70 90 154 114 50 68 146 89 58 93 92 128 123 93 77 107 70 97 160 - 103 84 133 80 162 - 168 164 154 134 167 140 75 159 58 77 149 56 94 88 63 111 148 143 - 51 92 56 161 119 105 60 143 156 51 162 143 109 68 167 92 - 67 127 - 108 163 81 67 117 109 126 59 71 113 92 75 126 98 101 75 61 58 - 61 114 144 - 166 50 125 118 158 64 61 102 52 161 96 50 147 156 51 109 102 82 109 53 167 137 129 131 147 147 113 87 107 104 165 127 - 158 165 55 69 80 157 89 139 156 101 118 96 135 169 51 112 96 143 133 72 - 116
ch 3 200 9 50 169 e p 137 53 101 53 106 102 62 82 93 91 56 146 160 68 162 136 - 168 - 103 152 150 60 147 99 - 90 53 131 96 169 138 64 137 127 115 63 148 92 86 - 74 66 160 164 116 87 71 107 101 106 52 142 127 135 168 74 139 64 74 122 56 65 104 59 139 71 161 133 113 51 65 63 112 122 169 80 156 142 151 74 128 81 119 - 143 74 88 64 129 62 51 153 103 163 130 59 132 98 113 101 150 167 107 61 136 157 147 61 126 145 97 74 105 50 61 133 52 66 153 81 117 166 66 - 91 130 64 127 61 86 93 109 59 153 128 101 75 83 57 72 55 89 147 80 124 103 120 137 168 127 134 167 - - 60 103 - 136 70 162 169 86 130 150 135 144 153 140 79 169 52 56 73 153 103 127 155 134 152 131 52 68 50 160 127 68 127 66 72 69 60 119 106 125 84 68 86 142 112
ch 3 178 16 50 169 e p - 84 84 58 - 135 116 139 123 81 121 68 126 92 157 133 158 99 50 152 149 84 135 125 57 128 120 164 96 164 145 116 132 95 75 140 91 166 147 132 79 98 145 131 56 94 91 150 130 120 - 82 159 73 64 53 128 149 152 94 - 111 78 164 122 - 119 130 152 120 56 65 153 - 100 145 104 153 71 122 144 99 127 102 130 137 105 105 141 169 156 136 110 54 63 158 155 64 125 103 144 75 91 157 - 139 153 136 112 136 - 80 70 140 78 151 160 - 90 - 139 84 153 102 79 50 66 149 - 143 113 159 119 70 108 97 71 74 130 77 101 95 79 144 76 117 149 72 71 121 - 120 131 82 148 106 121 71 85 - 133 127 66 164 106 - 102 - 97 103 116 87 137 163 134 - 84 137
ch 4 230 16 0 100 w p 3 12 18 64 32 73 42 63 58 7 49 35 108 69 86 24 118 63 116 111 62 84 95 117 106 73 30 10 63 - 34 95 86 55 26 99 57 23 16 110 108 3 98 66 65 27 5 119 20 1 63 95 36 103 24 68 16 35 118 53 6 113 76 8 28 43 - 50 25 20 73 - - 43 9 - 72 112 116 23 100 44 108 66 40 13 91 47 102 112 103 67 78 - 14 88 103 84 21 23 100 - 56 55 80 33 0 32 16 26 40 29 4 118 25 9 23 53 104 - 40 71 1 48 40 28 52 109 17 75 113 30 59 50 27 26 - 105 45 117 76 45 32 112 13 75 18 66 95 0 70 54 22 105 64 83 18 10 111 11 118 102 44 - 44 91 - 25 64 16 78 11 19 61 91 27 84 68 54 30 10 74 55 54 - 92 54 33 15 98 45 - 45 6 106 49 19 97 91 58 33 50 113 63 14 16 45 85 75 103 96 22 - 47 - 52 117 85 15 10 2 110 59 98 - 116 65 72 98 4
ch 4 194 12 1 119 e p 18 58 76 79 1 50 25 104 84 37 74 92 56 13 19 16 60 - 109 95 64 33 97 70 56 34 6 35 85 9 76 24 66 80 117 98 96 109 91 77 9 119 88 75 24 21 72 38 - 5 38 86 25 51 101 117 89 14 118 116 4 15 86 77 86 107 27 91 55 59 86 106 85 8 62 75 11 10 3 104 78 101 13 56 71 70 56 20 28 106 46 11 42 40 48 77 - 67 30 83 113 - - 103 76 10 23 88 26 77 22 84 41 30 72 - 35 - 24 33 6 54 1 54 32 56 38 54 50 86 18 7 113 2 87 53 74 97 31 - 14 34 39 81 90 - - 88 108 61 64 70 53 56 12 34 95 16 33 117 26 3 96 77 58 61 48 33 14 15 55 33 5 - 2 75 104 41 16 52 86 44 - 105 12 66 112 40 15 59 84 107 51 99
ch 4 170 11 0 100 w p 81 15 79 23 46 17 93 30 21 26 48 72 - 3 47 74 7 6 34 119 72 20 96 59 83 83 87 96 51 52 25 - 106 3 28 - 7 16 84 100 40 19 93 16 81 77 - 46 38 82 - 93 - 118 66 82 23 110 6 53 87 99 70 115 52 97 31 70 95 95 97 46 56 94 99 57 31 35 115 50 65 117 112 22 - 87 0 73 12 10 43 30 21 - 64 48 18 8 69 48 86 26 46 71 119 59 67 43 35 34 26 46 64 87 25 36 28 71 94 22 - 90 78 66 81 77 82 115 59 89 67 106 15 82 10 87 88 47 73 66 87 62 92 57 63 23 37 22 118 117 47 64 60 9 21 2 38 114 4 - 87 21 56 69 96 105 102 81 - 66
ch 4 184 20 0 100 w p - 36 55 7 101 64 57 113 107 83 77 118 61 81 104 20 108 - 30 31 24 103 56 - 103 62 - 52 81 86 21 101 16 - - 11 81 84 94 94 3 85 24 28 76 79 9 92 46 56 18 - 74 12 72 38 102 13 0 28 110 - 77 88 88 98 49 - 22 - 41 88 63 53 34 - 86 89 34 - 51 - 80 1 12 - 88 13 25 60 2 97 24 51 - 101 112 79 27 113 77 12 8 7 108 73 61 13 71 14 111 2 71 117 79 3 61 109 - 112 18 21 51 35 43 68 8 21 46 20 18 14 66 0 73 7 50 71 25 95 66 - 67 - 5 103 52 62 16 29 52 14 24 73 82 19 87 - - 102 117 71 46 3 113 68 7 1 96 81 86 71 109 94 6 99 95 103 104 69 106 97 102 2
ch 4 221 15 1 118 e p 102 29 - 107 35 91 57 74 2 61 52 111 48 13 42 7 107 91 83 21 - 24 33 36 6 38 109 43 103 56 72 101 88 94 80 20 20 100 6 34 55 5 6 74 3 94 56 - 27 72 101 33 105 29 40 6 1 81 36 52 102 64 85 34 45 - 45 68 43 46 80 58 7 21 85 21 24 17 30 83 65 42 94 32 80 66 100 81 49 14 3 24 89 - 6 97 96 76 10 - 99 10 10 39 65 90 51 67 21 - - 86 47 - 4 95 42 61 103 63 62 93 4 93 73 - 51 49 44 96 75 52 27 81 91 99 11 69 32 108 105 85 63 72 2 7 88 12 81 56 26 30 112 51 99 68 74 59 58 40 98 65 86 - 116 37 5 96 9 50 118 29 16 67 45 80 71 30 113 24 - 83 96 - 4 97 45 27 73 53 115 - 55 112 23 32 65 102 53 - 13 113 8 114 42 33 106 2 83 113 76 22 45 91 22 76 105 50 83 82 16
ch 4 230 15 0 100 w p 20 59 27 86 5 111 107 113 113 85 105 69 27 65 45 96 55 39 51 2 69 40 115 67 - 73 85 40 - 50 39 - 33 83 51 20 68 86 7 71 25 77 76 103 23 72 93 - 7 96 31 94 83 94 44 42 81 39 92 63 24 16 109 37 107 34 - 20 109 40 3 53 38 16 117 - 34 48 1 61 25 24 - 85 109 22 90 59 14 117 49 72 113 95 5 36 68 81 0 29 74 6 111 25 71 81 5 89 41 60 39 48 21 97 95 55 82 23 51 26 38 60 101 23 92 0 86 70 2 39 118 30 119 18 15 108 25 52 35 3 32 - 54 90 80 85 112 2 67 96 10 23 89 - 16 68 78 36 - 26 - 77 49 65 - - 63 75 51 36 104 81 72 28 107 109 40 5 94 42 - 70 69 35 98 35 13 87 50 89 34 90 - 85 36 102 83 45 94 4 51 72 118 76 58 86 47 12 93 98 115 89 74 43 112 107 29 96 3 78 60 89 74 20 98 113 114 39 78 59
ch 4 196 16 25 100 w p 14 19 - 96 6 114 - 82 72 25 92 82 31 48 84 71 64 85 62 78 55 20 40 30 13 58 - 6 2 48 94 9 118 30 18 52 - - 47 38 81 20 95 28 57 31 110 26 - 65 66 67 89 15 26 91 100 7 69 81 37 - - 53 - 113 - 113 24 73 22 69 - 96 34 31 116 15 9 99 83 83 4 102 - 79 96 40 25 4 51 115 65 22 43 19 16 37 70 12 60 77 99 6 78 97 52 89 69 - 94 37 28 1 105 46 69 66 37 119 110 101 41 4 39 6 62 71 106 115 88 4 18 6 85 76 113 75 45 19 32 111 36 64 76 64 19 96 116 113 68 2 20 111 40 32 115 8 52 116 31 83 - 80 110 87 32 61 46 80 8 20 68 26 22 26 34 44 5 - 111 12 15 11 - 51 27 87 86 29 43 92 101 92 82 25
ch 4 170 18 0 117 e p - - 1 71 59 29 113 36 15 105 16 100 116 - 33 67 20 100 116 20 11 55 5 99 90 30 22 85 46 110 98 20 18 99 68 63 117 116 115 71 105 76 62 100 87 - 18 83 69 68 - 96 80 41 100 83 86 78 107 62 41 37 73 12 34 106 - 26 89 - 3 63 96 105 0 3 82 109 106 24 9 23 109 22 44 - 64 103 60 5 6 69 11 - 101 8 - 87 4 26 25 - 52 111 18 51 53 23 107 52 3 - 24 107 - 56 100 35 63 82 113 93 113 56 11 70 100 65 0 117 35 44 1 35 82 116 85 41 64 82 84 40 16 88 81 63 83 115 55 33 31 95 - - - 98 109 91 - 103 22 105 85 59 14 71 - 64 28 20
ch 4 170 12 0 100 w p 96 87 92 22 81 96 4 19 76 64 - 64 29 49 52 0 49 113 107 92 44 48 54 36 37 1 89 109 12 17 10 13 32 79 99 40 - - 19 4 1 112 13 10 9 4 - 59 38 72 64 59 70 33 45 49 12 115 30 86 94 100 45 16 32 59 36 3 48 23 75 8 95 97 39 - 103 7 86 4 - - 52 19 46 40 1 52 85 29 40 91 96 116 8 72 105 4 116 1 87 87 1 101 58 41 119 5 109 22 24 52 - 107 77 6 9 12 4 - 27 106 66 - 70 99 57 80 84 88 30 24 77 112 23 71 43 74 51 110 36 48 95 41 1 1 116 - 99 16 5 76 26 44 50 98 97 32 23 15 82 118 68 - 35 78 23 8 23 101
ch 4 208 14 1 119 e p 3 95 15 42 53 73 7 - 75 50 17 73 18 17 110 46 90 8 39 34 92 13 74 15 74 78 34 49 112 2 81 19 48 58 99 82 28 94 114 92 21 42 86 118 19 114 65 41 24 92 35 21 44 21 101 80 64 97 73 26 62 95 60 8 66 101 102 88 - 9 61 85 - 93 19 57 73 53 60 116 40 8 92 69 42 69 20 9 91 40 46 113 32 102 37 20 36 97 119 106 25 43 102 117 115 50 4 10 59 105 70 112 12 1 3 53 33 63 45 112 102 38 98 41 49 79 13 31 30 - 14 15 30 18 64 74 31 104 5 39 9 - - 40 92 99 88 - 25 69 87 37 57 28 12 - 93 26 106 38 105 109 107 35 - 45 - 33 117 19 - 41 31 38 11 - 118 89 21 118 39 12 56 22 75 46 - 17 112 62 22 46 9 55 60 41 8 102 31 119 - 33 26 12 68 96 91 93
ch 4 220 19 0 100 w p 42 98 49 83 108 - 6 64 28 72 108 111 116 16 104 100 103 28 21 90 34 95 98 38 37 77 33 113 13 118 111 40 89 39 40 99 34 74 53 35 26 - - 53 74 88 93 - 5 12 19 - 23 87 50 93 - 57 17 13 - 35 113 60 84 - 85 26 22 91 15 89 105 14 68 112 119 - 114 12 52 86 10 - 20 59 75 43 67 25 8 64 31 56 5 31 64 58 11 65 91 117 89 - 104 25 98 101 37 48 57 64 64 5 82 92 16 119 83 42 101 112 81 33 5 109 85 0 76 20 86 20 75 47 83 44 104 15 - 10 25 118 - 113 87 52 42 1 81 61 - 109 104 91 84 - 19 5 9 118 63 0 84 106 74 11 - 77 68 106 62 64 94 38 35 39 70 68 33 38 16 94 62 110 81 117 42 102 101 83 44 30 - 105 107 81 105 85 11 36 62 29 42 46 80 18 44 20 54 83 57 67 - 85 76 25 51 - 66 102
ch 4 190 11 0 119 e p 41 34 4 81 34 9 83 11 26 45 9 73 3 42 69 30 92 20 4 56 48 54 27 66 94 21 80 51 1 0 71 115 106 84 109 97 10 0 77 0 109 4 101 89 42 68 6 107 116 104 - 78 91 109 56 100 - 57 61 - - 12 111 52 2 24 71 57 3 39 91 117 56 43 92 73 82 114 108 47 112 3 0 23 - 108 46 10 6 75 27 10 86 73 5 109 51 84 77 104 5 41 93 110 82 103 4 - 69 109 82 61 13 45 42 112 1 17 36 56 8 100 119 57 31 22 - 96 - 52 89 0 - 102 51 71 96 58 0 99 45 43 81 42 0 27 119 - 27 43 107 36 30 97 81 73 76 100 65 114 116 10 26 0 96 - 110 73 93 96 8 98 84 68 2 48 76 83 25 16 75 18 56 65 64 20 100 11 114 67
ch 4 189 7 0 119 e p 63 25 0 19 - 102 22 89 9 - 78 33 80 28 19 107 102 69 1 27 87 - 71 4 32 12 96 35 - 42 - 60 87 17 86 21 32 79 55 17 93 7 82 83 89 114 86 103 119 18 46 29 37 20 115 76 5 95 114 33 81 87 90 1 116 97 36 40 18 - 58 74 41 40 51 95 67 89 4 40 35 15 58 105 38 34 40 51 42 110 77 24 99 44 108 45 49 8 23 44 10 89 37 5 2 109 95 25 89 105 117 117 57 90 113 47 104 16 109 35 7 89 66 44 61 6 117 61 38 54 42 100 8 17 12 63 107 34 95 15 7 100 59 44 119 85 20 104 - 54 32 93 3 49 25 114 80 26 106 91 104 101 118 68 97 71 18 107 43 49 108 91 63 39 65 30 29 28 27 87 37 7 13 54 78 7 89 112 71
ch 4 185 15 0 100 w p 44 59 47 15 - 46 61 119 - 45 110 98 109 28 107 8 24 84 56 15 48 20 35 19 82 0 26 77 66 33 30 71 117 84 75 - 56 7 39 78 80 71 99 74 33 48 12 87 37 76 51 44 57 78 108 10 75 72 35 37 119 117 93 42 1 - 10 111 76 49 105 65 - 61 94 54 - 45 64 102 18 19 97 9 52 18 - 11 8 13 99 89 95 34 111 13 0 115 104 43 96 5 62 105 79 109 67 48 104 95 28 87 15 22 21 117 67 41 117 38 37 65 - 13 - 58 15 15 6 98 63 118 40 - 64 - 5 20 36 35 10 34 13 37 20 80 37 88 43 13 - 36 49 93 65 92 25 87 - 64 86 84 104 62 10 21 109 67 115 39 105 68 30 98 1 63 62 92 - 42 - 94 50 35 16
ch 4 181 12 0 100 w p 70 95 34 39 69 45 13 19 117 2 69 97 48 6 34 3 28 - 73 - 11 37 24 65 74 12 43 118 93 22 76 14 84 57 98 8 116 118 43 11 37 115 62 101 22 69 0 74 29 13 111 105 6 54 77 14 119 47 - 7 18 74 41 77 85 81 10 6 109 109 11 94 91 45 51 58 118 52 89 33 70 45 110 102 53 47 88 87 102 50 37 84 109 57 - - 101 48 67 10 45 118 22 70 72 81 36 55 - 19 75 53 99 107 47 113 56 80 37 56 93 30 24 106 110 50 41 33 110 77 96 111 118 57 98 100 83 35 55 69 110 19 87 27 66 55 58 13 84 15 68 34 66 76 43 26 - 22 21 5 117 40 - - 115 67 110 88 8 9 - 100 31 - 3 41 21 72 - 15 62
ch 4 218 18 0 100 w p 51 6 - 112 62 6 0 46 29 116 - 61 107 72 109 46 51 61 42 82 72 79 18 42 8 0 6 25 - 11 9 63 72 100 65 6 51 3 58 52 - 8 29 49 91 72 93 37 49 87 111 111 89 6 100 97 64 0 91 66 12 44 9 51 - 69 44 107 40 - 42 117 4 98 51 88 - 4 81 33 103 3 89 90 98 94 119 41 85 30 14 10 57 34 43 62 74 42 116 79 57 86 12 24 108 68 99 95 104 79 18 78 60 89 56 113 - 33 25 70 36 19 38 89 52 62 - 99 100 11 67 73 6 89 - 25 108 22 43 34 89 100 14 3 29 - - 12 109 40 17 79 109 11 26 48 109 81 88 119 40 73 93 37 - 12 96 - 65 47 24 78 45 63 29 - 59 42 - 37 99 18 110 16 32 84 - 64 22 49 103 23 41 17 83 10 21 119 - 110 52 28 50 110 14 98 0 13 10 109 12 24 9 15 8 44 84 105
ch 4 190 10 0 119 e p - 83 - 70 31 98 94 18 111 59 29 86 81 107 13 21 103 67 8 69 40 42 92 44 68 13 107 91 92 112 16 9 86 71 95 51 74 104 80 69 64 77 40 113 - 25 39 50 48 104 64 97 95 117 102 88 39 53 69 57 4 - 41 13 16 40 98 0 65 75 29 65 92 19 25 41 108 107 1 111 30 - 9 70 74 24 43 91 102 91 85 55 110 40 17 83 88 91 22 111 101 85 4 33 81 - 65 106 92 102 94 55 103 27 119 26 31 25 23 58 33 108 96 104 49 0 112 13 63 43 90 22 43 91 - 33 79 55 59 24 112 84 13 9 23 112 90 16 36 1 101 32 60 25 17 59 27 87 30 21 74 66 50 11 54 86 29 55 41 89 59 - 98 61 0 - 6 34 87 - 70 16 111 106 72 113 13 92 6 46
ch 4 179 12 0 100 w p 9 40 114 83 51 - 30 80 35 12 55 55 5 20 83 - 0 13 62 81 102 33 58 33 113 35 0 8 22 2 49 77 96 13 14 28 7 10 33 79 35 12 115 52 27 99 112 107 20 62 75 6 - 116 62 54 44 83 34 8 28 109 63 111 13 72 35 66 92 - 19 66 113 15 74 - 55 43 103 72 90 - 99 27 60 110 106 20 81 86 69 63 110 52 72 67 - 94 48 108 66 115 15 57 117 53 42 - 108 97 85 58 28 28 34 14 23 112 31 5 37 4 107 88 - 109 117 91 - 91 26 62 30 27 105 95 52 85 68 64 - 11 116 81 14 82 56 - 12 119 25 72 105 95 33 60 30 36 48 96 109 104 87 8 55 90 45 28 114 56 111 43 37 41 118 49 12 36 74
ch 4 224 18 25 100 w p 102 17 45 24 79 64 13 87 13 47 62 71 46 2 34 11 72 32 65 101 72 - 103 104 83 66 86 100 36 45 2 47 - 45 16 31 89 2 50 108 1 82 45 92 64 75 91 107 67 8 109 29 45 57 44 71 18 - - 98 74 47 106 38 103 3 - 57 72 47 - 48 66 14 29 45 - 50 103 5 114 111 102 45 94 85 61 39 38 10 70 31 69 - 20 33 58 100 73 116 29 51 27 96 22 54 2 107 45 116 118 23 98 2 37 32 53 106 96 3 89 - 77 1 93 13 106 13 - 78 106 - 27 82 40 118 54 117 82 4 92 36 15 12 61 - 36 64 8 17 89 8 105 22 88 6 106 10 57 83 63 106 119 108 15 27 - 119 90 33 43 41 - - 22 60 11 104 102 56 33 29 24 80 78 83 - 104 52 17 77 113 98 24 25 36 33 - 14 39 4 12 6 39 102 21 96 36 8 15 67 17 91 46 - 40 60 74 88 14 58 14 30 76
ch 4 218 12 0 100 w p 78 90 36 69 41 66 52 71 115 64 115 15 49 71 23 79 102 36 103 86 10 90 97 95 107 99 41 49 50 56 113 77 - 18 0 27 100 1 58 16 89 93 104 12 69 34 4 93 7 78 2 56 85 91 45 29 110 109 88 85 109 39 - 3 115 86 57 - 42 74 24 31 95 20 63 - 56 102 72 92 109 - 60 87 55 91 89 50 105 31 4 58 89 0 26 - 42 4 - 50 51 65 - - 63 112 62 41 30 40 78 26 95 71 100 55 55 60 44 95 51 119 68 84 49 - 36 1 27 56 108 20 86 77 117 90 58 92 4 111 81 93 106 44 109 64 6 70 56 74 41 81 73 2 48 55 83 32 116 108 32 49 83 77 86 102 38 52 35 28 28 13 93 79 5 87 72 14 24 62 14 82 37 79 9 28 30 17 12 61 71 105 50 17 25 50 76 16 82 99 - 30 110 37 35 94 66 51 36 5 - 119 14 42 55 68 87 113
ch 4 227 19 0 100 w p 48 5 99 28 118 81 36 17 82 - 51 49 21 - - 80 59 31 105 - 85 72 91 102 31 0 97 86 56 0 50 38 92 50 - 42 48 73 76 68 83 18 102 86 88 7 27 47 51 50 53 0 108 36 - 95 35 17 11 119 46 6 106 10 90 23 - 99 40 53 28 22 - 83 1 - 42 74 1 40 3 34 63 117 85 89 35 111 75 53 77 88 51 56 62 41 16 53 84 21 - 29 95 94 25 56 61 107 47 50 66 83 95 77 117 9 10 14 7 96 52 50 53 73 5 95 52 45 47 10 110 114 27 68 61 82 74 58 9 102 118 72 31 52 34 51 - 2 40 113 56 29 0 - 35 34 14 - 96 28 101 84 - 101 108 101 35 17 29 60 95 10 - 106 58 110 46 68 118 15 29 73 47 28 33 4 103 79 87 24 96 109 75 39 66 - 51 53 82 101 94 113 18 46 32 - 114 - - 81 48 97 37 9 4 111 32 76 72 82 71 100 37 110 113 71 103
ch 4 193 9 2 119 e p 25 11 9 50 70 11 59 114 25 43 28 25 36 115 54 77 56 83 61 91 - 78 - - 75 35 72 34 - 73 89 - 33 64 - 115 86 12 72 101 53 73 9 97 99 117 42 26 103 80 19 35 18 37 82 68 44 34 33 39 32 22 8 - 40 2 12 15 60 115 45 43 14 72 101 86 17 73 26 86 88 81 97 105 - 72 66 77 101 4 119 18 7 46 52 4 59 22 113 82 45 80 82 65 105 95 83 55 64 32 105 - 46 75 4 117 75 73 14 100 92 106 9 50 7 82 60 6 103 64 20 104 19 91 48 48 74 90 94 42 100 36 96 32 23 13 113 74 4 35 51 106 35 87 98 55 34 92 112 31 79 51 48 89 112 85 7 117 42 18 27 86 118 62 118 107 103 60 76 38 59 19 83 104 19 3 90 67 6 67 100 15 77
ch 4 174 14 0 119 e p 97 64 48 - 43 118 - 39 72 98 1 37 105 107 38 16 61 31 109 19 24 107 109 48 115 7 67 11 26 87 62 35 46 111 77 79 113 39 7 10 84 52 117 60 20 113 - 105 7 102 24 9 29 - 87 90 102 47 98 115 84 28 26 112 43 74 103 31 112 21 102 15 97 111 80 51 2 42 62 - 110 88 98 103 - 21 69 40 25 60 109 117 91 119 81 39 78 22 18 6 79 - 24 79 7 80 - 63 67 5 0 2 85 - 25 101 79 92 37 62 - 75 35 52 33 105 97 86 82 83 56 118 38 99 118 64 85 112 59 96 61 54 71 98 103 80 67 - 17 25 41 23 - 52 61 28 26 - - 27 104 81 88 106 32 64 47 103 104 79 115 103 75 59
ch 4 181 8 0 100 w p - 78 13 91 81 - 5 80 98 99 - 81 30 94 44 107 29 - 60 50 54 22 25 67 46 - 17 18 52 33 25 - 92 - 75 35 41 48 93 7 14 51 106 103 68 50 33 43 3 59 31 76 53 81 101 107 84 2 0 77 18 39 45 78 22 14 55 47 1 10 101 87 68 83 36 54 104 101 53 78 106 110 55 30 112 51 11 72 31 81 118 107 107 59 13 46 104 76 50 77 33 108 71 118 44 105 42 48 63 76 53 97 83 58 108 81 63 12 54 37 47 119 69 61 69 5 38 31 40 11 73 19 65 80 79 66 0 114 40 74 16 85 - 69 17 79 24 100 109 74 29 106 86 99 106 1 94 98 63 86 31 107 87 51 64 3 63 42 30 16 105 39 1 115 50 96 33 108 89 24 25
ch 4 181 13 0 119 e p 49 - 6 63 9 48 26 8 97 16 28 58 - 52 46 5 118 104 89 65 106 102 57 21 62 114 - - 97 107 13 58 19 118 29 87 - 118 30 108 37 69 69 94 65 63 87 - 60 - 66 37 116 91 101 60 27 29 52 28 26 114 14 - 19 27 69 23 90 25 21 34 104 14 82 29 102 90 93 77 15 107 11 42 113 12 60 38 13 39 55 5 83 49 29 28 108 107 24 81 29 2 88 71 62 12 22 69 44 25 95 67 14 56 24 24 22 75 52 - 19 11 66 - 59 66 68 60 86 86 100 119 54 66 47 106 90 90 13 85 0 67 117 51 69 60 55 102 24 15 85 33 47 68 - 84 63 2 2 20 114 30 35 - 112 24 33 39 101 69 17 50 63 96 38 105 32 - 0 40 65
ch 4 208 14 0 119 e p 104 85 112 86 7 36 104 22 19 23 27 38 37 31 16 114 98 96 34 65 52 68 - 93 119 8 43 - 69 79 33 47 76 9 40 44 67 86 119 57 40 - 18 73 13 49 61 - 46 33 - 7 31 23 29 54 77 - 83 54 21 96 8 97 23 8 1 52 28 118 6 3 83 66 67 87 46 10 103 39 47 - 27 53 39 99 21 80 105 81 3 12 49 111 26 12 98 9 52 44 92 102 71 67 30 87 93 108 13 29 32 62 88 - 69 11 48 35 87 1 50 106 2 94 102 24 - 37 119 28 99 37 107 40 76 91 6 116 3 - 0 87 50 0 22 59 - 69 64 62 42 29 73 106 43 99 38 - 105 89 113 108 51 10 16 6 75 99 52 99 14 92 119 42 94 12 43 118 112 91 51 11 95 36 84 71 92 101 113 40 0 - 9 29 - 6 95 13 98 20 76 33 90 31 43 46 35 78
ch 4 224 14 0 119 e p 92 - 53 58 28 44 12 44 35 117 62 24 67 79 89 57 6 52 80 64 79 77 112 30 65 35 60 11 117 - - 29 14 18 96 96 8 30 53 37 42 9 17 36 108 8 63 102 41 - 113 95 15 77 84 68 - 12 68 45 110 16 79 - - 98 119 81 42 67 104 58 18 91 - 83 83 109 11 62 82 110 71 57 - 82 69 115 18 41 15 79 56 89 95 90 116 67 64 - 23 53 32 19 74 97 62 81 98 62 79 17 54 32 19 - 6 26 78 116 36 116 6 23 14 16 112 90 103 103 40 10 91 108 57 77 39 34 80 79 27 - 23 28 54 19 96 17 20 103 28 97 70 55 85 41 43 47 97 63 106 - 102 26 99 - 25 66 67 85 85 106 31 84 108 59 31 84 23 26 80 28 23 16 5 76 32 63 90 102 74 0 28 113 102 7 45 29 90 62 79 119 75 77 85 44 31 104 56 74 58 7 5 40 119 81 56 82 8 53 12 0 108 81
ch 4 220 11 1 118 e p 18 99 30 14 81 - 2 52 99 85 26 - 47 118 45 69 18 109 93 81 95 90 114 85 10 32 95 9 14 - 71 33 112 67 76 113 61 109 80 - 114 89 46 79 55 88 117 110 - 117 17 1 109 103 56 50 7 83 73 10 - 109 84 69 102 71 38 63 50 69 19 118 3 89 57 63 83 109 66 1 73 88 117 117 34 47 87 68 78 10 82 27 - 14 98 15 104 77 107 116 34 23 78 46 1 115 24 59 69 2 104 9 93 77 117 45 8 16 16 32 24 77 14 55 109 - 110 12 68 86 59 18 108 9 53 58 15 57 24 66 32 - 26 - 57 18 14 85 110 100 34 30 21 38 39 56 83 118 17 14 27 86 3 86 68 40 76 115 104 34 33 52 117 14 107 55 103 19 8 30 103 101 117 24 91 68 5 17 112 38 60 26 100 89 51 59 75 86 88 - 77 45 24 63 98 102 94 72 45 85 101 48 51 44 80 59 94 57 55 107
ch 4 180 12 0 100 w p 11 86 115 24 3 62 109 108 2 8 72 49 52 - 56 71 50 - 0 27 47 102 99 2 34 95 92 112 2 78 101 6 77 56 28 100 101 92 85 65 19 1 20 32 84 - 88 42 8 90 49 32 6 116 92 82 100 41 110 47 3 116 - 32 - 62 31 85 24 1 34 42 89 110 32 98 7 108 74 64 93 66 107 - 22 14 19 27 38 118 87 26 42 66 99 29 58 0 93 39 97 15 66 79 9 - - 23 21 38 47 119 98 110 62 70 15 1 92 - 11 76 - 86 36 75 38 1 46 18 17 79 59 65 66 62 100 48 75 103 83 118 16 44 47 97 92 48 21 99 24 83 43 80 67 40 43 88 31 100 - 81 12 15 28 83 - 3 5 74 81 107 18 88 64 64 117 50 25 17
ch 4 187 14 0 119 e p 43 27 114 58 69 51 77 43 48 25 88 117 92 96 91 60 52 - 63 89 90 46 57 66 80 94 79 19 83 39 - 100 - 72 19 40 - 61 74 28 53 80 100 34 52 63 58 3 65 86 55 8 8 110 73 50 6 68 101 35 33 115 72 45 84 4 30 77 56 66 71 50 3 71 88 64 72 5 37 58 46 - - 104 114 31 25 103 44 87 - 52 75 4 84 15 44 58 50 40 - - 43 65 - - 80 - 89 23 107 57 38 12 55 49 56 68 74 50 65 103 74 42 54 47 78 109 55 94 114 2 91 - 44 113 119 46 119 41 18 103 53 27 97 20 28 74 2 115 46 104 - 102 10 6 54 26 2 17 96 28 57 113 23 51 29 0 6 21 96 52 116 34 52 102 61 48 100 51 89 52 29 119 98 53 118
ch 4 189 15 0 100 w p 12 102 20 70 66 84 100 32 - 90 100 83 4 1 38 80 11 31 85 88 117 105 50 111 - 119 46 112 41 61 48 30 59 3 93 0 - 118 23 51 - 22 112 58 47 110 12 31 66 56 97 79 36 113 12 26 71 26 29 106 47 2 16 69 117 42 40 66 - - 22 8 94 112 68 74 89 57 - 24 51 13 - 112 0 91 83 55 16 48 9 97 - 36 24 29 56 1 104 98 97 62 3 98 83 8 90 67 33 48 19 10 69 47 - 114 111 65 104 31 113 33 - 94 26 89 105 93 5 12 113 31 - 48 27 51 70 111 9 63 35 76 62 108 37 54 27 43 66 58 15 101 73 38 14 82 56 50 57 22 86 108 93 15 - 96 38 66 89 61 87 101 2 96 67 116 105 33 23 29 7 59 33 33 - 35 22 - 11
ch 4 201 23 0 100 w p 51 73 10 60 22 105 8 - 58 59 - - 58 109 115 34 95 67 47 112 33 21 77 64 16 69 64 43 0 83 36 5 29 11 25 92 86 72 80 108 60 82 102 - - 22 15 102 - 42 53 5 17 46 90 96 85 86 33 72 110 107 6 68 26 67 111 80 63 62 - 27 99 37 96 40 65 42 - 92 0 - 19 96 - 41 70 4 - 13 - 42 70 51 39 77 100 111 79 94 53 40 26 - 115 60 96 0 119 - - 104 58 77 41 19 59 84 40 65 105 76 63 26 18 40 115 27 69 42 35 90 114 21 67 16 61 - 19 38 16 33 102 - 88 110 104 63 34 44 109 6 102 10 45 55 103 16 48 12 23 56 116 72 9 24 92 77 - 62 37 102 43 64 4 105 31 87 6 61 - 66 50 37 96 - - 25 74 17 76 63 57 - 13 21 13 6 35 1 -
ch 4 203 14 0 117 e p 47 78 107 79 70 47 64 16 0 19 62 52 86 14 25 8 111 110 43 117 26 98 42 34 - 110 45 36 21 77 84 93 64 65 116 48 104 37 52 33 41 81 74 92 78 78 72 6 1 79 77 91 83 41 46 - 108 0 - 114 29 101 41 52 19 24 79 85 37 96 46 97 76 47 50 41 24 64 90 24 50 28 - 109 - 47 36 20 56 34 99 92 - 35 105 28 20 112 - 71 60 112 89 42 26 21 83 40 94 51 36 50 25 7 54 32 108 22 66 35 13 18 67 113 31 50 62 56 114 78 8 58 63 88 107 61 24 10 84 83 61 19 94 86 99 - 101 97 107 68 - 69 69 84 39 64 105 44 42 2 39 - 31 54 23 69 90 56 63 106 82 93 4 3 82 42 48 106 1 15 36 100 53 75 - 60 29 26 - 38 15 - - 17 64 88 35 91 76 14 43 49 43
ch 4 213 23 0 119 e p 41 - 42 5 118 82 113 57 15 - 88 40 13 36 50 72 49 100 101 88 54 94 43 113 70 - - 21 16 108 44 32 27 74 1 64 17 1 59 25 117 36 116 62 92 91 8 5 118 108 114 67 74 58 53 - 96 3 - 85 64 33 34 14 75 88 - 74 - 82 85 0 114 95 94 99 93 80 37 - - 110 59 119 - 28 92 77 82 8 17 45 34 - 46 108 74 92 5 22 77 37 99 48 109 3 - 93 - 0 63 2 14 82 118 107 - 111 - 44 49 70 93 75 83 32 67 6 67 27 69 98 49 14 66 - 48 - 74 118 48 32 63 87 53 95 92 - 39 54 56 44 51 63 6 13 31 9 109 59 - 90 104 75 106 35 57 36 83 76 0 28 53 47 16 11 64 17 69 67 95 41 16 57 46 37 6 37 5 55 112 5 92 77 - 115 34 69 99 52 5 66 69 100 5 - 56 96 8 - 24 91 85
ch 4 211 15 0 118 e p - 97 - 108 18 38 29 59 45 25 71 22 8 40 61 84 60 59 - 108 33 59 86 24 103 - 61 7 26 79 50 51 52 83 88 32 - 81 79 0 41 25 78 97 86 62 - 74 112 42 84 21 58 61 80 43 22 30 - 14 3 39 75 74 14 117 28 20 30 92 101 99 23 40 51 17 - 82 72 11 81 3 40 101 2 56 116 99 46 13 69 48 82 102 91 113 6 18 27 47 53 20 27 20 7 31 98 50 67 32 - 64 67 - 109 115 6 34 64 37 64 35 35 43 55 69 115 14 113 7 67 50 41 10 110 68 26 52 41 65 75 112 47 14 97 113 - 116 24 34 65 92 49 56 118 44 54 49 5 57 72 51 101 45 32 41 75 - 2 100 27 52 30 114 90 62 96 38 13 - 71 42 105 75 86 60 48 75 56 33 83 91 99 110 13 118 3 21 20 5 80 66 45 2 54 - 31 74 12 39 -
ch 4 178 14 0 100 w p 70 73 94 104 35 106 115 53 38 77 12 102 8 18 83 104 54 11 97 16 72 68 66 - 32 3 58 6 61 45 46 - 42 75 12 44 93 - 72 40 42 - 4 58 18 63 93 89 81 70 90 8 - 93 5 - 65 36 62 76 76 5 20 74 96 49 74 93 - - 101 49 116 114 46 112 75 43 8 - 99 114 90 99 6 62 90 87 73 4 85 92 21 50 36 27 16 8 - 10 71 102 117 32 43 100 13 84 80 39 83 81 - 99 65 37 54 6 96 4 22 19 67 7 4 75 - 2 26 25 101 40 9 8 11 94 - 13 115 7 21 67 60 - 93 9 93 101 41 79 24 50 15 51 25 31 102 46 104 86 24 56 40 100 0 101 87 77 10 12 100 100 18 43 113 87 103 58
ch 4 230 14 0 100 w p 70 15 107 92 1 87 47 82 101 74 73 69 49 101 108 50 26 95 48 - 114 39 35 98 - 7 - 55 61 50 95 44 24 115 54 6 4 75 57 79 - 110 72 90 58 89 75 73 - 50 63 77 70 103 55 - - 95 83 27 87 119 23 88 112 - - 56 95 115 61 49 97 93 116 100 116 4 56 13 47 92 111 48 9 7 47 8 51 109 97 60 5 74 100 - 80 100 70 100 65 111 96 97 11 51 78 113 47 66 90 14 94 105 93 51 21 69 101 27 19 82 24 107 42 32 81 94 20 12 66 99 75 1 80 75 77 42 79 46 52 85 90 64 47 93 76 42 12 82 58 92 98 93 94 45 82 103 23 90 98 57 38 76 74 98 74 22 67 1 48 41 90 5 7 24 23 21 57 - 4 115 - 27 19 79 68 44 31 67 112 15 81 14 16 97 114 59 31 14 91 34 106 94 54 96 24 37 11 45 68 57 19 33 11 116 65 7 18 - 11 - 115 43 4 54 10 29 0 78
ch 4 175 10 0 100 w p 16 32 113 87 - 78 100 27 28 92 82 76 - - 12 - 7 70 5 - 60 18 109 54 18 12 105 3 103 26 1 87 62 66 16 12 42 39 73 42 30 98 73 7 70 57 8 111 10 29 84 91 114 61 10 79 2 41 9 11 1 51 77 2 40 23 54 59 42 63 84 4 111 100 32 42 68 51 43 81 26 43 113 1 - 106 110 40 70 3 91 43 5 60 30 64 27 62 10 63 - 99 23 21 1 17 21 37 81 38 93 15 28 41 19 115 59 0 68 34 103 112 113 53 45 - 13 33 56 43 109 - 118 62 112 16 67 4 88 66 45 117 12 104 77 43 112 27 6 82 7 14 60 - 53 112 36 93 3 94 103 37 69 6 76 54 39 30 27 22 15 95 60 30 113
ch 4 220 18 0 119 e p 99 28 115 64 11 - 43 72 8 71 43 38 34 114 51 37 - 73 3 96 3 72 113 100 54 52 77 55 35 21 - 19 73 29 70 - 111 7 101 35 114 21 30 14 20 8 41 45 25 62 1 63 - - 10 9 43 110 77 15 5 93 22 40 6 36 25 109 90 - 90 103 4 58 70 48 17 25 74 71 12 114 63 91 - 75 77 112 56 116 118 74 42 119 76 82 55 93 58 98 62 110 100 18 - 85 33 5 102 6 45 75 38 23 65 14 56 71 92 - 51 84 80 90 28 112 66 100 117 2 9 99 113 7 19 58 35 105 - 73 10 54 8 47 117 33 1 - 107 104 95 48 98 50 111 0 62 32 43 58 53 6 20 115 - - 30 20 - 72 44 111 93 59 80 - 21 32 35 71 88 20 50 33 4 50 92 78 72 89 30 103 50 61 35 98 81 37 13 15 119 - 3 104 8 88 45 57 101 119 118 - 70 9 62 65 81 9 19 78
ch 4 216 16 0 119 e p 24 109 5 97 15 20 82 86 - 100 113 8 80 59 60 24 57 43 33 65 92 99 35 15 - 59 0 74 95 43 44 89 117 35 81 111 71 38 11 65 111 64 83 67 50 70 43 102 97 119 32 47 99 106 - 6 44 106 83 5 46 21 - 64 44 114 0 115 5 31 97 15 27 83 119 97 80 17 71 80 - 29 26 34 - 11 81 68 17 43 118 58 93 102 30 115 37 79 - 31 25 84 98 43 16 51 112 25 12 65 0 13 109 73 50 2 114 95 16 4 101 60 5 - 40 2 27 21 - 4 105 88 110 54 114 9 95 57 45 84 25 90 55 66 30 66 89 49 85 - - - 102 87 113 117 26 33 94 55 - 32 11 18 67 74 119 117 13 95 38 32 87 113 14 9 28 104 61 112 114 82 109 26 32 52 20 75 82 93 83 38 25 108 1 42 5 18 13 10 54 - - 5 84 96 36 - 27 25 73 2 49 36 1 38
ch 4 223 13 1 119 e p 15 70 2 52 52 15 18 35 1 90 92 23 42 42 10 118 57 49 39 1 18 26 - 50 29 102 85 33 19 105 39 99 51 - 5 - 24 26 115 32 71 - - 37 106 87 57 - 65 50 80 103 97 39 63 - 63 75 - 115 62 73 87 68 25 1 38 11 49 - 95 9 108 93 - 47 64 90 108 34 36 45 45 42 27 38 47 59 56 57 103 3 25 108 45 33 119 78 28 9 72 39 32 - 107 70 66 112 39 13 4 54 52 109 40 56 96 78 95 73 70 109 25 65 54 - 107 27 80 109 83 55 50 57 99 9 16 89 55 5 83 65 40 97 56 95 117 12 11 75 - 23 113 67 15 78 86 7 118 52 81 26 49 10 65 97 10 49 98 65 92 51 64 31 56 15 67 52 19 11 43 64 104 14 61 65 84 70 98 15 87 60 83 20 93 36 15 68 104 85 57 104 21 88 44 45 44 85 114 119 59 50 48 95 23 70 7 116 41 12 100 84 36
ch 4 195 14 0 118 e p 90 77 29 - 11 53 99 52 76 50 85 108 29 35 47 10 10 14 32 14 103 90 67 3 63 25 57 115 21 97 59 88 83 4 - 78 56 13 80 12 79 27 13 28 13 - 48 18 107 43 109 26 59 2 112 98 45 84 65 50 15 6 74 64 8 47 91 26 52 84 31 49 10 92 68 - 13 10 101 46 69 97 - 42 109 48 - 42 2 85 100 52 73 63 55 35 36 18 66 83 68 92 5 - 63 29 50 5 113 109 8 62 - 59 12 117 118 108 22 110 96 117 52 41 67 60 18 105 33 36 64 72 29 11 - 98 91 24 - 69 - 0 115 25 69 56 15 75 91 20 29 73 53 118 - 96 33 21 12 24 88 87 81 108 39 0 2 36 70 39 54 101 101 56 39 79 - 25 69 36 78 78 - 90 104 101 5 0 54 37 73 102 112 17 15
ch 4 194 7 0 100 w p 67 117 108 - 29 1 29 32 12 51 58 105 48 70 108 46 99 98 91 92 83 84 25 36 69 91 86 116 119 59 115 86 83 - 11 93 83 72 68 44 26 103 41 33 83 80 21 77 114 75 114 98 46 74 39 45 77 37 26 - 52 49 - 118 43 14 115 84 70 41 75 106 37 85 116 74 4 32 70 3 45 108 10 23 4 32 39 52 68 38 32 90 2 91 - 73 75 105 75 55 4 56 75 6 89 111 73 95 43 58 71 81 8 48 13 80 59 61 60 4 37 38 28 73 36 101 65 111 108 4 68 18 107 4 43 47 73 56 37 105 117 58 - 83 0 1 53 64 11 41 82 86 71 75 22 64 98 91 100 84 99 25 42 88 33 52 114 102 112 90 81 69 27 3 7 23 101 90 51 0 71 64 15 15 101 4 69 - 56 55 16 116 110 48
ch 4 222 11 0 100 w p 8 27 45 62 57 - 32 31 99 96 113 2 24 89 3 81 67 18 78 54 90 102 23 28 4 29 110 19 - 86 32 88 37 44 18 - 115 64 43 32 93 0 27 50 59 63 45 73 70 16 15 102 88 39 98 111 84 - 52 60 83 16 16 - 82 103 81 109 74 112 21 81 20 23 22 85 65 89 36 74 20 94 23 90 1 64 105 111 19 93 68 100 37 26 15 - 85 22 64 119 69 99 7 93 46 117 38 11 84 65 110 111 4 2 63 104 35 27 8 117 87 34 78 49 23 8 49 52 71 20 6 17 70 9 60 27 17 52 16 10 32 21 0 22 69 18 13 - 106 19 42 115 41 78 42 20 42 44 36 93 111 95 107 64 15 18 115 4 101 25 118 86 71 15 22 16 100 102 - 46 56 80 - 81 88 103 79 56 50 19 68 110 - 20 70 58 91 33 17 80 86 33 88 32 30 37 68 6 37 114 7 101 86 119 76 111 25 99 - 72 6 65
ch 4 185 15 0 100 w p 53 17 109 76 97 20 7 49 113 1 111 33 87 80 94 67 62 67 113 47 38 59 90 99 27 115 80 - - - - 116 43 106 59 62 24 103 75 45 62 112 114 39 112 105 52 31 106 25 8 21 10 55 102 111 77 2 37 25 80 114 80 45 107 42 64 105 20 68 107 0 78 24 90 67 50 - 90 2 94 40 - 87 103 4 39 73 94 70 9 112 69 104 65 89 71 51 104 18 116 32 28 17 - 70 66 18 25 113 91 31 68 36 7 5 65 23 16 95 18 9 94 71 63 32 105 25 - - 22 4 93 15 - 84 66 68 - 43 13 25 37 86 113 68 63 59 103 12 - 27 54 116 9 101 20 10 8 - 86 66 5 2 - 109 88 109 - 89 50 23 74 47 105 100 107 40 78 57 48 74 91 30 86
ch 4 190 12 1 118 e p 27 67 107 70 48 66 21 109 5 61 108 63 37 76 - 52 86 72 112 53 27 89 32 117 79 23 42 62 76 65 56 4 49 7 86 62 65 81 4 65 66 22 101 50 70 93 34 51 94 28 80 14 87 86 83 106 - - 115 10 110 85 87 72 74 59 33 - 85 73 26 104 65 29 41 62 48 97 73 83 39 41 109 90 35 73 118 55 90 7 76 5 1 - 13 70 - 62 89 82 - 71 8 61 88 55 43 19 49 34 42 107 53 77 61 71 55 81 4 6 111 40 34 116 62 102 98 78 77 67 60 2 23 97 85 72 82 25 37 92 9 - 39 100 112 22 11 66 63 77 76 67 14 21 8 80 38 18 85 - 108 92 101 90 64 57 52 66 - 53 1 83 - 56 104 48 27 107 90 32 - 13 31 71 42 103 41 62 18 6
ch 4 197 13 0 119 e p 118 108 13 62 45 - 69 67 - 21 54 43 0 25 82 67 58 68 42 25 69 118 3 30 98 116 8 44 68 54 60 83 - 99 66 27 116 60 29 55 105 103 4 108 80 35 76 116 113 - 11 21 62 17 25 75 33 63 45 114 36 111 35 62 31 83 77 70 81 24 - 36 51 104 102 100 69 70 119 75 70 119 48 116 104 116 65 15 62 69 111 22 14 44 69 59 100 119 74 - 106 56 97 65 48 116 86 85 85 25 18 52 21 67 111 7 27 96 15 41 107 62 21 12 83 59 10 35 31 28 73 - 52 1 105 107 81 7 - 17 86 50 - - 72 98 18 85 108 0 77 92 107 61 39 94 76 95 42 36 21 85 15 38 47 13 1 80 50 13 8 - 63 71 48 - 61 58 0 35 100 27 5 86 91 58 6 - 20 48 79 66 27 93 59 87 110
ch 4 170 15 1 119 e p 28 31 118 10 57 10 1 44 59 76 80 16 16 119 116 96 37 58 38 15 48 89 114 68 92 13 18 47 111 27 88 27 - 116 113 30 82 - 4 115 119 - 106 62 - 69 49 50 50 71 79 87 62 91 17 25 73 - 54 5 116 32 32 88 6 112 77 17 55 1 - 118 14 99 22 102 75 73 73 98 107 82 25 17 118 114 67 74 78 104 35 11 73 22 11 - 97 84 67 17 61 73 115 97 34 52 19 75 69 43 - 110 19 88 22 22 63 61 15 - 16 119 53 17 55 108 74 - 20 - 9 26 97 - 46 49 64 92 55 114 56 89 112 103 91 87 96 79 30 86 86 28 110 108 5 91 - 45 90 36 73 97 37 - 21 - 64 16 71 115
ch 4 192 13 0 118 e p 34 104 18 76 50 77 3 8 59 96 12 7 26 109 103 34 63 7 58 61 74 59 - 34 42 71 78 - 6 116 103 22 98 - 40 118 37 106 101 96 25 84 90 77 65 100 1 89 77 34 95 66 74 95 27 - - 48 43 17 44 45 91 2 38 15 26 12 97 - 13 113 8 67 113 81 - 4 23 16 118 39 73 83 21 111 95 - 53 102 72 24 111 53 10 22 80 10 117 37 - 12 60 28 14 75 12 93 - 29 0 19 72 76 80 42 37 51 88 19 35 14 90 47 79 109 117 105 31 13 99 52 98 64 39 117 - 79 43 5 77 11 60 28 87 103 104 98 104 85 116 97 80 4 6 78 113 77 100 35 86 101 68 19 38 21 5 15 110 23 88 108 - 67 72 16 40 101 74 85 33 64 28 97 - 33 103 116 78 34 109 95
ch 4 223 15 0 118 e p 6 16 39 16 57 13 45 64 107 53 83 75 82 19 90 107 44 8 7 66 14 99 92 44 - 64 18 7 22 21 90 15 56 15 15 115 15 91 11 21 14 8 55 18 74 23 111 96 23 28 - 43 112 - - 9 9 107 51 62 40 0 64 44 5 88 43 108 22 37 92 88 62 93 85 52 5 86 118 51 - 75 70 116 53 34 50 52 22 73 18 31 47 85 89 28 98 20 - 104 20 5 35 17 26 40 68 105 33 46 74 2 55 28 10 79 41 80 17 14 19 - 81 116 - 48 46 56 87 90 15 16 76 109 107 109 67 112 19 87 57 67 108 12 80 16 75 - - 44 60 32 15 30 13 47 15 39 72 29 62 67 14 28 113 82 45 27 103 5 - 61 118 85 34 14 - 117 30 49 64 87 63 44 75 19 74 12 - 113 24 - 110 16 56 66 118 43 16 44 36 36 80 75 0 89 66 57 16 20 64 91 43 113 - 87 34 109 0 113 85 7 75
ch 4 180 18 0 118 e p 71 91 109 50 - 30 1 48 26 19 35 - 6 80 94 30 0 2 108 63 90 65 - - 22 44 104 52 37 50 3 117 63 33 29 - 69 66 - 17 76 70 76 82 32 52 102 1 16 67 100 85 40 113 30 116 64 0 47 65 48 112 11 118 104 56 63 39 49 100 - 102 31 111 66 64 90 99 92 116 79 0 76 113 16 67 48 82 107 87 - 63 98 2 65 59 7 34 5 63 63 112 13 78 - 64 64 51 34 96 - 94 116 76 60 - 69 - - 109 32 - 75 - 19 108 - 116 5 68 6 34 68 91 51 72 93 47 109 3 76 24 0 115 91 - 117 26 78 51 96 8 30 51 32 113 64 74 98 - 37 81 66 29 14 94 87 54 47 14 49 65 94 81 91 105 73 18 31 45
ch 4 215 22 0 118 e p 92 96 25 71 50 49 8 115 10 29 - 22 24 101 93 75 78 118 51 73 14 55 65 36 - 43 - 109 27 69 110 13 3 0 98 88 48 58 68 102 88 45 82 - 103 78 59 16 53 59 45 81 - 64 31 43 68 104 0 60 21 93 87 113 99 70 82 22 - - 106 2 78 42 - 10 88 81 40 10 91 6 79 112 84 26 21 82 60 102 20 112 64 43 66 21 65 24 90 2 58 23 105 108 35 2 - 0 113 116 86 79 89 89 8 28 91 13 10 78 86 - 68 35 18 - 77 6 20 78 72 88 43 - 45 52 37 39 56 9 68 2 118 39 48 51 35 105 40 79 42 31 76 24 74 69 - 9 117 32 4 24 - 100 87 37 76 34 35 118 3 - 10 - 118 19 77 93 88 - 16 56 68 66 27 - 92 34 12 98 95 25 90 96 87 2 30 94 4 - 106 14 71 36 42 - - 20 7 - 51 91 21 83 23
ch 4 227 13 0 119 e p 103 84 2 101 21 82 52 3 76 20 - 1 30 52 41 61 118 28 73 94 97 40 112 69 97 22 20 46 78 44 5 - 75 92 106 71 18 81 86 5 101 46 108 31 63 42 66 96 12 26 87 68 90 74 91 44 42 54 85 49 118 15 24 72 66 74 77 86 25 55 51 111 8 70 75 99 109 56 9 72 48 118 119 - 8 111 112 86 18 119 20 12 111 46 112 34 85 42 43 35 41 49 99 37 114 83 79 21 3 57 41 38 27 69 5 - 66 23 58 - 39 89 36 94 - - 15 19 24 33 76 23 98 49 91 41 21 105 - 110 76 51 74 37 88 55 - 44 75 80 4 0 - 102 58 78 114 45 3 3 2 20 13 25 58 49 48 53 - 87 67 84 55 82 82 43 19 36 62 102 82 16 48 18 8 - 23 - 70 74 41 73 82 49 55 99 11 93 15 81 0 22 86 81 62 26 10 111 61 42 14 102 85 102 24 119 117 101 37 76 110 52 111 48 54 26 72
ch 4 208 24 0 100 w p 10 64 103 53 20 93 - - 108 36 113 74 74 113 83 12 22 85 18 41 65 88 20 49 19 28 67 109 48 105 61 - 31 25 70 11 39 43 - 7 111 39 113 - 78 26 119 - 24 - - 63 - 51 11 31 77 77 21 108 54 60 6 55 110 74 - 49 29 77 34 6 20 96 84 25 85 99 64 109 18 87 55 119 - 109 118 30 63 98 74 113 47 95 57 107 98 62 102 88 - 58 107 - 103 24 94 99 5 - 91 24 78 31 - - 51 30 96 37 45 55 - 51 115 - 28 25 87 33 40 50 68 67 76 27 3 38 77 60 45 22 15 106 41 32 104 104 22 78 - 4 15 68 54 79 - 103 0 14 - 104 70 59 111 105 60 71 5 74 19 89 71 85 35 8 55 118 60 111 16 - 39 10 61 25 110 0 91 93 83 62 87 51 71 57 107 53 109 - 7 13 81 - 79 119 35 63
ch 4 219 18 0 119 e p 109 47 21 106 68 76 113 98 87 - 114 108 100 66 0 74 32 86 2 80 103 18 74 90 - 26 101 117 44 29 44 43 41 116 23 - 27 - 59 17 - 100 72 64 86 94 94 12 117 55 34 5 96 57 95 109 - - - 81 90 11 103 75 35 45 66 14 60 86 - 113 24 80 5 82 13 11 68 23 69 2 109 69 87 13 53 83 115 9 109 71 38 80 110 85 53 25 79 79 70 54 42 62 - - 82 24 3 81 34 62 - 44 59 15 22 105 19 90 62 113 40 12 27 58 - 95 5 64 29 - 73 94 5 78 40 33 61 38 63 75 18 111 80 82 80 62 70 57 61 115 21 29 24 32 8 119 53 68 11 114 1 102 66 78 87 29 24 51 82 28 117 62 112 - 60 111 13 79 1 - - 5 24 101 50 92 68 67 - 116 95 34 43 75 77 78 32 97 101 50 54 58 10 118 104 108 118 42 61 66 71 91 32 52 117 28 2
ch 4 178 8 0 100 w p 59 86 68 83 92 45 107 48 23 6 - 62 31 10 80 72 - 74 7 75 11 53 52 45 87 39 69 9 100 64 71 70 110 88 50 74 91 25 69 111 66 118 27 33 - 108 109 30 107 89 6 89 112 84 59 89 56 5 82 94 101 79 119 116 15 37 73 13 90 66 21 57 91 35 117 54 78 112 83 39 70 61 89 48 102 44 2 96 28 108 49 94 50 107 116 91 99 90 82 104 113 105 51 109 21 2 114 0 68 43 30 32 24 51 54 59 44 12 - 101 18 24 75 25 - 114 16 71 102 86 18 0 25 93 63 109 104 55 33 27 112 22 86 0 14 26 89 50 74 106 52 22 118 - 111 100 49 79 89 8 103 56 - 119 81 12 53 32 70 21 108 25 79 - 109 9 76 43
ch 4 215 10 25 100 w p 5 23 102 51 33 83 17 60 28 6 117 89 21 16 112 19 72 89 38 76 - 25 79 98 44 22 12 36 61 91 29 108 31 66 28 43 83 118 89 22 33 94 93 57 97 63 4 58 111 55 20 38 2 32 80 47 81 37 70 106 - 5 38 - 49 7 27 86 68 7 86 20 28 105 89 65 4 96 118 96 119 77 - 10 46 106 65 103 67 34 5 48 100 96 21 - 62 98 9 4 8 104 86 10 14 55 74 82 116 76 93 89 86 101 15 109 56 94 82 47 106 - 66 17 26 19 65 79 86 119 53 50 88 32 74 106 11 107 10 99 53 37 - 56 48 20 51 67 72 35 78 - 68 40 77 29 107 99 23 17 88 53 32 95 84 5 9 70 104 18 115 61 38 97 69 114 23 43 104 6 88 37 12 40 - 55 32 92 103 88 53 53 92 19 49 40 103 54 28 100 104 92 14 78 52 64 116 90 110 55 24 112 57 59 -
ch 4 219 14 1 119 e p 37 13 6 84 113 67 41 30 5 59 59 72 49 109 53 - 71 29 60 41 97 38 119 109 46 60 112 62 14 110 42 79 27 95 117 9 109 63 5 31 21 67 26 91 58 - 62 76 5 15 64 6 - 9 - 59 91 93 - 44 92 52 90 42 16 7 58 52 33 - 100 24 76 42 64 18 117 6 34 74 34 28 9 13 33 20 71 103 62 74 13 22 65 30 - 28 15 52 74 14 20 25 71 8 77 117 55 83 22 17 26 111 3 - 104 16 112 107 75 91 53 114 103 111 77 106 60 117 99 - 60 107 - - 3 103 - 73 66 33 60 67 52 85 59 1 1 87 39 62 35 47 32 64 68 92 - 32 68 15 37 106 20 44 104 106 100 22 75 54 91 77 46 106 4 70 36 7 68 104 89 50 50 49 28 60 54 83 66 9 37 96 119 1 76 40 60 91 1 3 3 112 29 23 113 107 40 56 28 16 111 116 116 94 - 63 20 81 90
ch 4 209 10 0 100 w p 69 16 68 70 - 92 - 3 83 60 32 18 93 69 92 14 39 102 89 90 11 8 - 30 13 51 40 69 6 116 103 80 51 87 18 61 84 25 118 22 119 46 88 82 95 54 99 48 110 24 76 72 17 42 41 102 7 113 50 53 25 55 13 86 65 6 1 109 23 45 96 75 72 80 1 89 61 63 57 111 92 25 115 64 72 52 85 27 21 - 116 20 4 25 24 9 15 80 112 58 52 31 53 44 85 76 97 96 - 44 47 40 7 54 114 65 0 117 - 101 44 1 14 11 62 56 3 81 89 113 117 96 45 9 93 35 40 - 22 55 15 103 81 117 - 73 37 108 59 26 92 29 61 101 38 19 116 100 81 52 1 67 66 27 15 27 86 - 116 76 45 102 86 13 108 49 63 111 56 9 92 10 62 56 38 84 - 26 5 31 76 25 48 105 6 67 116 41 58 99 6 72 45 20 4 72 98 78 64
ch 4 180 12 25 100 w p 14 14 53 23 34 118 87 67 35 5 30 7 91 11 57 117 31 29 37 56 57 - 27 6 100 29 31 67 21 76 38 45 - 86 6 84 47 3 92 50 - 19 8 109 82 41 74 - 111 15 1 103 60 105 - 28 91 88 96 117 61 111 68 58 64 33 85 13 - 4 70 3 14 19 - 118 29 62 7 107 114 42 65 19 23 18 47 60 46 19 91 52 102 12 107 38 105 91 98 64 107 110 50 63 46 54 86 69 3 11 64 - 49 66 23 54 85 91 - 99 71 64 50 100 78 89 72 64 111 26 68 105 76 95 114 85 98 75 5 75 17 37 - 15 28 17 45 68 78 17 22 34 55 15 43 113 4 65 58 105 5 15 111 41 73 6 44 54 5 - 51 29 - 76 42 50 110 11 59 95
ch 4 204 9 0 100 w p 105 115 3 58 - 12 5 55 81 20 43 42 5 21 89 58 - 48 80 93 66 74 2 61 86 117 62 118 119 53 36 87 34 45 60 64 60 26 0 78 44 56 21 104 16 119 57 115 12 104 27 40 78 48 87 75 33 22 42 74 60 15 101 102 22 47 28 5 46 109 58 53 61 51 101 47 111 43 100 64 18 32 45 5 46 3 56 40 41 59 110 30 76 12 11 25 - 105 18 17 106 30 116 68 73 88 7 51 0 10 51 111 - 64 29 9 41 35 67 90 118 19 67 76 50 0 87 38 72 81 39 23 69 60 70 55 96 26 107 22 44 8 65 80 56 50 116 49 80 77 18 99 1 45 118 85 117 - 98 7 79 112 34 28 63 - 17 20 40 101 53 75 12 37 1 10 100 30 96 59 111 - 104 7 56 57 69 40 46 54 88 35 12 110 41 17 99 6 30 73 - - 48 49
ch 4 170 13 2 119 e p 55 37 81 116 117 111 88 29 63 22 112 103 - 51 46 - 6 76 5 110 104 28 10 21 32 108 55 3 59 - 40 53 77 82 55 79 105 88 101 46 46 81 2 57 43 - 104 22 100 94 27 74 - 87 - 112 46 67 45 81 50 39 40 94 72 40 85 83 72 - 46 70 - 51 82 57 38 55 23 55 104 35 53 99 59 52 116 119 78 38 99 64 2 60 26 65 4 105 51 23 30 78 78 - 50 62 46 92 11 34 87 - 38 19 - 75 19 23 91 59 72 67 49 93 43 62 90 79 24 104 45 101 4 4 110 93 72 23 35 - 6 67 103 28 91 97 19 66 82 98 44 75 114 89 74 72 80 36 92 22 20 8 - 77 17 98 87 94 108 58
ch 4 224 15 25 100 w p 52 74 43 73 88 27 118 102 - - 15 68 1 112 22 1 20 88 2 89 24 60 15 64 23 75 76 80 5 79 26 23 74 93 118 107 16 110 49 117 8 - 39 97 17 - 115 93 109 92 119 70 55 45 93 37 10 97 8 49 26 113 8 - 109 35 - 60 105 26 - 46 - 114 15 17 89 68 2 108 72 41 - 84 11 32 - 15 53 48 103 61 15 80 119 99 88 63 110 - 115 13 103 - 27 97 79 72 98 17 99 39 109 101 78 - 67 16 13 73 39 71 108 14 75 16 47 44 53 78 97 90 47 108 69 42 54 21 3 26 87 20 87 89 55 58 105 108 87 113 50 54 72 2 12 27 42 92 105 76 48 107 13 97 102 26 66 - 14 23 66 78 60 97 109 18 91 81 13 53 66 91 65 3 20 26 85 39 102 44 48 68 75 95 106 108 106 79 6 19 85 24 54 104 85 113 87 65 88 55 85 108 - 51 37 22 93 71 108 72 61 108 13 48
ch 4 186 12 0 100 w p 73 77 34 48 33 62 27 94 111 - 116 74 38 114 28 21 27 4 109 94 - 111 36 112 24 93 109 64 6 82 101 108 16 93 30 64 - 67 93 115 36 69 78 8 35 40 30 8 - 36 39 20 21 1 92 51 61 66 73 33 86 87 5 49 59 56 41 91 3 - 33 112 - 3 15 100 51 94 22 107 78 107 94 30 102 97 89 59 75 45 23 37 20 94 60 - 0 36 12 29 78 92 97 71 49 - 116 12 8 92 101 52 82 104 45 - 55 39 74 110 27 70 15 116 36 19 71 36 87 - 91 107 8 48 57 101 88 41 27 78 4 4 112 34 33 95 67 51 20 22 4 25 86 1 108 25 16 - 1 44 29 - 23 21 87 62 28 93 72 44 101 0 12 79 37 116 6 117 20 33 5 119 43 69 23 2
ch 4 179 16 0 100 w p 23 50 75 12 94 72 106 0 64 103 118 104 - 51 84 25 87 49 97 44 87 43 - 40 13 87 47 33 86 73 - 30 93 4 93 81 102 98 110 91 89 33 49 - 7 95 12 51 85 17 100 108 102 43 93 77 97 - 38 111 81 3 95 79 17 56 91 24 69 11 90 108 81 2 - 19 57 - 52 41 65 76 - 14 - 57 91 97 23 30 95 6 93 13 28 59 31 - 57 62 22 1 - 62 25 33 84 28 98 76 108 84 - 61 49 103 78 66 103 74 28 32 71 1 95 69 - 34 - 55 70 74 8 117 69 26 3 101 24 113 64 2 - 5 114 31 56 80 30 - 96 28 113 91 71 53 90 7 40 27 94 100 36 34 62 46 21 111 44 20 12 50 33 51 117 23 6 79 53
ch 4 202 12 0 119 e p 69 46 68 - 47 49 92 - 16 35 66 76 29 100 26 67 25 83 60 4 68 41 105 12 119 - 60 40 36 61 48 72 32 110 34 59 117 19 51 5 65 50 40 23 77 80 60 91 1 103 - 35 30 71 88 20 38 26 38 25 75 61 40 113 15 - 60 90 98 - 72 73 19 63 81 113 88 41 52 42 68 72 7 65 28 86 80 80 62 96 55 9 - 6 2 6 2 27 - 92 111 37 3 103 113 62 17 107 80 84 46 95 101 - 19 15 3 109 56 61 - 69 35 119 8 46 24 - 22 30 64 94 86 58 51 20 77 4 24 37 82 20 91 24 58 25 49 35 119 43 48 86 20 34 12 112 87 100 92 5 105 85 94 64 15 3 102 50 98 60 69 66 0 109 102 70 61 107 88 116 71 - 39 13 110 19 21 79 76 55 86 25 106 117 86 17 34 52 39 78 116 93
ch 4 218 16 25 100 w p 58 45 79 10 4 42 - 59 74 7 12 117 31 15 18 39 118 90 4 100 - - - 75 54 105 50 44 21 108 38 13 28 103 30 107 82 84 80 32 61 76 67 68 38 96 43 39 34 42 19 28 111 14 114 115 15 114 103 78 66 5 29 9 54 - 18 26 17 50 60 77 86 5 36 90 44 105 51 40 70 50 20 98 21 98 7 49 - 114 5 49 105 6 58 103 36 84 11 96 2 64 106 25 114 110 92 13 21 51 95 74 15 81 35 9 102 - 60 82 89 36 15 86 6 112 34 108 86 88 12 106 10 3 82 88 53 108 59 108 73 51 53 13 3 64 99 117 106 64 48 106 86 100 - 34 79 49 30 2 27 16 - 71 110 102 100 9 27 102 64 - 113 85 53 92 81 - 94 71 64 78 95 52 2 - 117 104 91 14 86 44 55 77 83 48 80 66 104 15 75 45 - 5 4 82 118 - - 110 30 - 101 8 61 12 56 93
ch 4 215 17 0 119 e p 90 6 - 29 31 29 21 100 64 116 111 - 113 61 74 - 68 7 83 107 1 78 - 52 84 36 47 48 102 119 71 - 66 107 71 31 65 67 11 119 83 112 72 77 17 88 82 18 48 11 117 12 56 59 113 12 93 83 8 70 43 74 118 83 3 105 53 104 101 50 32 51 47 30 64 86 66 12 117 107 93 94 69 56 80 108 101 49 114 74 30 15 29 60 43 59 - - 36 - 52 13 85 6 2 69 72 119 - 55 82 59 84 113 80 111 7 83 71 106 22 107 66 33 37 33 5 10 22 60 43 96 97 17 14 37 28 41 9 69 70 5 13 - 4 - - 101 119 90 81 91 40 0 103 41 97 93 14 78 46 8 91 115 117 97 99 6 88 49 118 79 55 66 93 76 29 84 4 16 23 30 73 15 28 53 51 117 16 - 32 59 - 59 47 13 97 1 113 88 25 5 115 - 25 - 12 112 63 - 23 86 73 18 118
ch 4 217 14 1 119 e p - 70 - 75 25 117 98 41 11 93 66 39 - 19 13 74 111 26 117 - 117 48 88 16 90 89 33 - 116 77 44 2 25 100 14 45 73 2 117 82 89 - 61 54 10 111 74 72 98 57 - 41 16 80 35 62 102 42 63 91 119 18 58 10 34 62 9 47 22 74 35 40 102 79 58 104 1 4 55 21 12 94 23 20 8 - 115 1 82 93 88 91 62 105 87 18 97 62 97 15 83 - 100 88 55 94 17 21 119 65 48 59 114 37 28 2 35 59 107 34 69 6 39 28 81 93 42 20 110 - 61 69 33 2 - 88 27 44 56 107 118 7 85 68 40 117 29 93 34 41 97 - 23 103 12 115 24 85 98 96 14 109 114 58 111 28 94 105 48 83 27 4 18 7 - 40 58 84 31 28 89 66 24 46 14 15 43 84 78 45 3 93 84 63 22 105 111 21 20 - 42 57 81 113 7 55 58 6 37 76 112 107 77 81 12 70 35
ch 4 212 12 1 119 e p 27 - 43 46 33 84 61 20 87 108 17 24 107 101 50 84 116 108 4 38 25 73 119 66 47 - 54 29 7 35 86 22 14 118 23 49 72 41 - 103 2 16 35 84 116 107 87 74 75 - 64 86 24 2 19 98 102 - 82 85 99 28 41 110 - 10 21 47 31 63 72 82 98 104 81 96 34 94 49 79 45 42 46 78 51 78 77 1 88 16 95 115 74 81 33 - 33 46 71 76 10 3 84 90 39 2 42 46 119 10 18 31 101 59 9 104 37 98 - 29 24 59 96 27 9 107 11 - 30 18 - 45 46 113 15 61 102 51 93 22 2 21 110 109 14 89 89 97 43 83 28 87 54 95 53 90 41 113 76 53 37 22 14 10 116 - 36 - 94 98 110 51 61 58 46 88 97 70 48 36 93 49 79 52 91 44 24 105 111 80 87 83 39 112 115 119 26 65 34 6 81 66 90 14 94 54 66 114 59 108 72 92
ch 4 177 8 25 100 w p 54 33 75 39 69 50 73 28 49 59 84 20 44 45 40 115 69 - 4 3 83 19 113 35 29 110 1 35 75 4 - 103 33 83 - 33 9 63 62 116 18 69 91 75 38 83 87 112 110 49 62 118 102 84 60 - 66 82 95 78 66 33 108 95 4 13 108 119 80 82 11 1 119 54 73 30 35 103 8 46 115 39 56 88 79 81 53 6 29 50 91 88 74 99 4 57 2 39 2 64 45 107 65 15 41 15 113 47 8 6 118 44 5 - 69 2 70 104 15 68 12 1 6 51 101 55 32 29 1 94 12 74 85 102 102 106 111 4 - 2 78 20 62 65 104 - 55 2 33 49 107 10 36 88 108 23 74 37 48 42 109 99 96 85 24 15 110 119 117 28 69 108 30 43 59 36 -
ch 4 186 18 0 100 w p 109 104 36 47 88 111 47 28 26 52 56 96 68 - 114 93 2 35 110 16 77 99 24 117 34 93 68 108 12 30 58 42 17 103 50 107 66 0 57 48 105 62 102 46 62 2 101 11 37 85 114 19 17 - 12 45 118 54 42 - 106 64 43 20 20 14 81 19 2 8 21 - - 102 22 12 74 19 97 21 43 47 42 78 114 23 89 30 119 12 109 100 15 33 69 65 69 63 44 21 - 81 18 - 118 43 87 4 101 - 79 20 34 99 44 51 109 - 65 38 51 - 4 87 - 70 - 91 4 57 26 88 93 40 7 56 33 51 32 - 49 20 68 50 79 51 53 - 14 56 112 - 1 1 28 66 15 96 - 52 23 3 30 14 - 39 104 29 112 20 53 105 67 113 33 - 24 59 112 21 73 21 8 66 60 112
ch 4 224 17 1 119 e p 85 83 13 - 88 102 92 31 28 115 114 111 83 49 60 76 21 34 53 30 47 51 45 83 - 91 59 21 91 - 54 119 19 55 7 21 30 79 50 4 42 104 21 30 27 48 81 9 6 83 22 52 48 15 107 11 17 45 99 53 30 79 109 95 88 113 113 106 17 4 31 32 82 47 92 17 94 110 113 11 95 102 4 82 116 86 21 57 70 14 10 71 50 19 38 12 12 29 - 37 89 93 45 24 - - 29 62 109 89 25 12 35 116 1 114 96 70 51 101 116 11 69 5 73 15 13 - 94 39 9 37 90 14 99 45 - 74 113 119 65 92 46 18 96 96 84 103 - 35 18 106 17 35 4 58 10 45 57 97 92 9 86 83 107 - 97 18 - 85 36 - 14 39 30 50 74 117 59 85 58 73 21 79 94 4 64 76 108 47 76 77 72 8 81 83 97 82 107 45 113 84 116 39 76 - 30 58 99 109 32 53 119 114 82 - 99 7 86 - - - 66 84
ch 4 175 10 0 118 e p 90 1 60 43 89 - 95 64 54 116 39 48 70 90 13 - 3 44 116 102 20 69 61 113 16 69 12 88 43 58 110 106 81 - 54 22 27 - 96 73 19 41 40 25 99 35 66 67 118 29 75 100 107 - 17 61 27 25 83 102 6 76 108 75 46 57 61 55 105 37 82 23 94 0 74 61 99 7 1 107 - 88 107 92 57 45 - 0 - 11 0 6 45 111 59 9 30 29 37 95 1 95 72 4 21 23 78 117 34 78 18 49 35 41 13 23 23 73 62 33 50 17 46 50 4 49 33 8 102 41 99 22 - 4 100 9 62 37 74 78 114 44 50 34 106 93 11 90 13 106 65 90 42 20 70 31 18 106 41 91 4 32 96 9 48 59 46 98 - 8 31 75 110 64 66
ch 4 176 10 1 119 e p 30 112 60 119 64 78 45 62 9 2 10 98 110 37 76 62 92 24 32 76 108 13 23 70 82 65 23 96 105 117 48 88 21 14 29 102 65 112 - 95 96 48 10 44 58 104 108 37 107 64 2 80 83 48 5 86 49 90 62 78 - 20 102 73 97 97 70 - 93 2 51 6 66 24 17 116 20 70 26 78 118 7 23 65 34 106 10 99 30 53 84 13 76 50 38 31 113 40 113 - 42 61 107 53 69 110 77 - 66 104 7 76 34 94 119 99 31 117 - 26 71 91 86 105 50 97 86 89 36 34 67 105 37 62 32 21 105 - - 59 94 78 114 47 27 113 83 28 67 13 90 73 13 76 5 - 66 28 3 45 33 83 - 32 74 66 102 33 1 46 29 95 43 87 111 42
ch 4 229 11 0 119 e p 75 40 99 48 44 51 76 42 37 92 116 87 0 66 80 - 48 11 32 12 48 10 76 95 51 25 82 95 60 71 17 53 68 79 47 110 90 70 34 16 92 4 42 91 61 98 54 89 4 21 44 38 24 69 71 95 63 48 110 7 37 91 85 118 3 91 51 95 28 94 82 46 40 55 79 84 56 116 86 9 19 65 118 81 32 83 42 36 52 6 15 66 97 45 73 116 18 - 62 73 83 5 34 96 8 111 - 75 72 116 93 42 88 82 - 49 63 67 25 86 98 74 28 85 92 113 68 30 11 19 108 23 88 13 48 69 18 9 75 20 26 86 68 - 84 76 105 53 65 77 113 38 13 117 6 35 103 12 92 20 83 6 107 55 56 81 - 103 80 79 72 - 16 100 97 18 8 105 28 2 27 80 44 68 73 44 40 59 79 100 49 62 114 - 27 51 65 119 67 107 - 50 99 82 119 58 88 92 68 108 41 32 114 85 84 47 68 117 9 76 6 - 25 58 80 37 - 49 28
ch 4 209 13 0 100 w p 100 54 112 34 84 - 67 37 6 26 16 57 37 9 115 13 6 91 81 35 95 27 - 65 58 44 105 84 51 79 61 56 100 38 25 79 93 47 77 77 93 95 60 65 113 51 26 82 82 10 103 74 52 63 111 65 16 33 29 103 18 32 72 110 52 16 - 111 47 29 118 106 73 59 39 64 19 - 1 12 70 105 84 - 92 45 5 13 68 97 10 71 39 118 12 27 9 117 0 - 38 95 62 24 41 71 35 37 39 60 - 96 95 95 91 34 63 75 65 15 13 49 13 106 116 20 31 37 82 112 14 91 62 - 6 55 - 59 99 71 13 26 71 114 43 98 104 11 82 2 117 98 50 102 58 83 2 - 48 32 72 88 62 71 108 92 5 65 37 108 109 64 101 114 14 47 41 99 67 69 54 39 36 93 60 87 - 68 49 100 78 69 - 89 98 95 0 115 111 40 67 103 101 - 72 87 34 49 55
ch 4 202 11 0 119 e p 114 66 107 26 1 70 34 17 9 44 62 37 17 94 7 67 - 103 115 35 35 100 16 14 82 112 56 87 91 42 115 103 104 118 18 7 83 52 104 95 68 100 - 45 63 40 34 110 - 111 42 104 42 107 106 119 33 - 114 52 100 14 28 82 89 30 26 70 99 7 45 53 50 110 22 - 118 10 38 19 80 21 1 95 88 99 35 89 79 9 40 102 90 90 96 23 13 119 - 89 103 89 99 11 87 22 26 16 24 54 110 47 57 71 104 36 64 112 118 59 114 110 109 20 38 1 64 44 31 9 - 92 76 25 30 36 64 10 104 37 80 9 93 8 33 40 6 42 85 24 52 27 38 47 24 66 58 0 62 7 12 49 4 102 22 72 86 16 10 3 10 38 14 13 53 70 90 108 4 - 55 55 47 111 44 102 79 46 46 - - 102 79 89 89 92 37 18 20 56 105 -
ch 4 188 8 1 119 e p 92 105 119 58 92 15 1 82 63 35 74 70 105 77 71 6 79 52 59 107 27 22 83 109 22 30 58 83 69 58 82 36 85 115 30 64 - 1 67 10 77 6 82 27 111 7 99 6 21 62 101 67 63 114 50 118 59 - 100 41 - 12 18 63 51 40 107 78 114 3 43 88 30 48 94 42 4 16 114 115 103 78 18 13 24 47 9 22 54 17 53 38 41 69 62 19 40 14 29 31 46 115 95 67 51 52 25 82 - 31 10 29 73 - 74 46 10 34 88 105 112 38 88 - 77 79 103 90 102 - 68 98 71 98 68 59 72 32 56 23 - 98 22 38 103 42 93 64 109 55 31 78 23 70 78 55 87 57 15 42 28 8 59 65 10 106 109 85 106 74 12 29 54 7 17 96 81 85 73 87 66 52 14 22 51 52 118 76
ch 4 218 13 0 119 e p 65 - 73 22 65 65 89 69 - 9 103 73 79 54 25 0 35 48 29 22 35 44 40 92 6 39 1 1 54 112 35 - 79 75 42 28 39 43 - 69 57 20 82 27 74 76 - 11 59 77 68 19 74 - 65 76 71 24 50 36 86 40 105 51 88 103 119 117 - 76 87 22 109 119 76 55 81 31 115 23 73 29 117 97 117 101 8 62 - 119 51 105 20 79 6 86 - 108 90 40 31 112 9 69 3 3 62 96 83 76 53 117 113 29 47 66 4 74 51 46 - 112 98 99 5 29 97 88 44 117 97 90 59 67 103 76 13 24 9 48 4 16 5 96 2 90 93 79 32 - 84 16 82 72 93 36 55 87 33 111 21 42 114 43 112 7 109 15 43 45 60 89 50 57 81 102 - 48 78 61 36 20 78 63 103 17 37 41 42 41 33 72 82 99 61 - 70 24 13 60 105 10 7 11 88 94 18 32 116 66 83 71 5 107 2 3 11 118
ch 4 194 12 3 119 e p 67 8 86 108 25 23 - 86 27 91 94 119 41 47 87 71 96 83 94 84 82 85 93 118 36 5 102 - 28 107 - 99 4 119 83 92 73 47 17 6 71 58 119 90 67 - 15 64 37 62 70 36 81 44 69 66 25 44 47 76 96 92 101 82 58 117 7 45 32 25 85 67 50 90 56 - 26 12 57 - - 101 6 24 24 73 12 40 70 67 20 48 9 118 119 111 88 - 26 37 53 107 101 8 5 5 65 103 19 - 36 11 24 113 31 118 103 88 100 32 - 57 86 30 81 69 61 99 60 36 108 52 89 103 33 17 97 117 96 74 37 94 49 102 76 62 11 109 9 5 118 105 97 45 50 3 32 116 45 17 93 75 112 21 14 38 9 109 81 103 - 74 48 44 103 85 37 79 21 44 6 28 103 70 66 48 102 28 32 85 - 52 114 16
ch 4 187 10 1 119 e p 56 39 21 75 45 93 49 9 99 106 94 53 91 62 46 20 82 60 78 20 112 87 97 56 24 104 79 18 32 67 16 12 35 77 105 77 87 50 38 - - 101 17 95 29 91 56 - 70 - 15 24 45 83 41 36 94 44 82 - 105 - 28 8 112 27 - 36 2 66 101 112 76 83 75 16 30 47 10 54 95 60 18 98 32 98 61 66 97 107 112 54 22 60 4 57 42 115 15 7 8 - 59 - 110 109 35 77 61 58 60 1 112 51 94 117 28 43 111 117 71 119 102 113 68 104 3 40 21 89 43 8 50 36 10 94 117 100 50 70 24 13 84 71 85 39 47 22 79 24 71 63 87 23 17 29 102 20 62 85 33 33 118 114 103 110 112 76 66 57 - 89 110 111 73 24 111 87 92 48 29 68 7 11 74 19 70
ch 4 217 17 0 119 e p 45 71 47 104 57 59 109 103 69 40 64 68 117 102 36 15 21 8 - 104 0 - 62 99 1 4 84 52 97 105 30 1 116 43 45 70 36 - 109 69 - 51 81 86 2 8 95 45 69 - 112 16 59 - 115 117 30 7 79 29 98 56 35 85 111 90 76 87 23 66 102 53 25 34 21 10 79 108 114 97 62 61 59 101 76 76 39 112 47 34 - 77 54 0 65 83 74 107 54 119 36 8 25 60 31 0 82 61 64 3 67 - 39 85 49 26 84 41 17 19 59 47 39 - - 102 98 28 45 47 113 84 116 112 62 56 5 94 95 59 24 68 98 20 32 28 66 74 68 - 3 40 26 81 117 23 44 34 46 55 20 82 9 57 71 21 - 108 66 20 96 80 - 33 96 4 44 74 - 30 59 - - 101 7 44 57 40 116 - 92 93 49 87 61 39 90 113 19 30 7 5 78 8 9 102 18 61 21 85 68 111 16 67 21 35 22
ch 4 190 17 0 100 w p 88 8 20 70 63 21 9 24 72 55 115 81 97 50 12 - 22 11 74 - 90 80 67 41 88 60 99 86 8 82 1 62 43 76 73 - 3 7 111 76 25 115 106 - 51 22 112 116 31 - 55 115 23 109 33 3 0 62 38 68 - 114 110 7 56 22 13 105 88 8 36 4 3 48 67 51 77 93 18 36 49 - - 35 30 92 30 18 118 99 81 30 25 2 63 25 8 93 100 39 83 67 46 96 77 0 54 95 9 79 - 41 109 34 62 73 55 - 7 96 82 109 4 85 68 4 - 50 112 21 34 107 116 118 79 22 64 99 - - 62 46 74 38 104 49 12 15 47 96 - 17 13 34 111 3 40 - 112 86 33 39 90 17 22 21 73 - - 100 5 66 5 78 42 100 17 66 20 47 75 25 45 16 18 96 87 52 89 74
ch 4 211 15 0 119 e p 98 83 44 - 105 71 100 104 70 74 73 103 0 69 17 65 2 105 65 29 71 45 71 95 118 9 0 45 - - 53 1 14 - 64 44 45 3 4 117 70 16 37 74 36 72 102 68 6 6 65 - 66 101 109 77 - 99 38 20 - 18 63 118 28 39 5 66 - 77 58 43 75 108 0 87 75 29 60 105 8 37 31 62 16 38 23 35 5 19 5 98 111 29 12 88 47 9 60 87 33 4 - 52 59 119 42 42 109 78 105 44 46 102 21 73 73 36 103 37 17 54 34 32 118 95 112 51 16 61 45 81 - 85 59 111 52 8 83 70 1 61 39 99 97 88 51 25 106 93 18 40 0 58 109 20 91 68 - 35 20 - 54 30 - 10 51 2 68 32 81 58 11 47 60 37 47 93 34 38 55 20 24 27 49 37 97 0 101 - 22 79 - 106 55 26 29 89 100 29 33 7 67 63 109 98 112 88 119 64 114
ch 4 185 16 0 100 w p 60 76 4 82 47 4 107 107 9 101 98 85 82 118 23 83 118 62 18 - 33 81 87 119 9 112 26 53 43 6 58 95 45 - - 61 21 37 43 90 93 21 8 37 44 24 92 2 - 15 84 99 67 26 12 44 11 69 38 17 - - 55 103 29 64 66 106 7 111 - 110 107 0 49 48 51 51 44 84 115 109 83 94 4 18 14 112 47 60 73 41 17 28 73 63 40 - 33 - 82 43 116 31 22 114 5 27 55 52 57 92 103 25 34 59 63 18 28 119 3 13 92 98 20 - 107 48 92 51 42 53 103 118 111 111 37 10 - 26 6 22 111 - 49 - 88 64 94 48 84 30 25 22 99 17 74 108 115 93 68 66 43 59 28 40 77 88 87 40 - - 29 53 54 82 10 88 64 56 70 88 53 47 -
ch 4 226 18 1 119 e p 12 25 83 53 40 95 - 4 59 66 79 4 71 91 30 18 101 55 28 110 57 108 14 73 78 112 89 103 - 4 101 24 - 17 38 90 48 94 57 93 2 42 22 48 61 - 115 27 114 46 82 35 112 111 - 22 25 57 28 101 23 35 118 83 84 - 46 22 17 32 66 115 100 99 19 35 39 85 13 24 85 53 78 112 114 60 119 92 34 66 58 25 - 34 - 106 27 100 107 35 72 14 65 - 92 67 - 60 111 - 46 77 87 106 105 60 93 43 52 74 92 58 - 108 94 33 80 98 52 104 62 56 12 46 50 73 115 117 9 69 24 63 60 21 93 83 78 67 31 102 13 72 80 - 109 104 41 - 41 97 54 12 94 64 96 19 41 76 110 8 116 77 105 15 34 10 66 60 44 43 41 91 109 90 28 71 86 82 51 90 - 73 117 25 49 36 88 84 - 41 23 86 110 99 109 89 93 - 70 34 88 22 73 108 102 67 10 51 - 76 105 1 44 31 113 46
ch 4 223 11 0 100 w p 21 1 24 3 44 67 - 39 76 59 91 47 29 17 91 68 73 19 34 85 107 96 68 - 66 104 30 93 80 50 81 54 108 10 102 68 85 66 7 105 26 31 95 82 4 94 31 - 56 11 - 11 59 - 102 82 104 42 26 57 55 118 33 92 39 51 106 63 14 47 28 18 26 113 113 40 58 80 93 - 83 66 107 99 75 9 43 71 96 44 115 114 28 98 42 118 117 9 - 21 54 80 116 39 0 87 15 93 85 0 1 23 7 23 113 96 50 108 46 58 23 35 95 107 65 34 - 56 75 14 - 22 7 110 86 88 107 24 97 70 109 98 90 53 44 99 102 39 23 41 115 98 83 60 9 19 90 64 1 113 114 69 47 54 18 39 23 65 72 34 111 11 42 78 - 103 91 4 70 91 8 13 82 58 67 79 26 106 83 6 100 92 115 27 79 9 97 77 42 38 48 74 20 53 18 106 89 74 43 35 43 98 70 79 116 - 58 18 49 90 66 6 102
ch 4 178 9 25 100 w p 5 28 112 104 42 40 65 23 20 42 78 1 60 106 38 115 34 106 110 94 3 91 51 118 2 109 7 44 69 23 28 81 49 50 38 73 18 112 12 27 50 97 57 33 65 15 73 95 74 74 - 65 1 98 47 88 19 71 22 100 53 88 40 28 63 45 88 68 107 103 19 44 33 89 86 70 111 - 13 27 42 45 86 38 24 20 26 101 106 85 13 82 19 - 85 18 13 106 76 102 68 42 85 106 21 79 85 71 18 27 39 104 17 3 102 - 59 99 22 107 82 99 33 95 96 73 33 78 - 44 68 52 72 37 49 110 3 62 21 1 42 41 112 106 30 - 76 49 117 2 94 81 46 98 37 59 82 15 117 24 79 - 84 8 119 - 116 12 93 49 22 48 105 - 37 69 81 106
ch 4 179 12 2 117 e p 63 98 8 - 29 60 84 95 87 88 27 37 44 99 44 38 73 61 24 2 9 89 46 91 88 77 17 7 9 59 29 23 111 110 109 50 102 54 111 38 88 26 7 30 53 104 47 57 19 90 104 47 107 108 3 45 75 54 83 34 106 99 - 49 94 - 96 14 - 79 114 94 43 112 56 58 34 79 102 30 104 15 25 85 85 61 15 74 41 87 20 - 13 85 19 69 77 44 97 12 113 91 48 78 79 82 73 - 38 59 52 68 100 105 21 115 11 11 - 92 57 43 61 86 17 65 12 73 112 40 22 104 53 69 104 69 111 116 49 - 61 115 113 9 66 34 4 41 112 61 18 - 86 105 18 - 85 71 61 31 38 30 85 - 16 117 69 24 9 - 105 100 98 82 68 80 72 93 64
ch 4 175 14 0 117 e p 34 109 67 110 0 97 12 - 92 - 53 101 86 43 - 6 17 29 12 50 44 73 53 74 58 20 0 116 8 109 55 47 112 17 10 5 26 21 112 75 18 60 114 83 93 23 16 48 - 17 - 12 14 116 21 69 113 100 46 73 59 30 28 88 79 114 18 56 37 23 58 13 - 82 11 36 - 54 23 31 107 22 61 58 95 87 86 81 9 93 6 117 68 45 61 - 78 32 - 64 111 87 35 3 1 71 111 10 59 63 97 116 22 1 95 93 - 81 109 96 25 59 84 21 113 44 55 3 11 30 101 82 46 - 73 116 14 62 26 53 39 86 22 69 44 15 22 28 63 - 17 68 9 53 80 117 59 57 8 0 47 - 19 0 81 92 - 72 30 33 102 14 103 83 82
ch 4 223 18 0 100 w p 118 21 8 19 24 47 - 85 69 24 60 23 82 8 70 104 4 20 4 - 21 110 60 84 91 74 117 69 118 87 33 72 89 111 115 78 80 80 63 76 22 3 - 78 106 110 47 13 104 8 12 - 103 - 96 27 75 94 14 - 51 91 80 97 115 82 109 60 22 - 20 30 106 69 9 36 102 23 16 119 18 71 117 27 34 19 87 94 84 52 54 49 18 44 21 82 0 106 - 39 25 60 30 109 17 53 112 43 27 50 51 84 116 23 100 90 101 - 45 111 - 91 25 106 107 102 60 67 73 83 8 115 4 18 109 35 31 81 22 104 86 102 74 18 111 70 51 40 109 23 58 99 119 33 - 54 43 78 30 65 68 58 79 42 17 61 37 111 16 0 9 93 97 99 43 95 119 105 99 41 85 - 95 88 29 46 29 15 52 5 54 116 48 36 13 17 49 - 35 1 32 45 - - 52 46 35 57 18 88 80 73 46 - 25 96 68 - 68 46 3 28 -
ch 4 193 11 0 119 e p 91 58 7 - 61 119 - 93 52 15 78 112 112 52 41 81 42 40 50 32 66 47 40 1 92 2 63 44 28 40 11 112 18 65 11 49 - 51 11 64 71 7 59 1 - 105 25 73 117 60 29 1 80 105 10 114 112 65 47 83 10 81 73 75 - 113 16 70 23 60 12 - 5 77 23 45 51 72 93 3 92 51 14 86 48 44 5 85 24 62 59 9 9 91 73 110 73 15 118 55 61 103 86 108 53 - 72 110 31 107 0 24 96 105 - 38 90 8 86 19 50 48 95 81 116 39 22 98 82 19 21 114 61 92 114 16 113 116 36 27 71 83 67 96 103 38 112 2 28 119 17 60 13 117 109 72 78 76 21 5 15 27 12 86 113 28 91 117 66 - 74 73 87 68 115 2 65 46 116 9 0 115 15 4 8 117 43 26 - - 58 119 1
ch 4 221 12 0 118 e p 102 18 25 67 101 2 110 84 109 90 117 34 3 12 29 112 13 101 116 103 98 20 90 29 31 12 107 36 109 1 67 89 20 109 13 114 73 118 70 14 3 57 108 60 93 102 106 - 55 111 26 116 13 - 31 11 71 113 3 33 21 18 64 74 66 117 69 36 68 47 108 79 60 - 56 57 87 111 108 64 107 - 96 113 87 87 21 10 32 38 28 72 - 50 4 111 82 60 - 83 85 9 42 34 52 33 40 1 - 3 109 - 68 38 31 72 94 99 98 105 76 112 69 78 65 57 - 37 30 36 48 18 33 30 72 11 22 102 15 36 17 54 99 16 24 65 1 12 16 91 58 76 - 118 50 20 110 97 104 11 27 79 88 6 111 55 43 51 54 - 27 48 27 - 91 59 7 27 4 29 114 56 2 18 78 19 42 104 25 3 52 35 40 55 67 41 92 34 28 46 107 103 88 57 35 91 52 114 24 24 97 83 59 0 52 107 107 26 70 56 99
ch 4 226 11 25 100 w p 117 58 93 25 104 47 6 97 118 42 89 27 115 38 96 48 103 19 75 68 1 66 22 44 72 62 26 72 91 62 57 47 25 53 107 - 115 29 46 90 38 20 78 - 96 8 55 69 7 72 118 73 86 107 112 64 71 89 33 29 62 29 64 94 88 52 69 8 97 91 4 54 55 118 54 80 71 107 59 111 61 19 52 55 84 5 41 17 101 107 108 96 33 77 96 105 78 28 1 99 66 5 95 109 85 2 99 80 62 54 80 47 58 10 22 - 45 59 31 20 2 28 37 56 28 80 - 17 87 65 59 5 74 93 44 82 87 4 119 49 57 16 49 96 - 56 60 - 35 42 93 96 44 - 74 17 34 106 107 59 13 74 115 5 - 7 70 20 112 75 78 64 109 102 6 22 18 92 85 52 70 97 49 16 35 117 8 7 62 76 - 8 11 50 6 57 87 23 82 - 63 37 110 53 14 63 89 40 28 40 40 40 26 76 100 83 52 107 115 62 5 - 10 37 22 70
ch 4 191 14 4 119 e p 84 85 51 36 28 114 40 105 105 105 105 81 87 118 84 94 46 9 30 8 94 97 97 67 104 20 31 17 76 37 86 35 72 88 100 79 115 70 96 23 - 27 6 17 73 81 114 63 87 41 108 100 56 76 80 - 82 56 104 - 47 67 - 87 88 105 57 22 108 19 43 41 - 10 21 - 28 58 14 93 12 24 12 77 41 - 25 31 68 98 30 14 82 102 90 78 8 72 83 90 45 63 50 85 55 38 35 58 77 28 79 86 86 118 - 36 32 100 15 - 62 11 92 32 113 82 22 101 4 7 94 57 78 63 91 97 - 74 27 60 98 109 101 102 40 83 12 39 65 41 23 119 59 - 40 104 115 23 17 42 86 118 53 116 46 23 117 116 17 - 12 - 73 42 87 61 34 64 87 53 - 34 38 70 115 118 68 96 47 55 64
ch 4 222 20 0 119 e p 107 86 60 95 64 15 96 26 3 53 31 69 58 46 58 74 29 - 117 43 49 70 - 91 - 18 57 117 - 61 43 55 16 39 65 60 68 25 85 58 40 6 58 55 39 15 94 104 64 87 59 101 52 115 99 104 95 4 44 5 109 43 117 112 115 23 73 - 96 12 40 42 104 111 43 55 96 67 113 53 69 - 25 107 24 25 68 13 52 58 108 12 29 116 57 58 85 81 82 - 97 63 17 18 6 - 110 93 80 80 22 6 45 84 70 88 71 84 70 58 0 78 69 43 34 45 47 - - 97 104 93 65 16 13 93 100 17 84 24 90 72 64 83 82 41 94 14 80 4 74 31 99 34 - 19 1 59 - 96 80 49 16 88 73 19 6 94 109 92 107 83 27 34 18 38 69 1 93 116 70 61 - 58 65 63 - - - 23 119 - 59 106 14 97 28 62 20 61 43 61 25 - 51 116 105 2 43 90 100 93 4 102 64 63 - 14 - 49 71 36
ch 4 175 16 0 100 w p 54 0 115 18 101 - - 12 33 17 93 24 5 21 - 51 85 9 77 76 112 85 57 86 102 56 10 98 76 - 36 38 57 88 100 9 101 33 - 72 104 38 84 58 104 91 28 34 43 111 78 54 19 25 59 59 108 77 106 16 23 10 51 38 38 - 23 19 12 18 32 115 51 94 89 91 - 91 95 33 97 43 117 53 7 95 110 100 75 48 - 101 98 63 46 51 104 88 21 55 36 52 48 63 31 - 98 11 70 - 0 31 73 35 21 40 - 34 - 111 19 87 117 81 56 11 30 56 109 94 57 91 10 109 0 - 38 1 26 68 94 83 27 50 6 30 102 32 - 17 - 9 92 82 62 53 37 44 - 103 119 57 69 87 112 86 2 11 111 101 72 35 36 94 61
ch 4 205 17 0 100 w p 117 - 55 3 57 100 60 41 66 46 88 80 119 24 31 24 26 119 8 84 25 17 38 114 88 44 84 115 34 - 28 - 49 65 76 88 47 29 91 114 12 64 38 24 97 66 64 98 79 102 78 31 28 70 10 112 69 15 110 92 68 54 81 83 65 24 - 42 109 65 - 105 - 8 76 - - 39 98 20 44 - 110 108 17 95 19 84 67 115 64 - 62 - 65 81 25 31 36 44 45 55 97 83 88 54 47 71 51 61 - 36 - 65 52 69 11 6 21 27 114 76 111 19 49 34 88 55 42 86 115 - 56 91 26 48 87 23 72 15 - 50 85 65 27 12 83 21 35 95 32 15 74 103 45 108 0 0 74 98 8 38 45 44 35 4 - 75 53 - 87 21 100 71 12 69 114 116 72 30 71 79 31 25 34 75 78 91 113 71 91 22 87 25 56 101 110 38 25 83 43 118 114 33 12
ch 4 217 13 0 119 e p 79 28 66 22 63 47 59 54 46 87 33 86 19 94 68 113 58 86 81 72 100 102 79 41 76 2 112 6 57 39 12 80 67 53 3 80 39 48 59 46 92 63 64 110 18 76 45 54 90 50 103 5 64 91 118 119 - 29 0 56 30 17 - - 8 110 16 20 50 93 56 30 - 81 0 12 37 20 24 68 80 119 18 46 117 67 53 63 29 2 70 35 43 79 47 4 36 - 70 3 43 9 70 1 50 67 114 34 115 11 47 58 111 7 - 60 93 45 11 101 45 67 - 45 30 119 18 93 27 32 108 116 105 69 85 24 14 94 - 14 12 0 87 73 4 30 16 107 41 61 60 34 1 38 49 119 26 23 104 95 - 117 54 105 113 34 106 63 83 6 15 28 75 62 - 53 55 45 93 28 41 - - 45 4 100 80 12 53 - 114 95 24 99 107 117 85 62 59 55 11 33 110 16 16 109 90 89 64 70 112 113 33 108 36 11 37
ch 4 218 18 0 118 e p 101 25 34 100 71 28 23 92 116 42 78 10 37 97 - 27 31 15 - 40 70 7 90 32 90 44 67 84 54 69 3 59 91 28 9 73 106 28 97 70 38 98 60 54 - 36 39 68 87 95 77 66 - 95 33 28 102 0 27 24 - 20 63 102 46 90 76 77 34 107 37 - 11 1 37 71 66 82 91 118 111 83 81 77 106 34 56 - 86 88 116 28 28 50 78 68 26 94 27 83 74 84 76 63 110 35 70 8 82 108 9 52 78 78 63 110 - - 105 82 74 76 77 11 57 1 - 75 47 8 76 70 87 54 83 46 103 39 87 2 39 25 25 75 59 95 - 10 37 - 45 72 62 117 99 64 108 67 68 100 109 9 95 91 44 35 89 9 98 24 75 60 - 59 21 27 - 67 101 - 93 39 - 88 93 62 24 88 17 - 13 44 9 94 54 22 25 45 41 30 11 2 21 95 58 8 9 54 75 36 52 - 49 65 98 44 94 37
ch 4 199 10 1 119 e p 72 - 19 64 34 114 112 33 110 - 104 21 117 - 84 94 114 77 84 9 51 68 3 83 76 88 54 81 104 40 39 33 19 9 34 4 11 57 71 83 118 23 90 31 54 - 40 25 109 27 116 72 97 90 19 37 64 61 - 5 33 64 57 119 27 7 36 6 1 87 20 70 105 58 96 93 63 92 26 86 22 13 13 54 50 2 48 103 48 30 51 89 52 64 18 16 32 25 75 82 - 119 64 62 15 12 89 69 86 28 67 44 75 49 95 94 28 83 80 65 63 58 102 119 83 42 15 90 99 34 19 45 106 75 51 10 9 4 25 103 89 19 3 19 78 37 10 84 31 62 - 5 65 - 14 58 95 25 75 72 68 12 6 4 46 97 87 83 35 53 8 77 86 108 12 90 68 - 52 56 - 77 104 93 30 3 68 10 99 94 105 109 50 118 6 2 114 67 86
ch 4 171 13 0 100 w p 50 87 31 1 85 36 69 4 14 35 44 - 70 - 112 6 32 79 49 20 - 44 35 25 18 59 - 56 96 26 69 46 55 16 115 50 93 79 61 14 66 43 90 28 103 58 110 74 95 59 79 69 92 19 83 50 - 98 8 57 72 20 118 11 86 7 74 0 82 68 22 93 105 45 74 45 106 111 24 30 68 88 31 16 5 90 62 48 32 74 93 14 19 6 23 25 36 - 84 - 72 83 105 1 112 36 13 - - 38 23 103 94 9 113 14 82 93 111 99 16 56 3 - 33 98 116 39 14 15 112 62 9 21 92 79 52 50 71 - 26 19 18 108 10 - 54 12 59 83 44 38 18 3 7 66 2 78 86 69 94 66 - 3 83 99 115 60 80 84 46
ch 4 206 13 0 100 w p 72 57 17 71 21 43 - 107 84 89 71 81 83 61 93 113 73 11 64 39 77 47 35 26 1 60 - 74 56 - 78 103 69 76 42 16 17 31 102 112 100 40 8 76 97 14 113 38 4 85 102 59 47 52 62 64 97 76 58 8 87 113 30 39 17 117 61 94 39 114 37 80 4 74 37 - 60 8 70 23 105 62 22 93 91 105 81 99 70 15 95 1 106 25 98 83 64 105 66 16 119 74 81 105 6 105 7 63 12 21 87 107 39 7 61 - 58 31 85 18 59 47 57 35 20 16 106 24 83 66 116 - 55 10 - 2 8 38 112 78 47 82 - - 0 102 116 32 - 53 43 39 86 101 28 27 97 37 41 100 - 92 82 92 40 88 33 68 63 37 4 68 35 55 85 17 85 101 86 58 90 101 70 98 58 87 109 75 91 - - 72 119 13 93 93 58 111 19 64 66 18 20 24 100 19
ch 4 204 14 1 119 e p 15 104 46 94 18 106 57 71 94 54 91 65 54 119 93 - 6 2 79 47 63 82 33 34 73 113 73 34 115 49 98 99 - 63 59 60 73 11 74 46 42 62 53 45 88 51 19 95 53 113 82 7 16 115 31 99 57 87 70 58 63 24 57 9 10 88 115 92 - 46 32 - 90 104 49 59 28 29 - 75 36 41 37 83 61 32 102 8 40 72 49 95 44 20 85 50 31 61 80 43 113 93 1 87 - 33 97 - 18 11 1 37 92 - 54 75 17 17 43 93 111 49 9 43 76 75 50 - 42 60 18 74 4 80 36 98 9 21 76 91 90 86 83 101 79 28 31 25 24 109 84 64 44 26 104 70 101 42 85 116 6 23 43 45 25 - 53 118 25 103 24 91 - 38 27 - 70 20 77 101 55 47 42 53 68 25 72 97 21 43 59 77 62 68 - 96 116 105 95 59 33 62 - 115
ch 4 187 12 0 119 e p 46 56 - 115 35 29 68 91 82 61 30 57 4 83 0 46 114 101 32 116 51 69 18 103 86 111 75 3 82 46 79 12 22 85 106 10 97 26 54 5 91 83 36 29 62 - 83 107 44 83 - 3 119 - 84 42 119 50 8 95 61 30 67 49 85 63 44 96 109 81 91 45 66 - 5 34 10 62 77 24 15 25 107 77 9 30 9 - 52 55 - 59 95 38 106 91 57 105 107 117 98 12 0 46 52 37 - 32 114 105 26 102 68 30 4 89 47 21 116 28 4 63 66 41 24 42 100 105 97 43 91 57 32 48 9 51 72 4 57 57 15 61 108 35 25 62 32 47 30 - 91 - 10 38 - 72 103 43 32 33 35 30 59 45 0 53 46 117 80 95 40 112 51 47 73 59 112 101 48 46 20 92 86 70 - 113 108
ch 4 229 16 0 118 e p 102 29 50 72 34 50 68 80 25 96 90 - 67 - 87 38 32 20 91 - 111 70 - 56 2 43 22 10 23 0 52 55 44 40 24 116 79 52 88 50 66 4 57 72 84 11 42 25 100 70 90 12 96 59 40 92 110 55 - 6 - 31 3 - 61 - 84 2 72 21 57 6 48 94 47 110 96 76 95 69 29 14 61 65 83 34 102 - 110 23 95 7 58 69 94 94 45 88 108 96 51 61 42 114 74 99 - 55 31 92 - 86 36 113 14 18 97 112 16 13 38 6 32 89 50 100 33 64 32 118 1 79 58 56 55 74 65 23 10 67 25 62 47 110 75 25 56 4 73 30 72 10 38 81 102 102 48 53 17 102 115 107 - 37 2 24 44 72 108 38 - 87 75 50 110 97 48 103 66 75 86 - 18 0 114 68 40 18 100 9 59 102 110 25 111 51 - 33 23 51 75 109 26 - 64 0 108 8 11 31 99 73 83 82 61 55 15 50 70 89 113 99 66 66 82 116 41 5 86
ch 4 196 10 0 119 e p 5 0 83 107 47 67 62 111 32 54 31 119 96 - 81 69 103 113 94 116 93 51 111 15 91 81 93 15 14 3 5 27 51 0 91 109 - 82 104 33 72 112 89 110 - 92 59 26 28 113 89 45 38 117 88 109 69 110 35 36 91 100 30 - 110 60 26 39 37 110 35 8 31 99 31 93 31 90 94 112 28 63 - 108 28 33 49 85 58 101 72 88 54 49 105 97 17 88 5 102 84 71 71 16 1 18 58 96 111 58 71 68 114 50 81 87 61 33 116 66 42 7 115 31 91 46 15 96 41 115 1 22 97 0 84 79 3 104 31 62 9 70 92 80 85 71 65 - 103 17 61 13 88 38 95 1 96 82 66 119 101 - 75 84 79 115 1 3 63 27 33 - 35 35 98 58 93 14 - 109 64 106 28 11 27 108 16 9 44 52 10 - 114 52 89 95
ch 4 179 13 0 100 w p 55 90 90 - 106 26 72 114 2 21 61 80 40 0 54 86 71 85 81 84 76 73 27 8 30 51 18 29 104 72 42 84 18 88 54 - 63 101 73 3 - 13 - 112 45 - 52 47 53 88 38 29 70 74 26 61 119 86 96 69 32 103 - 80 - 32 94 60 61 84 46 14 57 116 111 39 - 91 61 110 91 80 38 26 35 57 21 116 26 49 7 20 7 20 75 47 - 21 113 1 106 35 - - 30 107 9 47 22 85 111 70 46 31 25 - 84 81 59 118 64 62 115 14 47 38 110 110 52 0 79 17 100 55 55 70 101 102 5 29 110 17 55 89 85 117 48 73 24 3 0 61 37 97 13 - 92 108 44 90 65 63 91 67 59 59 2 82 117 96 99 54 83 27 89 58 111 110 119
ch 4 228 16 0 100 w p 94 22 114 48 65 - 55 41 99 80 71 - 11 31 20 35 75 2 27 79 3 - 76 100 85 21 103 37 40 113 10 11 30 89 15 26 68 - 62 58 32 73 32 52 48 65 107 91 90 45 61 4 11 7 95 10 30 111 55 10 90 67 - 86 64 25 45 63 80 67 63 115 10 96 69 59 81 95 81 - 65 10 59 35 76 86 7 93 45 43 75 88 89 46 45 57 - 24 60 94 25 84 103 46 59 106 83 79 26 69 31 - 58 - 56 116 43 105 47 65 93 59 4 118 101 19 53 56 73 11 44 65 101 52 82 56 41 48 15 82 101 107 35 56 23 115 53 71 56 42 95 60 100 88 7 41 109 115 15 16 106 50 58 17 104 - 28 - 110 54 24 33 114 37 - 0 53 71 118 92 20 10 31 88 46 3 86 113 3 105 97 61 24 19 101 59 74 36 63 102 40 119 42 110 86 25 71 54 7 46 83 98 96 58 83 99 30 1 12 32 - - - 11 40 - 39 56
ch 4 216 15 0 118 e p 115 13 54 72 65 92 0 5 30 67 103 68 21 23 116 - 113 104 11 110 48 77 6 102 67 60 37 48 113 54 106 36 61 52 106 110 32 18 47 112 29 85 103 109 40 68 50 102 8 80 8 93 94 - 109 33 118 105 88 63 23 13 1 62 47 30 88 116 75 31 44 100 95 76 113 47 19 19 114 - 56 116 8 80 97 20 87 45 81 36 19 75 69 89 77 55 33 76 116 97 102 82 - 0 117 43 72 73 71 27 118 86 36 82 113 98 14 39 8 37 30 7 99 117 39 25 - 110 - 24 56 12 17 4 18 116 92 117 92 14 89 77 68 1 21 94 107 48 40 32 105 8 74 33 112 38 29 62 - 101 7 74 78 6 35 - 6 59 88 48 83 116 53 - 48 49 17 - 7 40 - 76 52 43 117 60 12 66 44 13 72 25 31 - 15 - 48 88 41 115 57 78 8 113 - 106 71 95 65 63 8 33 6 - 41 18
ch 4 189 16 0 100 w p 102 50 38 63 59 56 78 55 - 83 75 8 16 18 - 8 80 99 9 - 44 - 58 3 74 10 10 84 11 66 18 110 - 108 10 40 96 117 118 87 108 36 69 116 56 118 98 13 90 0 112 78 51 0 83 78 108 26 119 106 56 114 26 67 17 - 46 - 100 100 68 102 37 21 113 18 2 49 96 85 - 10 114 3 69 38 114 37 66 24 28 83 19 71 95 80 - 63 102 40 50 98 104 - - 14 30 19 34 31 14 119 106 - 69 52 51 57 38 45 51 113 53 77 26 22 0 106 74 84 90 40 5 16 91 61 63 14 93 67 81 61 - 65 68 39 69 42 72 89 42 99 93 117 32 - 12 39 35 79 - 23 9 12 116 84 50 71 26 40 58 103 94 98 - 1 50 87 25 50 49 100 94 70 42 0 12 96 69
ch 4 200 19 25 100 w p 69 71 39 1 - 105 107 25 91 9 32 115 60 - 68 68 20 5 103 - 9 106 29 39 32 14 106 6 110 5 - 86 60 80 70 29 12 99 106 36 29 50 3 - 17 30 94 111 17 117 99 89 - 109 61 13 90 74 80 34 26 77 74 9 73 112 24 63 18 36 84 114 11 119 83 - 50 - 90 37 81 25 83 12 29 28 112 47 69 35 108 70 27 62 62 12 - 58 62 50 52 105 13 38 - 76 4 27 78 54 93 87 94 85 60 59 1 43 91 113 19 48 65 6 51 60 36 63 - 98 48 - - - 83 - 75 70 27 99 102 60 35 56 20 72 22 26 55 109 111 75 61 52 80 12 50 92 72 112 66 44 44 92 105 - - 73 7 84 44 86 3 89 24 50 12 117 39 11 99 5 94 86 1 72 108 86 70 48 67 93 49 - 86 35 63 50 100 -
ch 4 188 15 0 119 e p 99 0 62 - 26 52 96 43 39 97 119 45 34 73 108 116 66 59 19 71 79 94 7 92 18 28 30 96 38 33 82 35 - - 30 34 38 71 75 88 47 72 23 92 52 57 48 14 44 94 39 - 73 83 112 106 9 19 94 - 50 106 119 95 68 53 79 103 109 53 103 102 30 18 31 63 30 91 47 105 100 112 111 119 63 43 103 - 33 59 14 38 50 25 12 18 100 26 81 82 69 71 16 32 60 114 97 98 23 59 17 95 92 77 - 74 49 78 48 36 68 85 38 90 49 47 - 56 55 41 60 48 48 - 105 11 97 17 35 - 84 53 52 60 100 31 100 8 16 108 4 45 87 21 38 28 48 - 41 90 21 91 119 96 112 45 18 - 80 - 86 23 - 117 45 20 44 57 55 23 37 78 102 89 69 103 53 -
ch 4 194 9 0 119 e p 39 80 49 90 5 36 88 25 26 105 34 98 48 104 73 36 13 77 84 62 25 119 101 64 38 39 - 67 114 56 33 73 101 92 18 82 50 99 42 33 - - 116 80 19 29 - 85 26 76 28 66 42 17 54 70 66 69 11 48 46 39 - 84 106 117 12 28 35 50 36 23 21 - 19 70 106 24 43 90 22 48 99 35 11 95 105 91 97 51 119 91 69 22 78 18 88 114 76 60 107 71 107 91 15 93 2 28 26 46 15 71 67 2 80 16 76 - 108 8 11 87 22 51 80 4 97 89 77 73 29 75 113 72 8 112 63 101 87 19 117 105 1 31 62 76 104 83 17 24 20 83 56 38 52 0 13 - 13 86 99 54 63 - 91 5 17 110 109 36 57 57 11 100 62 9 53 118 56 16 40 10 115 39 22 66 43 85 69 94 72 87 60 49
ch 4 185 16 25 100 w p 22 15 4 66 - 17 12 27 77 - 78 98 97 6 - 115 103 31 15 67 87 40 30 12 110 90 19 74 11 98 52 28 87 119 34 38 38 11 106 41 45 32 64 101 92 29 77 99 28 83 31 37 - 25 52 105 85 105 65 102 76 56 63 88 92 6 115 56 4 16 18 102 27 34 118 116 56 15 28 119 75 103 - 67 5 14 24 23 20 61 19 48 4 17 36 108 114 108 - 1 52 28 87 - 30 93 103 90 58 77 75 - 42 76 51 - 28 5 119 23 19 24 103 13 61 - 119 4 66 31 75 21 35 14 49 30 88 2 - 26 - 41 19 25 - 10 74 36 12 29 6 107 116 103 97 83 73 67 56 31 66 77 84 4 90 - 28 55 8 95 12 33 1 108 2 - 112 38 35 61 111 54 85 - 98
ch 4 201 14 0 119 e p - 36 7 90 49 107 - 24 6 8 61 109 - 3 12 58 18 44 71 52 30 81 80 95 1 15 44 72 37 66 83 59 78 21 70 39 105 - 98 85 4 54 6 0 12 52 10 34 54 64 113 104 49 27 3 84 115 95 74 14 28 8 54 9 98 39 16 - 48 77 73 25 94 66 58 57 79 5 - 60 65 86 43 92 74 62 85 84 34 58 55 111 24 97 73 91 - 22 4 34 101 22 67 20 105 58 66 54 - 111 10 57 35 37 118 53 31 34 20 6 48 85 53 25 44 60 31 86 34 49 68 - 69 118 24 6 33 21 51 24 57 38 2 119 68 46 24 99 20 112 49 81 - 25 88 - 115 87 37 - 113 34 19 35 100 35 85 - - 63 86 19 90 117 2 19 119 40 6 47 15 105 109 62 19 3 78 118 2 31 101 28 92 107 77 48 102 84 50 7 71
ch 4 179 15 0 119 e p 39 45 84 85 35 - 53 14 5 1 1 48 56 83 28 16 75 8 115 105 8 41 - 73 20 6 64 15 59 98 116 26 48 - 43 84 76 58 115 117 40 55 92 102 93 113 112 93 22 109 - 3 17 65 85 77 - 44 73 69 67 40 98 27 96 16 104 89 38 - 4 - 7 96 56 106 40 - 79 99 87 81 101 71 33 73 81 119 - - 19 60 - 8 84 117 72 108 51 96 80 92 37 41 13 7 46 86 43 87 102 - 38 58 39 51 42 3 78 8 86 28 61 41 89 24 68 86 53 75 82 83 88 74 6 103 58 41 117 38 103 70 56 42 65 104 14 58 101 102 83 44 0 108 74 40 4 - 95 56 27 107 - 42 29 75 58 - 73 27 47 119 41 15 74 3 86 8 106
ch 4 208 15 0 100 w p 75 45 71 84 92 - 63 11 14 38 78 7 108 84 7 - 95 113 37 97 33 55 45 69 109 4 40 5 10 60 - 63 80 56 14 87 104 52 12 30 88 52 54 76 - 11 - 63 40 - 17 0 63 106 49 52 22 0 44 2 94 17 10 92 81 112 37 51 5 70 46 2 85 18 44 65 25 93 71 76 44 113 9 97 1 11 59 73 62 58 27 107 60 50 28 59 54 94 114 16 3 - 102 38 76 45 58 98 12 63 96 89 6 71 60 47 10 89 59 21 99 106 79 54 10 - 95 95 17 3 21 1 43 83 55 48 26 86 - 69 25 92 113 7 53 19 83 44 81 0 118 23 5 18 70 114 109 93 57 36 103 7 105 51 3 98 13 - 63 - 43 82 71 10 - 7 - 28 27 84 113 11 55 56 53 31 26 100 1 101 2 78 82 101 102 73 11 113 28 - 91 118 109 95 29 70 - 23
ch 4 221 24 0 100 w p 81 7 - 84 - 104 95 102 27 73 12 85 67 45 77 112 - 100 - 10 43 27 44 44 77 95 - 29 57 - 110 56 3 62 21 10 - 48 17 - 17 39 34 9 84 86 51 72 48 65 39 90 - 87 93 64 32 52 25 45 - 13 - 46 94 86 26 10 48 73 77 49 101 64 51 73 76 115 3 73 102 17 27 32 88 3 112 118 98 112 12 70 60 119 44 44 113 103 85 74 86 - 54 7 20 1 15 - 95 12 - 66 91 95 42 80 12 102 17 59 14 62 72 61 81 42 57 106 84 25 23 - 104 70 - 17 77 104 45 113 - 117 47 13 - 7 114 103 95 83 43 0 105 32 53 99 13 26 115 100 97 86 36 30 114 98 98 13 30 18 37 5 89 5 110 55 91 14 102 40 91 64 111 28 59 13 116 - 107 58 45 44 56 - 80 100 24 22 53 68 117 - 11 65 50 - 92 111 51 99 20 116 51 1 85 27 - - 96 68 26
ch 4 177 13 0 100 w p 117 103 115 18 29 10 90 55 110 56 57 11 98 0 107 31 99 81 41 19 109 69 25 62 100 4 39 103 9 67 35 32 101 52 6 35 89 53 15 73 72 103 19 65 56 2 49 35 109 67 8 61 60 47 96 - 14 18 61 54 3 106 13 5 45 103 48 - 113 97 109 54 114 51 68 57 20 83 - 37 5 113 24 35 - 33 1 22 63 58 30 119 107 111 29 45 38 40 - 19 65 20 64 - 2 47 80 58 87 40 62 91 33 119 41 30 46 - 103 109 27 42 29 86 108 - - 94 - 67 - 117 34 50 83 20 84 109 17 44 71 97 89 113 61 8 22 100 63 42 119 64 76 90 13 68 - 90 78 0 117 3 96 18 33 85 72 114 35 21 - 27 47 28 6 65 109
ch 4 171 15 0 119 e p 71 113 19 18 6 48 81 104 119 76 - 111 44 86 45 3 59 43 104 7 102 95 51 93 38 74 24 17 71 109 49 - 91 79 98 4 104 36 12 54 99 - 8 29 - 78 - 14 102 95 64 76 57 89 116 21 31 72 - 75 103 31 15 85 54 114 81 116 96 28 86 49 106 21 96 107 48 104 12 2 104 69 103 51 116 11 - 24 67 35 32 23 47 75 98 101 6 - 89 23 43 87 114 28 14 48 83 21 97 51 81 10 54 26 66 113 31 11 7 0 77 - 98 - 15 109 1 53 41 65 22 49 19 32 52 111 59 22 88 82 86 11 - 68 22 68 113 107 83 11 23 100 53 105 17 52 29 98 - - - 86 97 - 70 92 35 61 46 83 39
ch 4 182 19 0 100 w p - 88 54 104 39 - 43 43 31 14 18 12 113 64 15 15 96 - 64 0 88 110 18 95 - 30 68 83 96 77 12 89 97 56 16 20 27 16 31 11 14 51 33 77 64 19 - 60 77 48 44 - 1 86 57 54 71 18 108 37 104 75 46 91 53 21 50 - 68 103 - 22 67 - 105 108 43 56 58 40 62 75 84 - 24 40 89 15 72 111 14 78 82 6 25 60 96 34 74 50 17 65 55 21 - 65 105 101 12 20 78 47 99 89 49 115 61 0 28 - 22 105 69 117 73 - 42 70 27 6 49 79 90 74 26 - - 95 119 39 80 119 66 - 111 27 86 113 - - 41 86 92 92 - 63 52 6 41 109 118 93 117 101 94 68 86 21 12 14 48 77 79 86 96 1 2 33 114 63 64 31
ch 4 173 14 0 119 e p - 34 25 - 113 88 96 118 - 9 38 31 92 106 - 69 14 67 39 43 68 58 46 41 18 0 28 45 102 44 110 46 - 57 - 3 83 39 107 40 97 119 89 42 25 90 76 84 73 35 109 88 45 92 95 58 97 12 - 107 66 116 62 - 34 55 22 107 32 59 64 51 100 - 82 10 64 67 80 18 93 81 115 58 80 59 57 42 107 119 45 2 57 67 98 70 87 103 15 42 110 - 60 42 112 115 63 95 100 103 97 109 76 95 29 88 47 112 88 92 110 109 67 108 91 49 88 3 1 5 105 57 0 97 - 13 84 104 0 109 108 57 67 116 47 109 88 19 58 83 59 76 60 97 100 - 90 42 17 31 38 105 7 31 87 - 44 19 114 12 47 - 100
ch 4 191 10 25 100 w p 91 56 19 68 29 99 8 63 72 33 54 101 62 33 27 16 3 13 35 86 16 74 57 33 72 24 38 108 - 40 14 87 111 11 32 - 14 100 18 20 65 64 25 2 75 27 103 13 64 65 45 64 111 11 16 8 112 13 7 36 25 64 97 17 58 42 109 110 61 65 26 76 45 45 100 - 95 115 90 116 116 14 111 - 19 55 117 116 58 67 111 103 19 44 69 31 52 68 20 92 32 33 96 101 62 79 90 66 104 73 103 15 23 11 18 - 33 105 9 70 58 31 13 - 110 50 26 119 79 100 44 14 54 87 78 4 57 56 70 112 24 - 99 106 27 81 110 2 11 79 78 19 117 70 - 94 36 61 87 38 54 37 78 37 48 47 108 5 4 79 111 55 31 40 13 52 74 23 20 106 - 57 8 94 72 113 - 52 30 82 79
ch 4 192 13 1 119 e p 103 109 25 - 63 34 41 57 60 73 91 9 - 36 106 98 25 45 24 41 98 90 41 4 11 105 116 101 67 33 93 11 1 35 55 101 118 - - 78 20 106 23 31 88 106 87 - 75 38 99 71 54 80 14 96 116 69 64 - 43 71 52 83 6 78 97 34 108 79 93 66 6 39 9 110 29 20 6 68 17 63 97 - 41 26 65 57 - 33 84 19 48 80 101 99 61 54 6 65 119 102 105 114 98 48 22 108 117 95 83 18 - 87 44 - 102 91 56 112 57 24 70 76 107 32 44 100 101 83 41 19 80 75 91 64 54 26 48 20 29 65 84 - 103 79 65 38 66 100 115 93 13 100 110 33 62 27 113 20 117 65 92 18 31 39 81 103 111 6 68 17 18 - 8 67 26 44 66 117 - 4 1 75 45 113 10 37 117 64 65 109
ch 4 182 13 0 119 e p 28 - 40 7 63 72 42 63 - 50 1 93 15 93 53 - 0 84 4 42 78 6 33 56 20 23 7 75 84 34 108 17 68 71 117 116 111 82 115 20 53 54 42 - 36 11 53 78 61 95 53 58 70 64 30 82 76 56 60 73 71 67 71 59 64 - 95 2 34 60 60 106 10 54 - 95 98 20 73 28 114 20 114 112 60 45 14 45 64 13 - - 55 83 80 96 15 14 14 44 55 78 33 67 37 89 8 78 44 113 72 108 93 111 82 - 12 109 72 106 88 64 9 53 61 9 37 101 69 57 37 73 96 112 40 65 90 10 87 27 50 20 44 118 71 119 - - 44 94 41 109 37 53 - 114 58 91 17 98 59 98 92 60 94 17 8 90 - 10 18 94 80 5 56 101 118 4 11 94 106 119
ch 4 213 20 0 100 w p 34 116 79 - 34 22 45 30 83 12 115 49 1 105 116 38 - 87 44 28 27 19 - 80 - 98 112 24 58 100 36 118 69 105 37 88 82 59 59 32 38 - - 6 72 109 41 23 78 35 53 93 94 30 82 64 107 92 44 64 66 114 - 45 61 2 76 80 - 35 - 83 113 92 34 33 55 - 7 99 47 118 1 40 - 31 31 72 70 12 93 117 78 8 63 35 7 88 68 73 90 84 95 102 - 53 45 59 55 99 78 94 38 41 49 62 52 77 51 67 - 7 76 74 - 45 52 62 4 103 60 40 40 - 104 7 23 48 94 16 30 69 - 0 69 37 61 104 28 100 9 28 82 111 103 105 42 9 102 48 75 64 27 63 65 77 - 79 96 24 114 83 52 30 62 21 36 18 58 69 38 82 107 77 43 22 22 76 66 48 31 - - 25 57 107 46 53 53 116 63 30 118 - 101 23 12 95 91 22 99 18 65
ch 4 217 14 0 119 e p 83 - 61 97 101 107 43 - 93 107 111 80 105 40 110 55 41 - - 106 0 12 26 35 63 75 92 109 19 49 45 101 106 15 76 47 84 24 66 48 2 67 117 83 5 24 20 92 89 8 93 82 30 63 113 119 40 51 60 64 82 76 17 11 29 83 59 110 52 93 38 97 86 27 27 14 10 59 73 - 98 - 39 102 48 63 2 107 - 106 66 81 109 - 65 41 86 15 45 73 24 58 78 - 29 38 73 58 32 34 17 44 83 49 17 24 105 43 67 49 28 - 90 72 12 102 115 12 115 93 65 106 116 53 98 119 31 106 78 64 6 57 0 90 77 24 112 46 31 117 76 96 110 101 - 106 87 16 69 44 101 32 23 74 27 41 52 36 99 45 25 62 8 105 97 69 52 43 84 84 16 106 106 119 37 45 18 9 46 - 119 11 7 - 24 101 94 21 28 67 98 33 - 39 33 41 4 36 103 73 48 111 94 114 49 65 93
ch 4 181 12 0 100 w p 45 22 93 31 30 53 - 99 102 59 27 109 91 101 37 0 79 2 46 83 2 102 116 15 12 99 8 81 26 16 21 69 75 19 45 43 101 54 111 69 14 - 50 7 88 77 46 43 8 59 111 - 32 8 38 64 4 10 14 27 103 95 50 73 88 3 45 27 16 77 104 89 3 78 53 80 42 69 63 54 2 8 108 94 60 8 49 57 4 40 45 56 74 68 72 96 109 - 95 106 41 7 106 112 38 36 14 26 119 37 7 64 66 86 81 78 49 39 86 49 19 101 19 18 60 86 110 98 34 61 5 - 56 117 81 30 81 - 80 9 18 1 17 - 71 101 9 15 26 94 1 42 45 114 109 111 93 - 22 55 71 - 107 20 114 49 34 70 118 103 53 - 61 117 97 54 43 - 32 66 -
ch 4 180 15 2 119 e p 86 - 67 36 12 18 - 34 63 16 46 117 98 39 111 103 119 68 63 2 98 - 24 7 112 48 - - 75 61 111 - - 48 97 111 93 24 56 66 95 32 24 70 73 100 30 28 44 51 37 60 21 57 - 107 61 - 76 55 113 43 112 38 78 63 61 85 10 71 114 50 88 89 55 98 92 29 37 85 33 46 - 12 - 105 59 112 68 6 42 43 64 51 38 6 48 7 42 81 46 46 55 76 117 6 94 118 46 116 110 46 115 65 4 - 101 53 48 37 67 75 106 38 - 60 60 109 23 24 59 107 117 30 15 82 - 106 91 93 66 40 76 102 14 86 87 75 24 22 93 72 84 7 20 29 92 47 113 63 30 4 104 87 29 25 41 107 104 86 66 77 43 73 23 69 69 22 50 -
ch 4 221 20 0 119 e p - 92 74 - 41 17 60 74 26 27 50 108 85 61 21 5 34 39 20 99 74 69 55 75 46 101 49 71 90 41 86 29 81 - 16 44 29 6 56 - 68 52 74 116 84 71 18 67 39 52 36 1 21 113 98 44 70 101 96 63 42 35 - 72 31 25 99 - - 19 19 - 15 1 71 47 94 45 88 - 50 15 42 107 74 3 32 112 94 - 46 118 7 23 66 - 70 89 43 - 103 91 5 2 53 117 61 34 70 88 118 90 118 99 65 8 103 69 100 - 8 55 104 88 1 66 49 23 68 55 76 4 - 114 109 97 59 56 43 19 78 116 71 62 47 76 27 107 112 31 112 57 88 - 109 - 109 60 26 116 109 106 46 44 19 41 109 36 - 58 42 - 18 119 24 75 106 99 107 22 76 77 77 - 63 8 99 105 55 47 68 81 13 0 101 105 9 - 65 16 92 25 76 109 116 84 48 7 7 96 89 74 11 41 21 87 67 10 84 77 21
ch 4 172 19 0 119 e p 68 59 98 47 2 70 88 84 - 69 41 14 59 17 16 63 16 - 21 91 10 5 19 42 104 31 31 64 104 102 91 81 - 40 7 112 50 107 16 6 117 24 117 113 92 32 - 11 39 48 112 114 78 91 119 - 109 102 2 - 37 58 - 42 103 48 25 15 103 35 73 40 - 91 7 - 73 62 70 38 89 53 108 61 2 55 49 98 21 - - 75 - 0 - - 99 115 13 7 3 62 - 22 75 110 66 114 32 38 108 58 56 105 13 69 102 44 63 - 54 95 27 78 27 54 47 64 106 116 45 27 - 75 92 47 0 21 64 57 26 33 - 9 40 112 83 40 50 100 69 7 60 99 57 103 75 - 0 54 118 31 58 67 12 70 44 75 99 8 114 99
ch 4 190 18 25 100 w p 90 86 3 39 12 69 70 104 105 15 11 98 33 104 - 20 19 58 21 114 101 11 70 55 74 44 - 115 43 39 85 60 83 20 100 - 8 113 105 - 36 44 27 64 96 78 49 100 33 115 119 70 8 113 106 37 45 57 16 - 5 57 - 35 7 114 - 80 - 100 106 92 2 114 39 58 112 108 104 - 86 - 4 111 32 52 25 107 111 8 71 22 119 42 53 118 19 49 101 20 39 62 71 77 67 41 55 47 66 70 47 63 87 86 46 16 77 2 30 26 31 115 - 5 30 - 43 52 - 96 16 63 80 - 71 95 111 48 - 27 20 26 24 - 98 99 52 83 54 99 85 117 53 119 27 53 3 48 118 12 117 118 99 69 41 49 55 110 79 2 103 35 62 10 19 48 26 20 4 36 106 93 95 - 70 57 66 - 79 32
ch 4 227 13 25 100 w p 35 114 28 68 - 42 31 76 49 62 86 1 79 1 - 118 49 97 102 - 20 65 101 54 79 - 91 89 108 13 113 30 110 35 84 44 28 111 43 8 47 46 76 91 11 56 54 46 16 7 3 73 109 104 26 3 61 109 42 74 - 80 86 34 42 32 60 17 103 1 102 10 49 59 9 21 - 108 28 70 41 90 20 84 6 46 38 71 116 44 - 87 29 101 31 88 115 103 - 73 109 65 89 33 93 100 101 80 111 103 2 27 115 87 105 63 - 50 27 39 119 118 101 24 31 91 73 79 86 39 67 24 - - 70 74 11 73 60 112 22 49 4 89 97 32 105 96 73 11 84 59 2 65 109 80 47 91 103 1 98 37 - 13 30 58 57 71 99 48 43 59 29 14 80 101 19 24 96 19 70 32 35 56 32 25 16 73 36 78 6 29 76 117 97 80 37 111 29 22 79 63 75 20 113 59 69 5 78 - 48 113 14 43 60 117 26 19 19 72 95 103 109 85 112 59 110
ch 4 189 16 0 118 e p 8 59 72 49 13 89 61 75 98 - 74 1 78 74 45 7 14 3 84 73 23 48 12 - 10 76 118 98 117 3 21 19 43 85 12 67 62 98 99 10 32 39 51 1 90 84 38 29 36 81 80 72 20 43 13 6 103 5 11 32 95 10 6 - 75 88 71 38 42 13 55 - - 99 25 99 78 103 117 4 40 68 0 87 25 64 100 46 19 112 54 55 73 51 100 63 37 - 53 63 98 27 35 22 110 17 61 102 54 - 91 20 96 1 55 78 82 79 12 - - 112 98 64 44 98 18 23 16 113 27 43 82 - - 108 33 14 75 24 52 40 4 - 72 87 102 98 6 116 - 94 90 2 64 25 28 - 113 52 3 71 64 73 80 104 2 0 68 69 86 24 - 81 36 - 103 30 102 97 18 112 62 39 9 63 81 19 68
ch 4 176 12 0 119 e p 22 92 74 7 111 - 34 62 69 110 14 66 65 3 109 66 31 62 70 103 18 71 9 63 64 42 58 24 19 117 - - 34 20 2 33 - 107 76 54 47 45 61 94 2 41 21 36 - 28 55 33 36 81 53 51 51 113 36 23 - 84 22 119 73 80 76 119 76 75 118 61 67 24 3 103 93 21 - 113 6 61 15 72 69 20 26 22 103 71 28 22 77 54 22 16 4 0 44 113 24 13 104 72 23 47 94 43 36 48 87 14 22 109 17 9 2 63 11 20 - 70 - 66 29 108 112 109 9 20 18 28 91 44 99 110 26 69 39 12 109 58 47 1 55 18 51 78 76 110 119 - 67 54 35 - 73 93 117 71 77 16 54 27 87 14 88 9 30 66 12 - 108 44 71 100
ch 4 192 15 0 100 w p 77 14 - 76 16 4 0 45 101 77 73 - 98 81 49 73 31 84 118 104 28 84 76 92 111 101 64 40 38 39 38 31 2 70 82 - 87 102 21 32 57 0 45 - 45 67 52 39 20 117 52 86 53 106 8 21 37 - 55 21 16 66 - 8 111 107 94 111 82 118 - 48 18 59 117 2 98 - 28 25 104 12 95 34 13 98 99 47 80 88 67 30 24 102 23 - 60 86 49 24 30 90 119 1 99 62 13 28 63 72 29 26 66 25 63 0 63 20 103 63 108 71 36 24 71 103 36 67 52 88 14 57 69 118 19 77 15 75 8 52 110 - 98 101 31 75 25 101 111 74 5 2 56 - 103 16 94 88 62 6 84 32 - 110 10 97 24 - 84 65 93 - 56 30 0 23 0 68 19 78 25 103 - 80 73 34 70 10 60 117 71 44
ch 4 176 12 25 100 w p 70 1 109 - 102 46 51 37 74 58 18 27 79 42 47 35 66 31 109 51 118 28 114 111 115 84 63 35 93 38 85 110 101 - 72 - 7 55 77 17 18 4 - 42 69 24 3 114 - 78 36 61 21 11 2 57 54 15 31 117 60 97 34 85 42 76 117 2 67 25 2 14 107 43 9 86 110 22 53 81 47 58 - 36 - - 98 103 111 118 15 94 49 16 111 31 91 33 7 56 96 30 116 116 32 89 25 66 33 22 47 - 47 87 45 102 94 21 67 94 26 115 - 90 99 79 26 7 109 46 90 59 118 87 57 37 2 59 42 10 62 49 88 29 105 75 79 - 53 84 25 26 72 79 71 119 20 96 66 110 112 91 23 6 10 97 105 30 54 - 82 30 83 81 88 2
ch 4 189 11 0 119 e p 41 21 10 58 82 58 111 13 74 9 24 75 24 119 1 - 9 38 93 - 66 76 16 101 48 16 44 119 67 0 - 106 0 66 61 58 84 77 57 118 - 108 20 38 79 81 4 103 40 81 119 12 62 - 46 60 7 41 107 111 117 2 75 103 33 61 23 60 71 102 4 108 74 76 61 43 109 53 61 42 115 111 101 29 43 66 18 24 22 90 69 13 50 8 1 41 61 119 - 60 92 - 76 80 5 100 89 92 119 76 35 112 - 62 49 87 87 56 105 118 26 12 108 19 5 75 41 55 68 29 65 45 40 86 0 104 17 28 56 25 14 89 47 74 43 62 108 48 64 13 67 96 25 4 17 110 80 32 117 88 7 2 13 92 62 56 108 79 48 103 93 61 - 31 91 29 18 - 71 57 110 8 - 90 117 51 10 81 115
ch 4 227 11 0 119 e p 54 90 91 74 102 46 59 66 52 114 - 57 76 112 75 10 112 106 - 38 116 42 37 73 106 99 100 60 71 70 2 3 32 24 78 8 34 89 12 17 - 101 111 59 18 28 59 24 112 87 86 24 0 116 89 110 114 11 52 74 22 48 19 8 6 4 46 41 30 89 - 6 76 49 58 20 73 41 65 61 42 73 67 83 59 51 69 49 88 87 85 102 79 55 8 1 107 12 - 62 71 90 30 9 39 54 - 105 3 97 14 67 42 11 5 - 15 4 29 90 5 50 112 99 88 90 58 - 109 108 36 71 30 56 46 22 44 51 99 85 39 34 65 67 110 49 18 105 78 107 90 20 75 13 56 104 19 89 68 72 81 - - 88 41 5 86 108 87 16 72 13 76 79 51 85 112 85 47 118 52 25 36 115 - 0 26 107 32 93 52 13 77 117 119 112 117 1 71 95 109 96 104 20 13 26 9 49 87 49 73 100 108 94 4 62 43 20 71 30 61 59 36 26 99 105 2
ch 4 186 15 1 118 e p 39 17 104 - 114 8 62 31 105 101 - 79 72 81 9 101 116 101 54 85 - 19 115 98 - 19 108 60 15 23 106 39 21 90 96 88 48 65 51 34 109 32 29 73 67 63 85 99 - 99 14 48 36 85 3 99 2 114 90 65 1 58 - 42 94 14 91 60 118 83 21 100 58 38 63 96 84 22 57 - 81 25 97 - 39 114 48 1 29 98 80 45 11 69 26 87 74 63 - 11 36 12 106 31 11 92 11 42 64 28 6 47 65 2 109 13 88 101 57 81 17 84 71 15 23 70 54 13 - - 113 68 87 95 79 103 47 83 89 - 4 46 32 4 35 102 83 42 71 117 21 - 30 52 88 107 68 - 2 87 56 74 13 85 57 102 12 65 74 43 2 74 19 60 53 52 99 25 35 104 79 96 88 92 - 37
ch 4 187 15 0 100 w p 24 62 104 108 14 110 58 45 91 31 29 90 10 118 60 81 36 117 84 16 20 85 47 60 93 105 62 13 98 - 8 83 75 0 65 103 9 54 9 39 96 88 8 11 99 113 90 1 47 - 12 47 55 111 70 106 30 38 2 39 72 113 81 92 40 52 47 29 - 116 47 54 103 85 42 20 87 1 19 119 - - 98 68 10 71 57 56 87 6 99 30 28 15 97 17 - 7 103 85 63 7 14 - 46 79 80 82 11 78 12 67 62 34 41 14 48 106 - 80 8 115 80 86 - 108 38 111 76 68 49 107 81 105 - 6 68 25 61 17 7 62 64 60 105 71 43 - 50 96 37 95 - - 67 24 75 30 - 101 11 31 77 95 112 93 30 76 34 119 94 63 18 3 69 57 25 70 113 89 2 - 116 9 84 29 114
ch 4 225 15 0 100 w p 98 88 93 107 51 63 80 94 55 86 4 87 21 45 85 56 115 12 100 80 98 18 20 81 77 12 55 42 64 71 104 44 - 99 95 19 99 105 65 21 97 77 99 85 75 77 98 69 107 56 69 64 53 - 53 80 49 - 5 48 89 105 78 19 16 81 91 73 43 57 6 100 23 25 72 54 18 115 51 25 38 105 30 41 29 2 110 13 23 54 62 26 34 90 109 106 56 - 47 14 76 31 - - 13 - 61 17 43 96 20 84 88 117 51 81 85 52 36 42 43 106 - 106 2 25 111 97 113 77 85 1 92 23 - 88 20 37 21 86 52 42 56 63 52 38 76 26 39 117 117 49 37 45 9 95 33 88 21 105 42 - 20 24 51 18 69 19 105 12 89 64 4 116 23 71 50 33 86 5 103 28 - 63 73 111 98 60 0 93 - 102 49 44 83 1 73 91 77 76 72 61 60 3 103 93 6 61 31 - - 80 2 73 9 63 27 - 97 66 118 30 54 71 112
ch 4 183 14 0 100 w p 61 86 112 59 59 39 28 18 104 61 21 112 - 80 70 35 - 115 - - 68 20 67 44 43 112 17 106 25 18 59 26 77 112 72 85 33 62 3 112 115 15 61 60 47 103 116 114 117 14 107 - 65 94 104 83 57 49 65 79 49 75 27 100 84 19 73 112 54 46 5 102 52 28 53 - 7 4 74 56 51 5 101 88 114 23 99 66 68 - 88 51 66 - 63 87 74 82 56 7 32 79 76 27 93 59 - 5 70 33 75 47 54 40 90 107 114 40 40 - 69 58 5 6 51 17 105 59 32 56 - 15 24 119 49 40 - 22 54 45 82 103 11 33 72 76 30 45 43 0 74 88 87 - 75 27 117 30 - 95 35 78 36 39 2 94 102 96 64 29 112 13 21 32 112 86 77 14 62 113 6 40 95
ch 4 192 15 25 100 w p 44 101 80 76 65 50 - 116 54 76 - 115 43 73 76 53 - 114 21 43 95 21 84 43 103 - 115 68 13 98 58 4 72 45 98 86 102 85 - 29 - 5 102 87 21 113 66 55 35 88 68 9 79 42 31 58 1 96 61 51 63 - 47 38 6 72 65 79 99 44 77 117 23 114 1 26 68 72 77 101 116 114 42 12 80 80 52 6 81 82 20 51 109 48 76 82 8 5 43 94 - 8 103 119 36 46 39 116 39 12 33 - 47 76 101 14 47 7 118 - 15 108 81 104 53 62 74 1 96 72 111 38 51 79 88 111 - 80 - 94 10 56 4 10 20 38 75 111 92 11 17 - 105 37 4 40 82 11 89 1 - 32 35 105 113 95 9 62 67 39 54 119 102 - 37 37 115 44 34 6 107 112 66 80 113 81 45 60 52 97 28 76
ch 4 218 19 0 100 w p 99 47 97 61 32 55 83 12 46 37 40 75 33 20 34 96 3 84 99 81 115 23 114 42 - 1 97 37 64 31 34 - 12 23 118 116 51 38 1 71 - 93 46 49 113 2 63 65 84 40 - - 46 50 51 77 64 104 - 62 68 119 97 31 96 103 68 47 78 42 - 21 74 16 - 58 17 - 72 - 34 80 66 114 64 39 43 20 118 53 62 111 111 112 17 94 78 108 63 87 95 68 49 52 59 44 77 76 116 4 77 1 52 74 22 96 51 18 114 24 - 34 - 107 106 75 5 37 112 46 108 67 21 2 68 50 70 32 26 67 45 5 84 104 86 28 64 82 71 31 7 99 68 98 - - 12 89 53 65 4 62 80 27 6 4 19 25 113 95 37 7 104 73 - 44 - 4 29 62 9 112 49 109 119 26 95 24 45 87 105 77 10 73 6 4 99 80 77 31 44 9 95 - 62 71 7 11 86 - - 39 31 60 23 0 114 64
ch 4 174 17 2 119 e p 85 103 39 97 - 11 119 83 12 119 - 64 - 50 69 86 51 62 47 30 69 51 112 32 12 21 84 99 107 - 41 - - 112 - 23 73 5 110 83 - 25 43 94 104 111 81 85 77 114 17 52 - 89 12 102 113 70 94 65 61 55 34 36 76 39 39 31 32 11 22 42 22 29 24 3 - 86 61 108 94 - 105 2 9 79 - 5 16 101 97 66 - 92 73 57 18 - 77 16 50 93 78 33 72 78 24 33 90 113 114 115 81 115 90 54 23 116 51 5 65 24 97 29 - 114 45 42 21 107 64 28 72 53 60 44 40 56 71 2 6 53 57 100 111 - 90 2 63 119 39 42 19 18 114 35 109 99 110 56 10 112 24 43 116 115 74 78 40 30 9 3 - 72
ch 4 219 17 0 119 e p 99 20 4 76 3 38 59 40 23 94 88 67 38 37 70 28 12 3 21 69 116 119 91 50 65 25 108 4 27 42 52 90 103 45 92 79 52 86 61 77 84 39 64 23 85 116 72 41 46 56 69 114 20 64 46 13 118 70 106 91 10 54 - 48 105 58 65 115 31 26 46 66 79 17 21 102 97 - 0 113 - 100 118 37 13 8 75 75 - 15 46 88 24 50 94 22 118 88 55 33 21 14 54 3 33 84 1 64 31 109 95 7 119 31 5 58 112 84 85 49 13 75 45 94 - 83 - 118 92 23 29 36 27 - 40 114 42 70 75 16 42 48 24 105 39 64 36 91 75 64 104 86 78 91 109 104 - 6 10 88 64 0 109 15 58 2 0 113 - 43 - - 44 - 86 1 59 70 49 34 15 - 58 - 103 14 40 - 37 7 - 41 78 91 85 109 19 70 114 82 85 87 71 23 93 30 34 - 51 50 14 77 43 11 102 16 112 20 80
ch 4 212 13 0 119 e p 119 68 54 13 85 105 111 85 19 - 70 54 74 - - 60 22 - - 38 95 98 9 30 114 88 53 109 31 83 5 53 97 55 11 72 45 2 56 53 11 95 102 20 18 41 22 108 0 91 10 25 95 40 50 102 - 110 41 85 94 76 56 118 2 111 66 35 21 73 83 44 65 117 17 83 17 112 41 108 79 75 61 118 23 88 - 39 23 45 64 26 110 90 16 59 21 72 51 52 89 110 114 32 6 41 - 100 98 107 97 93 109 98 10 64 21 77 - 107 9 27 37 - 37 77 47 102 55 54 103 35 109 2 3 66 78 22 53 80 53 76 104 115 63 3 32 87 - 78 1 82 73 84 17 34 116 89 90 59 61 115 17 54 35 24 115 61 69 61 74 21 115 30 113 72 93 65 76 3 55 113 88 47 81 110 56 69 116 91 98 13 54 7 51 16 0 20 107 15 61 64 - 2 0 13 66 21 103 - 67 68
ch 4 220 12 0 100 w p 56 81 40 109 107 87 19 27 15 32 32 - - 32 20 66 107 59 30 33 104 5 8 12 94 39 - 18 24 64 12 - 104 74 117 85 85 114 43 - 71 102 114 9 38 60 16 94 31 1 89 107 71 58 5 88 73 79 41 118 114 41 16 36 102 79 - 57 60 104 44 4 7 103 109 99 10 35 1 111 10 6 118 45 74 97 76 90 20 42 111 111 46 34 53 - 51 73 58 29 89 42 74 25 48 59 113 44 77 14 67 23 86 42 66 54 106 81 43 96 33 21 91 31 97 36 20 48 24 38 118 113 72 71 26 106 109 34 105 22 111 24 118 7 82 68 115 91 28 19 - 82 53 67 1 30 45 111 61 100 20 93 53 10 47 - 58 44 115 27 50 16 3 18 56 100 80 94 72 21 85 - 115 86 0 72 49 52 3 - 110 60 60 73 31 33 91 65 106 101 71 45 74 7 10 117 74 86 117 16 64 93 116 49 2 9 108 70 88 -
ch 4 196 15 0 100 w p 102 27 28 76 56 117 10 13 - 62 17 114 62 100 17 22 43 102 82 63 30 20 101 81 115 39 3 27 54 35 53 37 51 106 4 115 99 5 77 112 96 105 34 112 82 82 0 20 30 54 68 77 19 78 108 - - 66 1 108 23 91 - 30 25 84 27 59 118 30 49 45 36 95 44 - 20 103 29 73 107 87 99 101 30 23 1 111 84 67 47 0 15 59 - 78 91 11 66 84 - 49 108 111 74 80 - 28 19 18 107 41 32 119 75 47 118 14 - 55 74 50 32 88 33 14 20 48 39 33 36 38 91 106 15 115 66 103 112 4 44 - 45 20 - 115 113 86 81 4 74 13 8 82 82 - 86 94 97 66 91 115 90 60 92 77 119 19 29 115 6 79 7 23 70 40 13 41 80 60 70 78 72 45 47 - 117 14 39 - - 0 100 12 23 89
ch 4 199 13 0 100 w p 116 43 48 29 30 76 8 51 67 56 51 74 41 56 - 0 24 90 14 87 27 62 60 67 29 65 30 53 29 102 48 1 44 104 18 92 76 60 57 4 26 107 69 6 - 19 24 53 111 103 68 41 5 18 119 42 113 77 22 46 6 32 47 62 42 7 100 - 0 34 7 45 104 - 102 20 108 69 92 49 111 - - 69 23 50 3 100 82 72 110 107 72 100 50 - - 7 87 14 117 16 95 29 66 67 - 89 112 100 20 96 20 41 64 13 - 54 113 36 15 17 94 109 58 79 48 53 49 105 27 118 26 7 96 98 109 - 25 90 111 61 12 56 105 114 22 57 35 19 48 61 52 - 64 20 14 5 50 2 65 64 38 34 82 93 87 83 81 99 113 91 9 84 98 64 - 33 42 65 73 39 106 79 79 30 22 39 92 118 104 80 31 28 32 89 100 16 36
ch 4 228 10 0 100 w p 117 21 58 105 88 60 7 43 93 - 34 70 9 92 14 61 44 41 50 3 68 79 64 78 113 101 21 29 58 61 54 26 83 19 82 16 118 79 48 48 - 73 - 50 66 50 27 108 40 6 3 - 82 35 96 108 45 106 12 41 43 35 20 60 99 74 5 86 113 33 59 62 97 102 - 11 71 30 76 12 33 - 71 57 89 104 85 27 - 81 57 60 89 29 16 116 79 43 74 109 23 46 24 1 89 104 80 37 10 57 39 12 0 52 2 41 10 38 33 69 95 108 45 104 15 22 17 70 11 63 4 1 102 117 97 22 - 66 107 45 32 40 27 80 72 22 15 54 68 102 0 54 28 111 81 69 58 39 57 107 47 - 18 43 84 66 107 104 59 55 20 - 46 11 76 10 29 40 17 109 103 40 69 98 91 69 91 79 77 46 6 112 100 73 8 110 31 97 19 110 107 67 30 28 112 38 80 2 15 12 116 46 59 112 102 80 50 54 30 30 115 20 107 6 109 60 78 69
ch 4 202 13 0 100 w p 56 116 84 110 54 111 3 78 92 12 113 - 117 87 57 84 - 91 81 79 47 62 104 78 45 1 48 71 - 112 41 4 95 42 28 25 70 34 86 21 105 - 73 8 33 70 47 81 71 56 64 80 65 40 6 53 83 100 86 100 71 70 50 12 117 109 22 17 100 48 7 111 95 83 - 73 84 22 73 96 - 16 117 - 50 33 55 34 108 69 115 13 - 21 59 72 42 74 0 27 71 36 90 26 21 50 85 38 9 83 0 14 5 - 89 51 66 38 54 21 17 18 86 42 39 18 75 76 58 65 26 10 87 104 111 9 53 93 103 46 20 113 46 19 51 - 43 77 0 - 66 86 16 95 62 13 66 110 18 95 34 92 81 59 10 28 115 65 19 115 10 74 92 103 32 54 13 1 0 23 60 77 - 58 87 115 10 25 78 32 47 25 - 85 29 99 21 28 31 9 57 52
ch 4 222 11 0 100 w p 117 78 34 55 24 91 71 74 57 47 84 119 102 98 59 106 112 83 55 26 72 29 89 17 0 96 18 91 7 0 56 25 13 116 63 106 21 21 46 15 78 - 7 41 98 6 118 70 19 27 - 68 - 10 118 108 - 79 39 9 37 43 112 42 45 32 - 106 42 6 88 58 112 11 45 17 56 98 52 70 15 16 53 56 94 93 81 70 51 - 110 47 114 15 103 56 27 75 39 82 82 56 4 41 59 65 32 42 104 - 75 53 66 104 56 33 55 17 71 91 66 - 15 48 22 - 65 110 17 80 69 59 3 52 74 115 93 18 64 104 82 91 18 5 59 16 90 8 119 85 107 108 91 119 49 70 102 117 94 86 101 27 48 24 38 113 81 69 80 95 50 54 2 50 - 10 116 45 90 56 82 32 75 96 109 80 79 47 17 38 25 87 109 67 36 30 19 0 39 90 64 27 116 94 91 91 98 18 69 - 97 107 67 16 53 15 61 81 65 32 101 74
ch 4 211 13 0 119 e p 58 111 64 110 82 2 94 78 14 90 - - 78 46 50 76 111 104 19 23 99 84 21 56 107 84 78 31 53 27 - 97 41 13 27 20 32 10 56 80 - 43 19 19 5 58 6 119 115 116 - 90 32 92 - 113 73 30 77 114 62 1 92 39 108 - 81 6 38 67 4 102 97 0 39 3 65 13 113 89 15 113 8 29 31 56 - 33 35 4 28 - 102 105 14 14 59 117 64 24 36 10 66 99 35 - 102 24 - 70 89 105 68 98 89 20 26 112 63 56 103 2 86 108 6 79 52 67 86 38 47 16 82 31 2 11 114 69 90 73 70 98 29 20 55 117 21 84 2 30 63 7 76 92 119 23 45 58 11 85 34 81 49 0 100 88 3 88 13 84 47 91 66 22 78 45 40 48 73 94 95 88 2 76 17 71 107 37 43 - 84 21 103 77 80 20 - 82 113 47 64 105 8 72 32 5 106 30 105 22 3
ch 4 226 18 0 119 e p 12 34 32 71 12 89 42 27 66 - 2 111 8 50 25 90 - 19 95 79 41 55 51 24 3 77 101 - 13 34 109 74 48 25 14 21 - 119 13 44 6 38 106 69 98 54 10 85 38 - 19 85 17 114 109 36 62 13 78 67 99 64 52 9 74 110 87 45 22 66 45 42 49 64 98 34 59 68 113 68 106 31 78 85 78 49 12 65 34 49 12 30 2 43 47 61 90 111 - 45 0 71 86 104 71 84 30 41 42 115 28 42 84 10 27 113 116 16 35 1 7 98 58 60 10 83 51 116 72 70 60 65 81 13 86 28 - 46 - 98 - - - 72 79 - 30 14 - 65 33 61 6 37 - 27 90 105 10 89 92 17 24 72 9 - - 9 111 113 96 96 9 92 77 74 4 47 88 87 104 97 119 88 99 98 20 118 83 100 - 110 75 106 33 97 117 - 27 31 56 4 15 72 117 0 60 115 38 118 17 18 39 29 65 119 31 53 52 30 22 110 28 102 116 10
ch 4 173 13 2 118 e p - 60 79 42 96 94 83 - 116 76 5 110 90 97 59 85 99 95 27 73 103 9 - 14 94 33 15 5 12 30 19 - 13 25 92 48 20 57 67 71 12 4 97 115 59 - 85 107 97 115 67 13 98 62 106 34 82 4 35 21 - 63 94 34 104 89 27 46 - 62 20 - 76 30 3 16 15 50 24 75 110 101 24 26 35 89 38 97 84 29 111 105 - 26 72 47 88 51 70 50 12 103 8 40 98 47 98 72 88 6 3 33 44 57 - 93 44 100 109 104 60 73 88 10 75 35 76 57 6 13 2 103 54 14 59 65 73 38 9 - 106 - 33 9 118 55 43 92 95 92 19 14 38 77 45 74 56 8 105 7 41 104 92 66 111 77 29 70 - 98 95 98 56
ch 4 182 9 25 100 w p 76 66 31 77 56 75 118 64 - 34 95 96 52 118 85 58 42 24 86 84 80 99 105 85 44 70 3 69 50 46 53 24 45 4 - 43 115 95 65 98 107 45 56 32 8 55 116 37 35 57 50 - 17 12 79 57 6 37 21 95 33 - 14 15 56 80 71 57 12 55 106 91 78 73 43 89 53 - - 41 74 76 110 110 62 98 3 86 4 49 42 29 104 94 13 11 59 5 50 13 51 9 110 114 15 76 89 75 40 51 - 8 40 50 11 97 118 31 67 34 85 84 105 1 68 28 14 33 54 29 80 92 27 105 52 64 58 51 43 37 36 62 102 119 94 27 2 89 11 53 3 114 64 36 86 61 55 - 52 106 18 79 51 27 106 55 110 58 24 74 72 18 - 68 106 45 27 114 5 98 32 90
ch 4 200 9 0 119 e p 85 83 110 26 62 51 - 93 66 27 72 - 26 43 56 60 103 56 - 77 110 106 118 75 95 110 110 63 113 49 85 47 66 11 0 115 66 - 73 79 13 80 30 10 114 100 53 119 57 41 57 47 109 51 38 52 90 44 82 52 46 111 94 73 41 62 6 51 51 62 48 90 117 17 14 85 89 52 80 67 22 75 90 107 9 92 48 101 83 88 114 113 15 52 30 40 83 13 75 23 64 61 - 112 - 46 22 24 63 61 100 54 115 88 83 12 24 11 4 91 109 53 79 95 84 24 27 42 63 - 90 55 38 117 20 74 77 58 100 111 9 50 19 73 107 118 114 44 106 26 26 - 47 114 98 8 91 117 88 85 - 47 76 61 66 77 111 2 56 7 107 96 3 104 5 45 4 24 27 41 62 63 72 78 46 37 82 13 44 10 56 43 67 110 25 46 7 29 61 69
ch 4 181 17 0 100 w p 14 66 107 36 10 3 42 72 111 45 - 66 117 118 87 72 91 29 71 39 113 65 97 57 54 89 39 83 57 - 34 115 114 58 75 - 49 - - 95 - - 24 87 101 61 109 115 83 69 108 34 91 45 66 106 100 37 112 117 65 12 48 79 27 70 27 8 60 82 60 - 54 27 67 80 22 17 91 15 56 35 104 83 7 73 42 17 86 63 109 98 113 44 4 105 68 62 64 - 87 33 - 6 - - 83 2 111 117 12 70 63 77 - 26 90 - 26 99 112 86 95 7 7 105 84 64 59 98 99 88 63 33 10 118 - 112 51 119 70 85 90 51 57 48 34 3 - 32 0 68 0 3 107 49 88 15 79 31 78 16 76 56 - 8 12 31 77 107 91 82 23 17 101 100 31 56 64 105 81
ch 4 201 16 0 119 e p 66 59 79 105 31 48 25 - 49 34 61 87 35 37 116 39 62 - 38 72 75 14 118 86 32 111 73 118 96 69 80 5 71 110 101 60 3 84 27 87 3 64 77 23 75 64 111 97 84 46 61 97 21 - 16 117 23 93 24 55 47 - 31 99 0 33 70 32 44 21 50 - - 5 119 - 2 102 32 115 - 119 87 5 68 29 81 110 115 1 12 69 117 86 91 39 26 85 99 34 9 23 - 61 62 35 61 88 115 80 100 96 26 61 66 107 112 116 48 107 26 103 58 95 30 74 86 1 35 71 - 78 62 110 83 14 90 9 108 102 105 72 11 63 18 75 114 18 22 4 55 68 103 34 67 53 21 100 87 - 106 34 111 84 68 21 93 11 27 - 23 84 11 20 - - 18 50 110 12 103 118 37 56 78 11 71 114 74 - 56 - 56 106 49 113 20 6 5 113 33
ch 4 217 24 0 119 e p 105 - 42 110 - - 24 - 99 77 108 - 114 84 53 36 8 90 12 7 8 77 53 103 61 46 1 9 100 48 19 29 61 36 23 32 112 - 38 89 104 11 32 2 23 51 116 14 40 66 - 18 11 83 - 93 83 42 63 31 64 73 104 94 41 106 99 56 119 96 13 - 10 91 106 19 84 31 53 95 113 101 107 87 111 96 111 119 66 113 74 70 43 44 47 88 95 98 44 - 43 85 36 90 113 109 35 - 94 42 81 30 96 91 77 22 99 41 35 20 26 19 93 71 92 9 4 109 49 87 98 - 82 46 38 89 68 34 1 52 11 30 108 66 - 26 63 119 - 100 102 44 111 109 89 - 99 10 18 98 47 27 91 63 58 87 - 32 111 100 27 41 - 17 - 44 24 - 88 91 13 84 94 3 22 62 43 73 60 - 0 109 3 54 46 99 2 58 - 5 14 - 118 21 35 21 19 79 33 61 - 10 41 35 - 79 56
ch 4 184 16 0 100 w p 49 11 116 73 3 105 102 76 10 100 31 45 67 20 49 60 - 31 17 56 11 49 2 19 44 52 92 16 61 42 77 33 41 35 - 87 68 59 31 90 - 90 99 73 75 55 48 19 61 37 92 100 - 23 15 78 96 83 90 13 46 56 17 70 35 7 35 76 73 82 51 73 14 54 8 - 44 12 61 73 15 23 113 55 105 11 1 85 119 110 116 33 16 56 39 101 53 73 19 113 118 68 46 63 34 95 - 100 33 118 8 59 68 104 62 69 - 89 25 66 19 117 80 64 2 47 75 15 108 - 32 56 - 68 - 20 51 - - 15 70 77 102 86 11 40 7 41 95 16 7 4 94 50 19 - 90 56 2 48 89 115 89 0 27 56 - 43 55 - 33 90 99 79 86 50 18 14 98 - 91 52 18 98
ch 4 201 16 2 119 e p 92 23 72 114 108 98 45 25 40 79 61 68 102 77 78 2 16 21 16 67 52 9 13 34 97 77 99 17 33 20 104 24 16 101 33 57 85 107 67 94 101 29 10 12 40 22 12 2 55 109 73 64 66 75 63 62 69 76 103 113 39 92 28 90 112 84 13 5 29 109 44 43 63 76 - 23 81 77 48 - 107 119 70 98 6 47 105 81 - - 85 116 26 - 16 18 71 79 13 42 - 50 60 - 42 104 111 - 32 12 50 51 54 7 69 49 83 64 20 68 17 104 99 31 52 78 113 42 55 3 49 - 119 - 73 32 15 44 23 117 - 45 45 31 85 88 76 29 39 107 83 7 41 - 21 6 76 53 49 115 31 79 57 76 112 - 107 117 44 7 15 31 74 117 - 63 11 - 19 74 112 24 99 43 80 28 - 4 22 41 89 63 93 10 56 110 22 61 59 104 12
ch 4 190 8 0 100 w p 117 46 19 62 119 9 33 6 20 45 83 49 46 114 68 44 - 100 119 23 - 54 91 62 6 115 44 91 59 83 68 102 42 105 112 101 74 - 109 88 89 23 31 80 0 77 56 52 56 100 40 47 117 74 100 99 89 59 35 12 10 93 48 87 2 86 30 109 - 12 78 23 30 - 105 62 17 2 117 44 104 105 33 74 82 31 17 84 46 31 92 117 2 112 76 5 - 27 4 27 75 - 104 104 77 16 111 39 105 21 90 112 53 85 110 107 51 95 57 16 24 15 119 87 90 72 60 104 13 44 62 18 68 80 18 102 78 111 5 115 29 105 20 79 97 119 68 117 9 48 99 15 65 113 46 17 36 29 42 16 62 39 80 109 99 16 8 66 89 82 40 18 7 8 5 68 52 88 91 55 - 55 81 4 29 27 0 65 57 117
ch 4 207 13 0 100 w p 109 17 3 21 83 112 40 85 100 88 25 2 57 98 105 - 43 3 117 101 23 42 20 80 105 114 119 65 79 102 6 8 119 110 48 78 69 51 91 17 42 61 - 86 40 - 35 119 75 20 92 67 61 9 65 71 111 50 99 41 79 71 40 75 79 51 47 - 19 27 67 15 13 38 39 65 87 - 42 102 69 31 73 54 29 - 12 56 14 40 62 34 8 73 99 2 96 56 42 71 - 37 17 - 43 73 5 76 - 85 12 77 2 43 115 108 34 38 30 99 108 47 115 110 47 37 - 118 69 46 59 12 13 68 70 96 74 12 88 95 35 - 98 2 38 2 73 17 107 58 67 34 66 32 83 51 52 34 29 - 38 90 86 108 14 101 82 115 22 60 102 84 100 27 116 66 78 115 108 21 79 67 77 53 28 28 53 12 76 44 85 26 92 106 76 - 87 0 16 69 79 106 5 86 13 105 44
ch 4 215 20 0 119 e p 54 73 33 111 94 99 48 5 71 71 112 36 47 17 20 55 - 105 53 26 - 57 38 91 20 23 56 - 14 41 82 91 70 5 66 108 54 62 29 5 2 68 30 93 42 114 113 82 - 96 97 15 44 28 - 12 79 99 119 15 87 56 43 80 41 0 97 2 54 105 57 - 22 79 5 64 17 81 16 38 87 30 34 34 86 14 76 95 25 37 60 20 46 - 5 60 - 109 44 100 40 29 107 53 96 46 - 107 96 - 17 61 90 46 99 31 74 116 - 11 16 115 18 106 99 64 30 55 46 54 11 48 36 34 48 69 73 5 20 - 81 111 10 61 33 - 45 3 - 4 20 70 105 74 2 113 - 35 17 46 51 117 75 100 57 62 - 49 95 90 20 8 30 65 - 71 96 92 101 - 105 59 32 - 23 46 38 43 65 99 68 108 67 113 92 110 62 56 - 28 83 20 46 43 80 14 69 91 101 99 16 88 90 57 62
ch 4 220 13 0 100 w p 66 20 51 0 106 38 62 8 76 60 118 6 108 26 74 62 68 32 6 44 21 118 99 110 67 10 16 74 65 64 29 76 - 61 77 119 92 19 84 18 43 54 55 114 101 34 32 22 - 34 47 56 50 99 51 117 57 117 102 105 88 63 - 42 89 29 7 71 39 105 92 69 114 56 78 24 98 59 102 63 103 66 57 70 80 41 10 67 - - 107 52 42 53 50 78 48 12 78 16 117 98 94 7 106 20 82 40 4 76 - 51 3 7 114 73 94 44 52 58 9 48 100 22 59 36 77 106 56 15 41 - 4 61 77 1 65 17 57 84 - - 83 65 65 22 49 68 27 35 13 112 12 0 - 40 74 91 34 118 79 45 112 10 29 82 32 95 36 69 108 - 68 5 36 43 112 118 57 113 113 54 39 51 115 27 119 23 29 35 52 92 20 71 17 24 26 104 66 74 108 74 70 34 - 68 2 118 18 81 39 68 101 80 - 116 42 12 60 60
ch 4 196 7 0 100 w p 81 43 31 22 6 14 114 99 27 14 102 - 56 61 59 30 101 17 26 48 58 8 75 87 33 91 111 79 12 1 43 116 111 66 27 16 87 56 64 64 87 3 117 86 14 86 94 46 0 119 27 105 70 97 43 15 87 43 20 72 106 115 67 102 35 89 - 65 9 66 28 81 96 76 86 24 35 15 58 4 104 69 100 72 11 107 107 98 119 19 88 110 25 75 5 26 22 4 90 86 83 112 71 52 18 - 43 100 30 55 16 109 68 17 2 63 64 39 36 106 - 79 80 - 97 49 1 - 12 7 90 100 73 114 4 50 24 3 94 34 110 35 94 18 8 91 76 71 69 17 22 21 119 61 83 9 17 69 47 117 27 0 74 50 66 - 44 59 19 52 53 28 31 50 65 85 70 22 89 89 57 76 102 46 19 3 9 91 0 12 92 109 83 73 2 7
ch 4 213 19 0 119 e p 46 80 90 70 110 79 - 72 71 42 114 101 1 - 63 5 - 89 69 - 0 118 15 - 32 59 15 12 72 36 70 87 11 58 106 81 79 92 6 112 - 18 32 97 95 70 - 25 2 48 16 115 29 89 80 53 91 32 36 - 40 43 32 107 88 - 11 85 45 103 53 59 15 49 109 3 - 75 84 119 84 67 9 83 - 114 46 59 84 106 46 119 39 49 9 114 31 41 108 67 13 60 25 112 22 58 115 26 54 74 44 112 116 100 119 21 107 115 79 - 82 7 57 38 41 79 85 76 71 72 104 55 57 - 24 38 91 32 36 113 35 9 39 21 98 94 49 65 23 55 5 81 53 47 26 33 48 5 27 43 119 85 102 - 32 90 14 9 81 24 8 100 28 87 118 104 62 42 87 - - 32 51 85 - 16 107 11 36 54 24 21 30 - 100 63 89 75 22 118 23 53 58 91 114 47 81 71 114 53 - 44 22
ch 4 203 12 0 100 w p 33 89 3 93 88 87 117 44 76 99 17 24 85 118 79 57 21 0 119 115 103 116 - 63 51 69 16 102 33 97 17 37 11 81 38 - 91 73 37 79 - 101 54 47 - 34 93 99 91 12 66 38 68 17 68 116 74 39 100 79 16 45 - 112 - 65 27 93 9 60 6 115 102 46 1 - 45 36 96 43 49 4 29 4 - 92 43 57 63 18 31 32 92 118 42 3 94 20 11 98 49 100 20 82 76 75 53 110 16 13 118 30 14 55 26 43 40 97 24 79 24 - 53 60 95 20 37 77 41 71 20 60 2 31 21 64 42 110 91 56 51 78 117 7 53 62 45 54 72 108 22 22 75 20 45 55 9 58 55 80 114 10 47 88 67 91 108 2 36 - 106 31 112 61 - 7 67 108 94 55 110 42 37 10 115 12 8 70 66 29 45 11 8 71 - 45 61 8 104 67 86 7 33
ch 4 229 11 0 114 e p 64 20 81 - 13 12 - 105 13 44 95 43 27 97 15 82 41 87 71 12 78 43 6 108 60 64 51 80 26 29 - 26 37 7 95 1 85 113 47 101 108 36 104 - 57 41 23 62 40 23 20 114 35 83 91 84 61 - 71 95 107 - 27 56 80 44 68 35 12 27 106 42 1 49 95 62 64 94 18 41 19 52 96 27 - 97 15 40 16 18 73 57 76 34 86 42 - 32 90 6 92 61 30 1 80 43 1 70 93 75 37 111 83 61 109 31 83 106 71 17 60 103 53 82 85 18 36 104 25 87 5 0 96 77 105 2 57 39 53 20 113 53 79 109 37 4 8 66 53 81 68 32 69 59 15 2 60 96 7 45 51 50 77 93 0 71 106 64 - 81 49 31 93 91 111 31 22 111 103 1 4 55 - 6 62 63 97 41 35 103 114 24 34 72 66 106 58 - 84 3 55 48 73 39 111 52 4 24 29 41 90 101 36 83 77 42 12 99 19 71 76 17 48 58 29 108 36 78 55
ch 4 221 13 0 100 w p 104 93 20 62 7 13 85 52 10 63 82 73 10 25 92 116 40 22 53 78 110 19 53 118 32 107 86 117 14 79 60 32 3 93 35 107 119 40 19 94 93 103 82 116 62 104 90 12 117 0 11 7 94 114 68 112 113 89 - 82 99 23 57 60 88 95 92 80 11 114 44 60 45 24 77 68 60 25 108 100 64 46 117 38 112 46 37 12 7 39 17 50 45 99 39 55 10 105 89 66 - 58 55 19 112 116 95 - - 31 95 24 100 66 - 8 10 37 90 - 89 119 65 - 3 116 63 109 71 36 115 111 38 73 55 32 90 110 - 13 64 9 61 56 44 80 104 62 15 72 95 87 5 36 38 30 84 22 39 19 118 - 93 52 13 - 25 19 38 118 103 52 3 39 - 70 97 79 79 77 49 118 46 12 73 52 75 61 98 51 17 38 67 51 20 96 106 20 18 31 105 11 10 86 24 - 45 49 33 6 106 116 112 83 36 29 - 105 80 59 17
ch 4 212 18 0 100 w p 106 88 57 5 23 36 93 98 16 9 39 11 72 94 104 24 8 97 8 61 69 54 60 96 100 0 39 17 86 112 115 39 36 1 39 54 112 107 94 87 28 15 34 85 75 83 25 60 104 118 87 86 4 32 34 59 23 75 58 - 49 41 22 50 18 - 100 47 - 106 38 73 38 65 1 20 48 - 85 25 94 83 10 21 - 97 110 65 - 32 - 79 78 113 54 92 95 119 55 70 112 0 99 82 - 88 115 0 - 13 46 45 50 113 18 4 81 60 96 54 - - 58 25 101 17 12 93 97 53 119 12 110 62 107 42 - 77 7 34 - 10 103 33 52 73 92 - 57 28 36 117 91 52 73 33 26 19 14 19 94 83 114 38 91 35 14 1 47 - 91 104 21 22 21 106 71 104 37 55 23 103 101 94 41 35 5 47 84 29 30 9 28 115 42 0 97 28 30 35 - - 89 61 64 - 81 30 110 112 18 28
ch 4 207 15 1 119 e p 105 70 27 - 107 91 21 66 2 87 21 105 96 62 12 78 16 63 78 83 108 71 75 45 26 11 59 - 78 99 19 89 47 64 83 95 100 102 15 4 57 70 10 3 18 77 45 62 15 1 79 90 - 18 66 25 46 3 22 50 90 79 - - 60 72 107 61 64 9 36 56 45 113 101 118 4 10 18 45 57 58 57 36 61 73 113 64 100 88 - 79 13 109 18 111 7 2 78 69 95 113 33 94 8 75 117 114 63 23 51 - 36 77 36 63 19 40 47 - 79 57 116 57 114 105 57 3 9 22 100 - 20 108 52 57 108 111 10 60 118 12 70 80 84 - - 91 2 104 68 - 86 - 25 87 56 41 36 87 119 10 86 111 111 112 39 2 69 12 55 20 47 55 11 9 43 101 - 95 109 38 107 28 37 81 48 90 32 26 76 70 20 94 54 43 58 110 43 98 88 44 100 37 6 - 66
ch 4 222 18 0 119 e p 18 12 49 70 - 41 74 74 104 96 113 93 69 91 62 89 93 101 28 - 46 27 75 - 39 118 87 65 - 118 56 110 86 42 47 8 - 38 86 78 25 3 39 43 7 105 86 70 - 25 90 8 110 54 93 113 26 45 111 1 0 97 - 1 52 102 93 51 33 11 93 78 80 - 66 92 12 61 59 62 85 49 117 7 70 - - 86 60 87 29 11 3 105 41 99 - 71 - 63 48 93 92 104 109 113 9 111 54 31 64 26 89 65 22 17 72 49 110 42 97 - 66 10 22 82 101 77 78 93 46 48 - 77 11 49 8 48 77 40 4 50 77 44 53 27 61 57 116 35 67 - 52 69 96 - 102 43 99 40 79 18 93 32 16 22 119 92 2 62 6 73 6 73 76 15 105 17 58 6 22 56 22 103 115 110 76 5 97 34 112 100 33 - 86 9 77 10 97 - 94 79 92 0 32 73 67 41 74 100 21 56 116 14 115 26 49 67 7 110 96 101
ch 4 216 23 0 100 w p 68 - 71 - 50 8 91 43 86 61 67 119 48 - 55 117 4 45 36 66 34 16 1 102 53 117 23 16 - 66 51 92 33 100 - - 13 76 14 5 92 60 46 46 9 61 108 85 58 23 76 118 47 100 63 19 83 12 61 6 5 37 95 39 20 - 70 118 8 8 96 65 - 0 87 - 62 - - 66 15 36 83 61 18 18 32 31 86 58 - 116 20 21 - 28 89 - 57 20 33 90 67 15 9 93 89 112 38 - 110 9 108 93 82 64 105 50 30 107 0 - 76 14 8 - 81 8 79 114 14 27 14 108 31 - - 6 24 51 113 89 86 12 117 52 117 100 - 37 3 42 109 83 3 43 114 54 36 52 104 101 2 114 99 25 98 27 112 93 78 21 5 30 - 50 119 28 15 28 32 112 64 23 45 102 98 10 109 58 - 113 76 35 85 29 59 8 46 29 63 111 98 16 22 55 87 - 29 17 96 117 68 21 28 85
ch 4 173 9 0 119 e p 45 36 61 9 - 75 72 103 55 1 80 80 60 30 103 94 35 69 8 - 29 22 5 29 72 36 11 94 81 80 24 78 7 98 22 95 62 71 51 19 59 52 33 44 - 2 90 73 67 119 21 81 105 104 61 107 73 70 13 108 11 6 66 45 114 57 32 89 34 103 35 59 33 24 100 74 63 14 66 7 89 11 20 5 - 101 50 75 41 62 94 117 34 88 61 35 18 57 96 114 8 28 14 63 4 32 36 98 79 42 74 91 88 46 116 24 111 119 22 20 86 30 85 - 88 24 98 22 66 45 27 48 39 21 25 95 100 117 62 38 21 - 90 75 105 114 43 77 16 52 47 55 56 46 45 77 41 - 26 109 13 14 56 - 26 0 101 17 96 27 49 - 119
ch 4 230 19 0 100 w p - 71 82 111 4 57 11 - - 9 99 46 75 91 97 77 30 - 12 21 36 104 35 0 7 - - 66 25 80 105 107 1 55 20 10 82 68 65 114 46 - 79 112 76 85 96 58 95 97 108 37 87 - 108 91 113 27 110 85 65 79 112 53 73 63 86 53 106 96 62 93 113 - - 48 31 99 68 108 103 38 21 49 9 38 108 99 17 95 27 111 98 90 117 50 78 93 0 94 102 7 22 - 80 13 85 106 8 34 6 8 67 15 34 116 40 37 34 103 4 11 47 4 - 77 114 38 111 41 86 0 100 14 37 17 7 88 31 88 33 - 79 11 40 116 54 70 103 5 36 69 34 78 100 72 108 45 93 34 94 57 20 114 84 78 46 76 108 90 92 58 16 29 59 63 112 48 - 104 99 32 22 18 68 - 18 24 73 24 118 112 51 55 109 110 55 97 108 12 8 5 61 99 62 58 52 69 - 62 61 - 43 36 26 59 5 8 119 31 - 27 67 70 8 - 29 53 16 31
ch 4 207 21 0 117 e p 108 42 75 91 - - 49 65 77 73 84 40 94 54 - 56 54 2 29 - 87 78 6 46 - 90 8 88 15 81 70 9 25 28 75 58 20 - 31 54 38 5 29 86 102 70 58 8 96 40 41 98 50 85 - 113 40 34 28 116 36 115 - 83 22 46 57 19 6 111 65 103 - 42 30 57 - 18 35 105 - 33 81 49 109 93 76 28 48 56 - 55 54 25 6 9 17 - 88 72 103 23 14 81 49 26 44 13 17 27 64 17 11 19 39 6 98 61 39 40 20 13 24 65 81 114 48 83 30 73 58 7 0 68 50 117 70 14 106 39 87 9 114 73 9 37 58 40 30 58 59 5 - 66 99 33 89 98 - 105 83 4 68 2 75 13 51 76 74 80 6 0 3 44 78 60 54 109 - 109 101 67 - 65 68 40 94 - 40 115 3 - 48 67 95 116 51 73 - 19 - 93 47 65 1 41 4
ch 4 221 25 1 119 e p - 42 77 30 62 - 81 88 84 46 93 119 69 22 39 14 - 67 - 33 31 - 20 76 18 19 108 118 57 43 109 77 52 42 92 65 23 15 30 18 58 98 97 102 54 95 54 85 3 114 23 - 13 42 - 47 41 77 86 115 86 58 38 57 - 119 25 - 116 77 - 17 100 49 - 53 32 118 43 70 54 69 107 11 113 113 9 57 - 66 106 47 - - 31 - 56 51 109 21 59 55 91 24 29 18 30 58 23 59 103 75 11 119 99 80 2 112 10 41 32 112 107 - 97 - 36 22 65 71 36 102 - 11 7 92 100 82 61 81 2 98 83 48 11 - 112 50 54 63 85 60 97 43 114 83 57 115 63 4 22 25 2 36 - 100 100 - 24 84 60 57 - 58 100 38 64 49 102 - 1 34 - 59 93 96 13 109 82 110 72 80 23 65 37 68 65 44 9 99 100 101 54 114 86 111 87 73 63 90 15 108 46 - 80 54 95 109 29 20 16
ch 4 185 13 0 118 e p 34 111 87 100 45 56 74 - 55 64 25 4 8 72 90 89 49 66 49 42 - 104 72 90 33 27 96 84 106 6 61 - 94 - 70 1 28 45 93 78 104 19 13 43 30 84 111 63 21 23 54 118 35 5 0 112 45 97 85 33 59 38 50 11 113 11 48 69 93 - - 1 59 21 20 76 89 90 73 118 66 74 91 21 79 76 10 112 53 41 14 40 102 22 - 67 72 100 53 34 97 50 4 116 97 116 28 1 111 - 26 0 27 114 79 - 91 43 34 14 85 33 89 84 48 60 64 49 114 66 56 89 79 51 46 44 60 114 18 44 47 24 103 115 14 32 99 106 52 0 23 26 95 - 108 95 1 32 97 - 45 18 50 88 62 46 19 118 83 85 31 77 72 106 59 - 55 49 96 14 60 53 - 109 103
ch 4 228 11 0 119 e p 106 83 19 111 84 55 20 89 44 26 17 57 25 41 24 67 51 47 59 91 72 29 45 0 101 57 54 86 43 70 75 21 81 104 17 84 1 112 11 94 5 95 32 44 29 71 53 34 65 77 - 53 83 45 101 24 25 31 - 14 103 65 58 66 102 48 93 108 - 25 38 11 36 84 77 109 85 76 65 59 102 37 112 5 99 55 110 - 58 98 99 50 89 - 57 29 89 2 16 24 39 109 28 95 38 58 84 51 89 70 106 59 - 67 4 - 113 118 69 88 7 104 28 66 48 55 69 73 63 71 83 14 52 8 23 8 75 87 10 27 3 2 109 0 69 79 28 5 115 19 61 102 45 72 89 5 19 73 75 13 87 68 75 84 12 17 58 104 45 112 - 17 89 94 14 - 10 33 - 5 40 114 24 24 6 117 67 19 118 83 21 31 30 119 31 62 119 10 40 71 21 21 24 31 72 112 - 32 57 64 38 113 0 115 115 96 98 48 31 48 53 69 10 6 46 23 30 106
ch 4 199 16 25 100 w p 51 93 43 55 62 113 18 - 79 84 111 4 70 35 85 27 80 21 46 25 31 15 26 37 47 60 116 36 22 31 9 30 - 109 - 33 27 78 12 96 18 43 111 22 7 42 41 50 29 16 45 117 22 7 52 47 15 91 66 11 15 13 45 28 27 88 2 90 1 65 113 83 78 47 115 9 3 45 104 58 17 109 2 56 69 74 82 47 - - 62 56 4 - 69 61 83 22 24 - 20 113 53 111 99 106 115 56 - 38 - 96 118 93 79 - - - 28 73 77 3 98 114 74 93 49 93 119 70 5 104 61 84 - 109 30 107 119 91 116 117 107 3 112 16 107 61 78 84 - 98 112 100 35 - 78 107 95 46 96 80 99 108 52 13 47 88 23 12 26 90 96 92 14 37 89 95 91 97 98 41 30 37 75 8 16 46 97 118 45 54 10 69 54 - 70 3 30
ch 4 178 11 2 119 e p 58 87 39 96 104 47 78 51 21 105 94 96 83 49 90 113 36 81 18 47 55 80 64 109 83 91 78 25 53 27 79 16 87 97 48 62 - 111 100 - 65 12 82 118 77 26 117 72 109 22 88 30 95 107 40 5 112 75 119 62 - 118 99 104 102 - 38 81 96 62 53 114 55 65 97 56 - 79 - 43 52 70 57 106 61 4 46 37 86 106 36 95 38 59 28 113 68 99 - 79 71 33 89 98 51 89 14 56 113 18 116 4 - 69 90 43 59 57 90 30 54 61 44 36 - 24 - 40 94 - 50 104 75 52 16 75 2 119 103 54 109 18 7 37 106 56 112 100 33 100 46 38 59 90 61 49 10 93 105 96 18 8 34 105 6 101 95 81 70 29 4 61 119 36 106 97 57 78
ch 4 198 15 25 100 w p 89 40 113 58 55 117 101 16 55 80 53 43 74 7 19 87 61 84 82 70 3 113 20 40 72 28 107 8 19 51 80 19 26 33 26 33 54 49 18 115 7 84 81 76 96 33 - 101 41 45 43 61 112 3 93 - 44 109 - 97 67 - 79 114 45 76 13 88 29 107 9 75 53 59 111 112 18 47 54 22 79 94 101 37 33 62 52 - 119 69 - - - 50 63 49 90 90 46 - 107 96 119 83 44 32 27 85 91 23 107 11 70 24 92 77 77 102 22 7 - 32 100 9 55 10 78 35 31 59 108 26 10 - 78 115 3 10 101 66 117 119 46 103 22 52 - 116 81 106 116 7 52 81 26 85 15 23 - 76 110 50 95 4 22 19 62 13 78 78 91 114 79 107 58 69 - 35 8 87 8 109 99 42 83 34 17 2 70 68 71 65 63 - 68 58 79 29
ch 4 177 13 0 100 w p 91 14 33 79 65 - - 29 45 24 - 111 64 62 3 - 31 9 87 111 46 28 29 64 23 66 14 41 10 42 27 - 48 22 12 68 99 11 116 4 62 116 0 58 - 16 40 80 118 71 106 0 94 54 93 103 32 44 24 110 55 42 47 60 27 99 20 4 91 3 41 38 20 40 106 119 93 58 92 79 46 57 29 28 59 53 102 - - 107 58 80 68 95 82 20 14 99 65 6 96 - 98 57 75 10 45 49 106 22 17 103 117 55 77 48 54 63 1 11 107 103 - - 43 113 56 23 100 69 61 20 46 83 4 46 32 7 60 - 62 - 0 110 114 98 76 24 4 87 15 32 80 37 18 41 65 27 67 23 18 76 32 64 89 109 7 81 101 1 28 27 56 58 11 67 88
ch 4 214 18 1 119 e p 72 20 80 29 75 38 111 39 42 25 103 78 45 86 - 94 82 64 21 - 50 66 65 100 112 104 108 59 15 - 33 69 23 62 - 22 71 - 6 - 102 2 8 111 111 114 72 17 57 112 74 33 91 - 79 78 99 9 66 72 24 67 81 2 22 89 104 66 3 12 15 54 119 103 80 1 34 23 83 10 2 - 105 92 52 2 27 117 17 93 56 12 111 - 76 75 21 50 43 114 36 67 32 21 62 20 - 23 - 44 - 11 98 28 18 25 4 90 29 117 99 - 23 98 67 34 45 73 - 103 9 10 26 1 76 23 49 47 102 24 40 107 60 116 96 117 63 21 71 63 80 73 118 55 78 109 97 54 12 23 110 92 113 66 29 12 24 102 41 - 101 66 - 81 87 77 25 77 111 70 64 79 19 89 118 71 88 93 48 19 74 94 69 34 116 29 28 56 84 62 38 108 92 107 - 54 22 65 - 41 65 18 117 114
ch 4 201 18 0 119 e p 52 - - 1 94 - 64 101 - 63 99 80 76 77 101 7 98 88 51 0 85 21 68 39 0 68 49 73 119 23 98 96 31 107 116 55 111 40 108 63 - 99 17 115 54 87 52 44 101 48 110 24 28 99 33 - 91 - 106 5 43 9 16 67 73 79 19 46 40 75 64 78 29 99 - 69 - 112 31 107 71 94 116 0 71 36 1 116 28 - - 80 84 85 32 68 100 87 100 38 3 65 109 117 88 116 25 87 67 66 113 102 17 48 74 53 73 - 44 111 71 83 - 39 - - 2 63 62 98 27 27 87 12 43 79 - 18 89 87 54 24 71 19 57 107 35 46 11 40 3 72 32 48 - 80 40 1 91 83 65 97 29 117 102 44 65 111 70 31 44 72 4 76 51 118 102 69 30 72 87 20 114 77 7 112 107 79 63 98 51 105 43 45 83 76 18 28 7 - 18
ch 4 184 10 0 100 w p 46 11 81 85 19 59 - 74 18 109 75 37 95 24 61 103 113 69 55 100 34 97 70 51 104 112 82 19 101 53 57 - 94 103 13 60 58 11 23 78 72 44 66 111 45 34 7 39 64 21 88 59 9 89 63 17 - 69 63 - 23 36 54 89 - 91 14 37 47 107 99 10 13 86 98 25 84 16 114 75 21 74 66 0 117 91 80 115 102 - 107 17 44 18 69 33 30 41 53 109 108 - 111 16 13 - - 81 90 49 56 92 84 12 10 2 46 50 13 106 78 40 26 33 104 2 24 72 116 80 2 10 115 61 84 - 38 80 22 55 36 116 7 26 15 105 1 105 102 9 116 49 5 12 44 0 84 60 19 64 109 100 63 115 84 61 73 8 86 90 77 18 69 116 106 25 11 86 100 75 67 8 24 41
ch 4 221 18 0 119 e p 103 23 63 61 100 61 106 99 118 97 50 75 69 106 26 56 - 69 3 66 56 65 98 27 19 114 19 80 3 109 57 27 76 107 11 9 78 66 - 92 8 11 45 36 25 16 71 73 19 48 14 - 108 84 91 99 82 116 62 82 98 93 33 67 61 43 10 6 24 99 79 42 119 - 98 45 3 109 51 6 114 69 66 21 83 116 101 - 117 76 54 28 - - 79 50 77 35 60 - - 31 48 32 62 37 47 67 - 64 64 66 108 - 22 59 105 - 102 16 89 60 27 67 48 24 37 67 103 118 - 119 77 17 106 10 16 7 41 43 21 0 107 2 64 14 104 106 55 46 70 80 8 14 - 3 107 42 38 30 26 117 71 10 2 96 15 108 86 - 34 82 48 20 5 4 - 99 114 46 5 93 100 47 25 35 14 98 78 70 114 - 118 87 86 34 42 98 87 16 87 103 - 3 53 70 42 114 57 89 77 111 114 108 28 55 61 98 28 38 18
ch 4 228 10 0 100 w p 91 90 95 82 13 66 9 83 92 65 19 108 14 59 23 13 19 94 101 27 64 7 104 37 2 81 118 11 65 9 38 49 7 99 38 78 - 94 52 98 74 13 52 91 90 3 58 15 46 93 6 3 25 40 90 56 83 - 76 27 30 7 116 2 102 41 8 114 91 33 50 41 49 - 65 42 29 33 90 46 73 92 62 73 51 59 29 9 23 39 59 68 94 60 95 118 31 50 98 40 55 26 9 100 12 78 78 30 53 3 93 109 46 90 112 119 52 79 14 - 34 117 61 89 2 70 39 66 5 52 51 94 34 30 63 96 73 96 16 75 63 44 19 22 108 110 77 46 - 104 0 79 102 7 - 62 87 44 37 88 41 7 85 7 40 114 8 0 100 100 115 49 10 8 4 40 118 42 29 66 11 66 68 51 62 16 110 112 1 114 - 26 110 59 - 83 106 40 87 61 20 69 87 27 32 41 - 44 43 65 62 98 90 29 15 - 16 61 40 56 102 14 5 100 76 20 84 52
ch 4 189 14 0 100 w p 96 30 - 3 60 14 21 104 59 - 43 115 - 98 46 102 82 91 27 110 20 11 54 63 74 111 115 5 21 109 95 - 115 96 27 64 45 29 0 35 31 84 25 102 27 85 84 7 107 73 1 57 115 13 109 20 28 11 42 4 109 78 78 8 96 91 28 18 75 14 18 16 - 54 6 20 73 1 3 105 51 107 93 119 48 91 - 64 50 105 82 15 4 16 13 8 98 93 98 107 36 93 68 55 4 3 102 93 36 80 0 39 9 26 26 89 46 9 106 47 108 91 91 13 79 58 113 76 - 33 - 61 25 53 - 82 38 5 57 39 49 98 111 109 - 72 - 81 73 109 - 55 25 50 91 37 98 15 100 119 81 24 54 63 69 83 18 56 69 60 112 11 4 106 103 3 73 85 77 1 78 0 59 - 59 42 108 84 -
ch 4 195 13 0 100 w p 63 49 93 23 72 8 78 - 67 2 119 90 28 72 55 104 - 13 49 106 74 24 - 75 2 94 101 98 62 1 60 17 67 40 111 39 - 104 10 47 4 92 114 - 104 78 34 62 7 88 27 0 58 106 107 40 - 38 74 106 63 99 102 101 90 8 41 98 13 93 53 - 11 45 87 10 37 66 79 63 30 51 81 97 52 - 66 72 107 - 102 83 118 100 96 30 56 1 110 13 86 92 37 115 79 65 12 105 99 50 46 2 79 81 35 55 35 71 50 91 93 46 68 65 66 65 8 22 - 117 53 9 66 67 103 96 102 93 112 73 10 44 60 72 74 119 54 27 20 30 38 66 90 37 97 81 48 42 85 10 88 100 36 63 94 - 77 114 24 11 72 59 118 114 41 37 106 111 78 119 - 69 97 86 32 35 42 103 100 3 67 92 - 3 18
ch 4 183 12 0 119 e p 52 - 10 63 42 4 57 16 94 5 41 - 10 74 0 - 102 63 80 79 85 18 112 - 111 - 47 54 91 116 96 38 36 87 75 108 107 74 6 97 110 7 58 4 16 22 106 108 12 36 24 21 24 74 61 60 62 108 34 10 22 71 38 52 117 105 91 4 36 23 81 99 62 12 12 36 108 87 68 18 99 63 87 35 84 88 25 44 48 38 101 7 27 27 25 57 10 0 - - 60 48 105 44 110 53 110 6 - - 68 27 65 119 12 17 21 76 59 97 32 34 - 118 53 36 4 48 83 66 76 55 113 69 97 42 79 46 37 13 33 0 98 25 46 59 47 68 76 50 22 22 12 118 - 108 31 91 79 62 107 115 118 108 45 110 24 71 20 44 51 36 96 93 52 106 86 44 117 - 67 88 65
ch 4 205 13 0 119 e p 107 119 46 30 16 11 67 54 100 47 44 10 6 74 3 69 105 65 34 - 15 51 92 107 27 9 50 60 66 97 48 63 77 64 62 18 - 32 49 64 84 46 32 77 49 73 100 38 45 74 41 112 11 95 32 - - 93 37 69 102 71 - 98 79 60 35 21 33 33 84 32 21 86 110 4 46 21 71 88 4 46 117 46 118 61 29 100 19 45 5 48 39 91 86 96 102 89 116 57 110 116 106 79 7 55 21 27 112 41 92 38 92 17 81 86 11 14 103 115 62 78 46 48 54 110 20 58 - 3 93 21 46 10 102 82 111 80 - 49 - 67 14 77 90 3 105 5 12 108 115 17 - 12 12 - 59 86 84 24 102 15 28 47 95 107 109 51 7 110 40 112 0 30 22 93 70 104 85 12 5 42 - 95 114 89 20 11 87 82 30 32 85 1 55 54 67 80 106 116 63 - 40 - 50
ch 4 310 24 0 119 e p 18 58 29 6 114 46 93 50 92 30 109 52 16 4 9 20 59 39 8 15 54 87 53 62 97 - 36 93 64 35 107 70 35 17 55 55 28 62 21 - 2 97 82 13 107 13 26 86 99 48 43 46 101 39 5 99 95 5 33 - 90 93 0 - 80 71 44 40 - 94 23 41 2 104 20 37 71 29 29 2 27 35 85 15 74 78 16 109 - 119 105 112 36 98 94 7 105 72 117 109 30 28 99 106 14 72 41 40 105 14 62 2 102 44 - 39 26 - 13 27 88 57 24 0 64 83 - 119 106 80 66 37 103 19 103 6 68 86 49 15 57 76 43 - 85 16 22 61 82 75 39 66 36 - 54 49 54 97 69 27 34 - 8 57 - 36 11 - - 10 91 104 99 13 76 11 91 28 - 4 75 31 - 26 80 101 56 69 60 68 - 8 56 91 53 - 89 107 55 92 69 26 53 76 78 98 75 68 113 17 55 13 12 - 12 102 0 84 29 116 77 13 117 77 54 78 75 74 - 23 105 15 102 18 1 20 103 63 33 88 22 50 34 55 52 49 72 39 108 7 56 41 24 59 10 44 81 82 15 15 64 94 74 51 101 91 80 96 85 57 39 67 34 57 72 - 67 53 57 64 6 13 60 3 113 108 - 3 2 9 112 27 30 30 65 - 71 90 79 107 77 0 38 40 108 44 89 52 40 83
qry
prd ne 4 91
prd ne 0 81
prd nu 3
prd eq 0 69
prd ne 4 119
prj 2 1
end
qry
prd ne 0 78
prd nu 2
prd eq 4 59
prd ne 0 78
prd nn 0
prj 3 4
end
