cfg 12 3 750 45 60
step
mb
t 55 82 77 83 59 73 89 87 64 73 60 58
t 7 4 6 15 22 20 9 745 24 4 9 20
t 11 19 3 3 12 15 12 12 6 711 1 6
t 20 24 24 25 7 25 739 1 17 8 21 8
t 90 64 70 88 64 57 54 62 62 58 83 89
t 18 12 4 14 14 20 4 10 13 17 16 731
t 72 76 58 81 79 88 75 71 88 71 84 70
t 24 16 20 9 22 23 3 24 716 2 23 10
t 64 50 84 62 57 85 74 82 58 84 61 88
t 45 45 69 62 46 84 65 60 86 76 56 58
t 17 721 10 1 1 5 18 6 11 18 24 20
t 83 68 59 56 82 62 71 74 48 59 53 69
t 65 52 79 76 89 46 67 48 79 77 49 63
t 2 25 11 15 8 22 711 5 9 9 4 21
t 67 52 64 63 47 63 84 55 89 56 54 67
t 14 20 20 3 6 19 744 25 25 1 13 25
t 721 15 15 22 6 11 7 4 22 8 18 10
t 1 3 22 13 23 6 14 7 713 21 6 22
t 7 14 7 23 2 21 20 727 16 14 19 22
t 10 14 6 19 12 16 13 19 1 19 9 744
t 4 3 24 10 25 23 11 23 4 9 723 7
t 46 58 45 79 83 79 75 69 65 69 81 62
t 748 11 23 6 13 1 24 11 14 12 13 20
t 55 75 53 88 83 85 80 51 57 61 48 61
t 86 61 50 82 73 88 45 90 70 69 81 53
t 56 47 63 73 56 72 72 81 77 84 72 65
t 20 716 5 18 20 22 10 24 19 10 24 16
t 51 56 84 60 83 88 63 76 74 52 74 87
t 72 64 81 85 89 52 58 68 63 79 80 90
t 10 25 6 19 20 14 712 3 5 18 14 12
t 14 20 9 743 9 12 22 21 11 3 19 24
t 78 50 67 87 90 85 68 60 84 62 74 57
t 8 2 7 2 13 16 2 20 22 20 7 730
t 63 66 69 72 54 81 50 57 89 57 82 46
t 14 8 18 10 15 12 12 13 745 14 16 12
t 69 45 76 65 63 46 62 46 58 86 72 79
t 85 53 55 79 54 72 65 71 90 51 88 59
t 17 6 22 24 16 23 12 19 20 1 2 718
t 25 20 2 11 11 14 18 741 23 3 11 20
t 24 7 7 5 21 5 15 23 710 1 1 15
t 67 60 59 68 75 68 81 46 80 51 84 69
t 72 67 53 57 73 59 59 54 49 84 57 54
t 13 7 24 15 6 23 12 10 3 747 13 14
t 12 13 6 12 8 1 746 21 10 11 4 5
t 9 5 4 11 723 10 21 22 14 1 21 20
t 66 50 46 57 50 56 54 79 73 65 64 45
t 67 72 83 82 58 65 67 68 49 50 80 87
t 87 49 57 46 82 60 73 72 86 90 57 85
t 7 23 3 17 13 13 8 5 24 8 721 9
t 77 56 51 73 57 63 81 85 84 62 72 83
t 2 20 1 1 733 6 19 11 13 21 14 14
t 50 55 69 66 85 60 82 50 62 60 70 74
t 79 71 67 89 89 72 62 70 59 45 67 54
t 47 65 62 88 76 90 61 54 57 48 69 84
t 53 56 53 63 78 71 59 74 57 56 69 87
t 10 20 25 2 13 10 19 18 8 3 19 749
t 47 84 90 64 52 56 58 57 86 75 86 87
t 47 66 85 84 80 73 49 51 83 81 55 80
t 8 17 15 22 25 14 3 13 23 22 743 14
t 22 14 747 5 13 9 7 2 15 1 6 1
t 71 79 86 86 78 89 77 50 67 58 80 67
t 8 6 15 1 741 22 3 23 24 6 25 19
t 14 729 21 19 23 11 5 13 2 10 11 10
t 72 85 50 54 63 67 65 77 70 62 56 67
t 45 53 71 86 62 69 64 46 87 69 69 74
t 48 85 90 45 60 79 58 72 71 52 63 85
t 2 738 2 22 3 6 2 5 8 9 18 10
t 78 45 45 54 58 62 81 78 81 84 64 58
t 17 4 5 22 24 20 12 12 25 712 1 6
t 22 23 12 7 10 15 12 4 15 728 13 10
t 69 79 50 48 55 77 71 81 54 77 80 75
t 20 14 1 16 1 18 735 16 22 22 24 5
t 22 25 1 727 23 18 14 21 15 17 3 13
t 77 65 77 73 77 79 73 63 88 52 65 89
t 13 6 734 9 11 15 24 4 17 14 1 25
t 13 22 2 15 16 13 20 11 12 717 12 25
t 15 7 3 7 747 2 22 25 13 8 15 21
t 22 740 15 23 1 10 18 21 18 7 2 6
t 73 46 47 57 80 77 79 60 67 84 62 60
t 61 56 56 50 79 90 80 58 55 53 54 73
t 67 79 53 84 60 87 59 65 84 64 49 48
t 23 3 9 25 731 7 21 24 23 4 13 25
t 4 3 740 12 2 19 23 3 1 16 4 5
t 748 6 1 23 23 18 6 15 14 21 21 20
t 72 51 70 47 69 50 46 65 89 54 47 78
t 24 7 9 19 5 15 3 735 15 18 24 5
t 77 54 85 55 48 68 51 77 88 89 56 72
t 65 49 78 84 75 45 46 51 47 49 59 60
t 59 89 50 57 67 76 90 74 65 86 87 79
t 49 67 81 63 89 52 52 82 73 88 67 48
t 76 88 89 54 55 69 47 60 45 54 75 71
t 6 12 15 6 721 4 2 19 2 23 21 12
t 79 69 47 77 72 61 82 65 62 61 49 81
t 50 77 57 74 48 74 49 90 66 74 86 80
t 20 24 9 5 11 8 11 730 20 16 11 11
t 14 10 13 23 4 23 14 749 12 24 2 10
t 85 78 70 78 85 54 76 88 70 59 87 56
t 56 87 82 45 82 58 58 48 58 64 47 73
t 59 75 72 73 67 86 57 68 47 84 70 71
t 52 73 60 63 81 79 49 52 52 85 52 89
t 23 19 2 7 14 722 22 9 6 24 15 21
t 69 80 54 75 70 71 88 54 52 79 56 51
t 25 1 2 746 13 24 24 1 12 14 16 25
t 80 73 53 66 47 50 84 53 49 87 68 73
t 24 19 4 17 1 4 749 20 18 10 5 9
t 48 65 54 69 81 73 70 69 80 73 51 62
t 19 11 22 24 19 7 16 16 7 723 4 5
t 9 20 15 727 13 7 4 15 11 10 15 4
t 45 62 58 76 60 72 65 51 89 70 53 78
t 78 53 67 50 75 62 88 68 62 59 77 85
t 52 85 88 63 51 54 57 77 48 88 75 85
t 90 75 81 90 83 81 78 73 57 88 48 57
t 6 12 8 733 14 22 21 1 15 21 25 25
t 53 50 66 58 61 78 74 90 54 72 74 78
t 52 47 67 65 65 81 88 85 90 80 73 78
t 61 85 65 64 88 46 88 49 88 51 55 77
t 77 75 46 83 81 49 87 87 50 54 87 51
t 4 9 739 5 12 3 21 11 4 14 8 17
t 90 83 86 55 83 66 82 90 80 70 68 51
t 50 53 61 85 60 67 56 51 77 49 77 49
t 21 10 24 22 19 23 5 11 5 10 2 734
t 47 55 61 71 86 89 54 58 84 82 74 81
t 8 12 20 12 13 735 23 12 5 22 15 4
t 87 50 74 78 63 75 73 89 71 66 77 79
t 5 21 17 16 22 22 12 23 21 739 6 3
t 50 47 64 49 52 72 48 60 75 84 63 69
t 62 87 76 82 73 48 72 48 58 88 76 83
t 45 72 80 90 90 50 61 53 88 69 90 82
t 54 61 78 67 66 83 60 78 50 73 84 90
t 83 87 54 81 65 69 68 73 53 47 87 62
t 61 84 48 85 54 67 51 68 53 50 64 89
t 56 72 88 81 70 48 80 53 56 90 49 85
t 77 68 69 55 60 55 60 88 56 55 81 67
t 13 14 1 16 22 23 7 717 22 8 24 22
t 82 74 82 54 61 67 68 73 74 53 63 53
t 73 74 84 66 53 76 65 60 86 70 64 60
t 50 49 50 71 87 51 57 65 66 75 73 87
t 5 16 19 10 8 20 7 25 732 13 25 10
t 22 5 16 724 2 12 23 10 5 12 23 6
t 75 89 89 60 70 55 90 85 81 61 49 54
t 61 49 50 58 81 51 72 51 73 84 77 49
t 22 11 22 15 18 21 13 21 18 7 744 8
t 2 10 13 25 8 16 1 732 8 7 13 9
t 73 61 85 85 67 79 64 61 74 78 59 57
t 16 10 22 744 19 20 9 21 7 8 17 15
t 68 75 51 87 53 87 80 72 76 63 72 77
t 79 77 56 75 87 62 81 78 84 88 54 71
t 70 84 64 75 86 67 81 80 47 51 54 70
t 16 7 10 2 7 6 2 13 5 14 16 728
t 74 68 48 63 78 58 61 63 52 75 63 60
t 25 738 21 20 20 15 11 13 17 5 18 9
t 51 84 61 79 56 54 65 67 54 54 56 58
t 88 82 54 61 64 64 55 86 80 46 59 73
t 45 62 79 84 78 65 89 67 86 78 79 59
t 15 3 22 6 13 7 17 4 713 23 3 1
t 10 4 21 6 18 725 17 20 21 25 3 22
t 11 737 3 3 6 12 15 15 14 12 20 25
t 6 21 18 10 13 20 11 25 23 6 20 714
t 87 53 45 46 75 82 74 45 74 79 58 51
t 87 81 70 69 54 48 52 65 89 64 76 85
t 25 6 8 735 13 21 1 9 8 6 11 14
t 45 56 66 72 57 83 75 84 89 84 67 73
t 69 71 75 78 81 60 72 70 90 87 46 86
t 18 12 4 745 16 5 25 18 6 19 10 17
t 65 66 87 49 74 73 46 72 54 53 66 72
t 13 25 20 5 2 715 18 12 13 19 1 22
t 75 71 78 88 66 83 73 71 77 79 46 59
t 59 45 82 56 85 62 60 77 69 58 79 86
t 5 749 14 3 17 9 3 6 2 14 5 19
t 15 711 1 19 12 15 3 6 19 7 15 23
t 72 82 56 48 49 90 67 74 57 45 82 70
t 10 14 3 13 18 5 1 10 20 22 748 17
t 5 8 6 23 12 745 6 3 3 25 16 10
t 82 74 67 59 88 50 53 77 46 82 81 86
t 23 24 21 7 14 21 25 10 15 728 17 7
t 58 76 78 77 55 89 61 82 54 78 46 61
t 65 73 58 76 53 70 79 79 52 71 78 52
t 89 63 81 50 70 62 45 51 72 49 71 55
t 90 77 51 58 77 83 48 80 49 88 54 59
t 80 72 71 84 81 82 68 85 74 46 53 67
t 46 57 58 80 60 56 67 75 67 77 53 66
t 47 73 60 65 85 77 47 64 88 65 61 83
t 50 62 49 80 73 88 74 62 73 70 65 64
t 5 9 17 22 13 20 7 714 16 7 17 22
t 49 59 63 78 60 57 58 85 79 78 61 82
t 3 14 17 12 21 9 727 6 20 12 11 17
t 24 5 22 4 10 735 7 23 8 13 1 25
t 51 47 49 56 75 73 88 61 67 74 89 80
t 76 73 77 77 86 49 78 46 88 79 52 56
t 75 56 79 60 66 64 58 46 59 69 53 56
t 80 54 84 80 46 90 84 58 50 78 50 77
t 9 17 8 3 16 7 742 7 4 21 2 13
t 46 47 54 63 81 55 82 54 57 51 46 89
t 63 53 54 49 73 72 88 70 63 46 80 52
t 14 15 10 11 22 24 17 1 17 21 1 731
t 88 50 75 61 69 65 78 79 56 84 81 50
t 56 52 50 79 61 46 51 84 63 50 57 83
t 79 49 77 49 55 81 59 90 73 57 64 68
t 77 45 88 51 55 45 46 59 47 49 46 66
t 81 83 86 52 80 73 56 86 89 89 72 51
t 7 19 722 8 4 1 19 1 21 10 3 8
t 86 50 71 73 76 87 61 88 66 79 50 71
t 8 23 25 16 737 17 2 13 16 20 17 17
t 13 19 25 3 14 1 5 12 4 19 742 2
t 8 25 12 2 15 17 11 10 713 12 20 1
t 23 23 7 730 17 20 21 14 1 17 14 25
t 81 47 88 86 72 74 49 51 47 70 54 53
t 5 21 25 1 6 6 19 22 16 18 8 710
t 68 73 86 87 52 54 74 89 55 59 73 68
t 45 80 66 89 47 60 67 58 85 85 65 59
t 60 56 55 86 47 47 89 64 85 86 87 58
t 11 18 12 21 721 9 17 19 4 12 14 23
t 25 728 8 17 1 23 1 10 21 25 25 4
t 53 51 85 87 73 80 65 90 78 67 63 84
t 59 81 69 48 53 82 59 89 51 76 51 86
t 11 16 10 24 23 720 10 15 1 14 7 10
t 14 7 13 4 19 749 12 24 24 7 18 8
t 1 714 11 2 9 15 7 17 18 17 15 4
t 11 10 21 16 23 721 14 15 17 7 13 24
t 89 64 83 82 83 71 78 73 82 62 64 69
t 75 55 81 61 74 51 76 76 65 61 61 56
t 1 2 7 18 9 715 12 9 15 8 16 18
t 729 23 15 6 21 2 19 22 23 22 13 15
t 79 68 60 60 52 47 64 53 84 70 52 65
t 58 75 73 50 71 80 85 83 66 73 62 62
t 61 76 74 47 49 53 72 61 78 89 77 89
t 14 17 3 4 11 21 13 13 6 25 737 16
t 18 2 22 6 25 21 9 7 21 24 710 24
t 56 86 82 74 85 54 50 87 60 69 72 83
t 67 87 81 49 69 85 68 63 53 69 89 66
t 25 1 16 5 4 15 739 17 22 21 20 13
t 46 72 66 52 61 52 62 69 53 83 83 57
t 63 73 89 57 49 64 63 52 73 58 58 68
t 1 23 20 3 747 9 11 24 8 19 9 14
t 79 90 90 82 78 61 87 70 81 72 57 46
t 79 84 75 77 83 79 80 67 66 84 90 82
t 49 69 56 62 70 45 52 80 45 57 62 45
t 47 61 77 63 90 45 83 82 72 54 46 83
t 10 8 9 728 23 1 5 2 23 2 14 14
t 78 50 74 66 61 51 53 77 63 62 66 56
t 62 56 76 63 90 78 51 75 71 50 45 46
t 22 5 2 11 746 1 12 15 6 21 20 5
t 70 67 82 59 50 60 66 51 45 82 79 89
t 61 90 80 85 45 58 51 70 88 79 47 57
t 54 50 55 49 86 64 71 86 88 82 75 71
t 68 62 80 86 46 88 65 50 80 62 77 84
t 14 3 1 23 729 9 25 8 24 15 21 11
t 73 60 66 54 68 86 58 79 87 52 67 76
t 85 51 61 86 57 86 49 57 53 68 55 83
t 53 89 51 86 87 68 90 45 77 49 64 79
t 11 13 19 24 712 21 3 3 17 5 21 22
t 717 3 17 7 11 10 7 5 13 14 9 1
t 76 50 61 63 50 77 80 67 80 85 69 78
t 47 75 77 76 87 75 53 66 45 65 48 51
t 2 15 14 2 10 719 22 22 13 23 1 10
t 87 52 61 47 50 78 52 67 72 87 70 89
t 59 73 61 54 65 90 72 90 48 83 55 83
t 68 47 46 46 81 84 68 82 64 87 66 88
t 75 48 58 87 61 63 67 49 72 81 88 75
t 81 55 70 68 89 58 65 47 85 58 76 80
t 71 80 53 50 79 63 45 73 70 79 84 52
t 51 81 88 73 77 76 52 83 78 55 67 50
t 52 85 86 67 65 59 62 70 82 73 68 86
t 61 55 51 88 64 74 54 46 87 76 56 84
t 24 716 7 2 21 17 6 9 25 3 4 25
t 54 64 63 62 74 89 54 86 66 63 50 62
t 8 22 21 11 713 13 21 3 9 11 15 3
t 1 8 17 19 724 21 21 11 13 9 2 24
t 13 23 13 2 25 734 8 25 17 1 8 7
t 60 81 64 72 85 59 77 61 66 71 82 52
t 90 88 51 65 69 75 52 84 55 72 51 66
t 45 59 64 76 73 59 60 47 65 74 51 69
t 69 45 72 88 71 56 79 78 73 82 70 76
t 727 8 7 7 4 14 8 23 19 3 2 11
t 50 68 89 45 83 76 55 47 62 48 73 53
t 59 73 57 90 85 59 66 46 46 82 80 48
t 7 9 16 6 1 12 15 10 21 18 2 720
t 75 53 57 76 51 83 48 60 77 67 49 49
t 46 65 71 47 63 88 71 53 49 80 86 49
t 19 7 19 748 3 13 2 18 10 21 5 19
t 52 45 49 45 85 73 57 52 83 51 85 60
t 49 48 84 69 68 53 78 57 61 85 71 50
t 47 60 67 86 64 57 67 78 53 66 62 60
t 74 57 48 59 74 82 48 48 82 52 55 56
t 78 65 79 66 56 50 89 74 74 74 79 58
t 88 70 74 61 83 70 74 71 81 52 71 57
t 83 74 64 67 81 59 62 50 53 67 58 65
t 72 88 52 63 70 64 63 65 83 89 50 88
t 70 80 88 87 75 46 69 83 46 60 69 83
t 84 56 90 61 73 75 62 68 79 90 49 72
t 711 7 7 13 24 18 21 5 5 23 19 18
t 15 7 10 17 25 11 7 4 17 4 735 2
t 10 21 2 4 5 2 19 20 712 6 24 13
t 54 46 76 74 59 47 78 48 48 71 84 45
t 70 57 60 82 74 67 72 89 89 74 77 78
t 80 65 88 53 45 52 51 90 68 49 86 72
t 21 2 724 12 22 7 3 21 21 20 4 8
t 12 6 13 6 10 20 21 8 711 21 20 5
t 48 77 72 63 88 63 51 60 80 70 63 50
t 6 25 2 12 18 7 24 17 22 14 746 4
t 1 12 22 738 9 20 8 12 9 22 23 19
t 58 71 48 48 86 47 48 45 77 63 48 51
t 25 24 1 7 9 14 21 2 12 3 720 16
t 25 25 6 4 12 11 6 11 12 719 23 25
t 45 67 46 82 81 64 79 50 49 82 79 78
t 79 90 59 54 59 47 74 47 79 60 78 46
t 65 65 62 55 90 83 86 85 58 46 66 89
t 45 82 48 76 51 51 69 70 63 55 77 74
t 15 733 22 23 22 19 17 4 6 5 5 1
t 15 7 10 20 14 2 16 713 25 20 18 20
t 47 74 49 50 63 55 86 68 54 87 53 84
t 715 1 3 14 13 1 16 14 6 12 8 9
t 45 73 81 57 76 76 75 72 80 47 88 75
t 90 50 74 86 83 83 50 72 72 72 80 62
t 73 57 83 73 63 47 69 51 65 75 82 82
t 86 84 72 63 64 77 58 90 48 75 65 70
t 23 717 16 23 17 18 16 24 16 23 24 9
t 56 70 75 90 53 54 47 45 47 49 48 48
t 15 737 5 14 9 2 11 23 25 4 12 3
t 24 14 11 20 733 18 12 24 19 4 12 15
t 90 62 52 58 45 90 45 49 62 73 82 72
t 76 67 63 57 53 46 85 51 46 88 89 85
t 62 79 78 55 81 77 90 83 74 75 47 52
t 76 59 74 84 64 83 89 67 60 84 54 68
t 73 61 49 69 50 81 63 46 73 70 57 87
t 71 86 68 49 58 76 58 62 89 87 56 69
t 52 90 78 87 69 88 76 72 46 87 86 68
t 71 60 48 55 52 86 59 49 66 48 51 86
t 53 90 65 56 68 70 51 83 50 54 53 66
t 16 22 17 747 21 1 3 23 4 6 16 1
t 75 53 89 70 58 77 71 80 54 47 59 77
t 11 6 12 11 11 20 743 20 13 18 7 13
t 60 89 90 45 78 55 45 73 64 65 48 76
t 8 9 18 716 12 15 20 19 20 2 7 15
t 57 65 54 84 59 73 60 49 46 81 82 89
t 47 77 49 66 59 60 87 88 60 75 72 60
t 65 83 79 59 45 51 69 57 64 75 55 73
t 87 76 89 53 61 90 69 51 90 67 64 77
t 18 10 13 21 21 746 13 8 23 20 11 16
t 17 21 24 25 21 1 25 732 25 20 10 4
t 50 64 75 84 60 54 62 61 71 53 76 55
t 2 15 22 13 11 9 11 19 15 8 12 712
t 2 12 11 3 25 25 715 14 3 13 12 12
t 81 55 77 71 83 70 83 74 69 45 60 78
t 11 14 3 21 9 2 17 731 11 15 16 16
t 63 52 63 66 50 88 61 46 88 73 71 88
t 53 49 50 63 51 73 53 86 62 77 81 65
t 81 51 59 73 73 54 49 80 53 47 64 64
t 62 72 80 45 86 76 84 67 78 77 79 49
t 15 25 23 4 14 6 12 2 16 736 25 12
t 50 51 90 81 88 77 54 79 48 63 59 66
t 64 86 78 67 60 53 80 70 65 72 87 62
t 70 84 74 49 58 63 47 83 63 60 86 80
t 16 5 15 10 5 12 5 720 1 23 13 18
t 25 22 15 14 14 21 5 725 19 4 7 19
t 23 14 2 15 9 24 5 12 8 8 15 735
t 58 46 90 88 76 77 90 79 76 87 75 49
t 4 12 25 10 14 15 24 10 739 20 12 7
t 81 87 72 64 46 81 75 55 48 76 59 71
t 76 49 86 61 61 58 49 60 79 65 63 52
t 17 22 21 13 17 25 3 21 22 2 5 730
t 9 10 741 13 20 6 10 13 8 7 2 18
t 23 6 3 25 12 14 10 725 5 1 7 4
t 83 61 46 63 73 78 48 66 79 65 46 80
t 46 87 65 71 88 83 85 64 51 60 58 71
t 61 77 73 83 49 87 68 85 80 45 58 87
t 19 21 9 9 13 9 3 1 19 3 737 14
t 84 72 47 52 51 87 57 49 73 60 51 69
t 50 85 47 61 84 63 65 48 86 73 75 87
t 10 14 2 15 1 8 20 19 4 8 733 9
t 47 63 88 56 87 76 72 63 45 72 68 48
t 56 58 52 47 59 55 66 74 85 48 47 46
t 66 77 63 89 78 51 70 87 62 87 71 65
t 59 61 90 65 77 85 67 57 80 79 57 62
t 742 25 12 18 18 15 11 5 10 13 10 12
t 45 69 81 77 74 51 70 76 80 79 47 46
t 8 25 716 21 18 22 21 15 17 10 5 6
t 87 89 81 65 89 85 54 61 65 74 71 49
t 73 63 52 62 90 46 58 86 79 60 73 65
t 76 85 56 48 59 62 88 68 82 88 48 90
t 45 81 81 70 62 82 89 61 72 72 87 59
t 8 730 14 15 2 1 23 16 17 23 6 7
t 77 89 89 54 64 89 56 59 63 71 56 50
t 19 7 18 10 9 12 1 722 9 24 20 15
t 80 90 75 86 82 86 59 48 48 49 90 81
t 68 78 87 67 90 55 67 57 61 58 70 88
t 56 57 78 53 86 74 70 45 77 72 84 90
t 72 46 80 46 89 56 46 84 80 48 75 58
t 12 711 6 24 7 11 5 13 8 13 3 13
t 18 7 10 4 711 1 25 3 23 19 25 7
t 21 7 18 18 6 19 732 8 25 17 16 4
t 86 59 53 89 70 49 66 78 87 89 83 60
t 73 86 82 48 73 75 88 90 61 88 72 84
t 22 14 25 7 11 16 722 19 10 15 9 16
t 54 56 75 57 76 74 78 46 81 74 57 56
t 3 714 24 11 3 18 22 13 3 18 15 12
t 61 69 80 78 88 65 56 77 81 74 76 89
t 12 21 21 24 22 4 25 718 8 4 10 23
t 1 2 22 14 1 11 3 20 4 20 13 737
t 59 50 70 70 87 48 71 65 82 89 90 63
t 13 13 9 745 21 18 13 18 8 7 13 5
t 20 21 1 733 19 2 1 16 19 23 2 21
t 16 14 16 21 19 18 5 9 12 17 24 740
t 12 23 2 8 20 3 2 13 18 19 1 730
t 46 59 75 61 46 62 84 61 75 78 48 51
t 81 67 54 56 65 58 76 72 65 58 45 71
t 47 88 70 61 47 83 75 62 56 89 68 85
t 65 82 84 82 58 69 57 68 86 71 85 57
t 67 73 80 82 72 61 80 76 64 57 75 56
t 62 78 58 65 80 72 85 83 88 67 72 79
t 81 55 77 62 76 89 48 75 88 84 54 55
t 68 59 56 68 79 62 63 61 73 66 85 65
t 46 61 69 83 73 48 51 82 52 45 47 57
t 71 76 63 48 50 64 90 90 68 71 60 70
t 734 23 25 9 25 8 10 20 1 7 24 19
t 69 73 45 46 64 61 56 83 68 64 59 86
t 76 81 63 83 58 63 60 67 61 62 89 71
t 87 84 68 67 47 50 62 56 55 80 78 76
t 46 50 64 59 87 56 56 55 73 78 48 66
t 53 48 58 89 67 90 84 76 68 74 57 86
t 61 61 79 79 69 50 77 74 76 60 59 71
t 736 19 25 14 11 15 19 8 4 16 2 14
t 18 18 12 19 17 3 5 20 19 716 13 12
t 2 17 14 7 2 745 20 21 3 4 3 25
t 86 76 63 52 83 90 46 62 66 55 52 56
t 56 75 87 78 76 58 69 78 65 88 50 59
t 7 13 723 23 24 23 7 2 15 19 5 13
t 58 56 78 90 82 70 56 86 59 82 55 79
t 83 80 47 71 77 73 70 48 70 73 86 76
t 75 71 68 63 58 85 87 78 74 79 85 86
t 60 79 79 49 63 73 54 78 70 58 55 48
t 62 51 81 54 64 89 83 45 77 68 55 46
t 74 80 51 74 77 50 80 87 53 55 78 59
t 16 24 11 726 11 9 15 14 1 4 1 2
t 9 10 13 21 10 11 6 16 25 719 13 17
t 52 68 79 88 53 63 90 79 49 83 73 58
t 23 23 729 5 24 17 23 3 20 19 16 5
t 18 719 2 5 20 24 16 14 2 22 4 21
t 45 90 57 81 64 57 78 64 66 54 66 69
t 4 23 5 25 18 20 10 714 19 21 10 2
t 48 55 66 60 73 49 85 74 55 62 76 59
t 20 14 745 3 21 24 17 21 24 4 5 12
t 8 1 7 18 7 19 2 2 18 722 12 23
t 4 11 3 24 17 18 4 13 6 710 23 13
t 732 13 6 19 11 18 4 21 1 13 18 18
t 68 81 58 87 47 61 63 61 78 89 68 49
t 8 4 7 20 24 6 13 731 4 22 19 1
t 7 23 18 7 13 12 4 22 12 13 23 721
t 22 712 6 2 2 15 16 5 25 7 25 13
t 52 59 52 73 69 83 80 70 64 84 77 82
t 12 2 25 18 8 6 7 7 12 8 718 20
t 713 19 8 16 6 13 13 15 14 2 14 11
t 19 23 13 14 12 714 7 20 12 13 17 1
t 729 21 20 21 15 11 8 8 19 7 22 8
t 57 62 83 68 52 62 53 72 53 75 88 90
t 88 90 85 68 55 85 48 48 74 80 78 81
t 58 50 69 76 63 72 58 50 51 58 90 78
t 24 20 22 9 17 19 748 2 14 10 9 18
t 64 50 47 82 86 57 83 84 49 88 46 74
t 14 10 9 7 14 21 4 17 1 25 6 723
t 718 24 18 22 20 5 9 11 1 20 5 6
t 82 63 72 49 59 53 82 62 66 75 70 72
t 72 45 86 84 72 49 90 81 60 46 70 80
t 7 22 8 12 8 728 12 3 24 11 14 12
t 55 63 50 77 69 73 47 56 83 78 85 54
t 62 57 67 88 81 76 61 49 58 54 72 54
t 65 66 90 61 88 81 50 57 58 50 51 54
t 50 80 65 55 55 76 62 48 80 58 61 84
t 71 60 66 75 86 62 81 69 80 67 85 57
t 45 64 58 66 74 89 67 59 83 68 79 73
t 5 15 9 23 19 6 726 14 8 21 19 13
t 79 74 63 74 74 63 48 67 71 88 84 86
t 66 73 56 48 88 55 70 78 45 58 76 66
t 7 21 8 14 2 5 24 5 8 17 4 727
t 66 50 55 71 90 77 77 52 55 81 66 74
t 85 90 67 75 83 57 45 67 85 78 78 88
t 66 72 69 89 50 45 54 45 48 58 75 45
t 5 8 15 21 18 17 25 9 19 23 711 10
t 89 50 54 62 84 54 73 61 52 85 51 71
t 75 47 88 79 49 76 75 89 54 59 60 56
t 17 9 7 24 14 16 20 16 710 4 17 2
t 90 77 69 66 46 49 62 64 82 47 80 71
t 89 67 86 76 84 73 61 47 73 67 84 46
t 57 61 67 82 90 78 77 68 85 69 78 65
t 54 56 80 81 66 62 53 67 87 58 80 67
t 6 1 12 8 6 15 14 5 2 718 5 9
t 72 86 85 68 82 57 46 46 82 50 71 67
t 68 64 67 55 76 65 59 67 64 77 81 49
t 7 730 21 19 22 14 15 20 6 16 21 23
t 11 15 9 3 18 3 740 12 21 1 13 9
t 47 81 56 53 47 75 62 63 76 49 55 85
t 65 61 78 59 89 88 75 67 45 67 82 83
t 90 49 64 80 47 90 74 74 73 61 89 77
t 66 59 76 50 80 63 82 68 88 75 70 50
t 4 4 748 20 5 3 11 12 22 5 24 21
t 24 23 16 11 22 19 20 23 13 24 18 715
t 62 77 48 69 74 61 59 75 49 57 63 61
t 8 23 13 11 2 723 20 24 15 19 6 21
t 24 4 737 23 12 8 3 14 21 17 13 19
t 14 2 19 11 7 9 20 720 20 23 4 11
t 71 51 56 51 66 70 51 55 61 45 63 68
t 3 4 19 712 9 2 3 20 12 11 23 11
t 745 3 10 11 14 6 3 15 19 15 3 2
t 86 74 65 59 46 80 87 67 58 52 90 51
t 56 73 47 49 47 90 80 49 48 83 71 65
t 12 19 10 2 23 736 22 2 2 8 2 23
t 7 10 17 25 1 22 15 24 10 718 6 9
t 4 14 16 25 4 25 19 728 9 1 7 19
t 58 71 64 88 61 52 53 48 47 58 89 81
t 6 15 736 20 9 4 13 11 2 14 17 18
t 19 18 2 1 15 1 1 21 723 14 19 10
t 69 81 89 58 80 89 68 53 79 85 55 63
t 45 67 70 78 86 78 65 47 64 47 67 75
t 10 3 9 15 14 6 1 722 2 21 25 2
t 59 69 57 77 89 47 62 83 87 85 57 61
t 80 88 55 52 55 73 89 51 51 55 70 85
t 736 1 15 15 12 13 17 17 19 17 14 2
t 89 66 81 75 60 51 85 46 85 46 55 72
t 24 15 13 5 4 13 16 730 1 18 12 17
t 66 53 54 49 69 55 76 67 49 88 60 47
t 736 13 3 7 17 12 18 17 18 24 1 24
t 5 19 7 2 17 5 7 712 3 12 17 9
t 71 55 63 70 89 79 84 77 83 80 55 52
t 86 46 80 49 88 66 82 86 75 66 88 89
t 79 85 89 45 61 66 67 49 89 58 65 74
t 63 88 82 50 67 71 71 86 60 80 74 71
t 22 22 8 18 25 17 741 7 22 7 25 4
t 16 16 13 15 14 2 4 8 740 2 4 9
t 60 62 77 78 53 48 78 79 64 61 88 62
t 5 5 720 22 22 8 21 3 1 8 9 22
t 18 8 711 24 17 12 2 15 15 24 15 11
t 16 13 5 3 3 7 19 737 7 22 23 22
t 68 45 74 69 83 81 76 63 61 47 77 62
t 13 18 1 16 22 13 13 18 14 25 9 733
t 62 55 87 51 48 74 68 84 76 84 67 76
t 25 7 18 4 5 11 8 712 21 17 9 9
t 12 21 18 18 20 11 6 738 3 5 23 18
t 87 50 75 49 63 90 59 79 89 78 52 48
t 24 8 711 24 24 20 7 3 5 14 14 8
t 84 49 86 72 77 61 68 84 82 79 45 90
t 65 75 47 73 61 84 64 66 73 55 47 79
t 15 22 5 6 4 10 728 9 4 18 3 16
t 23 22 15 6 11 24 23 20 22 19 711 8
t 87 51 74 50 49 76 56 57 61 84 81 62
t 65 66 85 58 79 58 77 89 57 52 63 70
t 66 49 46 56 56 78 61 72 78 89 68 59
t 74 48 82 87 46 67 68 64 59 52 65 81
t 6 1 729 15 12 24 20 25 14 6 5 13
t 85 58 84 57 61 62 63 54 64 82 51 45
t 56 60 69 45 66 66 90 73 63 80 71 56
t 2 2 3 711 19 13 9 20 25 11 18 12
t 22 6 22 11 733 16 20 10 11 20 19 9
t 63 71 58 73 59 54 65 79 82 90 57 89
t 58 60 81 65 50 61 80 47 90 69 80 86
t 21 15 25 737 10 10 22 17 10 21 11 11
t 84 70 51 75 68 73 46 61 57 53 83 51
t 50 80 72 73 50 79 61 80 60 69 66 63
t 90 64 61 59 77 52 71 81 59 74 82 89
t 17 16 14 11 13 8 3 22 21 726 15 15
t 72 51 79 75 59 50 75 49 59 79 53 63
t 4 14 21 21 13 11 20 710 14 9 18 16
t 733 19 12 1 14 7 22 2 14 1 5 25
t 72 90 54 66 68 57 80 60 47 53 47 72
t 56 49 76 69 89 82 83 84 63 49 53 68
t 49 74 84 71 90 72 79 88 83 45 47 86
t 20 739 7 9 24 4 5 22 14 21 3 19
t 50 86 53 76 68 47 90 77 74 57 81 79
t 74 81 81 77 79 81 75 62 90 60 58 58
t 69 74 57 47 58 87 68 90 70 79 53 72
t 69 88 86 90 64 66 45 61 64 85 48 55
t 84 86 68 87 56 76 47 85 49 54 56 64
t 18 24 12 8 738 2 16 6 14 3 5 10
t 16 22 21 18 10 25 23 23 11 713 2 3
t 10 3 17 20 743 15 14 14 19 5 8 19
t 52 69 46 58 61 54 53 71 63 82 77 46
t 19 18 5 5 2 22 6 15 14 739 1 9
t 75 51 49 53 57 81 55 55 45 49 76 65
t 14 24 5 20 17 15 11 727 3 17 18 13
t 7 10 7 16 748 10 1 10 14 21 9 14
t 78 69 66 55 74 70 58 87 87 73 46 73
t 49 53 67 48 63 50 49 46 80 83 55 86
t 70 45 51 81 60 85 73 70 87 59 64 53
t 1 24 2 747 6 2 3 24 12 25 16 11
t 24 710 10 2 16 15 9 22 9 11 10 6
t 51 73 70 57 51 67 53 77 80 58 81 53
t 4 17 739 11 24 17 19 11 13 10 6 11
t 79 89 79 58 66 84 78 50 59 50 83 51
t 12 15 11 7 11 10 18 724 21 7 14 13
t 50 63 48 49 54 65 86 70 83 48 64 60
t 3 2 21 1 20 728 12 3 6 3 15 1
t 57 53 90 82 53 49 88 89 87 74 74 51
t 57 72 49 83 73 50 74 79 76 71 57 70
t 15 8 723 9 19 1 22 22 16 1 13 18
t 64 63 68 58 88 67 68 76 61 50 82 61
t 55 69 86 72 82 47 70 52 59 83 86 58
t 88 45 54 52 59 57 86 55 68 65 49 73
t 46 50 46 71 76 67 66 76 72 81 58 86
t 75 63 63 59 75 82 90 49 64 78 71 54
t 74 71 73 75 67 87 57 83 78 70 64 87
t 89 80 58 77 75 70 87 58 70 80 82 67
t 4 6 9 18 20 738 24 17 16 7 20 12
t 62 64 58 73 54 77 73 71 65 72 47 69
t 20 10 5 18 12 24 711 7 19 17 1 10
t 82 87 54 73 67 57 67 63 57 48 79 50
t 59 63 82 69 70 60 45 89 55 85 86 55
t 5 2 19 16 3 11 18 4 744 17 3 22
t 20 25 25 20 17 23 12 5 2 11 743 21
t 58 67 76 85 90 90 60 85 84 49 66 58
t 59 65 50 78 90 71 74 86 49 77 61 68
t 23 7 11 1 14 9 748 5 3 5 13 2
t 55 55 48 77 90 51 49 63 64 74 52 59
t 53 59 52 48 67 77 79 63 70 50 78 82
t 60 69 87 70 82 64 55 60 63 80 57 68
t 54 57 61 66 57 76 76 73 70 72 50 60
t 56 80 47 51 76 64 68 56 87 50 63 65
t 3 715 14 12 10 24 2 22 24 2 17 9
t 72 86 86 78 83 70 56 88 89 55 72 80
t 60 57 81 48 57 78 70 56 60 87 87 77
t 8 19 12 5 25 14 19 738 19 13 24 17
t 77 47 83 81 59 77 63 82 53 67 83 47
t 10 25 25 14 16 6 2 5 14 15 712 7
t 25 9 21 728 8 15 8 15 4 12 1 18
t 67 78 78 81 79 81 57 79 53 63 77 72
t 20 6 713 18 19 12 4 2 5 25 21 21
t 52 77 73 71 66 75 52 83 87 68 79 64
t 67 59 49 90 47 84 74 47 65 77 49 48
t 71 80 81 77 53 82 63 51 83 89 85 56
t 63 78 57 73 76 45 62 50 88 83 85 64
t 14 24 2 24 8 729 21 10 21 24 5 21
t 75 86 87 56 63 83 74 65 61 48 56 84
t 14 7 16 7 14 7 7 12 13 727 5 18
t 80 85 74 81 81 45 52 80 80 88 57 90
t 67 67 82 57 48 85 53 46 67 71 85 54
t 24 17 10 4 23 1 14 24 740 7 3 11
t 49 74 60 75 82 85 69 80 75 70 49 71
t 49 49 51 88 80 61 63 47 81 61 48 74
t 10 16 11 15 24 4 7 2 18 16 4 718
t 48 79 71 78 88 71 60 64 67 84 62 82
t 87 71 82 56 89 50 68 54 64 83 46 90
t 23 21 19 16 22 6 7 25 11 18 9 713
t 74 75 51 56 88 48 50 61 87 48 74 53
t 81 87 84 69 76 82 51 60 59 84 76 54
t 81 90 58 62 79 48 64 48 67 60 80 61
t 60 58 77 84 47 82 89 55 66 67 78 77
t 78 80 60 45 74 78 53 84 73 78 58 88
t 23 2 19 7 737 4 19 20 1 6 2 17
t 61 49 89 87 57 75 72 55 77 82 75 51
t 53 49 86 87 53 80 87 57 65 69 56 69
t 79 69 83 58 87 78 54 59 54 48 84 49
t 88 80 56 81 54 75 77 88 73 55 81 53
t 13 18 6 725 17 25 17 14 11 23 10 16
t 16 1 5 747 14 23 9 15 5 25 20 13
t 10 13 19 24 9 737 9 22 22 23 12 17
t 82 67 73 64 72 62 54 52 55 78 65 82
t 23 18 8 736 24 11 3 25 16 21 8 6
t 78 89 65 50 79 89 45 84 50 54 59 75
t 90 69 78 47 56 51 75 87 74 86 79 49
t 49 51 50 88 58 72 52 80 72 59 56 84
t 4 8 1 14 10 749 12 22 14 16 10 14
t 86 90 80 60 58 67 65 69 64 50 75 69
t 77 76 87 78 84 90 61 59 76 49 53 84
t 65 58 79 49 89 70 89 47 53 46 59 49
t 76 55 81 55 77 83 68 50 62 74 48 90
t 88 61 72 53 61 76 61 73 78 53 58 61
t 11 8 6 736 12 13 12 14 24 3 15 16
t 15 740 22 19 24 19 11 11 3 20 19 4
t 52 68 55 55 51 61 89 71 84 72 50 53
t 10 4 24 9 725 14 14 23 1 5 25 24
t 9 737 22 4 23 22 9 11 4 1 22 2
t 58 52 54 69 52 58 85 79 77 72 84 48
t 80 56 63 45 59 71 80 74 74 51 61 67
t 11 12 9 16 5 3 7 2 719 2 11 9
t 70 45 51 71 83 48 84 80 88 87 56 46
t 59 70 51 65 85 47 59 87 66 52 63 55
t 75 82 66 47 51 46 70 82 56 73 90 64
t 56 64 78 57 89 56 62 71 80 67 89 55
t 726 9 23 20 21 22 2 9 24 5 23 1
t 15 19 8 1 14 746 1 11 8 8 18 21
t 55 47 68 54 62 83 81 68 66 52 74 65
t 2 7 17 10 17 1 19 742 24 1 25 16
t 64 62 52 58 47 76 50 80 86 88 83 61
t 86 84 70 52 70 58 67 89 48 74 55 77
t 56 70 68 80 71 81 45 60 79 88 67 53
t 82 90 59 74 46 66 50 46 90 70 86 79
t 15 724 16 17 7 11 12 25 20 20 1 25
t 86 47 66 76 46 57 63 47 62 62 83 79
t 73 90 46 46 68 51 65 84 90 85 53 70
t 53 51 85 61 74 73 73 48 71 56 84 87
t 23 20 6 747 22 21 13 18 5 14 21 23
t 62 89 68 49 46 57 78 67 88 80 45 49
t 80 83 85 82 63 52 59 86 59 81 49 74
t 48 47 87 55 78 73 76 57 77 63 49 52
t 5 721 8 8 18 3 22 15 4 11 8 6
t 67 71 61 54 85 83 77 79 64 70 85 87
t 78 83 83 45 69 85 75 67 88 85 53 72
t 25 8 1 16 13 1 11 10 720 13 16 11
t 49 71 83 90 45 70 78 85 48 68 86 45
t 78 63 86 53 83 72 45 67 47 58 71 47
t 3 10 718 22 14 24 2 11 6 14 7 17
t 22 10 24 3 10 21 733 10 16 4 1 2
t 75 71 79 45 85 51 55 71 70 82 54 74
t 61 57 65 84 59 62 58 89 48 56 63 69
t 52 65 61 83 51 87 52 60 87 51 67 85
t 742 7 9 7 22 15 18 23 2 22 16 18
t 79 73 57 72 66 50 68 77 57 65 65 79
t 54 53 73 71 83 90 63 89 56 64 52 67
t 88 59 57 59 49 70 60 50 68 81 52 68
t 49 49 48 73 76 58 61 83 48 90 77 76
t 70 54 62 52 90 58 46 67 75 75 45 81
t 78 78 52 75 83 82 63 61 77 69 80 80
t 16 725 15 7 20 4 16 19 10 2 4 5
t 70 74 66 74 69 67 73 73 87 63 70 55
t 56 48 45 87 68 88 85 78 72 83 71 56
t 85 47 81 80 90 61 87 85 52 61 63 70
t 10 10 10 25 9 17 19 745 4 9 23 25
t 81 78 82 61 46 80 64 69 66 67 73 88
t 732 15 10 1 3 13 5 15 3 17 2 10
t 83 57 57 49 82 86 59 46 73 86 71 47
t 746 1 3 11 25 17 11 14 21 6 22 12
t 47 72 76 45 71 81 88 67 80 47 86 80
t 90 79 71 45 75 85 60 76 65 67 48 53
t 61 53 87 87 61 49 57 85 77 83 52 62
t 17 25 14 14 18 719 18 10 21 9 19 20
t 67 46 49 76 47 85 61 47 58 52 56 90
t 22 2 11 725 12 17 19 17 3 3 5 1
t 66 49 82 58 75 62 62 72 60 85 51 61
t 77 85 59 57 52 60 51 90 89 78 83 82
t 21 20 6 738 12 7 9 15 17 15 3 20
t 8 21 4 8 24 18 1 20 7 11 735 3
t 21 1 12 2 3 3 20 12 14 13 23 732
t 14 23 16 7 4 8 719 6 3 24 15 15
t 80 89 88 75 84 71 53 69 48 81 51 78
t 82 61 55 63 59 63 75 77 78 64 79 74
t 83 54 59 70 70 79 80 60 77 68 80 49
t 6 5 6 8 15 1 19 14 12 732 3 6
t 48 48 87 57 58 65 56 88 84 87 51 61
t 88 49 66 60 89 88 83 82 78 53 71 66
t 50 63 68 56 50 52 71 68 80 81 70 47
t 56 71 47 77 60 80 56 77 79 88 76 47
t 64 61 62 53 72 85 88 63 57 83 60 47
t 64 74 70 88 45 45 60 74 51 76 80 62
t 53 62 73 49 52 61 55 70 83 49 62 52
t 62 46 69 90 68 48 54 86 53 48 74 77
t 82 74 72 87 68 72 89 76 58 82 65 85
t 19 5 19 14 7 24 730 11 20 20 5 6
t 64 62 71 69 78 63 46 72 79 72 49 49
t 19 727 7 3 24 18 16 3 20 23 8 16
t 79 67 81 88 73 66 70 89 70 68 55 85
t 69 59 72 89 74 81 90 62 73 58 55 50
t 87 70 62 77 50 47 57 72 69 73 72 56
t 13 16 6 23 13 742 16 21 15 2 20 12
t 76 72 80 81 74 83 78 73 77 90 72 88
t 81 54 53 65 68 57 53 70 69 62 45 52
t 4 25 21 5 21 1 25 11 18 737 21 25
t 80 52 46 64 78 48 49 61 50 61 85 58
t 17 13 20 7 1 15 23 24 9 749 4 17
t 57 86 85 89 61 81 85 54 63 82 57 89
t 58 60 67 84 52 90 67 48 82 90 62 47
t 3 5 14 724 17 18 3 1 1 6 3 8
t 56 74 85 84 61 82 67 60 85 65 82 60
t 13 2 21 24 17 713 19 1 13 17 13 3
t 3 15 11 21 13 23 12 10 15 14 15 730
t 3 730 17 1 18 23 3 25 18 11 21 19
t 61 49 56 90 89 84 62 46 69 77 61 74
t 728 4 8 23 8 25 9 14 10 21 23 5
t 731 5 8 10 16 7 20 9 22 6 1 16
t 4 25 15 15 24 24 15 10 5 743 24 21
t 60 67 81 65 45 65 66 90 60 78 75 85
t 3 23 19 13 721 2 14 4 1 1 16 14
t 79 55 73 69 87 53 57 48 76 45 78 56
t 11 20 17 8 21 10 10 15 5 732 2 13
t 60 80 47 84 45 46 80 76 66 84 79 78
t 45 82 70 83 80 48 84 90 75 51 69 67
t 20 25 6 5 4 1 1 8 24 10 745 4
t 17 22 4 18 6 1 7 729 10 24 16 5
t 48 69 84 89 67 81 53 81 72 69 76 58
t 3 7 22 5 22 1 15 9 728 17 11 14
t 67 89 64 65 55 75 52 46 72 75 47 78
t 90 55 83 73 89 87 88 72 54 64 77 78
t 14 23 8 1 3 745 13 23 21 18 17 1
t 7 748 24 6 2 21 11 23 22 18 19 6
t 17 7 18 2 16 15 22 4 2 744 15 19
t 13 22 727 7 8 19 20 4 5 12 17 6
t 13 10 16 14 15 18 6 720 16 21 8 12
t 8 2 734 4 25 13 13 13 20 23 23 11
t 17 10 18 16 13 18 5 1 11 719 2 5
t 18 6 732 21 18 23 16 16 6 23 5 22
t 24 22 5 18 17 738 9 21 15 15 15 9
t 48 51 70 48 50 86 78 58 90 47 87 73
t 68 74 50 45 55 58 86 78 63 60 65 49
t 90 48 73 66 78 49 69 74 64 65 57 86
t 6 8 19 10 12 732 25 14 14 1 15 4
t 51 63 80 84 61 58 45 80 63 64 52 63
t 13 12 11 1 12 23 14 18 12 16 16 711
t 53 88 46 64 72 78 66 62 71 58 75 83
t 6 8 712 12 19 14 8 22 4 5 1 4
t 48 75 64 83 88 45 64 70 51 46 60 66
t 718 13 9 16 2 4 11 24 23 10 2 18
t 55 59 51 64 52 50 50 86 81 65 88 77
t 62 63 59 63 66 45 58 52 88 52 85 88
t 68 65 47 78 64 77 69 47 84 57 90 66
t 81 45 49 77 87 50 50 51 58 67 50 68
t 63 87 79 83 58 74 77 75 78 48 82 66
t 86 62 59 66 73 71 80 45 61 51 49 62
t 77 89 65 62 64 49 47 88 68 81 57 86
t 51 81 54 72 68 67 57 63 67 87 70 83
t 55 47 53 49 80 46 67 50 51 53 70 51
t 69 49 61 55 45 47 57 77 65 71 69 86
t 66 88 50 69 51 55 87 80 46 52 83 73
t 55 61 86 86 64 66 67 52 58 83 67 73
t 77 51 54 51 46 87 69 63 90 58 81 68
t 70 69 65 77 65 85 89 78 72 48 56 85
t 50 74 83 73 70 47 51 62 81 52 65 65
t 51 68 62 85 59 73 84 76 66 85 54 69
t 16 15 8 19 3 21 742 18 13 13 18 9
t 22 23 11 23 14 23 13 12 734 7 24 10
t 85 61 83 69 54 88 69 61 47 45 48 55
t 15 7 10 12 735 22 13 8 9 9 24 17
t 82 65 79 58 55 69 83 45 86 55 62 85
t 89 57 62 58 81 67 53 48 65 82 73 51
t 66 90 58 67 73 80 67 75 57 71 69 67
t 58 66 83 67 76 49 71 60 47 58 76 79
t 66 88 47 61 78 80 83 77 71 77 60 55
t 17 10 20 8 4 24 719 7 15 4 18 24
t 12 13 15 8 726 17 20 1 1 22 1 5
t 77 76 56 79 88 62 52 57 56 55 63 57
t 53 70 81 78 79 86 46 66 48 56 90 49
t 12 25 19 5 8 11 24 16 18 3 13 720
t 14 16 13 10 2 735 15 3 4 21 17 13
t 19 9 734 22 14 13 19 15 5 24 2 19
t 2 25 25 2 7 19 10 5 6 718 25 15
t 20 24 23 12 15 12 23 15 24 21 9 713
t 11 13 5 21 13 9 25 8 714 25 15 18
t 88 84 62 52 70 65 65 60 59 89 78 66
t 50 87 71 47 66 66 81 62 67 85 51 70
t 23 9 19 22 715 17 14 22 19 6 5 15
t 66 87 56 57 90 73 81 65 60 64 68 64
t 25 7 13 24 13 719 7 13 23 18 22 22
t 19 1 16 19 10 11 13 739 6 18 9 13
t 11 13 716 11 15 16 5 14 17 4 12 1
t 49 82 47 87 71 65 88 69 69 72 69 63
t 59 55 65 50 84 45 47 63 54 89 90 55
t 16 18 6 17 5 4 7 17 724 11 11 11
t 89 55 90 79 76 79 71 53 78 70 49 65
t 10 12 16 13 748 3 16 19 14 20 6 13
t 46 86 83 79 57 47 46 61 82 80 83 46
t 727 4 6 5 14 9 24 14 2 6 6 21
t 63 50 58 73 48 74 50 46 51 87 69 53
t 8 17 15 726 24 14 10 21 9 17 17 24
t 1 728 10 19 13 8 22 12 3 12 21 1
t 48 77 64 71 48 83 57 74 81 80 47 68
t 70 78 48 88 64 58 76 65 66 46 61 58
t 57 74 56 82 75 55 65 83 65 82 51 75
t 7 17 726 9 14 2 18 6 16 11 16 12
t 10 5 25 6 2 731 20 4 6 25 4 23
t 11 8 11 1 720 18 10 21 4 24 21 25
t 5 22 19 710 21 19 13 10 9 6 17 12
t 69 57 63 68 67 62 55 63 46 89 64 51
t 24 10 2 13 4 23 3 13 12 717 9 24
t 74 51 90 80 56 60 85 79 74 70 89 47
t 47 45 74 90 50 75 45 57 75 65 46 61
t 21 14 14 25 8 2 11 1 748 18 2 8
t 78 89 78 90 86 77 46 66 72 84 76 77
t 720 15 22 19 21 9 13 23 9 22 2 11
t 52 62 67 81 79 87 78 56 47 51 52 85
t 70 74 60 51 88 88 54 48 57 47 52 63
t 87 76 60 76 68 76 78 63 53 58 84 59
t 89 83 53 57 65 49 77 78 71 80 88 70
t 81 64 75 56 67 87 66 81 58 75 87 50
t 88 88 56 62 67 76 61 63 87 75 74 84
t 25 1 24 20 11 719 7 5 9 9 6 25
t 59 62 75 47 71 61 49 76 45 90 72 65
t 56 76 58 71 84 58 84 67 71 58 66 64
t 58 87 81 76 73 47 78 56 77 62 55 75
t 54 52 57 85 54 55 45 90 90 84 78 46
t 7 24 9 9 24 715 15 13 18 2 1 10
t 74 78 50 52 71 80 51 53 45 79 54 71
t 54 85 49 47 56 80 60 50 80 57 46 50
t 52 88 65 68 76 45 50 69 69 71 54 61
t 4 4 3 1 22 9 24 727 2 17 25 11
t 13 4 22 20 18 16 18 11 3 16 12 747
t 60 81 49 49 84 47 57 48 48 83 76 53
t 712 13 22 13 8 11 6 17 3 23 16 8
t 71 74 54 50 72 65 56 80 49 73 68 73
t 90 54 88 59 51 90 76 85 88 79 72 75
t 23 11 5 23 17 20 710 11 24 15 17 19
t 1 8 15 22 16 20 5 10 1 4 740 2
t 6 15 1 19 4 14 723 11 4 7 6 7
t 16 25 5 4 9 25 6 11 723 9 25 13
t 54 49 50 71 85 87 57 51 80 69 62 73
t 60 70 84 58 50 63 81 53 47 89 47 50
t 51 57 52 57 88 66 62 61 48 78 46 67
t 75 68 80 54 85 84 49 58 55 83 61 50
t 718 3 25 7 12 2 6 12 19 16 12 4
t 717 18 22 15 23 21 7 16 16 12 19 21
t 8 1 714 6 20 25 16 10 16 4 1 2
t 59 81 67 77 82 74 85 59 56 88 57 62
t 75 76 73 47 74 59 57 75 53 48 66 56
t 69 74 55 76 52 59 77 64 65 58 72 88
t 57 74 86 68 66 55 54 57 58 90 89 77
t 13 10 7 5 718 22 5 22 20 2 12 7
t 49 74 55 89 56 83 48 71 77 80 79 87
t 5 7 5 24 9 9 2 5 11 21 740 16
t 19 23 734 2 2 21 23 15 5 18 13 7
t 64 86 62 59 80 83 75 54 68 89 86 58
t 4 21 19 12 6 6 12 12 741 4 16 10
t 2 2 3 17 17 14 22 740 9 3 4 7
t 47 53 59 78 64 81 63 46 68 85 59 59
t 25 22 11 23 15 21 20 10 5 20 11 737
t 56 47 56 47 51 89 79 86 89 46 77 70
t 90 71 83 50 63 82 63 47 47 46 79 89
t 76 77 67 57 60 73 90 57 87 85 88 72
t 84 55 73 60 69 61 67 57 64 84 51 47
t 17 8 25 7 20 8 22 726 13 23 3 19
t 24 13 18 14 2 19 22 5 20 3 742 6
t 16 25 9 8 16 25 14 716 8 10 6 8
t 7 12 715 13 8 18 4 23 15 6 20 1
t 81 60 59 45 69 59 55 48 55 53 82 81
t 58 61 72 70 75 55 83 68 90 54 54 51
t 84 90 66 54 65 67 48 56 59 83 50 71
t 78 79 57 79 71 66 71 86 50 90 89 90
t 62 45 64 86 76 89 86 80 72 76 70 86
t 5 8 3 748 21 12 5 24 15 25 4 16
t 11 25 15 19 20 13 17 23 9 13 713 23
t 77 80 82 48 67 48 70 53 78 66 46 56
t 62 66 45 88 68 77 54 63 54 62 67 75
t 75 52 72 77 89 55 77 87 46 46 69 52
t 22 12 4 10 3 10 24 14 15 13 722 23
t 14 6 1 13 24 22 22 13 716 2 4 15
t 23 15 11 13 3 725 18 11 15 20 22 6
t 63 81 86 54 59 68 50 73 90 81 53 77
t 24 13 19 3 16 25 7 17 1 3 733 11
t 54 74 68 88 62 46 52 69 48 70 78 73
t 88 67 68 55 88 49 79 72 66 57 89 46
t 63 76 61 69 78 53 51 53 59 80 86 70
t 87 75 59 54 48 84 62 87 87 90 55 80
t 19 11 10 13 9 5 11 7 739 22 7 10
t 86 81 60 57 59 71 47 59 61 53 50 82
t 78 82 53 57 48 49 69 47 63 89 52 77
t 46 73 70 89 78 63 46 79 71 46 90 64
t 89 89 85 76 74 51 59 50 75 87 61 55
t 53 78 58 48 50 45 76 79 49 76 49 78
t 87 90 68 61 47 65 84 71 68 80 75 85
t 21 23 22 13 723 2 7 13 2 19 5 7
t 74 87 78 83 78 60 64 78 88 50 61 88
t 58 81 87 59 51 89 71 57 53 77 58 50
t 58 83 58 70 65 76 85 78 48 87 86 68
t 75 86 73 65 64 50 60 79 76 58 47 53
t 22 3 4 4 21 3 23 2 2 3 22 717
t 64 64 65 64 47 55 47 72 50 48 82 82
t 4 741 11 17 5 14 25 24 23 21 8 9
t 23 18 17 8 13 722 23 15 22 15 12 15
t 13 1 15 5 743 23 9 24 4 9 10 22
t 68 45 62 69 48 82 85 53 55 61 59 57
t 19 17 24 11 2 17 15 21 14 9 735 12
t 72 58 57 80 90 74 67 45 76 52 51 88
t 72 89 50 47 70 47 49 78 53 55 62 46
t 86 48 77 61 85 51 77 50 81 73 75 79
t 15 16 2 4 14 7 18 20 9 13 743 18
t 90 89 54 49 71 59 70 58 76 54 80 79
t 45 73 54 88 52 68 70 80 75 53 48 84
t 55 82 78 53 70 63 46 82 71 59 89 82
t 80 66 45 86 82 47 88 58 70 84 84 57
t 87 77 65 65 89 77 57 87 69 74 53 57
t 11 12 721 12 1 14 22 4 21 13 22 12
t 7 9 24 23 743 14 19 5 16 12 8 12
t 23 17 7 24 12 14 9 3 1 742 25 3
t 51 60 84 45 74 51 77 82 60 58 63 81
t 45 78 88 84 47 88 83 51 51 71 78 76
t 5 24 1 13 25 24 13 14 14 13 14 722
t 59 71 66 48 45 69 52 67 71 77 68 49
t 11 10 23 9 734 18 5 4 9 25 11 8
t 90 81 56 52 74 58 73 89 71 69 73 48
t 85 77 62 51 75 50 67 88 47 47 73 55
t 58 51 83 81 49 66 89 84 52 67 62 61
t 48 63 77 71 53 52 46 83 74 77 60 73
t 89 57 82 48 83 68 60 52 47 76 73 57
t 85 67 82 88 69 77 49 54 47 89 68 80
t 62 46 69 53 68 76 90 85 78 68 78 78
t 7 14 12 5 8 18 740 4 11 11 2 13
t 76 56 86 65 48 67 89 65 66 84 74 71
t 55 54 53 58 56 66 48 56 49 49 51 78
t 53 87 54 47 71 77 51 49 63 56 66 50
t 75 84 69 73 50 60 67 53 77 58 86 45
t 82 73 80 67 51 89 45 72 82 56 84 54
t 23 4 14 18 4 16 20 5 5 7 738 20
t 72 72 71 65 61 78 46 50 77 50 83 87
t 76 75 62 55 53 48 60 80 50 48 77 62
t 10 15 2 1 733 8 21 10 1 15 11 6
t 741 6 5 24 2 11 19 4 25 22 19 5
t 74 83 54 64 54 78 68 64 57 77 57 53
t 85 89 64 63 66 70 49 66 87 48 58 69
t 71 73 81 50 55 53 88 67 62 73 55 53
t 710 13 18 9 24 1 12 8 20 12 23 19
t 73 77 84 89 62 78 56 46 78 57 46 78
t 88 51 66 69 60 88 77 65 51 60 70 75
t 18 719 15 18 16 23 6 23 3 13 18 20
t 74 85 79 54 74 88 88 67 71 70 73 75
t 15 14 23 15 21 13 16 12 8 711 21 3
t 83 48 85 45 90 56 64 71 70 84 86 70
t 15 12 9 24 16 13 723 23 2 17 19 5
t 734 2 12 18 14 21 4 8 18 5 17 20
t 46 64 75 58 81 85 84 63 83 53 86 66
t 22 16 25 12 10 21 728 6 13 16 10 8
t 6 2 8 7 10 2 730 25 21 5 11 22
t 82 55 78 76 79 88 52 49 90 50 53 80
t 7 21 20 24 22 11 20 20 22 16 722 12
t 64 84 67 69 46 86 77 47 60 62 59 46
t 2 743 5 1 13 8 21 15 15 6 7 17
t 48 45 53 76 80 60 67 59 52 46 73 56
t 23 18 8 7 12 17 731 23 24 9 19 8
t 62 52 48 62 47 47 75 45 61 75 81 85
t 46 70 61 64 49 56 83 59 83 79 73 77
t 17 11 23 11 2 5 21 13 23 748 7 15
t 51 72 69 68 50 67 73 57 86 83 79 58
t 50 58 88 72 89 88 65 78 49 89 70 57
t 22 11 712 19 4 7 22 14 21 14 14 22
t 48 49 85 87 49 83 64 73 81 65 77 90
t 20 9 13 1 9 21 5 22 740 6 20 11
t 13 12 724 7 16 6 24 8 2 8 22 19
t 76 52 71 81 77 45 52 50 68 53 66 53
t 6 21 723 5 10 2 18 23 24 6 20 20
t 82 72 81 66 73 85 73 48 64 59 63 47
t 48 54 45 79 72 49 78 60 66 60 56 70
t 18 15 5 11 10 2 6 25 19 21 24 716
t 69 62 83 67 87 72 71 58 84 83 62 86
t 60 47 46 54 45 64 45 61 47 79 83 85
t 58 71 47 82 53 86 69 88 79 47 49 78
t 2 25 25 6 12 15 740 22 6 4 18 14
t 17 5 3 5 5 25 7 5 21 20 712 22
t 48 78 74 55 73 79 79 65 48 61 75 86
t 22 22 7 737 2 15 2 9 24 8 21 12
t 83 66 49 69 70 57 78 47 90 58 70 66
t 47 85 80 72 45 69 46 85 61 52 84 65
t 77 78 83 58 69 89 83 45 60 54 88 59
t 83 64 56 50 74 82 58 82 57 89 87 51
t 14 24 1 12 11 1 3 21 5 23 742 17
t 49 81 68 87 56 49 48 50 82 74 46 49
t 71 67 83 65 65 70 55 48 64 77 54 47
t 74 76 54 73 71 66 67 67 88 60 81 80
t 50 76 68 77 63 45 88 47 76 73 83 54
t 78 67 60 64 69 53 76 88 86 48 79 62
t 14 714 6 16 11 10 14 15 17 13 21 15
t 720 20 22 8 16 1 13 24 20 3 14 5
t 78 45 64 89 74 46 46 77 62 68 83 88
t 63 54 76 76 88 79 57 56 81 66 52 54
t 54 70 76 78 71 53 89 45 85 45 59 71
t 78 68 58 67 78 81 55 65 89 65 87 90
t 61 84 62 86 48 77 49 82 62 77 68 90
t 58 52 81 81 53 67 89 76 46 45 82 76
t 69 80 71 60 62 46 72 62 70 85 65 79
t 72 71 69 60 77 73 87 60 80 60 79 52
t 45 47 67 87 63 47 67 80 72 85 58 51
t 17 719 19 9 24 24 12 25 2 20 10 14
t 1 15 22 20 8 25 5 13 13 741 12 18
t 45 71 73 56 59 86 87 67 88 76 63 48
t 71 90 58 66 56 58 90 53 59 67 73 63
t 23 10 14 711 19 17 13 17 21 7 4 9
t 52 68 81 62 82 86 89 76 67 88 54 46
t 60 90 70 81 77 90 77 80 90 75 45 76
t 58 52 47 68 49 77 57 74 64 82 72 57
t 13 20 4 12 723 2 3 1 19 21 9 7
t 89 51 59 61 75 52 74 70 83 77 86 55
t 12 13 11 9 1 21 1 23 718 23 24 21
t 25 12 1 10 711 16 5 20 25 1 22 18
t 58 59 85 75 60 68 64 84 61 90 73 82
t 85 61 88 50 50 52 89 72 70 79 73 55
t 51 90 90 82 49 78 64 45 58 75 67 59
t 82 72 85 50 58 78 76 58 56 69 83 66
t 23 13 14 10 12 2 727 7 8 24 11 11
t 21 23 21 16 737 19 17 7 13 4 20 21
t 78 47 56 61 74 73 55 69 82 78 74 86
t 55 53 64 87 58 73 48 72 86 48 50 88
t 87 46 82 59 50 48 73 71 85 52 49 78
t 52 68 46 58 47 74 70 89 53 83 51 85
t 25 15 8 4 22 1 745 18 15 25 6 22
t 57 71 82 45 78 86 73 90 70 84 55 77
t 63 61 52 48 50 74 77 50 46 68 83 50
t 81 50 45 67 45 82 82 57 56 83 83 86
t 85 79 80 75 54 90 60 84 64 86 78 72
t 1 8 5 20 9 21 13 5 22 6 25 742
t 76 79 49 65 79 52 69 65 71 47 66 61
t 66 79 63 50 75 67 73 51 54 90 86 71
t 16 14 9 15 5 25 3 15 25 17 727 10
t 86 81 84 48 63 83 66 51 74 60 72 53
t 18 12 12 715 20 19 5 4 2 19 1 10
t 62 71 73 79 70 74 57 60 62 51 57 63
t 22 1 22 11 24 726 23 23 7 8 17 25
t 6 7 18 15 717 17 25 14 17 20 14 18
t 87 54 87 45 82 75 65 53 89 55 62 67
t 11 743 14 25 19 15 2 17 3 13 3 25
t 47 53 87 66 90 71 82 65 60 58 86 75
t 11 8 23 8 16 24 718 17 21 4 13 25
t 748 16 4 19 10 1 24 9 8 18 15 4
t 56 57 81 75 75 74 65 76 80 68 50 52
t 77 77 54 60 50 67 54 54 76 80 51 56
t 9 20 5 22 1 10 2 10 6 5 745 2
t 46 79 47 74 73 81 81 48 58 62 82 75
t 81 90 49 60 50 62 85 68 74 87 62 65
t 1 20 7 15 2 2 8 23 8 3 25 723
t 75 83 83 46 74 90 58 45 87 83 46 77
t 62 45 80 77 64 74 57 79 86 82 88 57
t 64 85 47 49 80 84 75 46 61 58 73 50
t 62 64 79 64 85 89 53 71 54 89 45 83
t 47 54 58 57 78 65 53 54 68 74 61 63
t 55 66 58 78 70 70 46 50 84 72 79 86
t 90 73 69 59 84 77 88 72 68 85 72 53
t 68 67 82 77 59 84 73 49 53 86 58 50
t 3 21 7 18 741 24 18 3 25 9 13 17
t 71 89 56 47 72 66 47 84 53 62 49 75
t 25 3 13 17 25 14 13 24 16 729 6 13
t 13 23 731 21 15 24 11 24 22 3 8 16
t 61 87 50 61 89 83 70 57 77 89 87 70
t 1 2 3 741 5 5 7 21 22 14 11 19
t 63 59 62 58 67 88 62 88 50 73 61 66
t 21 3 8 25 12 11 17 15 22 16 19 739
t 3 735 13 18 21 24 19 2 19 23 8 2
t 68 74 81 54 84 59 85 79 81 83 74 56
t 88 60 87 45 46 64 47 60 67 68 88 56
t 79 60 87 79 51 77 87 65 83 65 78 63
t 12 5 19 729 21 24 20 8 24 15 4 19
t 18 10 24 2 4 15 17 24 15 9 1 711
t 12 6 12 1 2 9 21 12 6 719 13 25
t 65 69 52 83 47 65 51 57 73 59 71 72
t 25 17 21 22 14 18 22 716 3 22 18 1
t 58 85 87 73 83 65 70 79 70 54 72 51
t 729 5 20 20 3 7 12 21 25 10 8 24
t 60 45 59 59 88 55 47 52 45 45 57 86
t 61 72 81 70 81 76 59 88 46 45 71 70
t 2 25 17 22 25 23 735 12 2 2 17 24
t 80 82 63 70 73 48 48 48 83 76 86 57
t 22 6 14 3 714 16 7 19 18 10 22 21
t 85 82 85 49 70 84 62 72 78 83 68 84
t 50 67 85 85 49 89 60 73 89 83 65 58
t 63 75 86 66 55 61 84 45 51 71 87 60
t 712 25 22 18 9 23 14 9 17 15 19 3
t 83 58 51 52 64 50 60 79 49 60 82 72
t 90 64 46 52 52 55 52 59 48 85 76 74
t 68 82 68 67 61 73 67 51 82 74 75 82
t 57 81 64 77 75 68 49 70 49 60 47 88
t 22 7 15 10 20 723 19 12 8 15 10 13
t 11 1 731 18 11 18 23 9 12 24 20 12
t 79 55 76 55 90 46 74 70 66 51 76 84
t 6 10 22 17 16 723 22 17 2 25 20 2
t 53 45 62 58 57 65 46 54 58 69 60 54
t 55 45 49 56 49 80 72 87 67 90 58 65
t 4 4 725 2 9 7 9 18 22 23 1 6
t 66 63 59 70 61 77 67 57 57 61 72 80
t 23 23 715 21 21 13 15 3 20 15 21 24
t 55 80 55 80 51 80 79 70 45 67 81 53
t 18 11 3 11 6 8 733 13 25 9 9 4
t 2 17 22 2 15 25 21 10 15 714 25 15
t 60 46 69 53 45 84 49 58 85 64 45 73
t 21 14 14 13 1 719 6 11 13 23 20 14
t 16 3 21 6 727 19 25 19 14 2 18 23
t 45 81 84 60 68 81 78 72 81 82 60 60
t 62 60 48 60 51 52 82 56 45 80 51 86
t 15 1 23 711 22 2 1 9 17 3 21 10
t 66 60 87 48 71 88 57 53 71 52 58 55
t 90 60 66 82 59 89 45 53 55 78 49 88
t 84 49 85 67 64 83 47 55 78 60 75 51
t 1 6 2 8 718 17 14 24 16 3 22 10
t 56 70 81 83 86 81 87 48 89 63 86 57
t 16 5 18 5 18 2 10 14 13 22 7 740
t 65 70 80 48 58 54 70 48 74 55 81 46
t 19 14 2 734 14 16 21 25 12 6 7 24
t 72 63 57 45 54 59 45 52 86 72 57 89
t 79 85 71 59 55 66 80 50 48 87 83 66
t 4 22 7 9 14 740 22 14 10 9 19 1
t 76 85 74 54 58 80 76 87 59 54 81 87
t 85 87 68 79 46 57 89 45 71 63 71 80
t 70 45 90 63 77 78 89 48 71 50 50 88
t 77 90 56 71 71 46 84 82 67 77 46 62
t 69 55 52 71 65 83 83 64 55 80 60 62
t 6 22 11 3 719 6 19 13 9 25 7 12
t 63 88 77 52 52 61 59 55 89 89 62 58
t 69 86 53 61 66 88 58 78 87 47 85 89
t 54 58 81 52 84 58 50 70 45 70 79 80
t 55 87 49 64 76 75 84 54 45 78 84 54
t 12 19 10 739 1 20 7 3 3 8 20 7
t 51 86 71 72 72 76 48 47 64 84 57 48
t 2 742 20 22 17 1 9 14 19 13 7 14
t 65 68 70 79 76 79 46 82 83 57 52 69
t 75 79 48 81 74 65 64 86 78 70 55 51
t 76 58 79 88 76 60 89 67 82 52 81 45
t 14 6 19 13 1 4 718 8 14 1 24 21
t 2 16 2 24 22 15 17 6 8 1 19 733
t 87 48 67 80 89 52 80 55 58 65 46 56
t 59 79 82 67 89 61 56 83 90 67 56 62
t 69 87 50 73 83 53 81 87 78 73 50 47
t 25 8 24 13 24 5 17 8 721 2 6 13
t 51 46 63 57 56 77 88 89 65 46 85 50
t 76 61 54 61 56 59 55 77 63 51 68 81
t 78 81 71 87 81 49 57 56 52 68 82 73
t 88 51 85 77 57 86 70 47 51 67 80 85
t 2 14 5 7 25 9 15 716 1 23 12 7
t 51 49 81 75 90 52 88 55 54 80 90 89
t 78 49 55 69 60 46 59 69 48 86 82 54
t 20 1 10 15 19 5 1 10 725 16 25 15
t 48 65 90 45 66 77 68 52 48 74 70 50
t 57 51 47 81 54 85 63 65 69 75 53 51
t 53 75 47 48 70 71 45 61 46 75 80 86
t 20 16 3 11 14 3 17 18 7 5 6 735
t 67 49 55 63 50 78 89 54 71 49 51 57
t 48 75 84 56 90 86 86 52 49 62 63 49
t 23 7 23 25 7 22 722 17 3 21 14 12
t 13 7 6 20 21 9 6 3 10 25 22 710
t 81 46 82 71 70 55 54 62 54 62 57 71
t 55 64 79 86 51 58 67 82 90 63 72 51
t 87 65 72 74 63 57 53 67 50 90 78 49
t 58 88 66 54 46 82 50 63 77 48 62 59
t 72 86 54 63 81 49 49 76 75 60 45 85
t 90 49 58 58 52 50 90 85 68 63 62 83
t 5 3 21 730 22 16 20 14 12 12 8 24
t 45 81 69 54 50 45 57 49 89 69 46 56
t 2 17 2 746 22 1 17 14 7 24 2 3
t 75 85 81 52 90 62 83 89 76 79 66 83
t 24 18 13 1 15 18 746 22 16 14 16 13
t 54 61 74 87 68 87 55 84 79 69 66 52
t 14 7 15 748 21 11 23 15 21 15 11 20
t 66 83 66 87 81 49 68 46 70 68 69 56
t 65 62 61 83 85 57 47 65 81 50 47 56
t 66 45 57 56 50 58 77 58 61 81 61 63
t 18 4 24 18 20 11 12 4 7 733 22 15
t 56 61 82 50 49 49 49 47 46 84 71 81
t 744 18 17 2 9 7 10 13 14 11 15 10
t 70 62 65 71 84 89 48 68 87 64 88 64
t 22 19 2 23 711 6 15 11 2 22 20 3
t 81 48 80 51 79 71 55 71 45 49 74 75
t 90 47 56 82 61 77 79 54 75 68 52 79
t 51 78 79 64 88 76 56 88 84 85 78 52
t 86 75 69 64 47 47 67 65 82 67 87 63
t 5 4 717 17 16 1 9 5 5 18 13 25
t 24 8 18 17 4 4 1 5 713 2 24 5
t 82 52 46 45 86 75 74 69 51 66 45 88
t 84 54 48 82 47 53 72 67 88 67 60 65
t 69 72 86 72 57 74 66 64 64 85 63 66
t 81 54 52 65 50 63 89 70 88 58 53 65
t 23 23 20 730 6 11 11 25 7 7 18 21
t 82 56 72 82 74 58 85 55 57 48 66 62
t 13 3 19 11 14 3 24 733 12 25 15 2
t 8 25 2 11 15 19 21 737 15 22 18 16
t 81 87 83 69 84 81 70 58 78 47 45 63
t 71 87 70 56 70 57 69 57 73 72 65 62
t 24 18 1 7 14 18 20 9 13 713 24 8
t 85 69 82 47 90 73 75 68 59 85 63 87
t 58 67 66 50 54 71 63 54 62 89 68 83
t 58 47 73 89 85 69 61 49 62 73 83 68
t 63 74 77 47 53 76 77 75 82 82 81 60
t 57 83 68 68 86 74 65 68 90 74 51 48
t 78 54 76 86 71 53 85 74 80 63 66 46
t 87 88 86 82 89 82 84 56 80 78 88 54
t 47 78 80 88 57 88 57 77 87 82 72 78
t 84 81 61 84 57 63 83 78 67 78 67 87
t 76 52 81 49 57 81 80 84 79 65 69 62
t 47 47 76 59 70 47 64 77 67 88 58 86
t 70 63 78 59 75 45 74 67 70 45 58 45
t 17 18 21 15 24 15 4 15 5 714 23 21
t 52 66 84 80 82 46 87 76 88 82 82 60
t 58 57 46 51 46 88 84 70 70 49 58 85
t 89 46 78 67 87 45 55 59 46 85 50 58
t 1 9 1 5 23 21 20 3 736 12 20 22
t 1 12 9 2 25 744 23 8 18 15 17 24
t 54 56 73 76 60 55 74 81 77 68 52 50
t 90 75 78 52 82 85 47 76 45 60 75 61
t 83 80 63 50 75 55 79 47 82 69 88 55
t 713 8 17 22 5 5 7 7 8 17 7 4
t 83 84 85 47 62 81 63 49 80 46 65 47
t 23 9 25 718 2 16 24 21 4 5 12 2
t 87 81 74 89 73 76 86 63 71 69 85 79
t 8 24 14 11 17 6 6 2 9 25 16 729
t 24 1 21 24 23 17 2 18 23 733 3 1
t 48 62 79 52 60 75 48 62 80 45 90 71
t 55 68 72 49 80 66 64 45 71 56 60 49
t 3 19 22 16 6 2 23 3 21 15 12 725
t 6 21 2 24 11 738 9 7 9 12 17 4
t 46 58 87 69 65 72 58 65 87 63 83 67
t 58 73 62 64 57 86 75 56 89 49 62 59
t 57 46 55 78 75 51 66 83 67 65 76 46
t 4 2 13 7 22 24 12 20 8 724 13 5
t 51 71 76 59 85 60 84 77 49 47 53 63
t 12 17 1 25 24 23 20 8 11 18 9 749
t 45 71 65 51 69 56 73 68 46 46 71 68
t 4 24 22 19 9 20 14 11 3 733 25 14
t 77 61 77 71 52 60 75 87 61 76 88 71
t 6 19 12 23 15 20 722 7 10 8 21 7
t 77 61 64 89 76 73 61 84 77 58 60 51
t 48 90 86 73 65 59 60 62 72 61 79 57
t 8 15 24 18 4 16 24 1 717 14 6 23
t 50 48 57 46 54 87 58 77 81 78 90 56
t 46 88 47 73 83 73 88 45 75 74 59 79
t 15 4 4 1 16 20 6 3 20 747 22 13
t 25 12 2 15 22 15 721 23 8 22 1 4
t 2 17 18 3 17 22 6 14 718 19 21 21
t 66 65 59 56 53 79 67 62 59 50 50 74
t 58 87 57 74 81 48 46 88 48 75 80 53
t 49 52 82 46 60 79 55 90 74 59 62 46
t 80 83 62 74 49 51 81 86 80 72 90 81
t 66 68 85 57 78 78 89 59 81 64 83 60
t 3 9 749 21 8 2 10 20 18 7 11 7
t 13 16 732 14 11 17 11 15 18 1 21 12
t 68 59 77 87 63 74 52 61 68 65 82 60
t 56 53 90 87 57 79 70 87 78 75 77 86
t 6 2 717 13 10 13 1 19 11 20 17 13
t 17 20 22 8 19 19 9 15 11 717 8 6
t 73 45 47 87 49 46 46 66 75 80 68 47
t 46 47 88 45 49 58 90 55 86 53 76 79
t 2 8 11 6 1 735 1 5 6 20 9 6
t 23 3 6 748 13 9 21 2 24 2 9 24
t 74 52 53 50 76 83 88 78 57 48 77 84
t 1 18 15 12 12 14 16 22 18 723 4 17
t 90 57 74 74 45 88 85 73 86 85 68 75
t 65 74 59 63 77 65 79 75 90 51 88 68
t 49 58 75 47 47 74 48 64 50 50 71 49
t 8 14 715 7 13 9 14 8 7 10 25 23
t 25 20 4 3 19 4 5 6 3 8 1 729
t 65 49 81 80 48 61 89 50 84 85 71 78
t 86 46 52 46 86 54 67 68 66 76 72 78
t 22 21 25 21 8 7 20 14 25 13 25 726
t 8 13 22 12 16 720 10 8 21 4 1 18
t 72 74 67 48 60 54 56 51 81 58 49 76
t 22 19 734 22 10 11 14 15 3 9 9 19
t 61 82 47 70 75 74 80 70 79 54 69 85
t 70 54 85 51 46 59 68 59 89 78 69 75
t 68 48 87 45 45 54 56 46 66 49 47 67
t 88 50 66 87 56 81 84 83 60 64 83 73
t 79 78 65 74 63 90 87 82 61 76 45 61
t 1 22 19 9 17 1 4 4 8 25 13 745
t 73 70 66 52 77 68 61 88 80 63 49 78
t 13 4 19 22 16 21 718 24 13 18 15 25
t 52 72 53 83 72 80 49 48 73 56 77 66
t 90 71 47 55 79 83 86 57 50 89 87 89
t 51 70 55 86 83 57 57 86 71 48 79 73
t 45 73 63 79 85 63 88 90 59 55 67 49
t 19 24 23 13 5 14 4 17 745 22 7 14
t 6 2 736 8 25 16 9 10 8 3 12 17
t 16 1 8 13 8 21 5 713 13 9 23 14
t 7 15 14 23 2 25 10 4 12 15 19 711
t 51 71 77 65 56 81 89 68 86 47 74 68
t 11 23 24 7 24 24 14 2 20 11 25 725
t 17 10 14 11 10 17 22 8 17 721 2 9
t 76 52 73 54 50 81 61 53 47 65 85 48
t 10 12 722 10 20 1 15 2 25 25 5 1
t 22 13 23 12 18 740 13 4 6 9 16 8
t 19 719 14 4 7 3 15 25 13 15 19 14
t 6 748 3 7 3 23 24 17 20 23 4 6
t 8 713 16 18 23 4 23 6 12 17 11 12
t 58 61 53 64 64 64 89 60 82 74 46 86
t 11 4 3 12 4 1 1 15 24 724 15 17
t 80 45 67 87 76 45 71 61 86 63 76 56
t 14 23 21 15 13 16 19 15 14 718 16 22
t 69 66 86 82 83 86 48 76 71 56 89 59
t 9 13 25 4 8 3 10 729 21 11 8 10
t 56 47 48 73 72 72 57 73 79 86 69 69
t 2 713 14 7 6 5 7 5 6 8 7 20
t 90 55 80 54 58 65 83 90 64 62 84 48
t 49 75 52 57 54 65 79 49 68 80 55 82
t 57 88 77 78 71 64 54 78 55 67 88 78
t 46 68 61 70 75 53 47 55 77 55 63 57
t 84 56 64 63 77 46 80 79 72 74 56 67
t 12 5 18 23 21 14 12 20 9 14 725 24
t 57 57 62 86 48 67 78 74 77 77 69 50
t 53 88 73 65 62 68 49 72 59 84 80 82
t 69 59 66 47 58 89 77 50 74 57 88 86
t 83 48 74 80 64 57 76 56 66 60 89 48
t 56 65 62 55 65 71 58 83 71 71 76 49
t 48 45 71 45 85 84 85 71 87 83 59 76
t 57 53 71 81 52 68 63 78 89 80 51 86
t 60 83 90 68 61 47 77 64 50 89 65 55
t 59 70 68 64 89 87 71 58 45 59 61 68
t 15 24 736 8 17 25 7 3 15 22 12 16
t 72 87 73 61 84 79 74 46 55 66 53 65
t 66 54 73 84 77 70 75 79 54 52 77 85
t 10 1 22 7 8 3 17 17 5 733 8 2
t 19 17 12 17 19 5 17 716 24 10 24 11
t 56 64 53 79 88 62 87 59 55 54 58 65
t 66 79 82 65 65 62 83 75 52 61 73 72
t 54 68 60 52 84 55 87 45 57 53 66 45
t 46 65 81 55 51 50 49 75 62 79 77 57
t 61 83 54 65 62 89 52 72 87 75 67 80
t 50 64 70 73 49 66 50 51 76 47 79 75
t 15 7 14 7 5 10 736 4 11 3 3 12
t 722 23 11 12 16 24 18 10 10 13 15 9
t 55 71 80 72 69 66 53 69 55 77 56 86
t 726 20 11 10 10 4 17 5 12 7 18 8
t 49 73 46 77 88 68 79 70 65 47 61 63
t 70 83 88 86 77 47 76 52 74 86 70 46
t 11 19 14 2 20 23 21 1 11 20 14 716
t 84 85 46 48 47 50 58 64 89 84 73 86
t 67 53 84 77 48 89 83 81 87 83 82 82
t 2 19 23 12 1 10 718 16 2 3 10 18
t 9 3 24 17 8 13 717 22 13 14 10 8
t 21 6 7 9 10 17 17 5 6 24 738 17
t 61 45 58 50 60 47 79 49 82 50 48 58
t 84 53 66 53 86 59 74 60 90 48 48 46
t 88 71 46 49 58 85 69 72 78 56 50 90
t 74 55 48 83 70 57 65 51 61 88 81 77
t 58 63 90 66 66 56 90 74 79 87 77 49
t 88 77 86 87 45 61 84 49 80 52 82 57
t 20 17 7 20 7 22 24 1 710 20 16 16
t 10 14 11 24 732 24 18 21 15 15 7 20
t 67 66 80 62 53 57 69 64 69 69 46 88
t 22 24 6 19 713 8 5 3 15 20 18 20
t 6 7 6 12 12 718 13 16 18 3 14 12
t 18 4 23 13 21 5 747 2 18 5 10 17
t 66 64 70 50 60 61 78 72 86 64 75 53
t 7 19 19 22 24 4 16 21 728 9 23 7
t 45 72 78 45 55 72 87 87 89 58 87 54
t 83 58 85 71 49 74 87 57 70 49 49 45
t 13 19 5 17 742 16 5 22 7 19 6 5
t 50 70 65 58 82 52 81 52 53 75 56 52
t 713 18 13 8 11 12 8 14 23 14 7 4
t 84 45 64 55 62 76 63 45 50 58 87 82
t 72 56 64 57 80 60 89 67 56 77 50 67
t 85 45 63 82 79 56 63 75 55 77 51 72
t 90 63 73 54 46 54 86 74 70 59 73 67
t 51 62 71 55 56 88 78 46 55 82 83 57
t 9 19 16 716 7 18 9 14 1 13 6 10
t 65 89 48 62 66 88 71 90 88 57 64 73
t 58 87 45 65 64 60 85 67 85 61 51 72
t 16 19 5 18 4 19 18 18 13 1 14 733
t 79 52 45 57 74 70 88 65 81 80 68 53
t 8 23 21 2 7 15 14 719 24 8 16 25
t 13 18 1 24 2 8 14 7 12 22 745 18
t 89 60 48 72 72 48 87 86 64 85 90 54
t 14 732 7 4 22 23 14 12 13 4 20 23
t 72 73 45 84 49 52 88 49 85 71 85 87
t 63 53 63 53 78 52 45 81 58 46 57 50
t 1 11 22 18 14 745 22 23 20 23 20 25
t 51 89 87 74 70 49 90 53 62 69 45 45
t 8 2 1 21 23 15 20 16 14 18 712 7
t 75 60 89 82 57 73 69 58 55 90 47 71
t 73 57 70 46 63 78 53 86 72 74 60 62
t 54 86 46 88 78 58 82 48 70 52 69 59
t 18 11 20 14 14 21 7 4 9 7 2 749
t 57 61 46 87 56 89 48 69 87 50 63 77
t 2 2 6 724 18 19 25 1 5 13 12 7
t 6 20 17 4 10 21 737 2 5 9 10 4
t 23 4 16 15 19 25 7 15 13 4 724 13
t 89 60 83 47 81 78 51 68 75 54 64 49
t 62 63 47 49 76 51 58 75 87 57 67 70
t 55 60 73 55 49 83 50 88 82 56 51 75
t 61 78 90 65 87 79 88 86 53 53 74 58
t 19 13 14 13 1 3 24 12 16 743 12 19
t 8 21 19 19 15 23 737 18 6 22 12 9
t 21 721 4 15 12 10 11 25 9 22 15 7
t 19 23 8 24 16 8 13 17 22 6 7 743
t 84 85 74 55 55 88 50 82 86 75 76 63
t 57 65 66 54 55 70 65 73 53 90 87 83
t 73 64 49 86 51 58 78 58 62 83 81 67
t 63 57 60 55 90 60 45 55 84 49 66 59
t 67 65 46 71 62 83 62 52 58 47 64 72
t 18 19 14 18 12 18 729 11 4 5 21 10
t 5 14 23 732 16 11 17 12 5 21 1 18
t 5 10 6 23 21 10 6 21 10 16 720 13
t 47 47 65 71 70 60 63 81 82 65 55 66
t 55 64 53 49 50 48 61 55 65 62 64 77
t 52 80 46 68 64 89 48 56 66 75 46 68
t 72 88 45 64 75 87 83 46 76 70 50 79
t 10 9 7 9 7 17 11 7 23 727 18 9
t 52 64 45 84 56 68 62 52 90 77 58 49
t 9 1 9 3 16 18 21 719 15 5 20 7
t 10 11 24 17 2 10 4 5 4 14 715 10
t 52 50 77 80 68 57 49 64 65 79 55 67
t 55 87 87 46 66 90 75 76 53 57 82 70
t 20 13 19 745 24 6 18 10 21 15 4 9
t 17 21 10 735 11 18 21 2 7 8 19 4
t 68 85 73 73 52 66 71 70 53 79 63 60
t 68 88 62 50 74 79 52 76 54 67 58 81
t 85 60 79 63 49 48 50 77 78 50 81 47
t 82 72 86 83 67 86 49 67 87 45 50 68
t 16 11 25 19 10 15 5 24 15 727 22 11
t 24 14 23 747 10 25 8 25 21 21 22 2
t 87 72 71 57 87 56 84 90 62 52 55 90
t 62 54 51 69 53 48 77 82 68 81 59 53
t 69 53 62 78 90 64 65 54 87 54 68 55
t 22 4 1 10 25 11 713 22 6 8 6 20
t 83 47 52 55 81 77 52 82 86 69 85 87
t 71 81 46 72 64 52 62 53 52 77 74 61
t 22 741 25 15 15 14 18 1 2 20 12 16
t 76 79 72 58 52 49 84 87 47 56 51 78
t 17 8 742 25 15 6 9 19 19 2 6 1
t 21 8 17 742 20 12 5 17 22 2 22 8
t 58 70 71 48 47 64 68 56 65 63 64 72
t 46 45 77 77 78 60 73 59 65 47 86 46
t 46 53 51 47 81 63 57 72 47 82 58 52
t 63 73 46 53 67 76 49 73 56 63 71 51
t 90 49 79 60 68 59 73 86 59 59 68 73
t 74 67 65 83 88 45 66 83 65 72 56 66
t 89 66 65 78 68 51 88 84 90 70 81 58
t 732 18 12 25 19 24 15 13 10 3 17 19
t 18 25 11 1 25 5 718 24 22 7 6 2
t 84 79 76 50 78 55 83 57 59 89 56 74
t 89 58 58 67 50 56 88 47 89 70 49 56
t 5 5 25 22 741 1 3 17 21 23 12 17
t 9 23 711 12 13 18 23 17 17 10 24 5
t 73 77 63 49 53 90 89 79 88 75 72 77
t 5 1 20 2 24 2 13 20 726 21 1 19
t 66 53 83 85 56 81 47 75 51 51 65 81
t 79 77 56 80 76 50 75 61 79 57 47 75
t 52 48 78 83 74 66 85 54 62 57 63 79
t 67 51 52 86 48 48 70 57 57 47 73 57
t 45 54 69 79 48 48 79 79 67 68 66 49
t 20 23 5 18 712 6 1 14 15 23 17 4
t 5 13 726 14 12 12 4 9 24 11 18 8
t 72 86 55 54 84 45 70 77 79 49 47 71
t 17 19 9 14 1 5 8 19 9 10 746 23
t 55 51 87 61 58 60 60 89 71 78 56 56
t 9 10 23 721 11 11 5 23 7 15 7 14
t 72 75 45 66 71 54 49 89 62 89 55 47
t 90 63 86 65 62 47 71 73 60 70 89 82
t 68 50 73 88 45 52 81 66 53 74 63 85
t 23 11 23 21 21 9 15 15 741 1 13 13
t 79 84 78 62 54 68 89 83 54 88 63 52
t 17 18 25 736 4 11 23 24 18 20 21 16
t 62 54 54 63 71 81 86 82 48 65 61 86
t 89 52 47 57 76 72 67 49 81 50 83 84
t 17 4 9 5 6 7 7 22 1 25 748 16
t 8 22 14 23 25 25 723 5 22 6 12 20
t 13 5 15 17 740 12 21 9 3 9 16 19
t 6 10 12 13 730 20 11 12 7 24 13 18
t 50 71 63 84 84 86 66 70 51 67 47 60
t 50 50 81 54 51 83 71 52 55 68 63 54
t 5 3 16 6 2 24 3 15 20 19 726 11
t 23 713 2 3 18 14 1 1 15 9 11 5
t 1 2 9 11 22 3 7 17 14 6 735 21
t 78 51 82 88 73 60 51 90 78 67 73 82
t 85 55 55 76 57 87 49 65 86 58 78 70
t 4 2 23 21 20 7 23 16 746 14 3 5
t 45 65 83 80 46 89 82 53 89 56 55 48
t 69 70 75 55 67 53 51 72 71 57 72 65
t 55 52 47 89 51 77 60 80 79 54 72 79
t 79 79 53 85 70 45 47 54 69 79 54 68
t 5 5 728 25 25 21 25 24 24 4 25 16
t 48 47 83 54 51 88 63 50 50 82 77 85
t 58 76 63 78 73 48 65 73 48 53 54 68
t 729 7 25 5 2 25 6 13 13 14 4 14
t 744 24 24 3 19 25 10 16 23 15 1 5
t 66 78 76 70 50 83 71 83 58 70 80 61
t 52 64 45 53 47 59 87 69 54 60 56 57
t 17 1 3 23 7 21 14 748 9 7 17 13
t 17 12 2 14 22 12 719 23 6 9 20 25
t 730 17 7 20 17 11 11 11 17 24 10 10
t 17 22 17 19 16 1 8 5 16 741 14 1
t 2 17 10 19 19 23 19 748 24 25 11 17
t 63 46 87 76 85 81 47 77 61 64 50 79
t 89 66 53 83 75 46 77 85 74 51 70 62
t 13 14 2 18 9 13 22 3 724 5 1 7
t 12 9 25 23 24 6 17 715 18 17 3 20
t 87 47 75 66 61 69 49 55 49 68 61 69
t 10 718 6 21 17 6 22 12 14 4 7 8
t 72 66 50 78 67 66 56 70 80 79 78 90
t 10 7 21 11 8 4 3 9 745 4 12 8
t 86 61 85 69 69 45 81 89 66 49 64 67
t 12 2 16 15 16 25 23 1 6 739 13 12
t 18 4 18 16 17 20 13 8 1 10 17 739
t 4 19 737 25 14 17 7 24 14 3 14 7
t 15 8 10 7 1 8 710 9 25 16 11 12
t 24 2 733 12 5 22 8 4 3 23 2 4
t 62 55 62 78 83 90 62 52 85 57 89 63
t 80 76 49 78 71 68 85 47 62 80 59 85
t 66 54 85 90 62 74 49 48 69 47 61 45
t 71 76 53 56 65 67 90 66 47 68 59 85
t 65 68 65 54 56 64 58 62 87 75 62 82
t 62 49 58 77 79 88 87 79 51 50 68 49
t 77 75 75 53 69 58 88 56 77 77 67 66
t 89 60 89 71 71 49 74 88 63 66 58 77
t 3 727 15 7 6 8 1 13 22 10 14 6
t 18 4 22 18 7 8 715 11 15 19 14 21
t 9 731 11 15 19 5 15 1 1 18 23 21
t 22 739 16 1 21 22 20 11 25 20 3 13
t 742 20 6 9 9 22 18 21 11 24 16 15
t 90 52 47 86 55 83 74 54 87 67 45 81
t 72 65 78 82 65 87 46 84 53 77 52 86
t 60 53 89 47 50 89 86 48 65 48 83 46
t 20 20 23 14 3 719 19 2 23 25 3 10
t 73 88 64 54 58 55 65 64 55 77 73 80
t 3 25 711 19 13 15 5 10 21 11 7 6
t 18 9 12 15 6 18 741 19 3 11 18 13
t 4 9 714 7 19 12 17 2 16 7 10 14
t 18 15 741 19 4 17 11 11 4 22 5 5
t 5 2 12 19 4 4 2 19 16 711 24 3
t 80 83 53 63 77 90 84 58 61 57 65 71
t 53 78 73 81 80 50 51 74 82 64 84 73
t 74 82 71 90 87 62 81 86 70 59 48 81
t 23 18 747 17 19 9 18 22 2 10 1 23
t 15 10 20 4 25 748 19 17 10 6 25 5
t 14 1 725 24 10 24 21 13 11 24 24 24
t 60 87 90 68 81 82 89 52 62 52 69 83
t 20 19 9 23 1 8 17 742 5 17 2 13
t 64 56 87 45 51 86 55 73 83 71 66 45
t 90 57 81 76 81 48 71 60 59 71 47 82
t 76 81 58 75 51 64 64 68 57 50 59 89
t 18 25 19 15 4 731 23 9 18 19 12 19
t 12 18 12 17 19 19 16 6 716 15 20 22
t 59 88 68 86 62 75 86 84 76 78 73 61
t 76 71 88 63 46 68 62 81 47 90 85 48
t 8 726 18 7 14 7 18 14 1 15 2 11
t 11 22 8 3 21 3 16 15 25 748 2 2
t 6 11 14 17 9 11 11 19 4 8 739 21
t 11 7 16 25 20 17 733 22 6 21 13 7
t 57 59 75 77 75 81 47 60 87 54 71 75
t 23 13 21 20 16 14 6 5 12 3 720 4
t 78 56 85 56 61 47 73 83 73 85 46 65
t 54 53 84 71 85 57 62 65 78 87 61 78
t 59 53 81 57 60 71 87 51 51 88 48 59
t 12 738 2 11 12 9 15 6 24 13 17 24
t 60 45 66 74 90 68 90 74 88 86 55 51
t 85 72 89 80 71 89 82 67 89 60 82 57
t 17 12 5 21 13 21 23 7 727 18 2 14
t 4 10 714 24 8 24 8 2 22 3 19 4
t 49 74 46 50 77 66 68 59 76 62 84 84
t 70 76 89 59 58 84 82 51 49 67 48 63
t 8 711 23 4 2 23 15 17 12 6 16 15
t 72 59 72 76 54 52 59 49 61 73 59 50
t 75 79 56 57 46 73 56 58 77 74 82 78
t 8 732 22 20 18 11 17 15 25 9 5 17
t 75 60 88 46 69 52 90 67 53 88 87 65
t 716 2 1 22 12 4 4 24 13 4 1 1
t 77 90 53 80 74 61 59 88 57 88 65 56
t 9 13 16 18 18 16 4 17 14 15 17 743
t 22 24 25 12 4 23 21 1 12 713 6 15
t 86 68 81 56 59 86 81 54 56 90 60 51
t 18 5 9 719 4 19 16 4 11 14 9 10
t 16 1 16 6 9 23 5 24 734 20 4 5
t 55 55 77 50 89 74 89 67 82 72 64 65
t 83 75 66 52 65 46 80 85 70 86 48 58
t 16 12 14 10 11 4 23 14 734 1 14 8
t 47 71 65 64 90 87 76 66 60 79 63 90
t 47 49 65 78 80 73 87 79 88 79 83 53
t 9 12 16 15 19 19 740 8 25 11 15 10
t 16 24 3 19 7 18 7 14 24 719 24 13
t 15 15 10 11 23 12 18 10 15 715 11 21
t 21 17 25 25 1 718 25 19 21 17 7 4
t 59 56 75 81 60 69 57 89 69 57 69 88
t 2 21 20 16 6 723 6 24 23 6 14 17
t 65 80 68 89 49 52 70 64 68 63 76 64
t 12 16 15 11 7 23 16 739 21 17 19 2
t 2 24 2 19 25 25 719 19 8 23 1 5
t 19 25 16 721 10 1 6 20 2 24 8 20
t 13 9 17 10 3 4 713 1 15 8 1 18
t 82 45 84 86 69 69 65 57 83 86 74 89
t 86 70 88 67 56 79 87 60 68 72 81 88
t 23 4 731 6 19 10 20 12 18 6 17 7
t 62 59 70 47 83 63 55 52 46 73 55 45
t 21 6 17 21 11 6 16 15 5 10 727 9
t 25 21 5 6 4 2 1 17 4 9 711 9
t 14 13 10 12 7 12 2 5 739 21 1 13
t 9 11 3 16 5 21 23 727 13 15 6 2
t 60 71 73 74 68 85 54 52 83 45 87 47
t 56 70 74 63 58 58 69 82 87 67 84 65
t 15 13 4 741 7 12 24 3 10 8 15 13
t 18 23 15 7 22 2 727 4 6 5 22 24
t 47 54 68 47 88 47 80 58 89 81 71 52
t 2 14 2 6 15 717 22 6 18 14 25 20
t 727 10 16 20 4 9 6 16 17 6 24 24
t 86 47 73 90 64 76 90 80 90 67 84 78
t 70 78 68 64 63 51 76 54 48 63 79 47
t 727 17 9 25 6 13 2 22 7 24 6 10
t 4 20 1 3 2 9 18 12 22 3 723 11
t 48 90 72 76 77 71 51 68 86 82 55 57
t 1 3 22 5 5 12 13 12 731 21 1 2
t 68 59 53 53 48 51 62 59 68 66 68 45
t 18 9 16 6 1 16 714 16 11 3 18 3
t 79 89 61 61 48 62 57 70 89 59 88 72
t 88 72 78 70 64 48 46 68 72 86 48 74
t 77 59 48 45 64 77 80 90 63 73 67 68
t 7 3 10 23 6 3 22 13 10 718 9 12
t 89 87 76 68 87 60 75 63 71 73 57 50
t 84 89 46 83 72 62 50 82 90 49 45 76
t 25 21 22 727 9 8 1 9 8 24 7 12
t 66 61 48 65 50 86 50 86 82 50 52 57
t 71 73 76 52 83 56 57 53 67 73 54 52
t 69 50 81 87 57 72 90 60 53 81 63 87
t 68 53 72 73 86 70 50 75 87 80 66 80
t 14 22 14 1 5 2 24 737 17 9 2 17
t 50 82 48 52 65 82 67 89 57 59 57 71
t 21 725 10 24 11 6 9 5 1 14 21 17
t 2 8 16 23 748 13 10 6 3 21 5 10
t 76 83 70 48 55 74 50 90 45 54 50 54
t 78 49 66 75 55 46 46 67 70 52 59 87
t 46 59 77 59 69 83 45 82 59 51 83 84
t 77 75 70 83 63 77 65 45 47 63 65 57
t 90 68 83 59 64 51 66 68 59 67 53 49
t 16 15 3 17 741 3 24 12 12 13 22 2
t 85 54 80 48 81 76 54 73 90 52 89 86
t 11 7 15 2 5 7 18 6 7 7 18 749
t 722 7 7 8 1 25 4 4 19 13 16 16
t 62 46 61 63 53 51 59 63 70 74 47 49
t 73 64 64 55 45 53 82 79 77 63 64 81
t 2 18 732 21 14 21 21 15 2 15 16 19
t 11 10 5 7 7 6 14 1 20 12 18 749
t 56 76 61 68 47 62 78 60 75 57 45 71
t 54 56 80 85 50 87 46 67 63 72 55 53
t 61 69 61 85 88 88 77 54 46 76 74 65
t 11 735 13 20 18 13 11 1 11 20 14 6
t 17 20 1 25 6 25 8 727 16 12 15 17
t 74 69 84 57 75 57 48 74 45 62 72 87
t 45 64 80 64 80 84 61 68 48 64 60 58
t 77 78 47 49 83 64 47 56 64 53 49 68
t 89 68 82 78 66 69 89 88 61 55 53 59
t 89 69 84 50 79 46 76 70 69 84 83 83
t 70 66 52 50 57 47 67 57 61 50 66 89
t 24 3 7 20 24 21 739 13 19 9 1 10
t 75 84 55 62 82 79 80 65 90 72 53 51
t 76 45 89 76 77 48 54 51 54 64 84 78
t 50 53 84 52 83 72 74 85 74 52 51 67
t 12 19 725 12 12 8 3 17 11 4 4 4
t 4 725 7 3 24 14 6 16 22 16 6 15
t 2 5 4 24 7 23 11 9 21 710 9 20
t 83 58 80 77 88 64 66 66 52 78 84 90
t 7 15 19 4 13 17 4 19 17 22 15 726
t 75 76 74 54 55 48 69 87 81 53 69 56
t 76 59 55 68 45 50 68 68 54 63 87 72
t 75 62 46 89 85 84 66 52 55 48 80 58
t 66 86 89 76 73 77 60 85 85 87 80 73
t 21 9 13 4 21 8 18 17 17 723 4 2
t 8 716 22 6 21 19 7 8 19 14 16 2
t 69 79 65 75 68 71 84 75 61 89 65 80
t 4 5 3 13 7 5 15 25 13 18 25 732
t 67 90 54 52 69 49 47 88 74 85 55 82
t 58 82 63 45 74 90 73 66 80 73 62 52
t 16 13 23 15 25 741 14 5 6 11 25 21
t 11 8 15 16 18 717 8 20 8 12 21 23
t 54 50 45 51 60 47 61 57 69 76 47 57
t 20 19 8 10 20 3 20 24 16 17 24 710
t 13 7 17 20 6 10 723 20 17 3 24 21
t 64 83 49 66 59 51 62 47 81 90 46 71
t 16 23 12 23 6 717 8 17 11 8 3 4
t 66 62 56 54 78 80 50 85 59 58 75 78
t 83 64 87 82 48 86 65 73 64 52 61 85
t 82 90 71 51 72 74 79 76 71 69 67 81
t 15 3 18 738 8 14 8 8 2 9 10 21
t 88 60 51 76 46 59 90 88 46 80 72 71
t 88 81 82 50 48 47 48 79 86 57 55 80
t 56 45 70 85 45 58 70 51 81 54 46 73
t 49 76 59 49 74 45 53 72 65 77 73 57
t 5 12 20 19 1 21 8 713 9 11 19 23
t 90 79 56 60 62 48 90 55 60 45 59 71
t 63 74 77 64 53 87 90 54 45 79 71 73
t 11 22 8 729 20 10 24 22 15 6 20 3
t 23 2 14 9 22 25 7 722 21 12 12 13
t 89 78 48 50 72 87 59 52 48 71 73 72
t 60 54 87 85 47 49 58 54 60 58 74 72
t 5 723 3 15 21 24 12 3 18 7 24 15
t 24 25 16 22 20 16 10 24 719 23 6 3
t 71 65 71 48 74 89 63 81 57 72 90 65
t 85 60 86 79 85 88 57 66 67 57 84 89
t 51 88 52 89 76 87 69 46 57 56 72 55
t 5 19 749 24 18 1 12 8 14 15 15 17
t 20 3 25 24 11 22 25 14 717 12 25 24
t 8 14 18 20 2 23 3 24 719 18 11 6
t 69 62 74 45 45 80 77 69 47 54 58 64
t 23 12 733 23 12 25 10 18 3 15 22 13
t 47 66 58 74 84 57 73 79 78 57 84 48
t 20 25 13 12 6 23 11 7 711 21 7 17
t 10 3 21 22 15 711 3 1 19 15 5 25
t 2 21 19 16 22 2 7 23 15 748 20 23
t 56 45 59 79 68 76 53 50 59 82 54 66
t 74 62 70 77 69 74 70 59 56 77 74 52
t 77 69 46 65 72 78 65 86 46 53 50 81
t 52 89 74 56 67 83 56 88 64 84 51 52
t 20 3 3 22 11 1 4 14 7 723 4 21
t 71 51 86 51 63 66 90 86 87 65 56 45
t 21 23 15 24 20 9 22 729 23 19 11 5
t 58 50 49 72 55 77 77 47 83 90 84 81
t 16 8 25 19 727 8 10 13 2 10 8 2
t 83 57 73 45 62 51 49 90 56 79 47 77
t 23 23 1 9 10 9 748 3 23 17 12 4
t 46 66 61 46 54 87 65 77 53 53 70 54
t 79 76 74 56 46 76 76 67 61 46 87 69
t 81 84 60 86 77 56 56 89 90 68 87 73
t 81 69 71 58 69 62 59 74 83 58 62 48
t 22 11 730 8 12 12 23 5 1 5 12 9
t 79 50 89 49 58 89 54 87 83 65 57 62
t 6 4 14 20 12 19 25 13 18 24 737 21
t 11 3 20 14 18 749 15 10 10 2 14 17
t 2 19 19 12 8 23 14 724 1 18 4 23
t 82 52 62 90 88 65 90 90 79 48 79 54
t 23 21 711 9 3 13 2 1 21 6 6 1
t 51 57 74 82 69 80 89 89 76 57 84 89
t 8 20 1 6 16 3 19 15 5 9 740 24
t 65 47 67 55 69 61 69 57 57 84 65 55
t 77 80 72 78 89 86 56 79 48 48 81 49
t 58 48 66 69 60 45 57 72 71 51 57 46
t 57 78 64 80 56 48 50 45 82 77 71 69
t 24 15 9 24 9 21 11 731 16 9 11 19
t 78 71 60 81 66 79 55 60 76 62 86 59
t 89 66 69 49 61 61 88 79 61 78 89 84
t 5 10 4 25 738 17 4 20 23 12 3 16
t 18 22 4 9 4 726 19 11 18 9 22 8
t 48 72 84 61 52 64 87 49 46 80 56 50
t 89 70 82 48 81 84 76 86 57 70 71 66
t 1 13 19 716 7 5 8 9 6 9 14 12
t 2 13 7 5 7 1 13 7 22 727 23 12
t 88 65 51 56 85 85 89 90 84 86 51 52
t 9 24 2 25 8 8 23 24 21 24 14 726
t 13 1 1 10 21 2 743 16 15 12 11 13
t 8 7 11 16 19 22 1 5 22 749 9 25
t 55 73 57 51 56 56 76 45 53 47 45 51
t 8 25 738 5 6 1 19 8 24 8 3 18
t 70 89 80 59 52 45 61 89 74 64 85 68
t 7 23 738 6 1 9 8 18 7 19 18 21
t 72 45 82 69 90 72 77 57 72 74 84 81
t 46 65 77 52 59 79 63 77 54 86 83 88
t 17 14 21 10 17 2 2 1 25 748 14 3
t 15 25 12 12 9 11 8 3 743 15 15 25
t 53 88 90 73 78 73 76 49 48 76 70 90
t 83 73 90 80 45 75 60 48 64 65 77 52
t 72 57 88 68 67 88 90 46 85 80 86 61
t 56 51 64 81 90 46 64 90 66 49 58 55
t 73 69 71 68 52 61 70 70 48 63 79 89
t 75 73 87 52 66 66 66 82 50 65 65 88
t 61 65 59 53 58 53 80 71 75 54 75 84
t 48 65 66 60 80 56 58 90 69 90 56 80
t 45 48 51 57 73 80 52 68 62 84 49 67
t 50 49 60 84 51 50 81 83 47 70 56 78
t 65 75 70 67 59 61 79 50 62 50 45 70
t 15 18 22 17 22 6 16 8 712 16 6 5
t 22 14 24 727 6 19 25 13 18 1 17 16
t 90 71 85 78 70 75 72 78 62 83 78 74
t 19 17 9 7 12 742 17 4 25 7 21 11
t 12 9 9 18 20 735 4 5 16 10 14 15
t 11 23 20 21 4 9 24 7 3 17 719 15
t 81 65 70 69 49 87 73 64 89 68 75 59
t 87 53 78 62 74 65 51 71 73 81 68 55
t 52 84 75 50 65 49 88 51 57 84 55 80
t 2 729 4 11 4 18 25 7 20 9 13 25
t 69 52 62 82 89 45 52 72 83 83 63 45
t 21 4 13 22 2 8 10 722 25 16 20 6
t 5 20 23 8 12 20 730 17 4 16 5 17
t 63 86 85 60 79 58 54 68 66 72 69 46
t 7 21 712 23 23 16 14 22 10 19 1 20
t 53 76 73 68 77 56 70 89 87 85 58 79
t 16 23 2 13 711 24 16 18 10 19 15 17
t 82 55 65 80 77 66 58 53 67 53 52 66
t 733 1 25 11 12 6 8 16 4 17 8 6
t 12 14 5 21 6 25 734 12 25 22 19 8
t 83 77 52 81 53 66 59 72 67 49 69 79
t 84 51 72 90 79 56 45 61 63 75 55 73
t 82 58 48 64 47 60 58 70 79 58 67 67
t 15 4 7 25 3 6 2 3 11 724 6 7
t 47 45 50 84 62 89 55 79 64 84 60 65
t 17 19 14 19 21 2 12 14 14 749 16 23
t 16 22 13 5 710 15 1 2 8 2 6 20
t 48 50 72 51 54 46 72 72 87 58 83 73
t 82 82 84 51 78 72 51 75 82 77 54 76
t 59 47 59 60 67 82 50 73 84 79 86 58
t 59 59 87 83 60 82 58 55 61 72 71 88
t 11 15 19 5 23 12 2 21 17 22 3 724
t 50 64 52 78 65 74 72 86 76 77 47 55
t 73 85 67 67 74 57 47 66 65 54 52 80
t 61 55 67 85 55 71 49 80 63 69 74 77
t 6 16 17 13 16 2 24 21 747 5 4 7
t 15 24 742 11 25 12 6 3 13 17 17 19
t 88 62 48 60 60 63 60 63 81 54 49 46
t 25 10 21 10 18 1 10 17 21 722 6 18
t 13 21 19 16 10 1 19 724 2 8 6 22
t 85 66 50 81 56 49 64 61 60 50 75 51
t 13 5 15 20 17 9 727 3 13 1 17 12
t 86 53 48 87 88 66 84 80 90 70 50 88
t 51 71 54 72 68 62 60 82 48 65 88 56
t 79 71 81 56 55 80 51 68 65 75 61 76
t 20 2 14 6 18 19 12 7 8 8 13 742
t 66 89 81 79 49 85 64 85 65 75 74 83
t 75 62 47 66 58 73 62 54 73 62 75 61
t 12 736 16 22 13 19 1 3 14 23 6 17
t 77 81 66 61 77 53 47 79 71 71 62 85
t 76 45 67 79 52 88 89 72 69 52 89 76
t 45 57 66 54 65 87 48 59 81 89 80 58
t 56 76 76 58 50 71 81 52 90 48 46 80
t 57 47 80 59 74 75 67 77 78 49 49 76
t 52 65 81 51 84 50 57 56 47 60 49 69
t 10 8 722 17 22 15 22 18 3 3 6 9
t 89 50 85 57 49 84 78 78 78 58 59 49
t 17 1 24 25 12 7 9 747 8 9 5 20
t 14 20 1 1 22 8 25 22 21 1 745 23
t 87 46 87 62 55 83 62 63 60 57 89 80
t 734 6 4 12 6 10 9 5 2 19 12 8
t 3 17 22 16 7 711 4 20 25 17 17 14
t 67 82 58 86 79 86 51 88 51 66 46 72
t 743 9 24 18 15 6 7 10 24 10 14 11
t 24 2 718 15 24 5 24 22 4 10 10 20
t 87 89 57 45 57 54 87 87 51 87 59 51
t 55 88 53 65 72 60 57 52 45 80 82 58
t 52 80 61 78 89 87 80 50 81 70 54 51
t 13 3 720 13 21 15 11 11 10 21 16 9
t 73 88 77 78 49 63 86 61 74 76 48 50
t 48 54 85 74 64 60 82 64 83 86 63 52
t 7 15 20 2 20 24 2 18 9 1 718 16
t 726 18 18 24 13 14 20 21 13 24 2 25
t 7 11 7 3 15 742 19 3 21 20 10 7
t 47 45 47 77 71 74 50 75 66 76 80 73
t 81 69 50 88 88 48 74 59 69 63 58 57
t 59 77 68 58 57 73 58 90 45 61 72 63
t 70 65 56 67 48 61 64 50 47 63 87 83
t 11 7 724 6 16 8 1 18 13 12 11 2
t 59 90 79 46 50 78 46 53 85 47 51 69
t 60 57 47 52 70 58 65 49 65 50 81 66
t 57 67 66 49 46 46 52 67 51 59 69 59
t 8 15 15 718 2 5 11 22 3 4 17 12
t 45 66 59 55 45 52 59 46 88 82 61 82
t 15 9 17 13 4 7 737 18 20 19 5 4
t 8 19 22 11 9 21 13 23 742 18 1 14
t 87 49 70 61 63 45 47 88 46 52 58 54
t 81 86 79 50 88 50 67 88 47 78 49 64
t 90 79 59 78 72 57 86 62 80 89 55 64
t 46 58 69 54 56 45 70 90 75 53 75 81
t 25 5 4 18 9 15 10 4 739 15 15 3
t 4 16 739 17 1 9 8 3 5 3 13 9
t 15 1 19 13 21 9 12 9 19 12 724 11
t 17 2 9 23 8 15 23 12 9 3 15 724
t 54 80 45 72 47 47 75 75 52 81 50 50
t 68 56 58 53 64 72 50 87 89 61 64 57
t 5 9 5 5 15 20 3 11 725 3 23 9
t 22 18 24 12 717 20 15 5 8 7 3 22
t 74 53 58 85 62 54 86 84 67 87 72 70
t 47 79 82 61 48 72 45 71 47 53 74 73
t 53 76 62 85 45 70 78 52 80 85 58 62
t 80 48 46 88 49 86 71 65 78 82 69 65
t 83 66 77 71 65 78 68 68 56 59 90 45
t 61 88 90 57 62 80 89 89 55 87 54 76
t 10 17 13 744 21 4 11 13 14 16 20 2
t 23 6 22 7 4 21 9 15 720 15 13 9
t 25 16 18 19 21 23 2 19 24 21 730 25
t 53 58 62 55 89 55 53 76 46 52 55 71
t 71 48 48 55 61 82 70 58 60 81 67 60
t 20 5 10 24 14 19 16 728 18 20 24 14
t 25 747 4 1 3 21 9 24 10 3 23 19
t 60 82 75 87 69 88 47 81 67 68 81 66
t 10 8 13 21 742 22 11 6 4 17 10 18
t 51 53 87 73 85 55 56 70 75 58 62 47
t 8 9 6 24 12 12 6 6 1 23 22 720
t 58 57 81 47 50 60 65 76 57 47 73 71
t 76 69 90 74 49 72 76 45 74 63 84 89
t 85 67 83 63 89 75 51 62 69 72 58 63
t 55 77 73 61 86 45 73 87 78 55 67 60
t 2 24 11 1 16 1 6 15 5 21 732 22
t 4 14 8 12 12 14 727 3 25 1 5 14
t 88 75 59 54 84 73 88 47 67 86 45 88
t 70 85 62 57 49 80 54 59 69 78 46 78
t 22 24 23 4 729 23 12 14 9 14 11 17
t 87 58 84 87 71 75 49 68 61 60 74 59
t 76 60 75 59 75 87 60 88 45 77 52 45
t 65 74 58 74 52 83 82 83 69 79 53 79
t 7 747 8 10 8 8 13 10 8 11 3 24
t 23 19 12 11 728 8 13 2 16 1 14 21
t 64 75 79 47 87 86 84 83 51 71 81 56
t 85 56 89 79 90 90 61 64 66 77 50 86
t 77 76 88 72 90 80 83 45 54 87 89 72
t 21 20 20 12 20 5 8 17 745 24 6 6
t 50 85 90 48 52 69 86 58 54 68 79 72
t 45 87 72 85 55 88 82 62 52 62 85 79
t 16 745 6 23 20 4 6 18 11 18 15 11
t 3 25 5 13 5 4 16 13 717 25 14 11
t 65 52 58 88 56 75 66 67 88 52 58 68
t 6 16 1 8 7 7 716 15 13 18 9 24
t 51 71 65 61 62 80 47 86 65 70 78 65
t 12 19 23 12 12 5 13 711 9 6 23 19
t 62 53 89 81 62 45 51 82 85 63 87 65
t 58 53 88 45 69 80 79 59 55 49 69 54
t 61 61 84 62 54 59 69 78 45 85 77 62
t 66 48 82 62 66 57 48 45 46 60 85 80
t 85 64 68 63 86 71 70 85 72 48 55 73
t 85 54 75 75 73 57 60 84 81 62 74 50
t 51 83 46 54 72 46 77 84 69 85 55 89
t 75 78 69 79 49 64 80 89 66 50 61 62
t 88 89 74 59 89 76 64 48 81 82 67 71
t 67 75 69 51 82 66 78 54 64 66 52 74
t 89 59 89 68 56 72 51 70 85 69 71 48
t 77 86 48 63 60 67 85 63 80 62 87 58
t 46 49 53 62 59 46 89 62 54 69 57 83
t 51 58 83 63 48 66 80 84 60 76 60 83
t 4 20 6 743 10 12 21 13 5 25 12 13
t 78 88 45 79 84 51 49 78 57 58 68 72
t 53 81 61 70 55 76 86 55 60 71 60 50
t 68 85 53 46 75 52 53 70 90 75 90 49
t 11 25 13 9 8 13 23 10 9 3 716 5
t 81 72 76 63 78 67 49 76 74 67 77 70
t 76 47 80 69 49 67 54 87 80 81 80 72
t 73 70 82 77 58 51 76 61 65 69 83 83
t 56 55 45 76 68 70 66 90 68 50 73 89
t 56 85 58 67 89 62 45 74 59 64 85 49
t 9 5 7 745 22 16 8 5 4 12 1 19
t 71 64 51 72 65 54 47 73 66 61 79 85
t 20 16 10 20 3 735 13 3 8 11 15 12
t 2 22 18 713 15 25 15 22 16 3 15 25
t 60 62 49 85 87 68 46 45 75 51 51 84
t 60 88 64 60 50 85 57 87 51 73 64 74
t 25 7 1 7 2 11 8 17 715 17 6 15
t 47 47 46 76 48 62 69 63 74 60 70 75
t 74 86 72 86 90 86 67 46 63 48 54 65
t 80 88 67 79 62 52 52 57 58 75 82 53
t 14 17 716 15 2 3 16 15 21 4 4 22
t 7 14 14 20 734 1 16 12 25 11 5 15
t 83 71 86 80 47 85 72 75 73 83 59 65
t 14 16 19 9 11 728 9 18 6 24 17 20
t 21 15 24 6 1 3 18 2 10 14 13 733
t 69 68 82 55 81 85 80 86 56 75 89 57
t 4 16 11 22 6 9 19 10 20 716 10 9
t 72 62 48 48 53 46 59 84 79 90 78 77
t 7 25 12 20 4 9 14 11 17 15 745 19
t 59 87 63 87 90 69 59 86 51 62 83 74
t 50 52 52 76 51 67 74 57 65 66 69 62
t 8 738 21 15 16 6 24 9 9 22 15 13
t 22 743 19 21 9 14 25 8 1 11 14 12
t 86 86 84 61 50 67 45 46 60 76 69 63
t 90 61 69 82 46 65 57 85 47 90 51 56
t 4 10 10 22 20 15 7 16 8 18 744 5
t 12 9 15 24 14 14 721 21 11 2 9 2
t 85 52 90 81 76 46 86 72 67 54 83 79
t 66 69 56 61 85 47 86 90 51 81 75 84
t 2 7 23 1 12 19 10 21 13 6 18 728
t 65 87 58 76 67 49 70 86 64 54 68 76
t 52 50 77 57 67 75 50 55 71 57 82 67
t 49 85 54 70 57 64 61 79 65 56 67 70
t 46 88 48 51 45 78 67 67 70 90 65 70
t 87 63 89 48 56 74 47 47 50 88 77 89
t 46 87 61 73 57 51 83 55 46 50 78 50
t 2 12 18 715 3 7 9 11 14 18 22 6
t 56 90 72 87 86 53 49 49 54 67 56 57
t 88 68 49 82 88 73 73 70 67 77 82 74
t 74 61 52 48 51 85 54 71 48 66 73 61
t 8 1 20 22 4 15 2 20 22 7 19 719
t 8 8 732 4 12 12 12 1 11 20 23 11
t 87 68 46 76 73 48 69 77 74 78 59 73
t 24 15 738 16 5 3 25 11 5 16 21 18
t 8 22 1 19 17 737 3 25 17 17 7 4
t 16 17 22 22 23 3 20 725 7 10 10 11
t 58 56 50 60 90 62 80 45 88 69 63 80
t 25 8 5 735 21 5 9 20 2 5 9 14
t 21 734 24 16 21 25 11 10 13 3 8 2
t 16 10 21 20 9 15 17 21 2 21 726 13
t 13 16 21 17 22 14 748 1 21 5 18 16
t 740 25 10 22 5 9 19 3 16 10 15 4
t 88 89 62 72 81 74 64 89 61 78 47 53
t 9 2 6 11 23 9 1 17 2 2 721 24
t 21 7 19 20 9 1 25 17 746 14 1 11
t 69 48 80 84 82 57 68 67 72 72 76 56
t 15 15 22 711 20 25 22 1 2 4 21 21
t 19 23 19 737 3 4 4 9 3 19 14 17
t 72 45 76 66 72 63 55 57 80 88 60 62
t 14 22 12 18 746 19 7 9 2 8 20 1
t 62 54 63 60 60 86 88 81 82 72 79 80
t 5 6 17 2 10 10 7 5 14 17 3 743
t 83 64 52 68 63 48 83 62 90 74 62 85
t 19 16 17 14 10 16 21 22 13 14 711 9
t 17 6 719 2 8 7 9 7 25 6 17 8
t 76 55 57 56 58 83 55 49 63 65 61 84
t 82 90 45 46 90 66 51 70 53 88 85 76
t 50 85 79 63 59 71 47 73 47 56 90 62
t 23 3 716 17 25 2 23 16 7 17 18 15
t 81 78 52 84 48 50 55 52 48 90 79 63
t 62 74 51 89 62 55 62 90 70 90 51 65
t 77 81 84 82 73 77 51 89 85 87 47 49
t 54 49 89 81 71 84 56 52 75 84 45 90
t 75 60 75 49 62 62 52 85 72 78 73 53
t 25 22 17 2 23 737 3 8 15 5 23 18
t 17 718 21 22 10 13 13 1 2 25 21 1
t 52 55 57 76 74 49 68 59 54 59 68 52
t 23 2 6 3 1 737 23 10 20 15 10 5
t 5 23 7 10 15 12 23 11 11 12 10 745
t 24 22 10 711 1 12 16 10 8 17 5 14
t 17 22 8 9 21 4 15 14 6 1 744 21
t 24 11 13 19 21 7 5 729 4 19 9 15
t 25 22 21 17 736 25 9 16 12 18 20 16
t 68 45 73 53 49 51 51 65 62 74 56 83
t 24 17 12 18 1 747 5 12 24 24 2 16
t 21 15 24 14 22 742 7 14 10 12 24 11
t 14 21 18 10 17 10 14 747 24 21 20 9
t 56 58 73 86 74 64 46 59 78 57 77 50
t 7 6 5 25 11 11 4 14 13 20 16 730
t 64 48 71 68 72 65 70 87 74 78 63 83
t 20 10 16 21 20 14 18 714 2 6 3 9
t 7 14 6 13 14 16 22 13 20 741 11 1
t 69 50 89 77 71 54 48 88 63 67 70 47
t 66 55 49 46 50 53 88 74 89 85 57 70
t 2 21 2 16 19 2 6 3 10 21 739 11
t 5 14 14 21 721 10 8 18 11 14 19 22
t 23 19 18 742 12 25 15 10 25 25 8 24
t 15 25 2 17 18 17 22 14 6 18 2 738
t 88 87 86 68 75 88 76 77 86 67 60 85
t 80 77 72 48 68 65 66 78 68 69 61 54
t 9 22 25 10 14 19 2 25 20 23 4 749
t 52 71 68 76 55 84 59 80 88 74 81 65
t 50 74 65 82 70 76 53 57 60 59 87 57
t 726 23 18 16 12 25 23 24 23 16 11 10
t 63 68 56 69 87 88 67 73 85 69 68 66
t 18 14 740 22 2 1 7 10 20 5 9 6
t 72 54 61 80 57 78 73 47 64 88 58 75
t 1 8 1 15 6 20 23 747 17 17 14 14
t 80 89 78 71 75 61 79 56 85 65 71 80
t 54 86 75 78 51 65 68 83 88 68 45 85
t 52 54 50 45 75 85 54 69 50 73 86 74
t 58 45 90 58 66 49 88 58 64 59 55 77
t 63 80 68 49 87 51 59 55 76 69 68 83
t 6 7 13 729 17 13 20 6 24 9 10 9
t 50 87 51 82 84 72 90 54 88 58 49 83
t 81 47 78 45 45 65 50 54 64 52 59 69
t 13 4 1 16 730 9 10 7 6 23 22 10
t 82 74 62 63 61 82 87 78 74 72 65 47
t 68 87 76 71 59 89 88 52 51 55 66 87
t 18 4 744 5 18 5 14 2 8 9 3 21
t 77 89 72 87 55 88 76 66 82 67 58 45
t 48 67 52 52 79 79 49 55 76 53 77 54
t 19 15 16 728 2 25 21 15 3 8 4 14
t 83 51 72 63 79 84 67 53 47 60 50 69
t 10 15 7 2 18 25 4 716 6 10 21 14
t 85 78 83 85 48 85 77 90 50 72 71 62
t 63 70 75 90 78 84 86 61 58 90 76 60
t 66 48 83 51 74 49 79 87 84 81 45 77
t 89 79 62 72 45 57 79 60 77 88 48 86
t 3 16 712 7 22 20 18 8 24 3 10 20
t 61 60 69 47 86 79 60 87 69 54 46 56
t 57 84 83 75 65 64 67 82 72 70 55 83
t 16 6 11 10 16 22 12 24 3 721 8 11
t 8 8 23 16 16 7 24 5 10 10 7 731
t 6 13 9 22 4 710 25 14 21 12 11 22
t 78 72 52 59 87 75 80 67 89 72 71 45
t 89 64 79 85 85 85 60 89 61 73 55 72
t 81 82 60 56 70 61 78 51 65 82 60 84
t 70 80 79 79 67 56 58 57 52 51 78 58
t 47 59 74 57 80 68 54 47 83 79 45 60
t 22 4 18 19 19 11 16 13 9 731 7 25
t 82 78 51 49 78 69 68 62 78 52 90 83
t 51 72 54 79 54 54 60 72 50 45 75 60
t 7 15 21 9 23 19 14 6 21 12 743 15
t 65 58 86 54 52 76 47 52 49 89 50 78
t 52 54 59 66 56 76 77 81 75 78 74 67
t 59 60 49 47 82 74 49 63 49 57 90 45
t 16 8 9 21 21 20 4 5 9 730 13 1
t 9 16 20 18 1 7 2 741 23 14 24 23
t 25 4 11 3 21 3 5 12 21 20 740 23
t 3 2 1 22 15 17 3 23 11 11 10 745
t 13 20 4 18 15 8 715 16 19 17 4 22
t 86 57 75 65 74 49 84 51 55 46 72 64
t 17 11 19 6 11 4 5 16 6 24 723 7
t 48 61 68 77 85 52 76 74 58 83 76 76
t 74 48 70 53 55 82 50 82 66 72 64 77
t 3 8 16 4 1 19 7 13 24 23 728 25
t 60 87 58 50 57 82 66 51 61 58 83 46
t 17 15 4 6 744 21 3 11 9 25 9 4
t 86 82 82 73 47 70 52 54 90 71 52 90
t 82 51 68 84 77 67 67 88 90 77 63 63
t 90 60 58 55 56 55 76 62 83 74 66 58
t 79 52 84 57 48 80 72 50 83 81 45 66
t 57 90 70 68 55 68 89 62 53 50 79 83
t 86 50 73 72 68 62 75 45 68 47 53 53
t 58 85 57 60 61 49 77 49 66 65 86 74
t 52 90 84 67 76 52 81 70 88 70 58 82
t 69 48 86 82 76 49 71 79 74 45 59 84
t 14 3 23 10 748 4 22 18 9 23 9 12
t 73 46 46 76 84 47 47 63 78 73 51 56
t 80 45 60 88 79 47 73 73 89 82 48 85
t 70 50 59 68 68 81 55 80 55 56 61 61
t 18 714 20 21 3 6 20 3 1 24 19 15
t 10 10 8 23 15 722 3 1 21 20 9 5
t 48 65 81 65 75 63 58 76 53 77 81 67
t 49 55 57 55 88 50 52 66 53 59 61 79
t 17 4 21 5 11 5 22 8 2 18 743 3
t 2 14 12 10 21 18 3 20 18 11 25 732
t 5 21 20 3 10 19 1 14 12 6 730 4
t 14 6 747 3 22 8 13 8 13 10 20 7
t 19 5 4 15 22 22 7 727 16 12 2 10
t 717 6 24 25 1 5 15 15 12 16 3 4
t 78 67 49 71 74 89 45 60 57 70 52 79
t 71 61 76 66 62 75 49 52 50 54 55 66
t 79 67 89 82 76 81 57 74 64 79 75 64
t 47 83 49 82 86 88 84 48 45 67 45 45
t 734 1 11 18 14 10 11 24 2 9 9 20
t 79 81 71 57 54 82 54 76 46 55 47 77
t 89 86 73 77 55 49 48 45 57 82 47 82
t 11 5 10 721 22 18 15 19 16 8 7 1
t 23 3 10 740 2 25 13 3 11 10 22 5
t 14 17 9 22 8 16 22 739 2 24 18 4
t 65 51 57 55 59 53 72 84 90 75 87 57
t 15 13 11 12 25 10 8 18 12 21 17 735
t 14 12 10 20 5 739 21 22 25 14 8 2
t 57 46 90 62 77 51 89 58 75 53 70 85
t 78 51 49 81 60 55 48 62 52 58 77 45
t 15 11 12 3 18 5 10 13 14 20 5 718
t 53 58 89 49 57 49 50 87 88 61 45 82
t 14 5 4 20 9 17 737 17 3 22 19 21
t 69 57 49 45 89 74 69 90 69 72 84 69
t 68 62 75 87 48 85 87 88 56 68 81 73
t 71 47 84 78 50 68 65 87 72 72 69 55
t 68 47 49 83 90 86 83 90 69 49 72 68
t 62 87 61 63 88 88 72 62 90 60 82 47
t 54 73 58 77 54 69 62 57 63 51 86 63
t 54 78 70 69 84 64 59 70 61 45 76 88
t 86 74 78 70 66 47 72 81 62 61 90 76
t 45 62 51 89 57 57 56 76 47 89 83 59
t 727 17 7 12 2 24 6 22 20 14 5 4
t 60 55 65 90 86 76 74 53 54 83 75 68
t 49 89 49 45 56 83 47 74 53 59 56 57
t 55 50 69 54 52 46 62 67 61 80 72 71
t 83 88 72 65 89 73 86 84 88 87 78 90
t 64 55 83 89 58 60 80 90 83 89 83 64
t 19 24 21 24 14 749 15 8 20 11 11 21
t 54 55 73 88 76 81 50 79 56 52 47 83
t 57 48 69 63 70 65 68 58 48 82 52 57
t 8 19 9 737 18 4 3 2 18 13 18 3
t 1 23 16 4 25 2 2 3 712 5 21 10
t 18 13 15 19 749 16 7 25 7 23 8 4
t 16 25 25 6 1 13 728 15 21 15 11 4
t 50 83 88 88 86 50 74 54 69 46 84 85
t 45 52 86 86 67 45 73 49 51 75 77 71
t 52 49 75 72 60 86 46 71 80 80 82 61
t 3 15 17 5 743 8 17 23 13 16 4 19
t 18 1 24 25 21 15 3 1 7 19 17 722
t 22 8 23 710 6 9 19 1 7 23 7 13
t 46 52 56 46 58 71 45 46 70 60 73 77
t 65 69 52 87 71 89 50 75 85 60 74 47
t 9 25 22 18 4 9 731 21 4 6 5 3
t 16 749 20 14 18 22 13 4 24 5 12 2
t 81 69 61 65 63 46 53 58 65 77 87 78
t 20 726 10 15 16 25 11 22 11 14 10 13
t 85 55 88 57 54 86 90 50 57 53 56 81
t 4 8 2 19 20 21 15 4 3 18 24 730
t 4 23 5 21 3 8 746 24 25 23 18 2
t 70 65 74 62 60 75 84 73 84 80 90 72
t 89 83 83 77 62 62 90 53 54 72 85 64
t 83 46 82 48 83 77 51 53 82 58 80 88
t 738 12 21 15 17 7 25 1 2 13 10 12
t 725 25 14 14 20 7 3 10 16 6 15 11
t 49 72 71 62 74 67 85 68 55 56 46 72
t 23 25 18 13 733 18 5 22 13 20 8 20
t 9 11 12 2 16 17 18 720 15 15 2 22
t 739 8 20 22 8 21 20 2 20 13 11 11
t 52 60 71 54 63 76 70 86 89 53 84 82
t 5 25 11 719 13 25 14 9 13 24 12 25
t 66 55 67 46 50 48 66 87 51 55 89 88
t 68 75 53 72 75 54 60 51 46 79 50 78
t 46 60 85 88 74 85 83 71 67 79 86 49
t 714 6 7 2 13 24 8 18 2 11 23 14
t 713 4 18 5 20 3 15 12 1 25 1 6
t 50 62 75 52 81 67 72 77 80 59 64 83
t 81 80 69 49 67 78 46 51 56 55 83 88
t 6 15 14 18 9 9 4 4 6 2 14 749
t 2 1 22 6 14 22 5 13 20 713 11 4
t 87 80 68 85 60 76 57 74 65 64 90 48
t 71 45 70 53 85 89 64 52 63 65 70 86
t 81 90 47 84 46 58 55 56 87 50 87 90
t 61 55 61 57 75 51 88 46 82 72 73 54
t 5 22 21 24 17 21 15 5 10 18 748 6
t 10 10 20 14 25 13 18 10 7 21 21 710
t 76 80 51 47 50 49 64 64 83 52 74 63
t 2 11 18 24 9 19 1 18 13 24 6 747
t 70 76 72 49 46 87 81 78 63 57 55 69
t 90 49 49 49 87 56 82 59 46 77 70 74
t 48 90 46 60 50 76 76 51 70 62 72 64
t 4 711 14 23 8 1 15 11 21 2 12 20
t 23 3 7 12 18 743 12 9 13 25 8 22
t 72 73 55 76 87 46 85 76 77 81 58 86
t 18 10 5 4 7 16 16 2 10 2 734 15
t 6 18 13 25 15 1 24 4 11 727 19 7
t 11 717 9 2 2 9 1 1 16 24 8 11
t 5 25 8 724 22 24 2 24 16 17 23 25
t 24 23 25 18 17 25 20 727 10 16 10 5
t 82 79 65 53 78 49 85 60 57 48 83 79
t 87 83 49 52 79 69 83 70 63 87 79 60
t 1 20 9 16 7 6 18 16 728 8 14 10
t 75 62 72 67 83 88 76 90 58 53 89 61
t 67 56 52 48 72 86 45 53 68 74 47 63
t 88 76 46 65 45 82 47 80 56 53 78 83
t 54 53 64 68 88 85 79 81 49 90 78 66
t 90 83 62 85 68 62 50 83 82 63 53 90
t 76 52 87 62 66 87 85 86 61 74 54 73
t 80 65 82 59 70 61 58 85 57 77 85 89
t 12 19 19 15 5 22 9 736 18 17 11 21
t 49 88 74 76 56 56 59 73 54 68 49 76
t 47 45 47 77 84 62 66 77 87 81 51 60
t 8 740 17 11 9 22 21 23 9 10 19 3
t 63 59 62 50 87 50 45 76 68 70 73 82
t 7 1 23 2 5 15 710 3 15 3 3 9
t 72 59 72 83 86 58 69 60 59 61 49 77
t 79 85 85 51 59 81 79 86 71 66 89 65
t 6 24 24 14 25 14 20 4 24 14 728 22
t 15 18 17 14 19 15 23 13 18 729 7 15
t 49 49 79 85 87 54 54 87 70 47 60 67
t 15 8 5 18 736 24 5 13 4 12 17 24
t 85 56 58 49 62 76 59 66 88 67 58 72
t 85 82 65 60 87 79 48 70 64 50 80 54
t 51 86 86 45 61 55 47 87 50 55 49 81
t 46 90 73 60 55 46 87 60 87 75 90 57
t 5 23 2 1 7 20 7 19 2 8 740 1
t 78 58 64 77 47 50 47 82 75 45 55 86
t 4 12 4 8 25 10 21 7 710 4 16 5
t 62 74 53 85 88 84 54 65 56 66 61 45
t 14 7 13 24 2 23 8 9 9 11 16 717
t 23 16 6 736 19 22 15 16 5 16 18 25
t 65 54 45 71 66 62 65 61 68 82 55 73
t 18 6 8 14 16 20 9 723 20 13 17 1
t 74 80 87 48 65 65 61 84 81 72 58 51
t 66 48 57 81 81 68 59 75 62 52 89 71
t 66 86 88 73 67 56 50 55 84 88 65 57
t 16 14 23 5 23 6 749 10 2 13 10 12
t 16 19 11 13 19 17 725 22 2 4 10 20
t 72 58 73 72 78 53 89 81 90 73 51 75
t 89 82 74 74 64 68 55 81 48 73 67 88
t 63 51 85 45 63 77 66 49 89 55 81 69
t 13 10 19 15 4 24 23 14 715 6 11 15
t 22 20 24 11 741 1 9 14 22 7 15 21
t 51 61 72 60 84 51 49 66 74 61 67 49
t 53 82 68 65 65 79 50 75 58 54 71 71
t 11 1 10 712 1 18 24 20 10 19 19 14
t 47 89 76 90 58 50 63 71 85 82 81 77
t 51 51 52 82 54 60 75 58 62 55 55 56
t 51 54 67 49 52 83 66 61 62 50 73 67
t 14 6 12 25 14 3 7 10 9 13 724 12
t 72 55 82 57 68 63 68 79 85 47 57 89
t 74 80 61 62 82 55 70 57 57 56 69 70
t 48 78 73 76 90 72 69 83 85 86 52 69
t 90 52 68 69 48 48 49 66 89 65 53 88
t 4 16 25 2 1 8 732 9 21 3 19 20
t 60 60 69 56 61 57 53 68 77 82 60 47
t 71 67 56 59 51 61 86 74 63 45 76 79
t 7 1 740 25 3 7 4 11 15 10 13 3
t 50 59 89 49 65 74 49 65 57 73 53 82
t 88 50 58 75 45 72 82 51 59 73 77 66
t 82 82 61 76 76 76 50 69 54 75 45 52
t 16 23 736 17 4 4 13 12 4 14 17 17
t 89 49 62 71 84 48 79 77 79 66 57 74
t 81 65 74 63 70 60 67 76 80 64 69 90
t 22 18 2 16 1 13 13 717 11 22 13 7
t 12 19 5 21 5 23 11 7 728 21 17 2
t 47 87 53 80 90 78 84 74 77 76 54 79
t 70 54 66 64 65 65 66 45 69 49 75 75
t 20 10 17 5 746 1 12 9 11 23 11 4
t 72 83 83 62 48 72 54 79 47 70 52 47
t 73 70 83 63 69 51 77 84 69 90 65 55
t 25 25 4 15 2 749 15 3 12 4 4 16
t 84 60 67 74 79 46 90 85 85 78 61 70
t 74 88 60 67 76 84 72 59 63 61 72 82
t 51 90 60 79 51 58 86 75 77 55 70 68
t 75 53 82 66 79 63 86 65 90 60 75 88
t 4 17 7 21 8 21 743 11 24 6 17 18
t 85 54 64 49 60 68 57 78 70 56 75 49
t 77 74 60 57 73 87 57 81 48 90 83 68
t 61 56 83 74 45 47 66 50 70 61 86 61
t 55 63 75 49 60 72 66 73 69 84 63 87
t 25 1 4 20 23 5 712 13 9 21 21 15
t 76 81 72 62 80 60 48 86 53 77 85 52
t 80 77 81 73 81 50 48 76 77 81 84 54
t 7 25 713 4 14 11 10 7 16 6 9 12
t 21 5 8 20 2 3 710 8 10 4 25 7
t 89 54 67 48 87 77 84 58 80 62 50 49
t 50 87 90 89 78 54 86 79 81 76 75 51
t 86 67 86 66 55 52 69 86 89 54 83 77
t 18 19 11 17 14 2 19 4 17 18 744 13
t 10 10 14 19 2 5 25 7 20 12 710 24
t 728 18 1 4 18 19 10 15 2 16 15 22
t 20 5 19 25 8 12 10 12 14 742 21 4
t 56 48 84 87 70 68 89 65 79 64 64 52
t 66 49 55 79 88 64 45 60 79 84 59 72
t 88 49 61 74 45 47 76 56 59 58 71 82
t 57 60 82 59 60 63 87 70 64 86 62 49
t 76 59 47 50 46 90 84 66 85 77 89 87
t 84 80 59 88 59 89 54 90 62 89 53 58
t 721 3 14 15 3 19 18 24 6 18 3 8
t 76 59 81 86 50 45 63 50 46 88 65 73
t 89 67 47 73 54 86 82 54 90 65 82 63
t 84 87 65 70 56 64 75 62 75 85 90 62
t 57 81 51 46 56 70 58 84 80 67 57 56
t 73 86 77 58 65 72 72 65 77 59 89 87
t 85 68 47 83 65 78 72 81 57 80 89 82
t 713 4 18 22 12 12 14 12 14 9 9 22
t 71 79 66 58 85 57 72 89 73 60 52 75
t 73 70 66 87 53 70 84 63 71 68 75 85
t 6 25 14 23 17 18 22 25 1 9 13 736
t 85 65 90 59 55 56 61 51 51 67 79 64
t 3 5 9 17 15 21 717 7 6 14 8 7
t 734 18 18 2 12 2 23 11 4 15 6 6
t 53 82 55 86 67 69 76 52 47 56 86 57
t 20 741 5 24 16 5 15 21 12 17 23 25
t 79 60 51 72 90 87 54 47 47 78 52 71
t 53 52 48 65 83 90 46 54 49 68 90 67
t 58 87 69 80 79 73 80 58 66 67 70 85
t 64 51 49 60 88 59 87 50 86 86 88 55
t 24 14 723 4 24 6 11 5 19 25 2 23
t 53 64 85 88 84 52 65 65 52 87 61 81
t 77 72 49 47 70 84 46 69 89 63 65 52
t 736 9 2 25 16 7 25 11 25 22 8 4
t 73 46 89 68 63 71 46 85 59 73 60 70
t 11 5 4 18 10 8 7 727 14 1 13 14
t 72 73 88 49 64 82 63 45 81 60 83 50
t 9 17 20 6 8 17 12 3 10 18 8 739
t 78 85 57 63 51 63 67 52 51 55 49 79
t 59 52 70 49 76 59 89 79 62 87 75 59
t 64 56 70 68 80 47 73 73 47 55 54 61
t 66 55 55 79 62 84 81 75 58 51 88 85
t 5 25 16 5 24 11 14 13 5 713 2 14
t 90 64 55 79 62 79 58 88 64 79 66 61
t 711 15 5 5 12 20 8 8 15 1 24 11
t 79 90 68 87 86 46 59 56 49 52 47 72
t 86 54 63 81 69 79 63 78 77 51 77 62
t 84 77 63 73 54 81 58 72 48 74 88 67
t 54 68 73 47 89 60 50 55 61 88 46 86
t 4 13 7 24 716 10 25 17 17 5 3 16
t 55 65 69 50 71 77 51 71 45 50 50 68
mb
t 4 3 9 14 1 19 17 7 6 733 7 18
t 72 78 72 81 67 54 80 88 89 74 90 80
t 1 18 2 15 710 24 15 11 8 4 10 11
t 25 6 14 4 2 13 8 21 8 16 731 16
t 8 3 6 19 22 19 13 16 18 718 21 23
t 78 55 57 82 45 65 81 70 88 82 82 66
t 4 3 1 2 17 16 1 10 6 749 6 7
t 78 84 50 80 60 80 49 88 54 78 71 69
t 68 73 59 75 56 61 52 65 72 62 84 80
t 89 48 86 86 66 53 78 71 70 73 70 90
t 23 8 3 2 11 745 4 18 7 20 4 23
t 55 80 81 60 51 48 47 62 69 68 64 62
t 85 76 67 80 82 79 69 53 69 52 65 52
t 87 54 81 54 50 79 51 79 52 74 84 61
t 9 15 25 8 4 721 16 11 7 17 24 17
t 90 53 62 72 59 50 80 67 56 87 89 70
t 714 15 10 8 5 23 24 9 11 10 13 2
t 48 53 62 70 73 87 75 51 76 49 70 68
t 1 10 8 5 729 18 15 20 9 23 10 11
t 71 46 63 55 63 47 76 79 64 72 47 52
t 66 63 50 49 80 65 50 78 67 46 85 51
t 14 10 16 16 739 1 25 25 10 4 3 18
t 71 45 71 88 56 76 89 74 45 58 50 51
t 62 88 76 54 73 51 89 50 62 63 46 88
t 16 5 726 16 25 17 21 21 7 23 6 1
t 722 24 12 25 17 25 9 7 14 23 13 14
t 22 16 12 8 12 3 11 17 13 6 24 737
t 50 64 77 80 67 53 74 76 58 59 56 53
t 21 1 19 21 24 19 738 9 16 17 1 13
t 84 82 75 86 80 64 80 74 60 46 52 74
t 57 90 50 47 73 90 75 72 66 50 82 49
t 69 64 68 50 83 49 69 52 55 80 50 69
t 47 75 62 89 70 55 73 58 62 51 59 56
t 5 19 15 19 716 25 11 25 7 14 15 25
t 88 74 53 77 84 55 51 59 62 62 55 71
t 16 6 17 720 23 13 17 25 22 5 18 13
t 60 65 86 65 80 50 82 51 51 61 56 51
t 721 8 19 19 15 19 18 23 10 12 19 23
t 76 66 49 62 81 81 56 47 64 77 86 48
t 55 51 55 53 80 56 47 79 81 65 66 90
t 49 46 57 90 52 59 62 58 85 49 59 53
t 74 74 64 62 62 74 77 75 71 86 70 85
t 23 13 8 7 12 14 5 16 14 5 11 724
t 4 13 15 6 24 7 12 23 24 20 17 728
t 5 22 16 23 727 14 24 6 13 5 10 2
t 5 13 7 20 14 4 11 19 749 7 13 24
t 6 13 5 5 12 2 21 713 3 23 21 13
t 12 12 3 714 17 18 19 19 25 23 18 21
t 88 79 67 76 81 66 58 78 56 46 59 46
t 22 734 12 10 20 16 21 8 25 11 23 18
t 69 88 76 88 67 80 66 54 88 63 72 47
t 21 4 2 17 24 12 18 10 16 17 729 5
t 73 77 52 86 64 47 64 47 76 81 71 59
t 73 64 68 67 83 51 90 82 69 61 59 64
t 68 90 45 80 67 86 64 66 70 57 73 45
t 53 77 90 67 72 76 84 83 80 86 83 84
t 51 53 77 89 79 48 50 73 51 61 55 80
t 66 65 88 74 89 62 90 73 50 85 81 76
t 57 60 86 66 71 78 58 55 85 76 45 57
t 59 55 85 74 52 89 80 84 81 83 82 48
t 9 728 14 24 1 4 10 22 10 18 10 9
t 22 3 738 15 1 8 10 24 4 16 14 4
t 47 65 55 51 54 47 67 73 64 87 46 45
t 17 14 22 724 5 13 19 2 6 10 20 5
t 11 710 7 8 4 7 14 2 12 1 3 11
t 47 54 62 79 84 78 65 51 52 48 55 46
t 25 4 14 23 20 16 3 6 19 744 18 18
t 68 85 73 52 65 51 77 61 70 71 57 70
t 15 21 21 17 19 718 5 7 1 13 10 22
t 45 71 75 69 79 86 86 83 79 77 51 66
t 79 77 58 73 68 57 57 55 47 59 58 61
t 730 9 17 3 12 20 13 19 11 11 5 7
t 730 4 7 6 25 4 18 9 12 10 15 8
t 65 54 63 71 51 87 59 73 78 64 52 53
t 8 1 10 6 14 12 18 718 18 17 4 10
t 59 67 69 83 65 52 50 83 53 49 86 81
t 70 80 67 65 76 63 78 84 77 82 64 75
t 12 15 12 14 3 11 25 11 718 12 19 25
t 47 90 67 79 90 45 77 60 76 51 47 56
t 25 12 4 7 5 748 14 12 1 2 21 6
t 19 1 20 11 5 17 25 12 6 20 17 739
t 9 18 8 20 11 22 746 4 19 4 13 14
t 24 728 2 24 19 10 19 7 17 19 25 7
t 60 87 77 69 64 66 57 58 79 58 59 89
t 55 88 83 67 71 49 84 51 48 69 67 53
t 10 6 8 8 2 21 9 11 5 737 23 1
t 17 6 25 13 6 21 747 12 6 3 21 2
t 10 736 9 17 9 16 13 15 12 3 11 4
t 73 46 75 52 62 45 84 84 80 45 56 55
t 67 77 73 69 58 45 67 55 85 51 83 80
t 24 9 4 4 12 6 13 1 16 725 14 17
t 78 77 57 67 45 84 82 69 72 57 63 60
t 12 15 24 4 6 24 23 17 734 1 11 14
t 25 20 11 13 15 2 18 11 2 718 5 14
t 45 57 64 79 77 55 59 68 51 81 70 67
t 11 25 5 15 2 6 8 11 14 5 22 737
t 2 3 729 20 3 8 24 6 25 6 13 21
t 73 86 48 73 56 77 73 70 82 56 79 80
t 9 1 3 23 6 22 23 747 24 5 20 24
t 48 51 75 72 68 63 58 63 59 72 90 90
t 12 25 716 3 12 3 9 18 1 11 21 11
t 65 77 67 77 81 64 78 87 54 85 73 69
t 713 7 15 24 25 2 22 3 14 2 5 24
t 7 713 3 17 13 19 21 9 23 2 8 19
t 61 87 57 57 84 70 67 55 78 52 64 78
t 4 726 15 5 4 7 21 20 14 17 14 25
t 57 57 87 70 53 72 60 48 48 46 87 90
t 80 78 65 79 79 57 47 75 72 86 54 59
t 47 50 64 65 83 60 49 79 73 70 82 51
t 23 18 735 19 8 8 7 12 11 16 10 13
t 15 8 8 17 8 4 19 8 715 16 22 14
t 8 21 714 16 21 11 25 19 6 16 17 10
t 74 86 75 80 57 90 68 55 50 84 78 82
t 14 10 8 13 8 7 6 2 19 736 3 2
t 47 51 83 67 49 50 84 55 65 69 68 82
t 55 66 88 49 50 51 69 62 85 89 53 67
t 19 14 720 18 4 21 14 12 14 12 1 8
t 16 18 727 15 4 1 7 23 4 7 13 20
t 84 84 60 60 59 55 62 77 83 69 87 71
t 15 712 22 21 3 21 11 21 15 5 22 3
t 61 80 48 84 83 84 71 55 89 64 73 65
t 3 5 20 1 10 726 24 20 11 2 22 17
t 56 54 45 71 68 86 46 78 72 88 83 80
t 62 50 63 74 63 74 46 69 69 47 76 45
t 60 55 76 47 88 64 52 68 46 67 46 63
t 75 47 63 66 46 56 82 63 85 90 67 84
t 75 55 77 50 63 65 46 87 82 58 75 77
t 10 725 3 10 24 4 1 14 6 13 23 11
t 15 19 10 19 722 14 10 19 10 21 11 2
t 54 74 76 88 75 64 74 86 62 52 46 45
t 65 78 69 68 65 63 67 53 90 64 56 74
t 67 65 48 52 89 55 80 66 57 64 52 72
t 87 71 57 73 85 90 87 83 45 49 54 58
t 20 739 20 17 3 1 2 24 6 16 2 16
t 5 3 721 17 20 1 24 21 21 5 12 7
t 13 17 25 719 11 14 10 21 2 13 3 8
t 75 83 88 82 59 48 55 75 65 58 87 47
t 84 81 55 83 53 90 81 57 51 68 67 45
t 63 66 56 47 65 60 51 74 58 68 53 62
t 89 50 79 72 60 73 65 52 56 54 63 64
t 71 73 66 72 72 85 64 57 79 66 52 84
t 65 68 45 87 56 57 76 88 76 82 61 65
t 88 71 85 73 79 50 69 68 45 78 79 71
t 66 66 69 67 80 45 86 66 73 64 70 67
t 1 18 4 21 15 711 5 1 21 5 12 24
t 14 1 2 4 18 1 12 19 725 17 1 11
t 79 47 55 49 73 71 80 53 66 62 81 75
t 23 9 10 737 16 10 12 3 6 9 17 9
t 17 4 720 2 16 9 3 17 17 15 17 2
t 735 21 24 15 13 18 7 10 19 5 14 25
t 20 11 13 25 5 5 23 3 19 13 736 2
t 83 67 53 84 72 51 45 61 71 76 78 88
t 53 50 70 80 82 80 67 72 50 48 57 59
t 19 2 5 746 2 15 8 2 17 6 4 23
t 59 48 45 60 49 72 54 80 72 82 49 62
t 77 64 81 69 79 50 65 75 50 89 73 82
t 49 74 80 81 50 52 61 82 81 55 55 81
t 6 1 24 21 20 24 8 6 21 4 743 7
t 56 51 63 71 75 87 69 89 77 55 47 69
t 89 85 67 56 79 86 87 51 61 69 46 74
t 19 711 11 8 7 12 14 16 2 12 2 17
t 66 86 52 89 66 70 72 82 87 78 61 74
t 50 52 77 52 49 46 62 56 56 74 82 86
t 22 745 14 9 12 1 3 6 18 12 21 5
t 50 48 80 81 80 79 82 76 57 52 54 82
t 3 7 17 7 15 14 17 10 737 1 11 19
t 16 11 13 13 14 12 8 14 10 9 10 711
t 19 11 725 20 5 12 17 9 2 16 7 4
t 9 4 8 7 717 14 18 24 5 10 22 11
t 23 7 16 736 13 5 13 6 18 19 2 15
t 57 46 65 60 47 57 51 71 59 52 59 56
t 83 52 72 63 59 83 70 53 64 82 65 87
t 53 69 63 89 57 45 61 85 48 88 62 71
t 13 16 744 19 13 9 14 21 1 10 10 12
t 67 75 59 68 76 66 67 55 79 76 65 78
t 49 90 61 81 53 68 64 68 55 64 70 55
t 5 24 21 723 2 3 11 25 18 21 21 11
t 67 48 88 51 51 83 57 77 51 89 79 68
t 72 63 67 85 51 51 55 56 78 84 55 56
t 88 51 82 50 47 73 60 82 81 68 71 72
t 71 64 53 79 64 75 53 75 72 88 70 82
t 75 86 89 46 63 81 46 62 63 61 83 52
t 3 6 715 22 15 6 3 24 2 16 23 24
t 72 89 70 78 90 54 48 71 60 70 83 86
t 77 49 56 77 59 80 73 81 54 61 60 66
t 7 22 15 8 6 16 24 14 11 719 3 15
t 9 16 19 7 9 16 4 19 14 737 13 11
t 68 69 70 73 59 67 59 80 86 46 84 60
t 23 23 13 712 22 25 7 22 12 3 15 3
t 60 68 73 54 76 85 69 49 79 82 80 85
t 3 23 14 23 2 728 15 6 3 15 6 16
t 88 69 80 58 65 66 45 77 46 60 78 47
t 87 65 75 49 59 47 70 59 51 71 84 56
t 67 51 86 46 72 89 49 50 63 56 46 73
t 89 79 79 77 83 61 72 83 75 72 66 85
t 8 3 16 2 15 11 9 20 22 1 745 18
t 49 90 69 62 49 76 46 61 72 56 56 75
t 73 52 63 58 80 62 45 75 57 46 86 52
t 49 83 52 53 76 85 56 84 86 84 67 58
t 48 89 88 76 88 72 84 51 88 50 50 66
t 53 52 49 45 73 52 77 85 78 49 75 47
t 15 10 19 20 711 21 9 14 22 3 22 17
t 70 80 45 50 83 73 49 68 71 74 45 56
t 25 18 14 2 15 7 14 1 23 744 8 13
t 18 21 736 6 14 25 6 11 4 18 10 7
t 57 45 69 54 71 84 85 62 71 60 90 74
t 77 69 88 88 79 79 86 90 82 61 55 72
t 3 19 12 9 16 19 13 7 713 9 9 16
t 53 67 77 86 86 71 48 68 54 77 88 84
t 59 76 53 90 82 61 48 49 46 45 81 88
t 20 2 19 719 7 18 15 19 22 8 2 22
t 70 69 55 61 65 61 56 49 60 68 84 76
t 748 12 22 2 4 8 22 8 1 7 6 20
t 17 24 6 15 9 18 18 21 18 8 725 4
t 50 76 78 56 45 87 77 46 90 46 50 81
t 79 62 82 86 51 58 55 64 83 56 61 63
t 53 84 62 83 84 45 75 53 59 74 52 53
t 3 6 9 22 2 8 24 735 11 9 13 13
t 13 15 14 10 12 22 22 15 738 4 5 21
t 54 85 63 86 58 89 65 90 85 54 58 88
t 8 741 8 20 14 19 22 2 23 15 7 11
t 58 78 57 53 73 58 69 45 61 75 81 75
t 54 46 66 77 45 89 66 77 51 53 76 76
t 60 60 65 50 49 72 56 55 80 49 67 87
t 49 87 86 90 82 69 69 47 69 58 89 60
t 7 17 8 8 725 23 23 21 7 24 3 4
t 73 61 59 67 60 54 77 87 73 54 89 53
t 86 82 65 85 81 64 53 51 87 84 59 59
t 83 47 49 62 54 54 58 88 51 52 54 71
t 50 89 72 53 49 82 82 86 69 90 89 65
t 8 13 9 2 15 12 733 5 24 12 15 10
t 15 14 2 17 4 12 5 22 18 740 23 9
t 69 51 45 83 48 52 84 55 48 68 66 90
t 70 45 85 48 77 87 66 47 76 89 79 84
t 85 50 58 88 79 83 48 48 69 50 84 72
t 8 15 20 14 23 8 15 24 16 10 730 18
t 749 16 8 14 25 12 24 21 1 25 6 13
t 88 51 88 69 80 60 49 90 78 59 84 53
t 67 77 74 88 90 77 52 57 45 63 72 54
t 23 1 19 16 21 6 4 10 738 20 20 3
t 19 23 23 15 10 14 11 15 726 23 13 15
t 54 65 54 89 76 47 84 85 48 60 82 56
t 89 62 86 54 50 82 74 75 54 89 67 57
t 728 15 12 1 21 7 9 14 14 3 2 8
t 73 54 90 71 49 48 83 57 69 61 82 49
t 75 63 62 48 60 89 56 54 85 47 79 59
t 74 53 71 71 87 79 81 62 50 51 60 74
t 1 11 741 14 17 15 15 8 9 19 4 24
t 18 9 718 1 21 6 21 9 24 8 17 15
t 71 51 74 69 54 74 49 80 60 69 58 50
t 4 16 12 23 4 8 10 19 6 711 13 3
t 87 67 69 82 58 67 61 86 48 88 73 73
t 20 726 17 19 19 19 22 17 18 20 19 3
t 77 55 72 72 55 88 75 88 70 55 75 69
t 76 52 66 70 84 64 49 67 46 67 67 87
t 81 52 54 53 73 78 83 81 90 53 69 61
t 52 58 73 80 60 90 63 86 75 70 51 55
t 75 85 79 66 88 74 74 82 88 86 71 78
t 73 86 53 76 61 70 85 77 82 82 46 75
t 739 14 10 3 16 25 7 23 19 15 12 13
t 85 47 80 60 55 74 79 61 59 49 65 85
t 84 48 51 87 53 48 82 70 66 59 56 72
t 65 45 87 58 66 50 78 86 56 86 85 62
t 68 75 66 65 86 68 50 67 83 90 89 45
t 16 16 4 741 6 5 12 10 20 14 13 13
t 76 68 66 90 74 57 71 47 48 70 72 55
t 19 14 9 20 19 7 744 1 8 20 17 11
t 77 84 67 54 54 88 55 77 86 76 87 54
t 86 74 80 83 87 69 67 66 68 69 63 60
t 9 24 17 24 1 13 6 11 11 728 5 15
t 739 10 15 13 8 19 24 3 21 11 1 15
t 3 12 5 5 22 7 19 4 11 15 731 16
t 24 13 714 20 12 9 5 16 10 19 24 5
t 89 80 80 85 57 56 48 85 56 49 73 74
t 4 2 17 10 3 10 732 21 2 25 11 18
t 7 8 11 3 8 11 745 3 25 23 15 12
t 13 16 711 20 2 8 2 4 19 22 19 14
t 20 16 7 21 16 13 20 4 19 25 747 25
t 55 83 51 66 78 69 55 70 54 77 74 89
t 56 52 77 77 60 87 61 89 51 78 70 79
t 69 72 74 84 74 60 49 57 89 53 82 47
t 731 18 4 5 12 19 9 5 9 2 11 4
t 19 9 1 6 9 744 20 22 19 25 1 19
t 21 11 7 16 22 25 4 710 9 13 22 9
t 6 21 9 13 726 21 22 16 17 10 22 9
t 18 17 735 4 14 23 18 2 21 3 15 13
t 13 9 19 8 1 736 12 6 2 12 9 11
t 10 13 16 10 13 15 744 5 4 16 7 14
t 17 9 24 7 1 14 1 22 2 21 738 9
t 67 80 76 71 64 78 78 88 64 76 77 79
t 85 56 65 78 78 54 45 85 52 47 67 81
t 746 12 14 9 3 13 16 24 21 14 11 7
t 7 14 13 9 8 733 19 4 24 13 2 14
t 88 71 77 87 72 66 52 61 55 71 73 83
t 85 55 72 62 53 68 51 68 57 68 52 50
t 20 8 2 11 17 2 20 747 9 16 19 14
t 20 24 18 25 14 22 6 17 12 725 16 8
t 14 20 6 720 17 1 14 19 11 1 1 10
t 47 46 75 54 53 76 70 81 50 71 84 84
t 52 86 65 76 78 50 74 86 52 83 81 77
t 60 88 70 59 70 82 58 52 65 67 56 78
t 732 22 17 24 24 11 19 3 8 10 15 14
t 50 58 83 87 68 50 58 55 65 54 60 77
t 61 87 68 81 85 73 46 52 62 79 46 50
t 15 5 25 2 19 716 18 5 5 20 12 1
t 64 54 83 82 75 52 57 60 72 50 60 60
t 8 8 23 22 24 5 4 22 716 12 19 15
t 53 83 55 64 81 71 68 45 58 56 48 86
t 71 70 50 49 90 82 58 84 63 83 83 80
t 14 6 7 14 7 4 13 5 723 20 14 14
t 21 18 14 20 3 725 8 1 22 14 20 2
t 16 3 18 21 15 20 24 13 7 731 16 6
t 88 69 70 75 65 68 69 60 75 90 84 62
t 86 90 45 56 72 80 58 45 82 75 82 75
t 17 7 5 5 6 737 13 10 20 9 13 25
t 88 88 52 75 58 86 85 53 69 71 87 68
t 59 61 87 86 80 83 59 76 55 55 46 57
t 87 78 58 56 72 62 89 88 70 70 90 64
t 23 14 5 6 3 1 11 23 13 8 743 12
t 25 735 24 24 12 20 14 5 12 5 11 19
t 79 66 71 75 90 80 69 62 73 60 89 65
t 58 50 67 54 78 64 58 54 49 50 59 49
t 69 60 73 51 79 84 47 59 52 55 54 68
t 67 51 75 78 71 78 57 49 65 59 77 60
t 54 59 67 90 86 54 75 83 87 78 46 67
t 19 8 23 12 18 9 12 730 12 11 16 1
t 85 69 82 62 86 65 71 90 61 67 55 60
t 53 48 75 51 80 56 61 61 55 73 77 79
t 17 733 20 5 17 14 23 14 6 24 10 16
t 90 61 87 88 53 67 68 90 52 78 60 70
t 4 17 24 20 9 733 1 6 3 20 12 6
t 46 57 57 61 52 68 57 76 46 77 70 75
t 6 12 8 6 22 4 3 1 19 718 16 9
t 6 25 16 11 17 4 11 17 20 721 24 2
t 710 16 3 24 5 8 25 13 3 13 2 19
t 12 9 15 23 9 25 1 15 11 5 716 4
t 23 14 21 18 22 4 4 710 25 3 7 10
t 13 3 24 6 15 18 3 723 21 21 10 11
t 64 51 76 80 73 82 86 86 50 79 67 48
t 81 87 81 76 86 51 61 48 49 83 88 49
t 5 15 19 6 8 4 2 728 19 25 18 5
t 22 14 12 726 8 24 17 25 19 2 23 6
t 45 49 57 46 85 58 79 87 81 66 86 83
t 12 10 7 3 9 718 24 20 21 13 2 3
t 17 5 3 16 15 10 15 9 720 8 14 1
t 74 60 51 54 75 71 55 88 63 85 47 90
t 59 71 63 84 56 81 77 83 48 74 52 55
t 17 10 25 22 11 21 741 20 5 9 4 10
t 13 10 7 13 732 13 21 17 15 4 25 16
t 18 8 8 5 12 3 19 14 730 1 20 12
t 73 74 77 87 52 82 90 77 50 67 72 85
t 1 13 21 17 723 1 25 4 22 17 7 24
t 60 81 77 88 77 55 59 55 62 56 69 69
t 15 23 4 22 10 16 736 17 8 1 20 17
t 46 70 57 46 55 58 90 56 51 87 75 67
t 74 58 48 85 57 81 70 81 88 71 65 69
t 69 88 63 55 80 59 85 74 70 87 69 72
t 65 62 50 73 89 61 85 69 58 60 62 67
t 48 52 58 69 46 80 61 53 77 75 74 84
t 63 65 77 55 90 56 53 78 87 53 58 71
t 71 80 71 89 66 57 88 49 57 58 48 89
t 56 88 85 63 73 90 48 80 59 64 68 75
t 50 82 64 81 49 46 83 75 79 85 59 56
t 90 57 61 69 82 57 60 66 72 50 71 75
t 9 739 7 23 15 25 24 14 11 14 18 1
t 87 53 53 61 67 58 59 71 73 51 66 49
t 64 59 65 86 64 86 68 88 63 57 62 50
t 49 64 62 46 80 75 47 86 90 53 83 77
t 4 11 16 1 15 17 18 11 24 716 12 10
t 5 18 5 18 18 3 6 715 1 9 2 12
t 1 2 22 4 719 21 9 22 19 11 21 25
t 85 86 82 71 53 62 70 86 56 77 87 85
t 734 1 22 9 14 4 23 10 20 21 10 12
t 78 82 62 84 78 74 76 45 49 59 48 50
t 85 67 66 67 89 88 69 45 85 90 86 83
t 57 69 70 78 50 45 71 47 61 71 49 65
t 65 81 55 80 58 83 88 84 53 73 76 86
t 22 11 6 7 715 15 17 18 1 9 20 12
t 18 2 21 8 11 729 11 17 5 9 7 5
t 6 7 6 737 7 22 25 13 25 11 15 12
t 87 56 72 68 75 60 49 80 74 80 66 57
t 47 45 88 59 66 75 62 46 60 79 62 90
t 24 15 23 2 23 18 22 12 6 11 7 744
t 19 22 6 2 18 24 17 1 20 16 9 747
t 48 77 56 47 53 53 81 86 61 61 85 64
t 78 55 82 59 88 59 52 62 75 48 83 52
t 62 46 68 49 65 66 57 78 76 70 59 52
t 23 8 2 25 744 19 9 16 1 19 24 18
t 52 53 78 59 51 52 48 60 79 79 87 77
t 59 77 79 87 89 75 86 72 57 45 80 63
t 77 70 87 55 67 78 84 90 83 72 82 63
t 25 12 742 10 14 13 10 2 5 4 8 23
t 75 65 85 50 80 80 52 56 58 74 57 45
t 46 71 55 79 64 47 47 56 49 70 57 66
t 45 57 67 83 73 83 52 83 72 84 59 53
t 51 69 53 49 55 84 74 67 84 73 88 59
t 8 10 16 9 724 6 25 9 20 7 25 16
t 2 7 18 2 6 22 12 20 8 734 5 1
t 47 46 45 45 45 87 55 63 85 59 80 47
t 69 62 76 51 85 49 86 54 55 54 74 53
t 62 87 75 76 58 73 58 72 58 47 77 74
t 90 58 63 62 76 65 73 61 72 79 70 59
t 13 21 4 19 714 17 18 14 21 6 4 25
t 85 73 52 52 48 76 67 64 62 58 72 60
t 69 64 86 59 89 84 66 45 82 84 80 81
t 79 63 70 79 62 90 62 77 85 45 70 76
t 47 78 55 75 54 75 47 70 54 59 81 46
t 11 21 3 748 12 21 20 23 17 20 13 20
t 21 25 24 20 23 714 13 24 21 9 13 9
t 90 65 46 62 65 69 75 74 58 70 76 75
t 22 23 7 8 1 15 24 3 17 721 22 23
t 68 66 51 83 72 56 52 89 58 57 86 59
t 83 52 90 81 58 80 90 65 57 88 47 59
t 81 79 45 75 67 65 63 53 77 83 81 72
t 15 11 16 5 2 14 20 20 711 19 3 19
t 21 17 16 4 20 17 20 718 20 15 5 7
t 86 69 88 51 48 60 76 89 55 86 78 60
t 45 71 62 77 48 62 72 90 90 64 75 63
t 7 9 24 22 14 14 6 7 10 15 726 24
t 8 17 20 23 745 24 12 5 16 13 24 17
t 18 5 25 7 19 9 24 3 6 11 15 710
t 25 3 5 23 12 15 17 14 10 18 712 7
t 68 78 88 64 73 82 82 81 71 70 53 76
t 17 6 16 19 713 5 24 10 11 9 2 6
t 67 74 67 88 60 60 68 86 72 69 87 62
t 85 54 64 64 65 57 66 52 57 77 72 47
t 59 58 90 64 53 45 60 53 68 56 52 70
t 23 5 3 20 13 18 7 6 24 17 21 720
t 64 76 75 88 56 66 67 60 79 87 88 49
t 67 63 80 86 57 73 50 74 71 82 78 69
t 90 75 57 57 81 81 54 69 60 81 47 46
t 68 85 48 85 59 80 74 50 51 55 83 67
t 75 56 88 87 59 73 48 87 53 50 81 66
t 23 8 20 723 3 12 21 20 12 13 24 19
t 24 21 2 14 16 18 15 14 23 8 6 746
t 87 70 59 67 85 54 59 68 57 79 75 88
t 1 10 719 9 11 16 21 22 6 13 14 22
t 60 45 71 84 87 89 87 46 65 60 76 74
t 4 18 24 732 19 14 23 2 12 16 12 17
t 74 64 71 49 51 54 75 78 54 83 69 72
t 47 87 80 60 53 61 50 69 52 78 84 81
t 19 21 25 14 21 12 729 18 5 25 24 8
t 57 84 59 59 48 64 90 61 64 58 88 50
t 45 58 74 87 51 89 57 54 84 69 88 85
t 68 60 61 77 63 88 73 84 51 61 45 70
t 52 85 69 71 86 67 83 62 64 54 87 59
t 66 54 45 53 87 53 64 53 56 66 58 67
t 14 8 3 13 1 25 728 22 6 14 12 8
t 5 7 744 4 13 11 6 25 19 20 5 6
t 2 16 6 12 749 12 6 2 24 1 10 11
t 19 22 13 14 16 20 720 17 1 7 3 6
t 22 734 15 15 22 19 17 23 18 13 22 14
t 60 54 52 78 45 51 79 52 74 64 60 66
t 61 55 83 84 66 68 77 58 64 84 58 68
t 23 4 7 10 5 1 3 731 11 9 24 25
t 47 65 49 57 82 85 55 81 50 88 81 52
t 76 57 80 56 60 51 68 78 47 46 50 77
t 69 62 62 52 62 64 62 81 83 51 63 68
t 14 25 2 711 25 6 22 8 9 9 25 11
t 54 52 82 80 54 89 68 82 84 87 46 46
t 25 2 19 10 738 2 6 21 4 6 12 15
t 83 77 61 53 81 76 82 67 82 88 66 55
t 67 53 85 48 54 74 57 69 49 78 62 61
t 10 21 17 717 11 5 21 22 16 21 15 21
t 51 59 65 53 77 64 49 55 90 90 56 54
t 74 64 63 88 54 55 72 45 73 80 47 87
t 1 3 22 3 24 2 5 2 21 6 714 13
t 54 64 54 47 53 50 51 58 79 63 56 53
t 65 70 87 48 76 78 77 85 60 57 67 67
t 19 16 11 12 8 4 4 21 11 3 722 13
t 54 47 75 70 67 52 89 47 83 81 47 86
t 8 17 21 8 723 22 20 22 13 18 8 23
t 736 1 1 19 1 20 9 5 1 16 21 11
t 19 18 16 16 2 25 9 13 20 3 23 711
t 87 55 82 73 46 49 50 70 76 64 70 68
t 52 78 58 46 77 74 53 50 57 57 67 63
t 713 22 23 17 1 17 17 11 4 21 20 20
t 9 19 8 18 21 11 21 5 20 728 4 11
t 68 58 46 89 73 86 53 69 86 74 72 72
t 20 10 738 1 20 14 2 14 18 20 21 16
t 48 79 50 73 59 87 68 69 74 64 78 70
t 60 67 47 55 51 89 75 66 80 54 47 80
t 50 72 71 54 79 73 56 62 61 70 62 53
t 8 22 727 6 25 3 21 24 22 25 13 23
t 25 7 2 24 720 23 22 1 8 22 17 20
t 24 23 13 10 23 720 22 6 15 23 14 7
t 2 2 12 6 12 2 5 19 24 728 20 3
t 25 21 3 734 3 6 16 22 8 11 24 18
t 74 72 67 48 78 52 86 49 67 53 49 65
t 16 8 1 24 5 9 24 12 17 712 10 15
t 45 75 51 84 82 79 82 45 90 82 89 45
t 68 54 81 55 85 83 82 59 66 50 87 67
t 14 13 713 2 22 4 4 12 25 20 24 18
t 77 54 82 84 46 75 68 52 84 64 47 45
t 85 52 73 45 47 85 76 90 71 52 81 51
t 6 13 21 21 16 23 10 13 11 6 16 716
t 88 57 64 73 45 79 81 76 86 77 55 61
t 18 16 720 14 18 5 24 9 11 5 10 18
t 20 747 17 18 16 6 15 8 20 10 12 4
t 9 18 23 4 4 16 21 15 21 6 25 722
t 58 74 62 63 71 88 71 76 87 83 88 84
t 10 9 18 24 25 2 10 25 20 731 22 18
t 75 83 51 80 73 79 52 83 46 58 72 60
t 4 19 5 13 7 17 22 17 13 719 25 5
t 50 63 87 73 59 70 64 50 84 59 56 49
t 52 67 54 75 84 63 86 53 73 67 70 45
t 60 70 48 74 51 86 68 65 58 53 46 80
t 89 65 87 88 75 76 59 47 71 46 75 76
t 46 47 61 71 90 49 52 48 85 86 90 48
t 78 46 69 77 84 68 64 60 74 76 85 79
t 67 75 60 78 85 47 45 86 80 75 51 70
t 60 66 65 55 84 74 65 73 70 69 78 68
t 735 18 13 7 23 20 2 14 10 19 11 24
t 78 58 54 79 73 87 86 70 54 79 86 79
t 58 69 68 64 66 62 73 48 55 80 65 73
t 24 12 19 13 11 17 20 13 3 747 14 6
t 20 14 718 12 5 8 22 24 9 13 4 12
t 24 15 20 3 18 746 3 10 16 4 8 13
t 81 51 50 59 72 50 56 79 81 52 50 65
t 18 5 16 14 14 5 8 6 10 1 10 710
t 2 19 22 25 13 14 22 15 738 22 2 13
t 4 22 4 12 22 22 1 19 9 17 726 7
t 50 70 69 51 89 53 65 45 86 60 48 70
t 89 52 69 59 63 66 86 59 47 74 58 59
t 15 13 2 24 15 725 8 5 17 25 3 17
t 3 25 20 1 8 21 10 5 712 24 3 12
t 66 64 85 59 89 83 88 63 70 73 68 59
t 2 16 25 22 8 8 7 20 2 715 16 14
t 23 17 13 15 7 23 19 16 747 22 20 7
t 59 80 57 77 60 51 59 51 50 82 57 55
t 61 68 51 57 86 87 64 59 74 88 47 85
t 75 72 84 60 63 83 89 85 71 83 46 61
t 18 8 23 9 10 17 21 11 7 7 739 20
t 6 13 5 20 10 18 23 5 5 23 5 713
t 18 1 5 18 3 5 10 15 16 716 10 12
t 738 18 14 19 8 9 5 9 22 4 7 14
t 4 6 11 3 748 15 23 9 9 11 13 5
t 87 76 64 63 68 68 75 57 73 72 79 78
t 75 76 78 85 83 46 89 89 73 48 48 58
t 80 88 75 83 82 71 66 68 47 80 88 45
t 89 65 72 57 60 53 54 63 58 71 56 63
t 18 17 17 7 17 19 22 2 19 23 23 721
t 53 59 84 66 51 80 74 67 85 75 86 68
t 56 79 67 71 80 78 46 84 82 64 71 81
t 52 56 53 47 52 84 64 86 84 51 63 57
t 56 63 65 60 53 49 46 55 60 48 49 67
t 69 57 46 84 76 53 56 65 63 59 85 67
t 73 83 78 82 77 78 60 48 89 47 62 82
t 4 16 21 19 7 23 9 6 24 718 10 8
t 22 3 6 21 727 19 15 13 6 6 19 18
t 22 8 18 17 13 1 7 23 732 7 12 2
t 85 65 46 70 82 81 58 57 73 65 67 50
t 17 25 13 15 15 6 12 23 8 746 1 9
t 50 71 66 81 72 55 86 74 79 55 54 77
t 4 13 22 1 22 12 25 14 733 10 25 14
t 48 47 81 46 72 71 51 90 74 57 87 54
t 719 23 12 9 4 22 14 13 12 21 24 16
t 11 15 12 17 12 1 24 22 741 7 6 5
t 61 76 53 52 54 60 82 63 69 69 64 77
t 45 54 65 46 80 79 83 67 86 60 51 52
t 66 49 57 76 86 72 65 81 46 67 85 59
t 54 57 88 67 87 50 60 55 90 47 82 66
t 80 61 87 79 78 74 74 50 52 81 76 78
t 60 87 49 48 46 87 45 64 65 90 47 60
t 15 16 14 21 24 24 8 722 16 25 14 14
t 25 23 15 22 4 19 20 712 23 8 21 23
t 77 47 71 82 72 69 67 53 78 90 90 49
t 10 1 15 24 12 15 25 19 4 6 22 748
t 71 70 64 58 83 67 64 64 56 74 89 72
t 57 60 65 63 71 90 66 47 71 45 57 64
t 59 49 60 82 55 53 45 46 47 55 49 82
t 57 53 57 76 45 89 81 88 84 63 68 90
t 6 3 19 17 7 15 10 1 712 2 2 6
t 19 16 20 9 23 12 13 16 20 1 733 14
t 65 64 77 78 54 57 71 87 46 62 84 75
t 62 71 49 87 88 70 45 69 45 75 72 60
t 1 1 3 736 12 21 21 14 12 10 16 18
t 1 2 3 12 6 24 730 8 25 11 14 6
t 81 70 81 86 57 65 52 81 52 70 62 86
t 3 8 11 7 2 24 748 11 2 21 17 12
t 9 20 22 16 8 744 17 16 22 14 6 4
t 67 53 53 72 77 82 47 84 86 76 73 62
t 66 73 58 72 68 56 47 49 77 46 86 48
t 85 89 45 48 83 72 63 45 84 45 67 72
t 11 22 3 5 17 4 19 5 8 21 6 723
t 735 21 6 24 12 20 19 7 20 23 13 1
t 53 73 56 49 54 70 60 66 48 87 50 88
t 67 58 83 72 87 49 72 46 70 47 71 83
t 86 82 78 69 59 76 64 46 60 55 85 57
t 57 56 63 89 78 80 81 82 53 83 81 85
t 21 22 731 18 2 11 13 22 23 13 21 8
t 2 23 713 21 1 6 21 5 13 20 17 8
t 49 62 84 79 49 80 74 61 81 69 45 90
t 87 47 56 67 78 79 68 53 64 80 63 90
t 64 69 67 80 75 72 89 51 54 86 67 67
t 58 71 46 66 62 61 79 63 80 67 84 54
t 11 13 7 722 21 5 18 19 10 7 23 23
t 63 47 53 74 90 88 53 75 59 69 52 47
t 49 66 79 66 67 60 62 46 90 84 74 69
t 67 58 65 72 87 48 47 60 65 67 67 50
t 52 87 45 67 56 49 72 52 83 47 90 58
t 736 4 24 2 19 7 24 18 6 9 11 7
t 9 17 10 12 4 23 24 23 728 9 13 10
t 61 88 77 50 51 54 45 55 62 65 85 57
t 77 62 79 48 53 88 74 64 52 53 47 45
t 10 11 6 728 3 5 3 3 19 2 1 13
t 63 80 67 47 50 61 48 61 76 50 79 76
t 77 73 53 55 72 54 49 56 57 75 61 87
t 746 20 10 22 23 18 8 23 7 21 6 14
t 87 80 54 57 79 83 62 61 59 88 75 71
t 83 88 76 47 65 84 68 58 61 58 72 71
t 19 4 1 22 2 731 20 1 9 10 10 24
t 18 3 10 21 16 17 11 22 2 8 22 735
t 80 75 80 76 81 52 46 82 65 56 81 89
t 72 63 52 72 68 51 53 68 64 53 50 65
t 66 71 83 81 69 89 52 73 89 68 72 67
t 86 82 75 50 65 76 55 84 76 64 59 87
t 81 56 77 79 81 90 65 49 72 80 63 58
t 78 65 46 46 69 75 50 72 65 66 84 46
t 46 73 62 76 80 73 47 72 61 82 66 61
t 6 18 714 14 4 22 22 18 4 23 19 22
t 62 52 78 72 84 87 87 61 84 86 68 57
t 65 64 50 79 58 90 49 52 84 60 60 73
t 51 48 80 75 81 60 57 46 56 89 53 64
t 60 51 62 84 54 85 72 68 86 53 76 71
t 10 19 4 738 23 8 22 1 17 12 10 25
t 25 14 22 25 8 5 24 22 13 743 4 19
t 90 61 58 80 90 72 85 82 70 47 69 46
t 78 49 74 63 68 46 77 81 76 76 83 46
t 60 75 45 67 78 71 56 76 86 63 69 58
t 53 49 85 73 74 72 56 63 90 65 52 90
t 75 48 50 88 58 50 87 64 74 60 64 78
t 50 85 79 51 79 90 63 49 53 58 75 79
t 63 59 89 49 90 48 86 56 72 58 79 76
t 2 12 18 719 14 3 25 13 3 15 8 10
t 61 50 68 51 68 81 87 75 59 79 79 74
t 21 741 16 24 12 3 24 12 18 4 15 2
t 90 50 68 90 63 62 67 46 78 80 84 50
t 22 3 17 6 24 20 8 6 739 5 7 19
t 2 3 23 19 6 8 2 2 18 8 739 21
t 8 7 13 22 16 3 23 9 13 16 5 740
t 59 68 55 89 49 75 66 61 59 72 74 48
t 63 77 68 82 77 69 82 71 66 83 54 84
t 22 3 17 6 12 712 12 7 21 9 23 9
t 11 734 23 17 8 16 20 8 24 13 23 6
t 61 62 62 66 87 84 69 74 59 80 51 71
t 49 89 63 55 64 76 55 88 61 88 70 64
t 46 50 68 85 65 54 64 62 85 89 66 75
t 85 88 60 71 55 71 61 90 58 69 82 63
t 67 62 48 55 73 64 55 45 59 49 62 71
t 15 11 7 8 25 15 17 723 8 4 5 2
t 53 47 51 84 78 89 57 82 75 73 61 72
t 19 24 9 12 2 17 724 16 5 5 7 7
t 10 9 5 2 16 3 8 715 5 17 14 13
t 14 20 8 14 23 3 24 5 18 17 3 730
t 1 734 15 22 13 4 18 24 3 2 4 21
t 77 83 85 87 57 55 60 66 48 72 70 48
t 75 58 74 54 64 83 79 78 52 53 69 61
t 13 5 22 739 22 25 17 13 2 22 1 21
t 76 59 50 49 45 51 77 63 46 85 84 77
t 15 20 717 13 12 2 13 21 21 4 21 12
t 24 17 10 16 11 15 19 5 9 2 18 729
t 18 2 16 13 8 14 732 6 8 7 17 4
t 87 79 84 50 49 78 65 47 59 57 79 72
t 77 86 80 84 62 53 52 87 55 61 51 51
t 4 7 9 17 14 24 741 15 18 10 4 11
t 65 45 89 78 68 51 78 82 70 77 81 85
t 13 6 13 18 3 6 2 22 3 7 732 20
t 6 19 8 9 20 4 18 25 1 749 8 20
t 6 19 3 3 3 24 749 11 3 17 2 4
t 2 1 20 5 4 20 22 12 726 13 6 18
t 86 55 59 48 89 71 55 86 84 75 68 67
t 56 64 49 77 83 86 54 86 53 55 64 60
t 45 66 85 50 73 73 75 51 71 86 52 49
t 10 729 8 5 9 3 17 7 1 3 24 18
t 53 63 46 59 46 54 60 68 60 83 90 75
t 47 80 46 45 46 56 72 58 45 56 47 81
t 3 24 716 10 14 22 15 2 16 22 1 15
t 55 82 64 82 84 66 86 54 56 49 52 56
t 59 47 77 54 50 45 85 69 48 47 60 85
t 47 73 80 47 46 76 73 73 80 50 69 79
t 15 11 13 13 23 24 14 4 8 4 728 24
t 20 5 21 3 1 13 25 4 23 739 20 16
t 53 89 86 71 84 87 88 72 77 80 55 67
t 66 88 88 52 71 85 52 55 58 58 82 65
t 59 59 70 90 69 81 60 48 66 87 53 84
t 59 87 52 57 57 73 77 50 83 76 52 87
t 60 46 46 61 49 81 81 80 71 64 56 60
t 10 13 718 16 5 9 17 3 11 1 9 1
t 53 55 65 89 64 89 88 89 61 76 83 52
t 54 59 68 66 67 68 50 57 77 67 90 66
t 17 24 25 21 12 4 711 5 20 23 3 4
t 47 82 64 61 89 72 48 76 50 54 83 45
t 4 6 17 3 17 18 720 22 19 11 3 24
t 21 4 18 7 11 8 19 12 3 732 5 23
t 78 58 50 65 90 66 87 65 85 84 90 71
t 24 23 9 2 20 3 6 22 16 8 4 721
t 75 70 71 87 57 75 57 68 64 79 53 88
t 7 17 6 9 731 19 24 17 12 24 4 15
t 22 17 12 10 7 723 22 23 4 24 24 11
t 79 72 65 74 68 62 72 74 67 90 58 79
t 48 53 74 68 65 80 60 49 90 66 56 78
t 728 14 18 25 7 17 7 20 23 14 21 19
t 16 12 9 25 15 22 3 740 16 18 5 12
t 62 90 51 52 89 58 90 72 73 66 65 56
t 24 2 17 3 8 17 17 23 722 25 14 13
t 46 58 60 85 72 55 64 80 66 68 52 80
t 3 23 11 20 5 17 6 13 747 3 21 17
t 21 21 11 5 19 11 716 7 12 8 12 25
t 19 11 21 5 23 1 5 3 9 19 712 17
t 14 2 18 6 8 8 1 711 12 18 24 9
t 87 56 52 56 55 46 54 86 77 87 88 75
t 55 68 86 62 72 61 85 80 79 50 69 53
t 8 22 7 721 14 9 5 9 25 19 11 12
t 17 22 718 9 15 24 1 6 22 3 3 12
t 21 13 7 8 5 5 3 9 4 3 5 734
t 47 69 63 63 52 50 71 60 54 88 78 52
t 8 22 4 11 11 18 22 19 12 740 1 5
t 71 49 51 70 60 81 87 49 74 61 53 66
t 82 87 68 59 74 64 82 75 48 79 78 79
t 71 67 66 88 70 74 84 88 76 79 74 81
t 9 15 15 8 2 10 728 4 1 10 20 24
t 85 71 84 49 64 68 72 84 74 49 80 66
t 72 75 76 50 55 68 70 90 60 67 85 48
t 12 714 4 1 10 5 25 1 12 3 19 24
t 52 49 67 72 69 81 56 59 84 74 88 62
t 78 61 60 81 79 46 78 72 65 87 75 72
t 84 48 48 59 88 90 53 49 83 48 86 55
t 61 52 71 62 71 79 49 58 68 85 50 62
t 9 24 739 17 16 22 1 5 12 5 3 9
t 75 68 66 87 84 50 71 48 60 54 85 56
t 12 16 1 24 23 12 8 11 25 14 18 726
t 46 48 80 78 80 84 63 64 76 84 85 74
t 22 17 4 7 10 718 25 14 14 2 15 13
t 78 84 68 79 63 62 49 77 72 54 73 66
t 65 68 79 53 51 72 67 69 55 52 64 87
t 14 5 17 13 725 15 21 20 19 18 18 10
t 55 54 64 58 74 88 45 53 58 64 89 89
t 53 46 57 78 56 72 63 89 60 83 85 83
t 80 56 78 71 84 73 68 66 68 56 68 88
t 5 20 715 5 11 11 22 24 23 12 16 13
t 14 19 19 15 8 10 735 17 14 1 24 16
t 72 73 53 81 88 79 55 75 50 87 90 89
t 90 90 66 73 61 72 88 84 82 77 69 67
t 55 90 54 49 71 53 87 67 53 75 71 69
t 77 86 85 83 47 54 82 63 57 62 48 81
t 6 6 3 16 25 6 4 737 2 14 25 19
t 68 53 82 45 73 67 53 65 51 65 76 59
t 15 713 19 20 7 23 7 22 9 17 6 3
t 84 50 61 66 59 61 71 54 59 65 65 89
t 67 77 70 45 51 83 45 60 56 71 76 73
t 1 6 23 15 22 739 4 10 7 25 9 14
t 10 1 725 24 24 12 17 17 17 10 13 24
t 16 13 19 739 15 10 11 4 21 21 12 18
t 87 80 61 58 62 62 48 51 45 71 68 68
t 2 7 5 727 18 20 12 18 15 2 17 2
t 56 48 49 65 84 57 82 61 62 48 51 53
t 74 58 72 69 69 68 51 89 82 71 69 67
t 55 76 84 62 76 49 72 78 45 90 52 49
t 67 70 60 88 79 82 78 66 83 65 87 82
t 45 50 48 60 69 53 89 57 74 63 89 68
t 25 1 719 22 11 19 9 3 10 15 22 24
t 14 10 22 2 9 733 18 19 21 7 11 25
t 13 10 714 17 3 24 12 4 20 18 14 25
t 89 72 80 50 53 85 52 66 76 64 66 46
t 49 77 83 55 88 71 73 73 74 87 52 90
t 5 24 9 10 13 23 25 22 23 8 736 2
t 25 3 11 740 15 25 25 25 15 2 22 21
t 64 46 61 74 80 72 76 74 89 58 57 45
t 6 12 18 18 727 20 14 5 10 24 21 8
t 85 59 79 52 74 65 79 68 85 82 54 51
t 79 46 89 75 90 52 73 86 63 47 52 69
t 55 51 85 79 64 49 52 66 69 54 71 68
t 50 77 60 68 89 70 54 62 70 61 88 88
t 66 83 61 56 52 65 72 73 76 47 71 87
t 77 88 63 77 86 62 65 86 82 89 88 70
t 68 68 75 80 62 67 86 53 56 62 67 86
t 55 50 74 47 81 68 87 64 64 82 45 46
t 3 23 14 741 20 3 12 8 12 22 22 21
t 8 13 13 16 4 4 16 5 22 735 16 17
t 46 57 60 65 76 67 70 88 75 46 82 64
t 2 741 12 22 17 22 19 4 5 3 24 13
t 25 14 3 15 5 14 2 10 16 23 723 8
t 88 72 68 51 53 90 82 46 61 76 47 69
t 1 13 22 13 6 746 22 2 8 6 13 5
t 58 83 86 52 66 83 61 51 67 77 47 81
t 88 75 61 54 67 65 59 74 62 69 49 53
t 9 11 735 6 7 2 13 19 5 6 6 17
t 51 48 83 65 50 86 85 54 85 90 80 79
t 16 6 736 3 5 5 15 20 23 1 10 18
t 66 64 85 68 83 56 74 52 49 48 88 89
t 62 61 62 66 62 65 57 52 77 49 67 72
t 733 22 22 15 20 23 5 6 16 7 1 6
t 64 47 86 55 66 53 69 74 80 80 64 69
t 48 56 55 54 84 64 72 75 79 90 62 78
t 51 54 72 76 87 45 45 57 78 69 75 90
t 54 81 77 79 46 75 58 48 63 50 47 65
t 56 71 68 58 82 82 75 74 87 57 61 76
t 21 11 6 5 727 14 14 17 6 1 1 20
t 54 85 52 62 77 88 74 87 70 73 90 60
t 74 48 50 56 69 65 61 73 77 87 55 51
t 50 87 87 45 64 49 86 90 54 78 48 80
t 3 13 10 17 14 742 19 21 5 2 21 18
t 58 58 61 88 68 54 66 58 70 84 69 78
t 55 64 60 71 73 85 67 90 83 67 61 90
t 69 83 87 64 49 46 77 62 47 56 57 64
t 72 85 51 66 47 56 90 48 58 49 88 48
t 65 54 64 73 58 62 57 78 89 89 67 86
t 53 77 67 48 89 85 87 63 86 69 68 67
t 68 79 77 64 57 51 58 51 79 63 76 79
t 76 49 81 87 66 51 66 68 83 61 88 52
t 87 64 45 90 62 56 76 77 63 85 81 60
t 47 45 84 51 87 45 50 66 56 79 70 45
t 78 52 45 77 47 63 52 47 76 75 67 69
t 67 81 56 74 63 52 90 74 65 74 49 71
t 57 55 45 70 52 86 59 51 83 81 85 75
t 85 54 55 68 56 59 65 77 74 59 54 59
t 23 746 16 24 9 25 24 20 25 10 11 6
t 89 64 80 76 86 56 86 60 87 47 67 77
t 64 67 54 56 64 79 49 70 70 64 90 85
t 87 51 71 85 86 62 83 57 58 87 47 64
t 14 22 745 21 6 14 13 16 20 12 5 15
t 16 21 13 11 3 22 8 713 20 10 21 10
t 49 53 77 53 52 45 82 78 87 81 65 61
t 13 10 24 11 19 20 716 24 16 7 20 9
t 73 57 71 62 89 90 87 63 65 83 68 53
t 8 11 6 734 18 21 23 7 5 16 21 10
t 716 1 13 16 15 5 13 11 20 8 18 24
t 8 3 13 15 16 6 17 741 22 11 22 11
t 59 85 58 60 46 80 70 73 50 71 89 73
t 79 65 73 68 50 57 47 55 69 57 49 70
t 5 2 9 20 16 18 25 9 16 10 716 18
t 17 11 730 8 10 24 10 4 22 23 22 16
t 13 1 23 5 13 1 2 19 711 22 1 15
t 78 59 88 79 81 56 90 88 54 67 52 51
t 49 47 50 75 68 59 47 79 76 78 89 73
t 718 2 5 15 9 2 24 14 25 9 6 12
t 82 81 55 75 73 50 81 87 51 45 52 71
t 2 14 15 15 21 722 12 22 17 19 16 12
t 90 83 48 60 76 48 46 53 52 66 84 48
t 7 24 16 744 13 14 10 24 19 20 12 6
t 87 70 78 52 62 57 53 82 88 72 68 47
t 10 5 726 24 20 23 13 23 2 5 17 13
t 7 17 12 710 8 15 23 15 25 3 10 6
t 48 80 76 52 49 77 49 45 53 84 68 87
t 56 54 67 88 56 49 52 90 75 45 72 73
t 24 5 727 2 7 7 20 21 9 18 11 24
t 64 75 65 56 90 84 62 65 86 90 89 67
t 9 742 11 2 2 13 23 6 12 24 6 6
t 7 7 19 739 6 15 4 19 17 21 17 11
t 25 8 19 9 18 1 8 19 23 18 4 736
t 89 84 48 46 85 73 80 55 52 85 46 69
t 58 77 84 55 56 83 68 72 83 89 57 68
t 68 74 48 67 69 53 69 80 50 71 75 75
t 60 45 49 65 80 65 67 45 87 77 90 90
t 52 90 58 73 49 54 53 77 47 90 67 64
t 53 76 78 63 72 63 57 48 83 52 77 63
t 16 9 746 4 9 23 10 7 10 20 9 8
t 87 70 87 83 70 61 86 49 58 76 83 54
t 12 12 21 729 24 4 2 23 5 7 1 11
t 51 88 69 79 62 61 82 47 73 65 61 56
t 81 75 86 69 69 55 56 78 54 90 45 73
t 56 64 82 71 70 69 66 88 73 46 63 52
t 45 55 76 77 58 57 48 87 75 80 73 68
t 25 745 1 21 25 8 10 7 11 5 13 22
t 72 51 50 47 65 57 57 58 55 68 50 80
t 73 56 56 55 64 77 60 54 80 78 88 53
t 73 62 50 66 90 55 50 77 67 76 45 54
t 79 90 65 72 69 89 49 64 79 85 69 51
t 77 78 88 58 70 48 69 82 64 55 83 68
t 1 24 15 11 22 12 740 15 9 17 2 7
t 48 64 54 69 65 76 52 62 59 80 47 46
t 747 25 23 7 5 4 15 25 5 8 20 21
t 77 47 49 86 89 60 86 75 84 54 54 81
t 90 86 64 79 89 81 58 63 73 50 90 54
t 71 52 63 59 82 68 70 63 59 52 52 77
t 48 74 62 87 71 82 76 73 83 56 88 77
t 4 24 20 9 17 8 7 14 20 8 731 18
t 9 16 12 20 739 16 10 10 6 5 7 22
t 86 79 66 53 77 82 57 77 86 63 87 71
t 75 86 70 51 52 58 60 45 80 66 79 54
t 59 57 67 63 79 66 61 53 71 86 53 67
t 81 85 47 53 62 63 90 80 55 61 88 72
t 718 3 11 5 25 2 11 18 15 4 19 3
t 18 23 11 8 6 15 746 17 2 22 18 12
t 7 25 22 19 726 18 8 18 4 12 20 7
t 83 86 88 71 48 76 47 86 60 81 64 71
t 8 15 11 12 19 18 25 15 15 720 3 18
t 82 87 66 75 76 82 70 71 86 55 68 58
t 73 50 72 82 54 81 71 84 63 89 59 79
t 59 62 63 89 74 81 53 45 47 59 58 62
t 19 4 23 25 729 22 10 25 5 10 18 8
t 79 83 85 52 45 67 87 74 85 89 71 48
t 82 51 72 64 53 82 70 60 80 57 53 61
t 74 81 48 53 78 69 60 77 66 45 51 63
t 14 8 16 18 23 13 21 20 8 23 717 8
t 25 23 20 9 23 14 1 3 21 3 710 3
t 21 7 17 4 732 13 10 20 2 8 24 3
t 83 51 75 57 74 69 67 66 78 78 84 74
t 8 15 14 19 745 19 18 25 17 14 1 23
t 74 88 75 46 64 85 83 57 80 53 45 48
t 78 78 67 67 67 58 72 66 72 48 74 50
t 3 14 8 25 4 10 1 6 15 727 9 16
t 53 66 53 84 66 46 57 54 47 82 48 70
t 79 54 80 69 75 84 77 87 60 48 90 64
t 67 49 62 55 89 68 58 46 65 46 67 75
t 8 19 20 10 20 741 22 10 23 13 21 12
t 63 49 50 79 69 56 84 53 56 55 68 68
t 25 21 10 6 8 7 23 22 3 9 24 710
t 24 19 749 10 23 11 8 13 15 6 24 13
t 85 56 57 82 85 60 60 61 75 82 69 56
t 12 8 7 20 22 19 5 25 22 726 2 13
t 59 80 46 69 80 65 52 75 69 76 58 89
t 13 14 22 18 24 3 2 11 24 24 726 12
t 7 16 4 12 721 16 1 23 16 25 13 19
t 70 78 84 87 47 67 72 81 48 53 60 85
t 1 12 14 1 722 20 14 5 19 11 16 2
t 66 65 78 70 67 67 53 48 45 50 71 86
t 80 60 71 67 90 54 55 73 81 50 66 49
t 73 89 75 48 87 81 61 79 81 69 48 50
t 72 88 90 78 45 75 46 49 57 51 59 61
t 52 71 61 88 45 69 87 52 71 72 73 74
t 61 65 84 47 81 67 78 86 70 65 73 89
t 58 86 50 74 79 62 76 62 52 87 88 59
t 87 88 50 78 69 66 76 89 64 55 52 62
t 52 51 85 86 51 58 50 70 77 61 82 84
t 71 80 45 46 54 78 61 81 78 47 66 66
t 55 80 87 77 48 58 47 60 46 50 67 79
t 25 16 6 11 14 13 18 10 11 718 9 21
t 18 11 4 4 742 13 23 7 24 10 25 13
t 7 734 16 19 18 22 5 20 21 10 15 9
t 59 55 50 53 79 77 49 54 75 45 69 52
t 68 45 62 81 68 86 63 88 84 45 58 67
t 14 12 18 12 15 15 713 22 24 21 14 7
t 739 3 3 1 13 25 7 22 8 14 22 12
t 17 733 25 8 20 1 5 14 21 24 12 4
t 46 74 52 48 67 72 55 67 89 80 70 59
t 19 8 23 23 9 6 3 21 13 1 1 743
t 22 9 7 13 14 9 4 22 738 13 10 19
t 90 74 82 45 64 79 75 82 66 51 70 87
t 18 8 10 5 712 13 23 4 8 1 9 16
t 78 88 73 57 57 75 76 50 83 71 61 62
t 4 14 728 25 8 13 24 18 20 8 17 15
t 61 83 74 55 56 49 58 79 77 59 69 68
t 22 25 16 9 21 741 19 9 11 12 6 3
t 55 86 79 72 76 73 61 81 65 84 87 80
t 2 17 13 12 3 1 12 1 17 722 11 16
t 6 5 8 9 19 20 14 8 12 737 19 14
t 88 51 69 76 56 70 61 79 78 52 84 54
t 6 4 14 5 719 13 7 8 19 11 14 22
t 63 60 76 56 85 67 74 84 62 60 80 81
t 77 68 50 90 61 70 56 82 65 74 53 63
t 60 89 60 75 85 74 66 64 59 57 73 46
t 49 50 50 63 85 90 59 68 58 58 49 76
t 10 3 3 21 7 25 16 748 9 17 23 17
t 15 8 16 2 13 5 14 15 5 733 7 2
t 60 76 48 67 59 52 49 56 82 55 89 63
t 74 81 89 54 66 55 79 60 80 50 65 61
t 56 90 79 56 81 55 88 83 65 57 85 47
t 65 89 58 54 82 55 67 61 85 68 54 53
t 76 60 68 86 84 47 50 51 62 74 79 74
t 23 22 7 7 11 7 11 734 10 6 18 15
t 46 70 75 62 67 89 88 79 73 69 72 45
t 48 88 69 55 62 90 68 69 53 88 67 71
t 10 19 15 21 1 2 746 14 22 10 4 4
t 84 81 55 86 71 58 59 76 84 78 66 63
t 74 78 81 80 79 81 68 45 75 81 60 82
t 83 86 78 71 88 66 45 47 90 54 87 59
t 89 57 64 74 64 71 85 73 50 47 89 81
t 20 12 17 25 19 25 2 722 7 15 5 20
t 87 71 61 87 56 69 48 77 45 61 72 61
t 22 22 7 7 18 745 1 12 11 22 20 15
t 45 50 62 60 76 83 73 65 49 52 49 56
t 13 12 17 22 22 22 716 21 12 12 20 22
t 47 57 63 62 68 81 73 75 51 51 88 85
t 90 73 89 55 86 65 84 59 66 90 69 46
t 11 1 24 3 15 3 16 19 3 3 711 7
t 5 20 8 15 721 2 10 20 2 2 14 17
t 25 9 20 7 8 710 7 3 12 5 25 17
t 81 79 77 55 45 54 53 56 74 49 88 67
t 731 5 8 11 7 24 24 9 18 9 2 21
t 47 87 46 87 67 74 63 69 80 89 88 69
t 15 14 6 744 13 2 21 8 8 15 6 20
t 59 59 80 71 70 80 83 57 74 62 76 90
t 20 16 12 8 8 24 1 16 2 736 1 1
t 13 20 10 24 23 738 17 20 23 6 4 10
t 73 45 60 76 81 68 51 82 56 46 83 59
t 11 1 711 11 16 17 24 25 1 17 14 4
t 6 10 737 23 14 12 19 7 18 19 5 14
t 51 62 89 73 53 84 67 78 80 62 65 59
t 9 25 4 14 23 11 21 16 8 14 711 3
t 80 84 66 68 87 57 87 75 48 68 67 69
t 52 51 70 66 67 90 57 82 78 69 81 58
t 74 79 48 80 74 61 48 73 58 90 87 73
t 10 19 2 19 11 12 13 713 25 20 25 15
t 6 4 8 22 6 16 4 14 735 13 17 15
t 62 56 86 78 73 67 85 60 65 72 84 79
t 53 45 84 78 71 81 76 60 76 64 69 71
t 6 8 20 4 12 23 18 12 724 17 25 20
t 9 730 21 3 4 23 18 6 12 17 20 12
t 48 51 47 80 82 87 67 53 51 81 47 54
t 13 7 7 5 17 7 1 8 742 9 1 15
t 69 57 69 54 78 86 49 81 60 51 73 78
t 73 63 75 80 86 78 71 87 54 85 56 45
t 46 77 85 48 83 52 87 51 63 48 52 49
t 6 18 14 25 14 13 7 2 740 18 9 17
t 6 20 21 17 2 3 16 722 6 25 2 3
t 734 3 16 4 12 21 15 12 25 15 15 5
t 21 23 7 24 22 11 22 2 726 24 3 1
t 16 2 7 5 20 10 7 1 734 16 3 24
t 15 23 9 3 6 18 710 21 14 25 25 4
t 86 70 46 77 59 60 46 67 59 88 72 69
t 87 74 76 74 65 70 86 51 59 47 84 49
t 22 19 6 3 23 5 17 21 14 25 17 726
t 13 14 21 1 13 738 25 6 18 21 9 24
t 60 84 50 60 70 65 68 69 69 85 60 76
t 58 56 79 86 83 45 57 77 46 72 68 70
t 1 24 17 6 726 5 14 13 22 20 11 21
t 51 71 81 82 61 57 66 51 52 84 60 73
t 66 64 47 83 52 56 71 54 63 47 56 57
t 83 89 45 77 47 45 85 74 68 45 87 53
t 21 6 13 18 24 2 14 724 20 25 21 11
t 70 63 68 78 72 49 84 83 59 74 76 85
t 56 85 48 60 45 86 89 59 85 71 81 58
t 79 51 82 51 79 81 73 89 53 55 61 69
t 59 64 67 85 72 45 61 46 53 76 59 64
t 61 88 78 76 59 76 74 65 86 55 89 74
t 6 12 23 4 9 9 21 717 5 15 21 12
t 84 61 81 46 52 70 45 52 83 67 46 77
t 83 72 78 61 83 64 65 62 81 90 68 61
t 62 77 58 54 87 83 78 87 58 54 76 57
t 1 10 5 13 15 737 19 25 16 19 1 21
t 83 74 68 75 45 77 82 59 78 51 78 68
t 89 54 46 56 72 48 48 67 53 73 59 46
t 24 11 10 23 12 25 10 8 11 21 736 19
t 50 50 77 88 71 74 50 57 79 89 49 88
t 71 46 52 85 76 78 63 54 69 61 66 85
t 20 21 4 726 5 15 9 7 1 3 9 2
t 47 65 56 58 65 62 50 54 64 50 87 75
t 88 76 84 54 77 67 64 64 48 90 54 76
t 1 4 7 14 19 7 7 5 16 734 15 25
t 48 65 76 70 75 56 84 77 48 85 84 67
t 21 4 18 14 6 15 15 723 22 7 19 22
t 45 76 66 48 71 78 61 71 74 89 85 87
t 1 21 2 11 732 22 5 21 2 15 25 22
t 25 11 23 715 15 15 16 11 18 22 11 16
t 78 48 77 55 81 54 86 75 69 64 73 74
t 9 18 12 25 12 719 1 7 9 19 6 8
t 22 2 23 13 720 21 12 25 22 7 11 23
t 25 17 9 14 24 12 22 2 17 748 3 4
t 60 82 56 75 54 80 75 52 57 89 63 82
t 18 23 14 25 5 24 18 25 726 8 18 10
t 10 24 22 10 16 7 5 747 9 17 23 15
t 4 11 12 733 16 18 17 6 5 1 22 19
t 58 56 88 74 49 52 47 67 50 54 78 88
t 22 1 18 711 4 25 19 14 9 5 3 12
t 69 55 73 47 76 72 79 73 80 71 64 71
t 53 56 74 89 78 48 85 75 83 75 56 54
t 722 21 8 13 14 11 16 20 16 3 23 2
t 4 735 17 3 3 14 4 14 2 16 1 17
t 10 22 1 4 20 13 16 6 5 723 23 21
t 90 83 69 64 64 83 62 82 47 88 74 82
t 77 67 80 78 88 61 81 86 77 88 61 90
t 1 20 25 12 6 25 20 6 15 20 718 22
t 68 87 48 56 45 62 50 85 60 68 78 47
t 6 6 22 745 7 23 15 1 18 12 6 15
t 75 82 59 58 54 85 87 87 71 62 50 69
t 7 25 2 20 14 1 1 15 25 20 749 12
t 22 13 18 24 12 6 5 19 10 23 734 24
t 45 46 76 47 55 50 45 45 59 56 73 61
t 56 66 61 73 67 80 89 46 67 83 74 61
t 60 68 89 89 75 63 73 70 58 79 50 68
t 81 65 81 57 57 66 48 59 82 64 73 73
t 61 46 76 75 60 82 83 65 83 76 75 81
t 16 10 6 14 16 12 4 726 3 14 16 19
t 58 68 50 49 73 87 71 48 58 47 70 61
t 16 20 17 18 3 21 1 743 6 23 22 8
t 7 735 12 11 9 17 12 11 12 24 6 18
t 15 11 16 16 15 17 20 5 14 20 25 716
t 17 12 19 6 18 5 9 17 21 3 731 19
t 723 5 18 1 10 11 17 22 10 3 13 2
t 74 51 82 66 62 73 65 89 45 77 64 60
t 86 81 89 58 47 77 79 88 67 54 52 70
t 1 11 21 9 9 740 18 17 10 20 24 11
t 77 57 53 65 56 68 61 63 64 47 64 77
t 7 5 8 22 12 9 1 1 12 6 738 14
t 61 72 77 76 67 48 60 64 62 82 73 72
t 83 80 61 47 53 80 86 69 47 83 51 74
t 62 72 53 62 64 47 72 65 68 88 45 54
t 18 12 1 732 7 17 18 12 12 13 12 6
t 72 78 89 86 46 48 60 45 48 81 61 53
t 5 20 5 9 24 8 747 21 20 25 14 25
t 78 48 48 56 63 65 76 89 71 58 54 55
t 24 14 728 25 19 15 10 10 7 2 9 11
t 23 15 14 21 7 1 742 6 16 13 5 11
t 7 19 23 5 19 5 14 13 713 1 14 23
t 25 21 21 1 733 13 15 24 19 19 20 16
t 23 21 4 10 2 22 12 18 735 9 23 15
t 68 47 89 47 90 63 55 79 74 66 59 56
t 78 67 49 89 54 68 47 72 48 90 59 51
t 79 51 67 87 48 69 76 73 73 60 51 82
t 73 85 84 65 53 55 86 78 85 54 60 58
t 15 16 713 15 12 19 12 24 5 11 5 11
t 15 712 14 13 3 24 11 1 6 14 6 2
t 68 45 60 80 88 48 88 73 89 54 69 49
t 56 58 65 49 55 76 57 64 58 73 75 52
t 71 81 88 77 86 88 89 47 49 82 77 70
t 58 56 88 80 89 75 55 60 82 45 61 52
t 53 71 65 51 83 64 72 68 55 57 57 56
t 68 49 52 65 59 71 72 85 69 54 56 51
t 64 61 58 60 53 47 66 62 68 61 56 63
t 23 741 16 19 1 6 25 13 20 13 11 23
t 61 61 61 68 61 81 57 57 65 75 78 86
t 17 24 13 21 712 2 20 4 5 18 11 24
t 77 67 52 90 79 72 81 52 70 66 86 63
t 6 5 11 3 18 20 16 17 718 10 10 8
t 76 56 74 64 47 61 52 71 71 88 66 80
t 54 66 68 74 64 67 74 48 63 58 53 54
t 61 77 49 85 81 71 65 75 67 48 81 70
t 63 70 57 62 71 54 55 58 61 69 49 80
t 62 63 74 70 49 62 55 80 69 84 61 77
t 76 75 49 70 67 51 69 55 66 46 47 57
t 69 56 64 61 84 82 80 78 65 63 62 50
t 14 6 2 736 21 2 6 1 15 18 8 25
t 8 13 20 16 8 9 23 14 4 3 736 3
t 19 13 3 733 15 18 13 23 13 6 19 10
t 75 50 45 87 68 61 59 48 87 72 52 65
t 9 2 18 22 10 22 6 17 14 19 17 734
t 50 82 53 56 86 72 51 65 50 64 65 76
t 738 17 19 1 19 24 3 16 9 18 3 10
t 78 46 48 49 49 49 73 86 90 59 73 57
t 76 70 65 51 77 61 63 65 68 71 60 84
t 73 74 69 83 48 64 83 75 78 81 62 68
t 86 67 87 57 65 46 60 49 57 46 69 89
t 57 77 71 78 66 65 62 79 90 85 49 56
t 64 81 54 56 60 77 84 74 78 52 80 73
t 80 45 49 59 67 68 45 61 66 50 59 63
t 59 78 67 57 76 72 63 73 77 68 86 54
t 81 63 49 72 67 60 85 82 45 49 80 54
t 76 77 64 80 71 62 49 61 58 55 82 89
t 727 8 18 18 20 1 21 9 2 25 12 12
t 90 57 76 64 51 55 75 75 51 45 71 72
t 79 80 62 58 85 68 45 78 66 74 66 79
t 56 48 86 56 74 69 47 88 45 64 84 46
t 18 19 8 6 6 16 747 18 5 14 17 9
t 18 15 4 14 726 9 2 13 23 9 8 7
t 71 51 45 80 68 81 81 59 45 63 72 77
t 71 81 73 78 61 89 67 71 58 68 57 73
t 11 24 11 24 734 8 21 9 9 4 22 9
t 63 82 51 45 71 79 52 45 62 72 45 46
t 55 88 49 85 50 74 89 65 56 73 63 77
t 15 24 17 5 14 6 24 3 11 733 11 16
t 16 721 18 23 21 12 24 18 24 5 13 18
t 79 64 86 79 67 58 54 64 58 68 69 83
t 8 17 17 6 22 20 18 13 14 731 13 12
t 73 76 49 90 85 53 58 66 59 72 90 90
t 729 18 6 9 22 2 18 15 1 24 6 21
t 72 75 62 53 83 51 78 59 67 53 55 49
t 87 48 66 86 50 57 51 79 85 82 69 76
t 23 12 732 16 3 16 8 4 22 16 10 20
t 45 80 78 48 83 60 86 65 83 52 84 62
t 22 19 23 2 22 14 13 735 8 12 21 13
t 63 45 85 50 89 87 73 60 58 45 77 60
t 56 84 82 72 49 64 50 67 53 72 69 87
t 56 67 50 54 56 60 87 68 87 77 58 51
t 10 17 17 13 8 12 9 712 19 19 7 1
t 14 25 25 2 710 15 14 3 11 19 2 4
t 11 734 6 19 21 24 12 6 7 4 23 25
t 4 1 6 7 711 7 14 16 6 1 17 1
t 24 19 6 1 4 18 6 14 718 19 10 15
t 1 732 24 25 25 11 12 9 22 2 4 13
t 87 88 90 89 65 45 54 72 86 66 66 47
t 87 56 83 46 76 70 68 66 48 52 49 45
t 52 55 47 48 72 64 82 50 70 55 52 82
t 747 24 12 6 11 23 3 24 5 13 8 5
t 85 74 48 47 60 66 80 69 65 57 50 52
t 9 737 25 3 2 25 19 3 8 7 18 10
t 24 3 11 7 6 13 25 18 6 24 3 747
t 5 13 24 19 11 5 739 16 1 19 16 11
t 74 84 73 64 57 81 88 46 61 88 81 57
t 89 48 75 57 62 90 72 62 90 72 45 70
t 65 77 81 71 59 70 56 54 56 56 69 75
t 80 86 71 90 82 80 78 87 74 78 76 46
t 50 58 74 62 63 56 59 75 54 71 54 82
t 14 20 16 19 25 8 3 749 23 21 24 9
t 22 13 23 5 4 21 3 16 20 11 742 9
t 83 54 53 66 56 54 51 72 81 54 60 51
t 84 87 58 62 70 70 90 73 73 87 84 60
t 87 50 79 87 69 50 50 66 56 60 63 56
t 87 76 87 69 63 79 52 54 81 62 69 48
t 78 51 55 65 46 77 51 56 76 49 80 81
t 80 46 75 66 84 88 51 65 65 82 54 45
t 50 77 74 49 81 87 68 88 51 57 89 46
t 18 3 23 14 2 4 18 15 17 722 11 2
t 47 66 62 86 59 86 48 77 69 78 84 49
t 56 63 58 80 60 80 76 57 85 46 56 71
t 88 76 80 80 60 46 61 89 73 56 67 76
t 52 64 80 58 62 84 86 58 47 54 47 88
t 5 14 19 21 748 25 12 1 24 9 23 17
t 89 57 54 52 45 87 81 59 86 85 53 51
t 1 4 12 8 19 9 16 24 21 723 22 13
t 21 25 23 10 1 17 8 20 23 16 25 740
t 25 10 22 5 20 19 22 1 19 1 15 739
t 25 24 7 25 12 1 5 22 23 25 718 14
t 86 51 87 52 80 62 63 49 87 85 66 76
t 22 23 11 1 20 10 23 16 9 727 20 9
t 19 22 12 6 21 3 5 710 1 18 6 6
t 47 80 51 83 60 84 81 50 52 88 66 46
t 71 52 45 84 70 67 69 83 80 76 68 68
t 71 60 49 75 80 74 49 69 69 79 54 67
t 88 81 60 59 65 86 66 67 55 52 76 45
t 78 84 86 78 83 77 45 49 88 62 68 90
t 46 80 50 65 52 76 76 49 48 66 85 61
t 54 70 66 71 87 69 61 45 73 87 75 45
t 75 86 54 49 76 47 59 51 62 63 86 80
t 79 84 58 88 70 86 63 49 53 83 75 78
t 14 23 5 16 717 22 13 9 7 19 11 2
t 12 12 8 717 10 23 20 3 20 8 20 12
t 62 80 90 51 83 77 77 87 58 46 47 83
t 12 21 23 5 18 14 20 4 712 11 13 7
t 21 6 8 20 1 16 10 733 12 4 14 24
t 82 85 87 88 49 90 54 90 49 81 48 63
t 52 66 76 78 81 51 75 46 50 69 79 50
t 745 1 19 22 1 23 25 9 13 17 18 20
t 50 76 62 60 81 47 83 50 56 78 90 47
t 20 13 10 15 20 12 8 21 10 15 728 4
t 49 70 63 51 58 54 70 51 81 62 59 87
t 78 70 80 68 46 59 47 76 58 59 78 68
t 83 48 54 60 85 77 85 57 90 85 63 75
t 741 4 14 17 24 10 20 20 8 23 3 11
t 86 59 77 85 52 67 46 56 65 49 55 69
t 1 25 12 16 24 1 12 10 6 15 724 22
t 86 52 46 67 87 45 82 51 65 52 67 57
t 68 70 48 64 52 47 77 76 88 86 45 69
t 61 66 48 49 47 77 48 84 86 78 57 69
t 71 49 46 70 61 53 79 59 85 76 45 74
t 70 63 57 48 71 53 68 88 68 45 81 51
t 724 19 16 2 17 7 5 9 9 12 1 7
t 68 58 75 61 85 72 81 89 80 61 82 60
t 60 71 76 47 89 67 83 70 59 58 72 82
t 49 46 48 46 65 50 84 90 57 46 71 53
t 63 62 56 73 89 83 59 70 71 55 45 56
t 45 81 68 84 68 49 72 51 80 68 72 48
t 64 85 65 48 49 71 60 78 71 72 63 65
t 25 6 14 17 717 1 13 11 22 3 15 1
t 7 2 4 18 10 727 2 5 12 2 5 23
t 89 54 83 55 81 88 70 79 81 60 74 54
t 22 12 11 14 733 8 21 21 2 24 2 14
t 11 23 18 18 11 20 22 25 24 18 717 24
t 60 77 90 80 65 54 73 84 59 71 71 78
t 89 86 86 84 47 88 70 66 65 88 50 53
t 74 65 74 86 82 59 80 64 52 86 57 49
t 17 6 1 19 13 17 721 19 3 1 4 1
t 55 68 89 87 77 75 51 55 82 81 49 45
t 11 3 14 5 713 20 25 24 24 14 21 2
t 25 5 21 4 24 17 725 3 16 16 6 16
t 49 77 49 56 89 67 86 81 67 90 71 51
t 56 68 77 87 78 79 72 85 63 73 68 57
t 731 24 9 8 16 19 3 4 17 14 22 1
t 17 8 12 10 738 1 20 17 22 3 2 21
t 88 73 73 45 54 58 86 87 85 63 72 88
t 68 50 70 59 54 56 61 64 54 64 69 86
t 58 66 80 49 68 63 57 84 70 65 86 64
t 84 74 73 86 55 60 61 75 46 75 82 74
t 46 45 67 52 87 83 52 78 78 60 71 65
t 75 55 67 63 56 69 63 47 89 57 65 60
t 17 16 9 5 22 8 17 721 17 23 2 5
t 3 23 11 10 14 18 731 15 17 9 8 20
t 25 21 15 5 11 7 10 716 12 6 13 9
t 3 4 12 13 18 732 5 14 19 9 20 8
t 63 85 74 82 61 64 86 54 58 75 67 74
t 66 68 64 70 45 84 70 58 74 59 60 57
t 68 45 63 76 48 54 76 88 50 89 87 83
t 10 5 11 15 9 21 16 715 6 11 23 6
t 25 22 728 16 8 20 21 21 20 19 25 21
t 9 20 6 1 10 12 10 25 10 20 725 10
t 22 14 17 21 1 15 17 24 14 4 6 736
t 57 65 82 68 63 82 58 61 79 90 81 56
t 5 8 21 723 16 23 13 6 20 1 5 13
t 46 88 84 58 71 48 83 85 52 73 58 64
t 61 45 72 66 82 87 79 56 89 48 51 81
t 54 80 82 52 55 70 61 49 72 67 85 49
t 49 72 56 77 78 57 66 69 61 82 48 51
t 1 3 12 7 5 15 12 2 5 715 22 1
t 16 2 23 5 16 17 20 720 13 21 1 13
t 76 72 48 69 86 69 55 90 88 81 88 66
t 81 87 81 82 60 53 52 67 84 45 51 68
t 25 9 719 8 12 1 24 9 7 16 5 16
t 18 10 16 8 7 7 8 16 20 13 20 730
t 61 46 76 87 46 58 49 73 53 77 86 72
t 82 56 67 84 85 48 63 81 64 69 81 75
t 15 716 2 22 11 13 14 17 9 2 5 19
t 54 86 63 89 82 48 70 47 90 74 70 68
t 3 14 7 10 21 13 20 20 713 25 20 16
t 8 10 738 11 5 2 7 11 5 23 17 3
t 60 81 67 87 74 46 62 49 60 87 67 69
t 65 64 86 51 70 48 86 70 63 73 68 75
t 4 23 24 4 7 3 710 7 14 3 9 17
t 8 10 20 13 22 6 23 25 734 17 4 6
t 47 89 89 70 74 57 59 68 90 63 85 90
t 62 69 90 72 45 59 66 48 49 82 87 45
t 4 23 2 10 4 24 23 22 10 743 19 10
t 12 4 1 12 23 16 17 721 7 8 3 8
t 17 3 2 745 4 8 14 22 14 24 18 19
t 1 9 21 2 7 717 4 9 8 24 17 13
t 21 21 727 12 18 18 3 17 8 3 5 11
t 15 16 4 24 6 2 22 8 25 7 746 7
t 68 73 75 57 77 79 83 64 70 45 59 64
t 68 46 56 86 52 75 70 74 83 74 60 78
t 49 68 49 72 75 60 50 80 52 79 71 68
t 8 23 21 9 12 25 21 12 747 10 24 18
t 10 2 4 12 22 6 12 11 733 11 16 20
t 78 61 68 46 88 62 73 46 64 78 71 87
t 20 25 720 6 19 21 13 18 19 1 13 14
t 90 88 64 62 72 73 64 60 64 85 52 73
t 11 15 13 11 16 21 20 4 731 10 14 2
t 59 47 88 54 87 77 88 52 77 66 52 78
t 52 70 46 62 56 62 60 64 86 77 58 70
t 743 9 20 22 14 17 17 20 10 6 9 22
t 19 10 13 7 9 15 4 1 14 6 731 6
t 15 7 6 2 18 10 718 19 6 12 25 13
t 10 20 22 14 21 8 2 11 743 11 20 11
t 55 78 58 82 52 74 70 87 79 45 81 72
t 56 52 48 89 60 55 71 71 51 79 82 58
t 55 72 60 50 87 45 80 63 53 62 49 86
t 77 75 69 70 60 74 45 85 87 82 62 77
t 20 712 13 11 5 16 22 9 16 15 9 23
t 88 88 67 73 86 53 76 89 86 78 55 75
t 79 72 60 82 84 76 82 71 80 73 80 86
t 79 58 55 83 87 63 84 72 61 71 85 90
t 45 89 58 84 79 66 53 84 64 64 77 74
t 15 17 14 13 17 9 6 23 11 19 733 23
t 70 49 69 79 51 67 88 71 75 52 75 46
t 80 62 50 58 47 78 69 87 68 77 57 85
t 22 21 7 15 23 22 25 8 731 13 19 24
t 88 62 83 57 72 56 73 56 85 88 71 52
t 52 73 80 54 75 55 78 50 76 59 73 56
t 79 73 46 52 90 49 66 82 72 48 85 61
t 48 54 87 48 70 47 61 50 66 60 48 45
t 46 56 59 60 72 67 74 71 53 65 45 59
t 6 17 9 16 14 710 12 13 18 7 1 17
t 2 10 20 6 22 14 6 5 735 7 18 20
t 50 75 84 45 56 79 87 45 73 51 82 69
t 83 90 51 47 73 61 64 77 88 80 82 45
t 12 714 8 2 24 20 23 21 4 4 12 21
t 732 12 5 25 19 9 15 25 17 25 22 7
t 85 75 63 51 80 56 56 50 67 85 74 63
t 748 1 5 16 15 6 8 14 11 18 24 18
t 75 82 72 74 81 78 81 50 66 90 76 82
t 7 10 24 18 15 17 740 19 20 13 8 19
t 70 75 49 73 79 45 61 84 63 48 69 56
t 10 13 14 6 10 726 14 18 22 15 14 7
t 9 1 18 20 21 727 5 14 9 17 14 15
t 52 68 85 68 89 79 66 57 73 67 46 77
t 14 20 24 5 7 749 16 3 1 4 21 20
t 84 90 88 55 78 61 89 75 49 75 79 64
t 24 12 5 1 4 732 2 22 13 18 6 21
t 25 8 5 1 7 11 710 17 5 2 8 4
t 68 78 81 50 71 78 89 76 55 86 51 57
t 82 54 78 55 69 71 83 90 65 87 68 77
t 84 71 90 56 89 74 79 89 81 66 76 57
t 22 3 14 8 3 2 1 4 3 24 15 725
t 54 54 51 66 51 76 80 54 84 72 66 53
t 10 720 25 5 13 13 12 4 19 4 4 1
t 24 23 6 14 15 3 6 744 9 4 21 6
t 24 22 24 23 23 729 12 11 15 9 1 6
t 9 25 24 7 15 6 17 724 3 19 10 16
t 20 4 6 16 18 20 23 745 17 12 17 21
t 59 57 49 57 51 59 69 56 80 76 80 68
t 68 52 80 61 68 66 61 75 55 76 59 55
t 75 67 73 45 86 52 76 68 69 61 72 86
t 10 1 1 24 736 18 18 24 14 5 11 14
t 88 72 55 86 75 78 87 49 57 57 45 79
t 84 66 65 65 63 65 84 60 67 61 88 65
t 71 45 70 64 61 72 64 85 78 47 49 71
t 53 51 78 66 47 65 82 72 85 67 70 47
t 76 88 70 68 81 59 71 47 51 78 61 80
t 89 75 70 88 85 48 49 66 68 67 54 85
t 15 9 14 23 22 715 11 19 7 5 21 4
t 3 25 5 1 3 13 22 7 3 2 8 710
t 74 45 88 48 59 52 78 78 72 87 87 88
t 58 68 80 66 53 76 67 56 82 79 59 46
t 3 722 9 3 1 25 13 6 18 11 19 19
t 56 82 52 68 65 51 51 75 50 87 77 50
t 12 713 20 1 24 12 12 22 6 12 6 12
t 51 76 84 68 80 62 79 75 47 78 79 56
t 19 6 7 11 23 9 2 4 1 20 732 2
t 20 17 12 4 21 4 741 6 10 24 20 17
t 83 72 89 51 85 69 50 62 75 57 70 90
t 47 56 59 50 59 77 46 90 74 67 46 67
t 10 20 13 11 17 10 5 2 8 15 725 8
t 90 69 89 56 50 81 88 70 50 89 53 80
t 53 50 60 61 54 55 48 56 58 89 73 83
t 82 49 83 52 60 90 49 56 71 53 46 80
t 20 2 3 8 24 720 19 19 5 5 17 23
t 74 45 55 50 69 62 74 61 66 58 64 55
t 732 22 5 21 13 21 12 15 20 17 15 10
t 47 85 77 47 60 61 70 51 85 69 46 80
t 7 712 22 10 23 23 3 2 13 3 2 14
t 78 66 70 63 84 77 87 90 76 89 55 57
t 49 77 78 74 85 64 80 57 85 47 75 47
t 51 56 70 80 63 66 56 79 86 62 56 51
t 73 75 71 84 59 67 60 73 48 90 66 56
t 70 71 89 75 63 79 65 47 87 48 51 60
t 87 56 70 63 64 68 51 58 89 53 75 85
t 87 52 75 50 45 70 89 45 73 86 68 75
t 15 12 11 10 748 3 13 13 3 11 8 3
t 17 25 11 16 11 24 14 717 11 15 22 12
t 63 89 79 85 67 74 70 71 84 65 68 81
t 79 57 77 63 48 68 68 79 46 50 69 58
t 19 19 20 716 6 5 25 22 18 7 4 6
t 8 2 10 16 4 20 25 714 17 24 20 8
t 61 82 63 62 84 63 54 48 64 79 71 63
t 57 62 59 51 53 78 89 61 67 73 48 69
t 81 59 62 66 55 46 54 71 50 70 63 75
t 18 12 1 9 18 5 14 14 24 9 3 744
t 60 86 64 60 79 77 84 75 61 57 55 72
t 712 20 15 5 23 19 2 8 6 15 18 12
t 63 86 73 61 63 50 76 79 73 85 75 76
t 47 84 45 73 46 77 87 83 86 66 75 49
t 9 10 22 17 745 18 11 17 14 12 23 12
t 6 1 13 18 5 745 24 19 10 3 21 21
t 24 4 1 9 17 22 732 5 7 13 11 20
t 55 78 86 79 45 59 85 79 87 47 68 82
t 9 5 15 23 6 19 721 6 16 4 17 18
t 70 70 79 60 80 62 63 89 68 68 58 55
t 71 50 89 85 59 88 47 64 81 47 84 79
t 67 56 65 75 79 54 64 54 54 81 85 84
t 6 12 6 22 21 720 2 4 14 12 14 15
t 9 12 6 5 19 8 12 20 741 20 7 18
t 80 84 74 67 70 72 49 79 53 84 53 66
t 19 5 1 13 1 20 734 10 12 9 5 9
t 60 73 85 70 60 86 88 46 49 75 81 48
t 84 88 61 89 87 45 76 70 54 83 79 73
t 1 20 16 5 6 12 23 19 18 4 7 742
t 78 84 62 55 75 66 69 76 68 72 46 64
t 59 86 67 77 64 46 62 62 77 70 62 85
t 68 56 62 79 72 51 70 76 51 89 51 58
t 8 2 4 6 6 12 21 21 710 20 15 22
t 87 52 71 67 60 83 68 72 60 75 74 54
t 49 80 71 46 57 89 74 59 90 54 70 74
t 728 4 24 21 17 14 22 8 20 21 18 2
t 81 53 67 82 58 82 49 64 54 61 75 62
t 19 9 16 22 9 731 21 23 23 17 8 12
t 23 1 11 5 6 15 13 714 19 1 15 1
t 70 63 48 66 58 87 50 68 90 60 86 82
t 22 9 24 25 723 17 14 25 17 11 9 4
t 4 19 16 21 3 9 14 17 23 716 7 4
t 85 75 62 47 79 54 85 71 87 63 81 64
t 25 22 9 15 15 21 15 9 8 717 13 23
t 79 65 56 58 52 83 54 84 81 83 59 88
t 78 64 60 80 60 73 77 76 83 65 64 81
t 73 78 75 63 87 63 71 45 78 79 67 70
t 14 3 25 19 14 19 16 23 721 22 5 1
t 21 17 15 23 3 10 3 2 24 4 739 6
t 17 22 11 22 10 721 5 16 19 17 11 14
t 711 16 8 23 6 9 6 7 4 16 11 23
t 1 14 12 2 6 7 20 2 741 21 14 2
t 62 89 67 70 48 52 54 72 82 50 83 67
t 23 1 21 22 24 11 14 25 13 25 3 748
t 62 65 60 64 45 79 87 76 76 47 85 62
t 3 13 12 17 729 24 17 25 19 9 9 17
t 45 64 52 81 79 72 49 85 45 74 72 59
t 51 88 63 83 90 81 58 50 68 75 48 79
t 58 86 47 89 46 64 74 52 45 86 85 48
t 6 18 747 23 24 10 17 15 25 25 1 8
t 5 16 11 15 717 24 16 7 18 17 23 22
t 87 57 64 63 78 60 57 70 52 84 69 55
t 65 75 86 53 78 53 54 88 66 54 53 88
t 61 79 70 84 90 84 50 66 64 78 64 83
t 54 89 86 64 71 45 72 64 84 69 48 72
t 48 60 50 74 54 58 79 63 85 52 81 57
t 64 84 87 45 45 79 90 82 58 73 85 62
t 52 87 66 85 73 47 70 67 63 61 49 46
t 73 65 55 89 79 54 67 77 76 70 89 57
t 74 56 67 82 79 78 67 60 45 53 48 76
t 48 61 56 90 70 75 83 74 82 87 45 68
t 25 14 2 17 23 16 21 24 721 17 6 14
t 53 46 45 78 75 73 63 77 54 75 65 55
t 728 18 12 14 19 24 21 19 19 22 13 10
t 85 86 49 52 58 58 46 47 90 89 61 72
t 5 18 711 10 16 16 15 22 18 18 2 12
t 21 13 11 23 19 3 9 12 24 9 737 23
t 733 16 9 8 23 4 11 12 9 7 23 17
t 7 17 11 25 16 23 20 9 10 729 1 18
t 69 88 78 79 75 74 82 76 54 67 66 78
t 51 50 52 72 50 56 80 66 70 80 87 65
t 82 73 67 79 55 55 68 69 85 89 78 62
t 16 22 23 25 23 10 18 724 23 13 11 10
t 6 18 24 1 9 8 23 1 20 5 731 1
t 45 67 89 71 45 54 56 77 53 81 89 65
t 9 22 25 15 8 7 8 17 741 1 13 5
t 77 73 70 58 79 53 82 66 59 82 47 60
t 59 62 83 69 65 61 60 89 45 45 46 53
t 11 716 2 8 24 21 19 4 4 21 5 12
t 83 69 80 48 82 87 65 54 49 76 62 58
t 88 79 65 89 71 83 54 78 55 48 53 74
t 87 53 51 48 87 56 68 52 87 79 56 81
t 722 5 5 9 6 13 24 14 11 18 21 24
t 19 24 25 13 8 11 5 25 744 7 9 11
t 48 56 72 70 88 57 46 84 89 69 72 58
t 2 24 1 22 18 19 23 8 12 5 726 3
t 3 17 17 14 4 1 16 3 717 15 3 15
t 74 66 79 51 82 55 53 66 84 69 75 83
t 67 71 78 83 58 83 75 78 50 55 51 89
t 5 22 21 14 13 8 23 10 9 725 6 25
t 9 23 16 21 9 6 743 17 7 17 5 15
t 79 58 50 63 67 79 90 84 74 58 88 76
t 60 55 51 82 83 71 55 80 90 65 85 49
t 46 54 52 64 46 51 71 79 45 46 52 89
t 68 46 63 81 61 75 73 89 72 90 57 47
t 15 16 6 20 4 8 2 11 17 11 2 714
t 12 720 24 8 8 23 23 1 16 6 23 3
t 720 22 7 3 13 20 23 8 4 22 5 9
t 65 50 83 65 70 67 67 54 78 52 90 63
t 90 73 76 66 89 53 89 88 71 71 62 65
t 88 77 77 61 80 57 84 57 59 76 85 78
t 82 83 67 82 59 77 73 56 56 74 60 75
t 46 65 71 71 82 86 70 46 65 89 73 87
t 66 73 89 81 76 83 45 79 70 58 82 60
t 61 54 60 76 83 89 81 67 70 68 89 78
t 60 61 59 76 46 56 49 57 72 62 50 69
t 3 4 13 15 19 25 8 22 18 12 18 731
t 18 9 23 15 11 18 24 11 24 736 20 19
t 66 56 79 46 88 82 51 48 76 66 65 63
t 90 81 76 67 84 73 51 55 69 89 74 60
t 84 80 57 66 79 54 84 69 84 70 62 89
t 69 53 69 76 72 71 89 58 52 63 90 62
t 710 22 21 11 21 24 2 12 11 3 19 3
t 79 84 70 55 90 56 75 65 52 67 65 47
t 59 56 86 54 49 58 55 80 78 62 60 48
t 3 21 9 17 6 8 6 6 9 735 16 13
t 730 22 22 20 23 1 10 24 10 4 24 4
t 18 11 2 4 8 25 23 17 18 722 23 9
t 87 77 74 49 54 90 72 47 90 74 77 85
t 13 12 738 17 24 13 18 23 1 7 21 21
t 82 56 57 57 58 50 90 83 76 68 62 66
t 71 73 73 56 45 72 76 79 47 60 79 90
t 80 49 72 54 45 89 56 62 62 60 59 61
t 85 76 52 52 49 78 69 67 48 47 82 55
t 54 48 89 46 81 89 87 75 45 77 67 60
t 57 76 65 89 82 60 52 52 78 60 85 54
t 50 89 78 65 45 56 50 50 61 87 70 85
t 89 68 83 61 54 68 90 80 66 82 57 56
t 56 56 62 90 59 71 81 87 82 66 78 57
t 61 83 52 63 56 64 75 68 80 57 83 56
t 24 731 10 23 13 1 12 4 12 15 11 15
t 83 84 71 52 86 73 47 56 76 60 59 58
t 45 62 70 77 66 86 47 73 69 59 63 60
t 20 14 18 1 3 17 19 717 2 23 25 24
t 1 11 740 10 25 4 13 16 11 3 6 8
t 2 20 7 16 725 6 4 14 1 9 15 18
t 52 67 57 80 52 50 90 74 54 77 72 90
t 17 3 5 2 724 2 12 9 11 1 11 13
t 24 3 12 4 728 25 14 17 16 2 25 13
t 732 21 2 22 19 16 6 7 9 6 4 10
t 11 730 4 21 13 19 22 25 2 12 7 16
t 60 48 55 45 51 58 71 46 66 49 71 45
t 4 4 11 721 8 15 1 16 10 14 18 5
t 47 48 54 66 80 66 80 63 72 69 60 89
t 719 23 13 2 24 1 13 8 24 1 14 5
t 3 18 7 2 20 20 23 21 24 2 4 720
t 65 77 54 84 86 56 68 45 76 74 88 57
t 66 64 54 76 80 51 65 76 90 73 65 45
t 13 12 19 18 723 14 7 22 6 13 2 12
t 88 53 82 86 51 69 77 90 49 86 88 65
t 20 20 2 11 726 1 1 1 12 21 8 10
t 8 10 19 3 24 24 9 8 4 22 21 737
t 19 5 7 3 9 9 21 22 13 15 13 727
t 13 748 19 15 24 24 8 5 21 14 25 14
t 72 56 71 90 45 51 62 83 67 65 69 80
t 18 10 1 5 17 17 6 18 3 3 20 739
t 70 71 52 84 65 77 78 69 90 84 77 60
t 24 17 738 23 6 8 10 20 3 2 4 21
t 25 8 12 14 23 15 9 734 7 4 19 13
t 77 61 45 77 58 65 62 71 82 62 83 88
t 73 53 82 78 45 78 74 88 67 83 88 88
t 60 49 53 52 72 54 70 74 85 79 86 85
t 56 86 61 59 55 46 60 62 85 68 87 69
t 78 79 84 57 57 46 72 56 60 46 75 45
t 4 723 18 11 3 4 14 7 11 2 15 22
t 3 8 5 10 24 14 7 743 13 14 9 19
t 13 2 22 18 710 21 9 15 3 9 22 7
t 83 54 75 73 47 65 87 51 60 87 79 72
t 72 58 69 48 55 60 69 83 48 68 48 63
t 57 89 46 57 83 55 50 70 69 76 85 56
t 64 85 84 90 72 58 67 76 84 63 61 62
t 73 47 58 79 45 53 49 61 49 75 64 62
t 15 10 9 16 7 14 23 24 25 727 19 8
t 61 48 59 65 85 79 79 73 50 53 57 47
t 85 70 60 90 55 81 64 49 68 86 53 63
t 3 12 23 2 736 18 12 1 22 13 9 22
t 66 50 89 72 80 84 85 69 75 78 67 72
t 20 23 17 4 16 14 8 16 21 17 719 20
t 60 77 78 80 51 88 90 83 90 47 63 89
t 77 73 64 57 90 60 81 50 89 89 66 55
t 45 51 87 68 88 89 84 75 66 68 56 75
t 20 15 18 730 2 17 21 12 14 2 4 11
t 48 47 60 87 89 86 90 74 83 59 81 63
t 15 16 710 11 23 13 25 16 24 9 8 4
t 11 25 17 19 747 24 6 17 18 4 10 21
t 712 9 11 11 10 1 12 25 6 5 18 14
t 49 49 53 67 47 86 90 83 72 64 59 87
t 25 6 15 6 13 22 7 6 22 7 16 740
t 4 20 5 25 5 15 23 17 7 18 18 718
t 10 14 9 19 11 5 23 712 1 6 10 25
t 69 67 62 82 90 69 87 74 52 51 89 89
t 67 81 56 46 54 65 53 67 71 72 55 55
t 78 84 53 49 48 45 74 58 86 73 68 70
t 48 55 71 52 85 90 90 65 52 66 59 55
t 86 88 52 63 89 68 73 73 77 49 84 86
t 53 45 82 82 60 52 76 81 79 82 59 73
t 17 4 18 23 21 1 25 14 18 24 15 749
t 22 9 10 13 12 21 1 24 4 11 23 745
t 10 9 742 17 13 16 19 24 11 1 19 5
t 55 72 59 57 58 80 72 81 85 72 77 50
t 22 13 9 24 12 19 9 24 21 9 710 22
t 64 55 75 56 79 90 90 70 71 56 74 80
t 62 53 49 78 66 62 78 70 49 78 46 65
t 9 10 6 14 15 8 7 14 737 10 25 4
t 71 67 84 49 72 68 61 59 89 81 75 49
t 77 88 51 65 84 55 76 49 51 83 76 66
t 48 61 63 71 49 77 77 65 54 81 67 87
t 57 83 74 82 56 76 58 52 87 79 58 65
t 69 63 86 80 70 45 74 65 86 68 76 88
t 2 16 22 21 9 19 3 720 20 21 25 22
t 728 8 13 24 12 18 17 8 2 6 7 9
t 15 5 11 14 17 1 7 18 739 11 15 22
t 21 722 19 6 11 11 17 15 9 18 16 25
t 16 21 733 4 12 20 8 10 3 17 14 14
t 18 24 14 12 22 718 19 6 14 15 22 23
t 8 2 748 7 18 24 2 13 9 13 7 15
t 7 7 11 739 8 13 8 15 20 14 25 1
t 9 1 25 18 20 18 19 749 8 10 19 11
t 23 22 22 16 25 14 23 714 1 8 18 14
t 12 7 9 21 16 24 15 1 729 15 21 22
t 77 58 56 60 50 59 82 51 59 87 75 74
t 89 54 87 55 83 86 65 47 84 61 45 49
t 6 20 15 22 6 9 724 13 1 9 10 24
t 5 2 4 1 2 748 23 3 4 2 5 16
t 72 82 85 71 88 73 66 66 56 81 75 69
t 3 20 1 10 5 13 7 728 12 13 24 9
t 85 48 79 73 60 87 83 80 87 89 59 50
t 88 76 88 75 59 46 80 81 71 60 71 73
t 73 54 48 49 71 72 86 60 60 81 79 57
t 20 12 3 22 6 5 14 12 20 21 737 18
t 75 53 58 82 70 84 85 84 87 72 69 67
t 52 85 80 54 51 73 78 60 59 60 82 87
t 84 60 57 47 65 85 49 55 74 77 63 60
t 23 12 21 19 1 745 15 16 18 12 14 10
t 4 20 25 15 11 25 10 8 711 21 19 11
t 22 20 10 2 12 17 22 21 3 14 6 731
t 22 2 19 25 4 22 749 8 4 12 15 13
t 6 6 16 17 726 12 15 21 1 20 13 4
t 86 64 82 88 61 73 83 74 67 84 62 54
t 53 88 58 74 89 76 74 45 74 59 53 74
t 55 47 75 50 84 73 73 53 72 60 85 88
t 727 9 9 11 6 6 16 12 11 1 16 17
t 54 51 88 72 78 87 69 64 56 62 45 83
t 23 20 6 20 14 9 4 733 19 4 11 17
t 80 48 64 59 46 58 80 90 61 89 65 54
t 61 72 88 55 52 58 50 60 64 67 49 76
t 13 9 20 723 3 10 19 5 3 4 2 3
t 11 21 21 16 23 18 17 4 18 719 16 9
t 2 8 9 749 22 21 20 11 2 16 20 3
t 743 9 24 25 8 1 16 16 22 1 1 19
t 52 83 68 84 45 53 76 90 48 89 75 49
t 738 7 9 16 20 10 7 9 1 13 16 23
t 743 8 13 4 16 21 6 12 1 22 22 14
t 711 23 6 9 17 2 17 18 6 7 22 22
t 12 25 713 12 9 21 17 7 5 3 19 11
t 10 15 737 14 16 10 16 17 1 15 12 16
t 11 20 1 25 18 4 11 14 22 24 15 731
t 67 58 74 76 66 74 78 70 50 79 62 83
t 24 25 14 1 15 2 19 721 22 8 4 23
t 11 23 10 5 7 716 11 23 14 15 5 23
t 70 74 85 68 61 88 89 65 89 59 53 51
t 57 84 52 50 59 56 65 66 60 75 57 50
t 63 49 53 74 89 55 62 59 58 46 77 84
t 11 21 4 722 24 8 2 19 18 22 21 22
t 55 72 63 45 53 76 77 55 76 57 78 78
t 722 12 6 8 24 22 15 21 17 15 4 13
t 87 56 61 61 85 77 58 80 47 85 82 83
t 20 13 20 738 16 7 17 12 3 6 22 24
t 11 13 22 24 10 20 5 715 7 4 23 9
t 57 50 65 59 60 65 55 69 45 66 90 47
t 6 7 24 24 5 7 18 23 6 23 8 721
t 4 12 716 1 16 13 3 9 9 22 24 18
t 52 89 54 89 71 57 72 51 52 81 50 69
t 81 60 84 63 54 58 58 83 60 71 82 65
t 24 1 25 6 11 9 20 24 711 15 17 13
t 70 46 57 60 72 88 47 66 59 51 73 84
t 63 66 68 52 56 45 78 46 61 82 67 86
t 20 8 25 10 21 19 724 23 14 2 11 13
t 67 87 62 80 57 90 76 50 89 59 45 46
t 25 4 23 9 710 6 22 17 4 9 25 23
t 61 89 49 45 62 88 66 53 48 62 63 50
t 21 13 24 14 24 729 16 9 21 7 3 12
t 57 84 56 57 65 70 90 45 70 46 47 84
t 14 7 20 23 5 18 21 744 21 11 1 8
t 23 20 21 20 7 21 4 23 7 8 715 7
t 49 63 58 62 66 56 62 87 88 63 81 54
t 52 79 55 63 46 47 52 47 72 57 81 64
t 67 49 61 79 50 77 70 74 58 50 82 50
t 90 48 81 90 87 74 80 60 79 64 87 63
t 58 53 55 89 87 69 80 70 60 53 88 84
t 49 49 57 78 68 89 79 48 77 74 70 66
t 10 2 23 7 13 23 20 13 3 725 19 11
t 21 7 19 6 18 4 18 13 738 5 12 14
t 55 52 77 65 55 53 50 51 81 57 59 52
t 68 72 64 61 51 72 49 69 77 75 49 45
t 82 52 71 48 76 76 86 48 56 65 80 86
t 20 18 21 3 11 12 742 20 18 9 1 11
t 50 50 80 87 82 68 77 87 56 52 59 60
t 60 61 81 90 62 88 84 74 51 53 62 54
t 78 84 60 55 90 83 78 58 81 57 61 86
t 78 46 67 89 57 46 82 80 53 80 45 75
t 90 70 90 67 53 51 60 51 81 74 72 88
t 1 9 1 7 740 14 4 3 9 7 2 8
t 729 17 14 18 22 25 24 14 22 17 17 1
t 24 15 8 5 10 11 728 7 15 12 5 22
t 7 742 1 5 2 3 6 11 20 10 25 16
t 3 24 6 12 7 15 723 11 24 19 25 25
t 79 69 84 59 58 80 54 47 86 73 61 68
t 18 11 8 18 4 18 9 18 3 4 746 19
t 8 24 2 3 12 14 710 15 21 11 3 15
t 83 47 58 56 70 78 54 83 49 79 66 87
t 2 17 726 7 5 25 14 8 7 24 24 24
t 87 52 71 85 90 74 85 54 85 53 53 45
t 19 20 25 3 22 20 2 7 18 23 743 13
t 23 1 19 7 8 727 24 18 15 17 19 24
t 57 55 70 60 90 73 61 85 83 84 73 51
t 60 80 86 48 64 83 88 55 73 70 56 67
t 53 76 71 65 78 87 64 57 59 48 80 84
t 80 65 89 46 69 55 49 82 49 61 52 61
t 51 48 87 47 56 67 53 69 64 85 63 78
t 16 720 23 16 10 15 21 1 22 4 1 10
t 2 14 5 15 20 24 6 2 24 8 725 7
t 2 5 12 16 14 16 8 737 14 9 15 14
t 12 20 25 737 7 23 19 2 20 17 24 17
t 17 16 15 22 5 5 12 10 22 4 740 23
t 736 22 1 24 21 13 19 12 16 25 1 25
t 72 69 54 62 67 63 58 76 64 80 86 90
t 75 71 61 87 60 62 84 73 73 82 84 59
t 78 64 47 56 75 79 48 54 67 48 62 53
t 4 8 10 18 13 21 717 16 8 12 11 21
t 46 54 60 69 72 52 62 82 52 90 88 75
t 63 48 50 75 57 77 58 50 81 55 54 56
t 21 10 10 5 25 727 22 5 20 13 1 15
t 25 15 15 16 14 15 18 7 1 13 727 15
t 61 53 45 69 62 57 70 85 83 64 72 48
t 12 3 7 2 15 3 14 23 729 20 6 21
t 22 19 12 2 721 17 22 7 22 11 11 14
t 720 15 24 24 21 8 21 17 1 19 8 21
t 47 80 50 48 89 63 78 50 55 48 59 81
t 79 77 72 74 83 48 59 75 61 87 52 79
t 77 69 88 46 65 83 46 78 61 88 57 83
t 90 61 46 47 77 66 56 78 58 78 58 77
t 59 68 73 90 85 72 64 53 68 47 88 65
t 77 84 70 57 77 82 56 71 52 46 81 73
t 84 81 46 89 86 86 62 77 62 66 90 61
t 47 63 88 80 52 64 73 85 84 65 69 70
t 725 6 12 3 22 16 5 24 20 13 2 5
t 7 2 20 15 23 712 2 24 6 14 7 19
t 85 71 87 83 88 65 60 67 73 89 55 51
t 72 65 86 81 73 83 51 70 64 78 64 89
t 53 46 62 56 77 62 56 77 68 49 46 56
t 83 52 47 53 71 85 53 66 65 68 81 55
t 62 45 55 59 51 86 48 69 54 46 50 89
t 87 78 56 77 65 46 68 51 85 66 68 50
t 65 72 57 70 55 52 70 83 53 64 65 60
t 52 75 90 64 52 81 82 47 49 48 90 86
t 63 51 84 53 54 49 54 78 73 54 82 50
t 52 54 79 84 63 56 68 89 70 75 85 75
t 12 7 745 24 24 6 11 23 15 14 7 20
t 52 60 71 45 52 82 74 61 85 58 69 75
t 73 57 79 84 61 80 49 87 63 88 87 74
t 80 90 54 65 68 58 67 65 65 58 65 47
t 8 12 736 15 14 4 21 4 14 25 22 8
t 22 5 17 4 5 15 22 25 19 738 2 2
t 69 79 83 84 62 85 47 54 53 51 69 88
t 75 77 87 52 78 69 58 79 78 80 73 81
t 22 3 13 2 1 13 13 724 5 10 9 6
t 79 72 77 60 61 84 72 80 71 53 87 70
t 23 20 11 24 24 6 14 3 18 23 13 737
t 77 65 69 51 65 51 85 64 85 55 77 47
t 68 45 60 58 76 82 65 61 65 53 45 78
t 2 718 19 23 25 20 8 5 10 12 5 5
t 58 45 61 47 46 66 75 78 76 68 65 70
t 737 1 23 4 20 24 19 4 1 19 7 6
t 73 71 67 81 47 49 55 75 49 62 73 58
t 58 50 46 89 90 48 49 55 69 72 72 87
t 86 84 58 65 65 47 47 54 53 63 89 53
t 84 52 89 89 79 61 81 79 82 59 90 66
t 73 46 63 64 49 55 88 69 48 80 87 73
t 2 5 20 715 19 21 24 20 20 8 13 22
t 54 72 87 59 59 88 65 47 48 65 69 62
t 69 86 89 51 49 81 89 90 87 78 73 72
t 75 68 86 75 61 61 83 85 55 65 76 66
t 711 20 24 12 7 10 21 17 9 10 12 2
t 69 56 81 62 82 74 45 81 73 82 89 63
t 10 16 10 13 12 724 3 1 2 15 21 17
t 73 60 83 68 85 87 76 84 58 89 58 53
t 62 68 74 48 61 85 72 46 80 88 63 89
t 56 89 49 59 79 49 60 58 50 82 75 82
t 58 87 71 81 61 63 88 65 53 70 56 69
t 53 89 47 78 77 61 73 82 52 46 73 80
t 85 51 45 77 55 60 82 78 58 81 47 90
t 21 22 4 25 1 18 23 1 24 15 737 21
t 22 7 2 8 726 1 24 21 3 20 12 23
t 74 63 73 57 66 55 53 86 86 63 84 60
t 75 79 62 85 61 62 70 90 58 78 65 72
t 13 22 11 22 8 22 18 6 4 6 1 727
t 3 2 22 4 19 5 5 13 721 6 1 15
t 19 6 25 733 20 8 16 20 5 6 7 3
t 71 46 51 83 62 68 79 68 45 90 50 50
t 69 47 59 88 76 77 74 83 87 45 87 70
t 66 67 52 90 58 85 49 87 47 89 81 85
t 64 59 61 53 86 55 70 65 71 89 54 68
t 90 80 68 70 56 89 57 58 52 53 72 62
t 72 69 60 72 82 52 49 64 51 72 67 59
t 20 9 15 728 12 23 12 4 10 16 23 18
t 65 63 71 85 89 90 55 84 65 61 67 71
t 76 84 60 77 71 65 55 81 70 62 67 90
t 4 14 12 18 2 22 17 19 25 711 22 4
t 52 73 61 83 50 64 80 68 88 79 83 49
t 73 63 84 85 83 72 84 70 62 89 65 55
t 743 15 14 6 8 3 12 20 24 16 13 15
t 2 3 20 5 16 723 13 6 24 19 15 5
t 77 70 47 67 47 84 77 68 77 51 47 62
t 62 55 70 62 74 57 79 56 50 86 83 89
t 71 75 61 71 71 55 71 89 60 50 55 89
t 25 24 20 748 14 11 16 20 4 20 18 17
t 16 5 22 21 17 2 12 10 719 21 24 5
t 6 21 9 2 12 22 1 732 25 23 12 3
t 53 60 53 83 63 86 48 63 48 59 77 68
t 10 6 4 12 1 728 6 9 2 4 14 7
t 80 70 59 46 64 58 85 58 88 71 61 87
t 45 78 75 72 63 55 63 81 62 65 45 82
t 19 21 11 2 11 3 21 7 717 6 22 13
t 3 21 1 726 16 6 11 20 6 4 1 19
t 712 25 18 11 21 5 17 21 3 13 15 10
t 90 61 57 64 48 86 63 76 58 78 83 60
t 90 56 49 61 78 60 66 90 59 70 70 69
t 90 59 68 67 71 55 71 90 67 89 70 60
t 70 82 56 72 67 87 80 69 52 55 85 86
t 12 24 19 17 719 12 14 7 8 15 8 14
t 83 61 59 81 52 88 50 89 53 83 82 58
t 54 47 46 73 67 66 81 60 63 56 73 50
t 83 78 47 81 76 83 60 89 48 76 78 66
t 17 8 8 21 11 4 15 19 5 18 721 23
t 69 53 71 68 80 74 61 66 73 75 69 65
t 66 83 86 80 90 50 49 87 57 78 50 50
t 23 11 1 10 8 8 6 724 6 24 5 15
t 12 9 22 2 19 24 25 25 732 16 9 14
t 23 7 18 3 18 9 20 19 17 11 722 8
t 88 72 65 48 61 90 62 76 50 46 50 80
t 89 74 56 51 54 86 74 61 79 66 62 60
t 86 82 47 51 79 45 55 88 71 76 76 73
t 54 60 67 74 89 68 77 62 88 66 83 84
t 84 60 87 57 58 56 56 64 46 82 51 62
t 16 16 15 6 3 21 4 11 18 12 25 711
t 3 18 14 740 6 5 21 23 18 16 22 5
t 743 20 5 22 14 15 4 16 9 13 25 6
t 3 6 16 5 16 18 9 23 22 18 9 731
t 49 67 60 64 57 58 75 75 75 65 61 77
t 9 744 13 7 2 16 5 8 23 11 19 14
t 12 748 21 21 23 10 1 18 23 11 13 23
t 65 62 55 79 88 75 55 54 75 65 87 58
t 76 67 77 75 76 72 69 59 90 74 66 63
t 83 47 59 68 50 58 62 80 61 81 79 71
t 66 68 61 75 82 89 76 64 82 56 63 65
t 58 54 57 72 49 52 64 60 70 75 61 48
t 81 52 63 76 70 60 50 57 64 55 58 45
t 74 62 71 50 49 52 85 76 46 90 63 46
t 25 4 729 8 24 10 25 13 6 17 5 5
t 16 7 9 21 5 737 24 4 6 5 24 12
t 77 57 61 80 62 77 69 52 64 88 57 52
t 9 15 15 3 19 19 19 13 25 15 6 741
t 80 85 49 81 77 73 45 89 48 63 65 75
t 67 64 70 72 78 62 88 86 45 48 66 52
t 90 54 72 83 59 64 46 86 61 65 88 81
t 4 4 9 15 739 6 10 19 21 23 4 12
t 79 82 85 76 77 46 83 84 60 74 66 77
t 73 50 47 74 66 58 86 81 79 69 81 72
t 15 15 10 20 12 16 25 25 20 743 17 6
t 89 71 47 90 54 80 74 62 54 50 57 71
t 60 87 68 88 45 52 46 87 48 73 57 76
t 2 16 24 2 6 22 11 8 19 14 722 4
t 14 17 740 20 2 18 2 23 13 9 17 4
t 70 46 78 90 84 46 65 74 76 52 71 66
t 64 63 86 64 90 50 55 66 69 52 58 66
t 57 69 49 65 84 66 78 51 46 65 72 56
t 63 51 54 89 56 87 89 55 46 79 63 62
t 20 712 14 12 3 21 17 22 11 17 19 10
t 82 76 58 80 76 74 56 82 54 74 77 79
t 85 76 55 77 63 60 90 50 89 88 84 47
t 733 7 15 14 17 24 7 7 13 5 9 24
t 12 730 9 13 5 7 25 24 14 19 1 20
t 14 12 2 1 22 15 14 6 5 7 738 22
t 82 71 61 51 63 71 45 63 85 58 63 75
t 8 13 3 2 21 20 723 8 17 21 12 18
t 12 21 17 16 3 8 17 739 21 14 17 15
t 45 71 82 78 80 59 53 74 47 73 47 82
t 21 18 8 22 748 25 11 2 23 20 9 8
t 86 47 87 66 45 49 63 83 77 79 61 69
t 3 13 7 21 3 8 23 727 4 24 10 10
t 49 65 80 51 86 55 53 85 57 85 66 79
t 77 61 65 75 68 68 59 56 64 70 65 62
t 81 69 89 87 62 75 51 55 55 68 82 75
t 84 69 58 59 46 47 81 47 45 64 46 84
t 60 85 66 45 45 53 52 62 90 75 66 61
t 50 78 69 65 49 90 70 79 90 63 75 54
t 10 2 8 9 15 3 23 14 19 737 1 9
t 66 90 53 54 82 89 73 71 76 76 72 88
t 23 9 25 7 21 4 17 7 1 18 12 745
t 87 58 56 74 65 65 71 84 60 88 57 59
t 15 23 723 24 4 24 12 10 22 5 24 17
t 11 25 21 15 746 2 8 10 12 25 5 20
t 52 49 48 80 73 69 56 75 48 69 86 60
t 5 14 21 17 24 18 12 733 9 12 9 5
t 11 13 12 13 2 16 1 2 23 726 15 5
t 83 66 75 75 63 86 88 75 77 87 68 45
t 78 68 47 55 73 73 79 87 45 48 83 53
t 77 80 53 61 54 64 73 52 64 59 80 87
t 87 54 72 73 50 81 68 74 45 83 78 82
t 77 88 88 52 52 89 48 69 73 71 70 69
t 7 3 14 22 25 748 18 5 17 24 2 4
t 75 57 55 65 64 80 59 70 48 89 60 52
t 21 18 25 741 12 6 4 21 12 23 14 9
t 49 82 89 47 46 62 64 62 51 63 83 85
t 18 15 9 18 23 8 7 9 720 10 24 2
t 49 76 83 83 71 77 70 87 60 46 47 71
t 18 23 9 23 18 8 7 12 16 9 740 22
t 69 73 88 74 68 80 62 75 81 84 84 69
t 60 60 56 52 77 76 85 51 56 88 87 63
t 67 83 54 54 67 46 75 48 50 63 58 83
t 45 73 84 86 77 89 73 75 59 74 83 48
t 52 86 82 79 69 59 67 84 87 68 63 82
t 11 9 2 732 22 9 16 18 23 8 23 10
t 58 45 67 57 65 57 65 65 67 57 86 60
t 52 82 52 83 71 89 65 68 70 68 57 63
t 82 88 79 79 68 51 62 65 45 75 57 73
t 72 61 53 90 74 64 77 90 76 66 64 45
t 8 5 24 12 8 5 17 23 14 716 16 8
t 81 61 70 81 77 77 89 55 53 86 86 70
t 15 731 18 23 13 11 24 17 13 9 7 8
t 63 80 71 57 84 84 66 47 85 87 45 66
t 45 48 67 50 61 71 90 55 83 51 51 81
t 5 13 4 1 8 11 730 8 24 15 12 13
t 24 721 15 3 1 14 15 21 7 15 22 9
t 84 74 72 51 60 89 47 86 74 60 66 69
t 77 82 76 84 85 83 57 70 88 72 69 89
t 53 87 90 74 84 61 49 54 52 47 54 50
t 48 78 81 83 76 58 83 49 89 52 55 79
t 80 51 66 88 68 68 75 45 62 67 65 54
t 69 81 52 78 75 47 87 54 72 69 62 51
t 76 45 61 86 69 83 61 64 57 77 57 76
t 83 80 85 80 61 69 64 56 53 52 59 48
t 72 75 55 62 59 58 53 53 46 75 49 76
t 16 12 732 19 25 22 11 2 1 18 8 17
t 9 5 7 3 2 21 14 23 719 23 20 14
t 73 73 85 85 62 56 84 83 74 55 64 46
t 20 4 1 20 3 8 743 20 7 18 4 15
t 48 46 75 66 69 72 82 68 66 72 46 63
t 737 14 25 23 18 9 6 10 13 23 18 6
t 16 14 11 4 20 13 1 13 719 6 25 3
t 80 84 77 58 51 61 78 73 61 81 46 88
t 21 20 5 11 4 8 24 24 12 20 25 719
t 46 50 48 45 59 48 62 54 50 70 80 68
t 51 63 73 54 89 86 53 84 89 88 71 47
t 13 17 717 23 25 14 19 16 13 21 10 22
t 86 46 84 88 85 47 46 46 81 55 56 55
t 57 53 81 56 84 59 74 67 84 82 60 84
t 68 56 68 56 53 82 81 63 58 55 77 51
t 15 20 18 12 2 22 16 19 737 18 17 13
t 57 75 49 88 79 88 45 73 90 49 77 47
t 60 87 72 54 52 86 50 55 69 82 51 45
t 76 67 51 82 89 83 84 46 77 83 70 46
t 16 12 10 21 13 7 720 17 20 17 10 22
t 6 16 722 15 11 6 5 12 16 25 16 10
t 80 48 68 89 51 52 64 48 69 66 85 56
t 51 78 45 53 70 83 62 60 61 49 61 51
t 72 83 50 88 84 73 59 74 49 81 68 90
t 82 67 80 55 49 87 54 86 69 59 63 60
t 88 80 71 77 83 67 72 60 73 51 85 89
t 78 84 77 67 54 45 45 70 66 50 47 80
t 24 14 5 15 3 15 20 15 2 4 711 10
t 82 53 59 62 48 82 84 73 65 70 86 50
t 80 58 87 75 55 57 67 61 72 79 65 62
t 69 54 60 73 49 83 56 75 68 46 64 78
t 48 53 49 55 52 70 88 72 56 78 81 55
t 69 76 90 79 57 59 53 78 57 73 70 80
t 23 17 5 8 18 6 23 15 2 13 746 24
t 62 86 45 59 60 76 69 75 86 67 66 83
t 69 61 54 75 89 80 59 57 82 77 70 68
t 79 84 77 55 70 90 89 82 62 76 66 51
t 52 47 78 74 69 64 82 82 50 51 69 81
t 51 83 90 68 46 69 50 73 82 61 64 79
t 62 59 45 80 87 53 83 56 60 75 55 66
t 11 17 21 11 19 25 25 24 22 710 24 16
t 20 10 7 2 714 23 8 22 18 4 2 19
t 12 21 1 23 20 9 7 9 9 716 20 22
t 84 50 61 60 48 86 58 75 62 80 51 59
t 23 17 12 19 16 2 738 3 2 4 12 13
t 75 75 68 64 65 55 62 52 66 83 86 79
t 80 63 90 62 90 65 84 74 68 88 80 53
t 76 90 71 47 87 51 72 83 86 55 64 57
t 1 2 22 7 25 7 19 719 19 24 16 12
t 13 19 714 13 7 19 8 5 15 19 1 24
t 18 2 6 20 12 4 23 3 747 25 18 20
t 52 89 53 54 63 46 52 85 60 64 63 56
t 45 81 57 79 48 49 50 88 58 50 84 87
t 48 76 64 76 70 89 45 74 51 89 80 72
t 15 9 25 16 8 5 17 17 724 6 11 15
t 64 83 61 89 50 61 78 48 69 65 72 55
t 11 2 4 21 1 10 12 4 2 10 15 724
t 62 60 59 57 54 56 67 48 69 73 45 86
t 78 54 68 50 54 73 88 61 82 87 67 56
t 72 85 70 62 47 77 79 72 79 79 60 69
t 68 53 82 57 46 64 50 85 66 75 73 87
t 60 87 61 46 52 73 79 72 46 57 80 47
t 726 10 9 1 20 11 23 23 19 22 20 1
t 81 85 80 66 78 74 85 72 83 50 80 46
t 15 738 12 13 12 21 14 19 6 8 15 25
t 53 55 60 76 80 89 82 77 74 82 80 69
t 24 15 7 21 20 16 12 23 22 8 1 711
t 56 52 52 71 62 48 81 73 88 60 51 87
t 24 15 15 2 15 18 13 727 20 20 11 13
t 22 11 20 12 15 14 715 8 21 6 21 5
t 52 83 78 86 81 89 80 68 57 73 76 46
t 14 13 18 7 13 717 2 10 14 4 13 11
t 48 46 62 88 83 59 75 90 49 82 88 80
t 23 14 6 735 22 14 12 6 11 23 19 10
t 81 73 64 78 59 47 77 48 59 45 89 81
t 65 85 76 74 60 55 70 66 52 53 74 59
t 20 16 3 9 14 18 18 20 12 1 713 3
t 79 47 65 69 64 72 90 89 87 78 76 55
t 3 10 24 23 18 10 6 714 9 6 20 16
t 3 5 17 6 10 9 9 13 7 21 17 727
t 2 20 19 6 19 15 4 18 21 9 741 18
t 74 64 86 85 89 58 70 69 60 48 90 46
t 78 62 46 74 62 63 80 68 83 54 85 68
t 81 82 88 83 88 79 76 51 73 52 67 68
t 15 24 18 9 18 10 3 25 730 17 9 8
t 12 741 9 2 24 14 21 1 10 23 10 25
t 727 7 8 23 8 13 18 16 20 25 7 16
t 743 13 18 12 2 3 2 19 25 22 2 18
t 7 4 23 2 24 5 25 24 1 3 718 20
t 16 15 6 13 18 20 13 17 22 743 10 18
t 71 47 62 81 79 63 66 47 59 70 87 64
t 81 71 77 88 75 87 58 78 74 88 70 77
t 16 2 18 15 25 18 2 12 25 15 4 741
t 7 10 23 21 718 9 4 15 24 1 2 23
t 86 84 48 47 64 50 47 84 54 82 90 81
t 9 21 11 729 11 13 2 17 20 2 9 17
t 54 76 61 78 45 73 79 82 74 81 74 77
t 59 85 57 54 90 51 51 67 90 68 55 51
t 63 52 70 72 49 89 49 45 86 61 56 56
t 7 23 1 21 21 6 725 8 5 5 16 12
t 47 66 47 59 50 60 46 80 57 47 57 62
t 85 86 50 74 49 60 56 81 84 79 53 70
t 83 46 57 47 82 87 58 81 75 56 78 66
t 20 15 18 12 6 21 733 3 13 25 15 23
t 3 6 2 18 6 730 7 14 2 5 4 1
t 83 88 82 73 51 74 71 47 53 62 65 63
t 23 2 24 13 24 8 20 20 710 4 2 12
t 7 720 22 20 14 6 5 16 8 4 23 17
t 70 81 80 86 76 76 54 72 58 77 82 58
t 17 21 8 21 23 6 8 8 11 21 724 3
t 46 57 47 58 88 58 73 53 74 64 88 87
t 23 1 12 723 15 20 22 1 21 4 7 24
t 20 10 7 22 25 19 4 2 7 23 13 747
t 60 47 89 86 76 65 86 76 87 66 80 45
t 68 78 50 86 73 59 60 67 63 88 75 51
t 21 24 4 13 13 18 2 725 24 11 25 13
t 18 12 22 1 11 11 22 4 24 18 11 717
t 46 85 87 50 86 48 54 76 61 51 53 89
t 71 48 51 83 88 67 55 46 82 89 73 76
t 22 19 13 13 22 3 4 12 737 11 6 22
t 58 47 48 48 47 55 88 89 72 56 77 46
t 48 85 90 76 87 80 81 56 89 90 67 80
t 69 57 46 75 70 61 68 52 63 71 86 79
t 50 69 84 62 54 51 90 67 47 50 61 84
t 8 19 21 10 24 2 743 10 1 5 3 5
t 55 54 82 90 86 57 46 82 70 48 51 81
t 11 25 2 17 17 7 711 14 6 23 23 15
t 67 59 90 78 75 49 80 51 50 58 68 82
t 68 78 88 82 76 74 51 61 51 49 77 68
t 5 14 14 24 4 18 2 5 1 6 7 738
t 732 11 20 10 25 14 7 16 15 14 17 6
t 19 1 5 2 7 10 11 10 18 23 13 736
t 14 2 23 19 24 13 17 731 23 2 9 20
t 90 49 77 56 50 90 70 89 58 68 67 46
t 55 70 88 51 73 55 50 63 66 83 81 67
t 75 84 66 56 76 75 61 53 73 77 86 51
t 62 73 80 45 66 69 75 56 69 60 58 76
t 20 13 20 12 24 2 6 8 734 14 6 10
t 9 24 5 8 16 744 25 18 8 19 19 20
t 50 49 85 87 86 90 84 59 68 57 83 59
t 4 18 737 12 13 12 13 14 21 2 16 6
t 81 53 89 69 62 82 73 77 46 71 50 76
t 18 12 4 17 8 731 15 17 17 12 22 19
t 17 12 25 4 23 6 732 2 11 22 13 17
t 60 63 79 82 50 45 51 79 65 48 75 58
t 68 84 85 88 90 67 51 47 76 65 79 72
t 20 10 16 11 2 2 9 22 4 17 741 25
t 72 72 87 66 61 85 46 52 69 51 58 77
t 51 65 77 86 79 58 55 66 47 53 80 49
t 713 22 14 10 5 19 9 19 14 6 24 17
t 61 57 48 65 62 57 86 73 84 78 66 88
t 12 15 2 15 17 23 7 9 2 8 734 11
t 25 731 10 4 4 3 17 1 15 24 12 5
t 68 68 58 49 84 63 83 76 45 81 57 52
t 79 55 57 67 83 82 82 50 66 62 75 63
t 17 11 6 741 24 17 23 20 24 11 8 14
t 49 85 57 50 64 69 51 49 64 83 76 56
t 51 80 60 72 87 73 48 54 55 82 80 60
t 54 49 73 48 87 71 88 75 59 89 46 76
t 10 2 17 24 20 5 731 19 4 8 12 18
t 74 48 52 58 76 59 45 67 85 75 86 53
t 51 49 81 90 66 71 84 54 56 47 89 63
t 63 88 71 73 50 50 51 71 63 73 45 75
t 73 50 72 47 51 50 70 65 68 61 67 57
t 89 52 73 61 50 45 47 70 90 74 46 89
t 68 63 69 61 90 66 80 72 85 85 84 58
t 70 57 51 56 59 49 45 54 85 68 63 89
t 81 66 59 72 77 81 51 58 78 63 66 55
t 52 86 66 82 55 48 67 57 71 57 71 54
t 87 54 83 70 69 87 89 79 86 51 49 54
t 57 66 87 60 86 83 60 48 82 53 75 86
t 57 66 77 80 80 76 79 49 87 85 73 67
t 19 5 5 4 8 4 726 18 21 3 18 10
t 83 75 51 82 83 68 67 76 68 87 79 63
t 12 17 20 4 14 22 7 742 25 8 1 24
t 57 57 80 64 74 82 89 81 85 74 83 53
t 50 57 76 46 66 89 47 50 73 87 62 60
t 65 79 69 66 54 79 69 89 52 70 47 48
t 74 60 55 65 55 85 47 51 54 85 61 76
t 90 75 54 63 45 59 87 70 67 54 90 55
t 55 56 86 62 71 81 54 72 79 64 47 71
t 4 9 20 740 4 17 10 15 13 12 24 21
t 24 13 15 14 12 13 15 8 19 737 20 19
t 83 67 90 85 46 74 81 58 48 55 85 64
t 18 13 2 23 19 719 15 1 10 18 22 5
t 4 8 20 10 7 25 1 23 8 8 15 719
t 47 73 67 89 47 73 49 55 78 75 46 54
t 82 82 54 77 84 81 59 87 75 63 46 52
t 10 13 1 3 17 22 11 1 6 18 722 5
t 66 59 52 52 89 82 47 80 85 88 78 51
t 78 50 61 87 80 48 70 49 53 55 78 50
t 25 4 14 19 12 2 19 16 10 25 13 713
t 2 1 747 20 7 21 16 15 7 9 13 6
t 12 2 20 8 5 2 2 17 725 19 5 5
t 10 23 17 3 6 6 726 14 5 11 15 7
t 18 5 14 7 15 19 1 25 3 2 3 712
t 87 55 89 57 72 73 82 59 84 46 63 68
t 18 5 9 20 21 711 5 15 11 12 1 21
t 23 22 7 17 730 10 21 23 8 2 7 11
t 87 87 76 87 50 72 64 79 78 56 54 82
t 22 8 23 721 1 14 19 17 23 18 10 14
t 59 54 70 72 45 87 87 58 53 47 65 89
t 722 16 21 12 3 10 25 24 14 12 10 8
t 73 50 50 66 58 56 81 62 51 55 74 46
t 22 2 12 21 15 4 7 16 21 4 14 717
t 21 13 19 10 8 1 15 14 25 24 726 20
t 5 18 22 12 7 9 12 3 717 23 9 13
t 57 90 78 55 82 78 46 53 83 74 88 62
t 61 59 67 49 75 69 82 74 51 70 81 58
t 48 65 62 66 60 88 78 63 71 77 49 70
t 5 25 23 6 15 2 11 15 748 9 6 16
t 56 83 85 87 67 55 88 65 79 62 47 50
t 83 63 58 58 63 51 62 57 63 67 55 87
t 63 74 47 70 87 57 75 79 82 83 70 53
t 69 68 73 84 59 56 72 72 75 74 76 81
t 79 60 77 72 84 87 48 67 70 59 59 50
t 3 7 3 1 726 10 17 8 3 14 19 7
t 12 18 14 6 16 23 17 13 18 737 16 14
t 58 87 62 56 54 86 45 50 52 86 79 68
t 48 69 87 59 71 63 60 70 66 51 73 67
t 18 23 25 12 6 3 21 721 21 12 8 12
t 46 59 45 82 76 54 62 83 66 68 89 65
t 86 81 46 87 52 51 77 72 69 79 87 59
t 86 60 46 56 59 76 54 75 45 79 77 66
t 47 84 60 56 87 45 85 57 87 74 74 59
t 71 75 71 51 89 80 74 62 53 54 81 70
t 70 72 52 56 77 79 60 53 90 67 69 72
t 68 68 71 61 59 68 83 50 60 52 87 89
t 67 78 60 70 62 80 80 48 83 83 78 66
t 49 52 75 89 83 88 82 47 69 50 46 58
t 14 7 713 23 3 12 15 18 19 1 11 9
t 78 85 50 51 80 47 70 54 68 71 87 80
t 77 83 83 69 53 86 89 80 73 55 66 54
t 62 74 65 76 68 65 77 53 87 64 71 64
t 71 49 56 55 85 48 81 89 85 76 86 55
t 20 12 16 3 19 712 23 17 25 6 10 21
t 89 70 52 75 85 78 86 46 48 45 50 84
t 64 53 76 87 83 84 73 61 63 81 46 69
t 14 732 4 1 8 15 11 4 25 1 16 17
t 15 717 2 24 1 14 3 14 2 3 4 18
t 22 10 16 20 12 15 21 5 16 7 715 11
t 77 79 47 52 70 61 73 66 53 61 55 84
t 57 60 52 77 47 86 64 58 76 45 55 88
t 25 10 12 1 8 14 8 21 13 748 17 9
t 61 73 57 81 71 46 89 76 51 57 86 54
t 90 69 70 88 54 48 58 82 79 90 51 79
t 76 49 45 57 64 55 78 74 66 59 72 69
t 52 66 48 47 71 78 79 75 63 68 77 49
t 47 45 70 79 88 56 56 75 87 67 68 51
t 66 50 75 55 56 85 80 85 81 74 65 77
t 76 86 66 45 49 54 55 79 71 64 71 89
t 68 59 65 81 69 51 50 82 50 59 49 76
t 77 58 78 76 65 85 54 66 65 60 78 45
t 67 53 88 50 90 72 57 89 47 65 72 45
t 70 58 46 74 63 81 55 77 58 82 53 45
t 69 82 78 83 59 52 53 57 49 87 67 57
t 63 80 75 77 45 55 57 83 79 85 68 67
t 56 71 87 48 82 50 46 49 78 50 83 78
t 79 77 47 70 53 56 68 86 83 84 78 55
t 87 73 61 54 58 72 82 50 66 77 69 71
t 23 12 22 11 12 12 19 11 13 9 13 744
t 75 79 69 77 86 59 84 55 76 86 46 50
t 9 7 5 13 23 1 22 10 25 25 25 746
t 85 88 86 71 79 72 63 80 83 80 60 78
t 47 53 88 75 62 84 89 50 46 62 47 58
t 46 69 83 77 83 51 86 49 56 60 73 68
t 64 82 73 65 87 76 76 56 71 67 64 69
t 46 84 80 89 79 62 56 52 55 80 68 63
t 55 61 82 46 79 67 74 89 57 48 74 74
t 17 12 14 6 720 10 3 17 21 2 15 18
t 64 64 85 71 73 83 48 89 55 78 53 68
t 50 46 71 67 57 53 89 79 82 54 50 82
t 86 86 76 51 76 53 64 77 69 59 60 66
t 3 23 10 8 13 5 2 21 13 4 739 6
t 86 45 80 69 82 48 77 61 53 83 70 47
t 54 90 55 86 62 77 49 61 76 71 76 54
t 12 2 21 12 7 6 729 20 9 7 21 15
t 73 90 86 64 89 55 50 46 55 78 68 71
t 57 59 88 70 58 70 72 50 47 70 63 80
t 23 730 4 17 10 2 4 24 21 3 2 22
t 89 56 62 77 64 61 53 89 77 48 66 62
t 45 55 50 57 56 56 84 52 60 56 79 54
t 715 19 23 8 7 1 10 22 13 13 11 12
t 46 87 68 77 89 53 89 60 58 75 72 68
t 1 723 21 17 1 17 24 15 10 15 23 4
t 2 5 13 18 12 4 22 17 8 727 21 16
t 8 12 25 18 14 11 11 16 728 19 12 1
t 55 59 54 86 58 78 50 76 74 86 78 78
t 24 16 5 22 18 8 742 4 20 20 22 23
t 82 77 51 88 85 61 75 88 74 70 56 89
t 53 87 53 79 55 76 79 58 48 81 52 49
t 90 48 84 71 58 70 81 49 76 83 66 88
t 10 21 7 7 2 715 3 11 14 14 22 20
t 50 88 86 67 51 76 88 46 86 60 67 54
t 711 2 12 14 15 2 9 7 19 14 4 10
t 77 58 78 46 48 49 88 67 79 51 82 47
t 1 14 17 742 12 23 13 25 2 20 10 14
t 54 75 61 84 46 78 90 80 46 51 60 81
t 84 83 60 87 88 85 90 77 73 60 88 67
t 84 57 66 59 87 60 79 51 80 87 84 60
t 61 56 84 49 78 86 82 80 88 72 50 55
t 15 3 6 1 13 15 24 724 16 3 15 14
t 89 64 70 48 66 64 56 75 55 45 75 59
t 72 65 74 62 71 71 84 89 72 47 72 81
t 79 54 56 49 59 80 68 57 55 57 65 84
t 81 85 79 63 54 49 77 50 78 55 74 65
t 50 77 60 69 46 63 72 78 64 55 86 62
t 67 68 64 65 52 53 66 79 59 82 52 83
t 46 55 69 69 82 63 89 87 54 82 85 59
t 66 72 90 90 84 64 69 58 84 70 78 48
t 71 83 65 49 64 46 79 48 77 70 61 57
t 56 64 70 68 63 80 71 52 68 82 58 54
t 79 64 55 88 69 67 73 47 64 52 58 81
t 20 2 15 736 20 25 21 6 7 7 18 11
t 67 70 56 49 75 61 70 48 89 50 53 67
t 45 85 62 67 76 65 67 76 71 86 74 77
t 10 18 10 17 744 1 10 20 1 13 12 14
t 82 70 76 69 87 51 86 86 59 54 68 58
t 73 60 66 45 55 45 85 46 71 48 67 51
t 71 81 67 63 54 84 89 57 48 50 63 69
t 63 56 49 78 82 72 74 51 62 75 76 68
t 45 52 74 60 56 73 60 61 58 78 81 74
t 13 743 3 19 14 12 22 3 9 4 8 20
t 62 46 77 71 65 69 66 81 59 71 64 72
t 90 62 68 74 74 80 76 78 68 77 83 70
t 14 14 25 5 5 21 2 1 7 2 725 15
t 21 14 21 714 9 6 15 3 7 21 24 18
t 13 14 1 24 12 19 2 10 16 17 12 720
t 72 80 88 66 53 77 49 63 78 85 47 57
t 70 80 90 63 83 50 83 79 67 77 77 46
t 22 13 13 23 24 17 24 20 18 729 22 22
t 70 56 71 85 82 48 70 60 75 63 65 78
t 50 81 83 62 57 67 78 48 88 70 89 70
t 76 66 52 70 87 71 67 85 76 82 61 58
t 18 3 1 25 7 9 1 4 15 1 711 3
t 17 25 22 18 725 6 8 8 10 9 10 25
t 67 48 46 89 50 56 76 79 70 57 85 70
t 79 83 65 73 64 72 56 65 81 73 90 57
t 85 66 65 89 76 77 55 79 77 90 50 88
t 52 52 67 71 85 50 52 73 49 52 68 82
t 65 70 68 69 80 88 84 46 63 56 57 67
t 736 18 25 8 24 11 24 10 6 23 7 21
t 47 80 46 70 47 57 75 50 85 62 58 88
t 21 5 4 722 1 4 24 17 19 6 20 11
t 9 748 9 11 8 5 25 20 12 23 7 12
t 75 47 56 64 81 73 65 75 59 50 55 49
t 83 58 88 45 73 85 89 68 58 81 56 87
t 53 61 90 50 58 81 49 46 71 90 47 51
t 67 64 82 53 50 53 73 61 71 47 48 88
t 3 6 9 726 25 18 10 9 21 12 24 5
t 748 22 13 20 17 18 19 17 24 13 22 6
t 82 85 72 49 58 59 80 89 81 81 45 49
t 55 57 47 77 71 68 61 62 77 86 55 67
t 76 54 77 90 64 51 61 58 83 54 89 74
t 59 62 84 89 67 74 84 55 81 60 88 56
t 48 63 74 83 64 51 48 47 84 49 85 59
t 45 73 81 67 49 60 83 83 60 69 71 70
t 70 69 72 59 69 56 58 90 50 58 87 61
t 24 740 11 24 22 25 11 1 1 3 24 7
t 75 72 51 52 53 49 65 80 54 87 67 59
t 68 45 77 54 55 59 53 77 61 66 69 78
t 49 70 75 77 85 82 72 63 65 48 87 50
t 62 69 57 58 59 48 48 59 49 90 49 51
t 46 65 75 72 60 68 71 52 68 53 63 58
t 58 62 64 83 62 89 57 58 82 49 80 73
t 7 16 10 25 23 8 20 7 13 17 745 20
t 85 83 45 61 90 56 51 58 59 45 64 88
t 88 47 59 83 71 89 48 70 78 86 50 56
t 76 51 88 61 55 51 53 55 57 53 55 69
t 735 10 14 12 16 7 4 2 3 24 12 18
t 45 59 81 45 70 67 52 77 88 82 74 89
t 13 8 18 7 23 1 10 16 21 735 20 15
t 13 1 13 24 18 718 10 21 13 16 2 8
t 86 45 51 79 72 56 48 68 74 77 82 80
t 8 19 743 16 16 3 4 22 14 19 12 15
t 71 72 53 77 75 51 69 62 83 49 47 57
t 79 71 77 79 67 65 77 66 48 63 55 83
t 7 23 25 11 1 18 12 4 20 7 720 4
t 24 11 24 14 25 12 747 1 20 9 8 11
t 68 49 63 62 74 75 45 59 63 88 45 74
t 22 25 744 18 13 6 14 3 17 5 23 15
t 50 58 48 61 82 75 77 90 81 80 84 76
t 72 69 67 57 86 80 67 74 61 60 53 65
t 63 64 60 60 59 77 72 82 89 89 86 46
t 45 56 62 62 89 50 49 45 79 54 51 52
t 65 52 54 84 51 80 65 64 47 62 57 59
t 65 50 52 77 61 87 80 86 48 53 89 64
t 20 713 9 9 8 6 3 3 21 9 6 20
t 16 21 21 6 724 14 19 15 16 4 2 11
t 60 59 51 78 85 53 47 60 67 65 80 80
t 66 80 89 86 76 81 73 72 89 66 63 63
t 13 15 11 5 3 7 13 6 6 5 23 739
t 1 4 4 720 2 15 17 3 13 7 12 17
t 76 45 64 45 54 85 81 52 73 59 76 75
t 83 64 45 54 52 64 47 74 89 56 48 64
t 58 64 68 82 64 72 79 68 48 69 71 71
t 82 62 55 52 72 76 66 79 83 60 77 84
t 75 90 46 51 45 54 68 71 86 72 77 52
t 84 52 57 81 77 60 67 55 66 68 48 56
t 72 57 53 87 68 55 70 76 52 67 83 67
t 25 18 9 15 22 16 7 6 17 710 18 6
t 83 77 56 65 70 58 65 63 69 67 88 73
t 71 59 66 76 88 76 78 60 61 83 85 45
t 60 67 89 81 71 58 45 53 45 83 88 64
t 75 62 52 66 89 50 85 45 82 64 53 63
t 60 63 60 80 90 48 87 49 54 64 69 58
t 80 54 73 73 69 80 46 57 70 73 56 70
t 74 59 90 57 66 67 88 74 71 49 55 68
t 77 60 90 55 45 65 82 83 46 68 89 90
t 12 21 22 12 3 13 15 4 14 733 3 21
t 51 60 55 87 88 84 90 68 76 50 58 86
t 73 55 59 79 82 85 61 62 67 52 70 50
t 76 70 80 76 75 52 80 85 49 52 78 75
t 45 47 56 87 52 83 76 90 84 61 52 62
t 81 55 52 64 61 50 76 62 46 69 81 65
t 16 21 6 21 25 7 10 12 717 24 19 13
t 47 70 81 85 64 76 89 49 45 75 60 63
t 15 19 17 11 3 5 19 23 19 710 24 15
t 14 19 10 718 23 15 5 22 4 25 6 2
t 67 70 52 90 62 45 73 46 63 88 76 65
t 22 736 4 1 18 7 16 23 12 17 6 23
t 15 6 11 710 18 10 3 7 13 2 9 11
t 53 60 47 69 79 46 75 58 45 65 79 57
t 11 8 6 5 18 25 6 4 21 7 720 23
t 16 23 12 743 5 10 17 23 9 25 23 10
t 11 4 739 13 10 13 2 13 13 12 7 22
t 81 57 73 57 71 66 61 65 89 59 49 77
t 19 22 25 716 2 12 12 12 17 22 18 14
t 68 47 70 82 71 46 71 73 59 60 85 63
t 64 85 67 81 90 48 49 53 45 51 62 63
t 2 25 18 726 14 5 20 23 22 16 3 1
t 17 16 19 9 12 3 710 7 22 6 17 4
t 47 84 63 82 85 82 90 72 78 70 61 80
t 74 73 45 76 55 73 58 61 68 51 63 60
t 10 14 1 1 23 741 19 21 19 16 23 2
t 63 45 57 89 70 78 88 65 73 87 60 50
t 2 20 24 11 3 19 19 11 25 11 23 713
t 46 47 61 67 50 72 67 51 88 66 89 89
t 85 87 50 74 84 89 48 50 61 65 66 47
t 63 58 90 86 60 73 46 84 69 81 60 47
mb
t 719 13 1 21 5 11 7 17 9 13 15 12
t 74 54 60 62 76 61 46 76 54 64 46 89
t 47 62 77 45 70 82 72 56 72 86 88 45
t 23 3 21 725 13 14 11 2 11 14 24 4
t 89 45 88 57 54 72 89 49 69 75 81 56
t 5 4 12 13 13 740 10 22 16 17 23 11
t 47 57 86 90 67 67 85 77 67 60 61 76
t 5 15 11 8 11 11 718 2 23 13 6 10
t 52 74 75 61 48 80 74 48 45 70 56 58
t 13 11 24 7 19 727 8 24 19 16 16 13
t 66 85 72 72 80 70 85 89 53 72 80 82
t 4 17 9 7 740 16 11 17 10 3 12 6
t 4 10 7 9 8 742 3 18 21 8 12 18
t 80 83 60 53 63 47 71 57 64 46 51 84
t 73 82 83 58 58 78 67 76 55 89 74 85
t 744 2 19 9 20 15 22 2 8 5 22 12
t 74 48 67 68 65 71 69 68 90 55 58 80
t 61 85 48 72 83 80 50 47 52 74 45 87
t 12 745 7 6 9 11 2 15 1 1 24 4
t 21 20 18 13 746 20 24 16 3 18 1 10
t 60 59 55 74 46 89 53 66 74 73 74 63
t 50 66 83 89 48 46 60 54 60 86 61 63
t 48 86 86 79 47 79 79 71 85 54 89 84
t 5 716 2 24 20 10 5 14 15 23 17 7
t 79 57 80 62 88 53 66 84 63 68 65 83
t 18 16 19 16 24 12 1 24 16 748 23 19
t 17 20 24 22 5 22 13 12 18 11 15 734
t 79 76 51 55 87 69 55 85 65 79 83 88
t 18 25 20 15 16 11 18 711 22 7 22 15
t 3 12 16 25 17 1 9 7 21 12 725 25
t 59 83 54 64 65 89 61 88 86 69 60 67
t 5 12 1 10 9 18 3 5 11 738 17 1
t 7 11 14 9 19 747 7 18 4 11 20 25
t 70 63 48 69 74 81 82 54 82 73 84 76
t 81 83 46 51 66 52 64 74 64 78 71 52
t 17 19 5 16 1 747 24 3 3 16 13 7
t 57 77 79 72 77 76 85 60 61 87 84 89
t 7 13 19 10 4 742 7 17 11 1 4 25
t 83 58 90 46 62 75 66 49 90 48 61 49
t 13 13 24 13 12 6 10 712 15 18 10 9
t 6 2 25 741 5 4 18 23 19 11 19 2
t 7 16 9 7 21 17 4 21 729 10 19 1
t 81 76 84 64 49 60 46 75 56 47 51 90
t 20 21 19 8 8 20 4 1 9 736 22 17
t 20 20 24 17 21 19 14 711 5 12 5 22
t 22 11 23 12 21 15 12 712 3 22 16 17
t 16 4 748 3 21 10 4 5 5 18 9 16
t 75 73 65 81 55 77 65 68 57 45 59 69
t 15 15 18 8 7 739 23 13 17 3 2 7
t 10 19 20 2 742 18 6 18 12 8 21 5
t 10 17 1 1 9 24 21 10 711 13 12 4
t 83 68 87 49 64 48 82 60 87 76 50 89
t 13 19 22 7 5 10 24 8 8 9 15 716
t 69 60 74 83 82 60 55 48 80 80 86 81
t 733 14 24 21 6 14 9 17 18 6 19 1
t 11 6 19 12 8 3 21 12 737 14 15 25
t 67 51 52 50 55 46 80 83 67 67 55 62
t 10 4 710 19 15 8 10 12 14 21 5 20
t 70 82 77 67 78 46 71 89 51 63 78 46
t 89 54 88 45 68 53 80 61 70 87 51 86
t 82 55 49 46 63 79 59 63 49 78 66 48
t 61 66 75 82 89 83 78 48 78 75 76 67
t 71 48 48 56 86 77 74 57 47 81 67 83
t 9 13 23 19 20 8 3 20 18 746 6 14
t 74 84 54 69 56 88 57 87 64 86 81 87
t 82 58 52 47 58 84 85 66 76 89 46 69
t 18 23 5 722 15 15 9 12 11 22 17 22
t 69 89 60 84 87 89 60 78 70 53 58 69
t 8 20 728 16 14 5 18 8 2 17 15 4
t 22 17 10 6 3 15 19 16 25 746 23 6
t 24 6 19 23 7 21 5 19 14 17 3 745
t 14 4 19 13 17 6 13 12 2 735 23 25
t 19 13 4 711 1 9 18 13 24 19 4 9
t 15 17 9 4 15 5 20 5 11 6 746 11
t 49 65 84 90 54 48 53 70 78 52 55 59
t 79 61 56 53 58 56 47 60 76 77 90 61
t 48 61 72 71 58 55 56 74 49 73 84 85
t 90 48 61 54 86 87 80 50 58 64 74 53
t 87 74 55 62 75 86 50 60 62 47 49 46
t 10 16 13 23 16 15 748 2 25 3 8 4
t 17 7 6 2 17 19 4 18 5 731 3 6
t 46 73 66 62 64 69 83 75 54 48 48 83
t 59 58 59 84 81 61 81 83 81 59 52 47
t 48 61 54 66 61 56 57 67 76 77 65 75
t 9 6 23 15 1 3 10 747 1 18 23 12
t 23 7 10 9 9 4 12 743 15 19 17 12
t 71 73 87 69 66 50 58 46 59 48 78 60
t 57 87 90 67 54 65 58 45 62 82 70 66
t 14 747 16 19 7 7 7 7 17 9 18 17
t 17 1 12 8 20 10 25 2 733 16 4 18
t 75 50 67 53 88 76 68 49 45 72 63 50
t 78 80 67 53 59 80 77 66 69 75 52 82
t 46 59 80 48 60 51 52 81 53 53 78 71
t 57 62 90 83 52 50 75 78 57 69 75 60
t 24 17 3 11 6 7 16 743 5 21 14 11
t 62 84 49 58 68 73 82 79 54 82 71 78
t 25 18 18 3 23 6 10 728 5 12 14 23
t 72 66 86 87 80 66 72 82 70 49 63 83
t 72 87 72 62 57 62 85 86 47 53 50 77
t 9 12 20 3 13 18 9 7 15 734 10 23
t 23 20 727 7 23 9 12 11 19 17 19 5
t 22 22 14 21 12 745 16 20 4 14 6 22
t 72 56 47 56 51 90 79 65 77 45 78 63
t 79 77 52 48 49 72 86 73 82 57 62 65
t 80 52 57 73 71 60 84 88 45 65 74 77
t 51 71 81 74 89 76 88 69 76 74 52 65
t 17 25 2 23 4 9 723 25 21 14 13 6
t 1 732 6 4 5 12 9 20 20 24 15 14
t 52 51 80 55 67 59 76 90 59 52 59 48
t 12 725 1 3 14 16 24 4 23 20 1 13
t 66 47 67 68 67 72 58 50 47 79 82 46
t 79 70 49 60 76 90 55 68 71 83 89 53
t 75 84 51 79 54 49 85 80 76 85 55 71
t 57 51 48 87 62 66 59 76 53 55 82 72
t 20 7 739 17 16 4 21 7 18 5 20 15
t 74 67 69 75 71 67 48 60 64 56 51 53
t 23 18 1 16 723 7 8 10 4 24 2 20
t 55 46 59 55 76 59 66 68 85 85 89 68
t 81 79 75 53 54 48 85 46 66 54 71 87
t 1 4 22 23 747 22 2 25 9 12 21 9
t 77 55 80 73 90 73 74 84 70 64 87 55
t 50 75 64 50 68 65 47 87 72 47 90 87
t 20 10 22 712 24 13 11 3 21 9 25 21
t 718 14 4 15 21 4 10 15 20 24 15 25
t 19 19 21 22 9 18 9 16 25 715 22 23
t 48 62 54 89 78 78 83 76 53 85 73 73
t 45 53 68 57 83 77 67 80 87 79 80 72
t 87 86 47 78 54 75 89 79 75 62 57 73
t 19 20 7 11 23 720 19 14 20 18 12 20
t 75 45 69 80 89 71 73 70 73 46 68 47
t 68 48 74 61 86 84 84 58 53 84 67 79
t 18 15 16 7 9 9 2 732 14 15 12 3
t 24 721 22 17 15 15 23 2 8 9 9 15
t 85 74 49 70 81 81 64 53 90 62 55 50
t 60 76 53 73 78 56 81 54 53 88 86 62
t 61 61 59 58 74 83 87 69 88 72 63 79
t 79 52 46 45 89 64 81 63 48 61 82 49
t 719 17 16 7 7 24 4 9 23 4 5 22
t 82 77 49 47 45 89 85 48 81 83 75 80
t 47 67 70 54 82 90 75 58 47 48 76 77
t 19 8 21 4 13 10 23 725 11 21 25 12
t 17 10 4 14 19 2 13 9 6 15 15 743
t 67 90 65 61 89 87 65 57 84 77 57 78
t 87 48 57 86 72 74 63 52 45 53 65 62
t 6 20 737 11 15 11 4 15 18 2 25 10
t 53 71 90 67 60 71 90 73 59 48 88 79
t 65 75 56 83 81 54 62 62 68 74 71 78
t 67 55 50 80 58 59 84 82 81 53 87 77
t 54 75 60 48 55 61 70 80 85 87 58 60
t 46 72 71 76 89 61 50 50 86 59 82 87
t 66 78 76 51 76 75 71 45 56 58 60 71
t 56 46 88 52 72 81 72 45 67 82 60 86
t 53 78 81 57 53 81 90 55 90 85 73 51
t 11 9 18 4 6 24 22 721 9 1 11 11
t 86 84 62 68 69 52 62 90 66 86 46 45
t 47 76 72 67 52 50 66 66 78 58 64 47
t 49 77 61 54 73 89 85 64 63 88 83 55
t 64 86 88 72 81 88 81 83 49 69 67 62
t 58 57 60 45 79 53 64 72 68 60 45 90
t 19 2 22 21 13 13 3 20 2 731 18 6
t 712 4 8 22 10 4 25 11 9 12 10 8
t 25 20 16 6 25 711 12 24 20 12 21 21
t 1 3 744 15 25 4 15 18 22 21 24 18
t 70 62 59 72 74 62 90 84 77 88 69 58
t 2 7 19 6 17 23 19 18 8 12 722 5
t 77 63 58 66 56 72 70 74 69 85 85 61
t 15 18 23 22 17 2 21 731 5 22 10 14
t 56 86 58 48 76 90 56 83 71 66 76 65
t 19 9 710 16 16 9 23 6 3 15 1 23
t 8 22 12 9 9 23 18 11 715 5 24 13
t 85 53 77 72 80 56 64 57 76 66 81 78
t 11 742 9 5 14 23 3 25 8 5 14 6
t 66 55 86 46 60 53 72 59 80 88 68 68
t 75 84 69 69 59 60 87 90 82 69 47 84
t 46 58 49 63 83 50 66 54 70 90 63 73
t 59 64 55 49 86 80 50 64 47 89 76 54
t 62 58 49 60 74 53 90 79 70 63 81 84
t 81 58 78 48 55 46 56 73 72 87 80 58
t 61 73 54 64 64 49 59 80 59 60 77 70
t 5 8 2 731 22 2 17 19 6 18 17 19
t 72 66 60 60 62 45 61 79 82 49 74 90
t 13 4 2 15 21 4 716 20 6 21 1 22
t 56 66 76 48 85 53 87 51 50 89 83 77
t 89 86 90 89 57 54 72 72 57 87 69 45
t 55 71 47 54 60 62 66 83 69 84 45 49
t 70 55 76 50 81 65 75 82 90 90 89 78
t 65 85 67 45 66 75 72 71 74 69 57 64
t 46 59 67 73 63 70 70 89 64 61 68 63
t 3 9 16 14 719 23 11 22 7 16 13 4
t 78 71 73 53 64 65 55 68 68 46 45 46
t 7 13 8 19 3 2 723 4 22 5 25 24
t 15 3 11 1 15 24 8 13 19 11 719 9
t 48 62 86 74 86 45 88 80 81 75 59 57
t 89 78 89 56 74 79 58 54 90 71 84 66
t 22 5 16 18 5 8 7 15 12 744 7 21
t 15 11 3 18 10 22 10 17 1 20 1 735
t 10 12 3 10 21 731 1 1 15 9 2 18
t 25 15 5 12 10 17 16 4 25 20 1 727
t 76 88 85 57 62 85 82 77 80 81 64 71
t 87 78 48 66 60 53 80 74 88 70 70 58
t 88 83 73 71 73 73 75 77 77 54 80 71
t 56 51 60 79 78 62 61 46 51 69 59 47
t 13 6 735 22 5 3 4 1 22 5 25 6
t 45 90 74 79 54 87 74 64 90 46 53 78
t 58 87 54 60 52 50 50 75 87 90 52 53
t 45 89 58 48 84 76 63 65 68 84 75 47
t 51 63 90 61 69 65 63 72 61 47 73 57
t 80 58 84 68 51 74 58 85 66 50 59 71
t 81 69 81 65 47 73 81 62 85 80 51 76
t 73 81 71 48 69 72 70 85 45 82 79 78
t 16 23 4 20 719 5 2 1 1 20 23 25
t 19 14 13 21 19 24 737 12 24 24 2 7
t 68 80 49 59 75 76 66 73 47 77 57 65
t 77 59 57 73 71 68 84 53 45 79 53 67
t 72 52 76 58 87 84 46 83 75 45 65 47
t 46 54 76 57 54 67 89 65 90 67 77 84
t 69 51 59 53 51 78 52 71 63 72 89 77
t 50 50 71 67 87 86 48 84 60 49 49 49
t 4 14 9 7 4 14 10 716 25 24 23 11
t 49 49 62 66 86 83 88 88 74 89 66 58
t 13 17 722 17 24 7 6 3 9 11 13 6
t 13 3 11 15 736 24 19 16 11 23 1 19
t 45 80 84 81 56 82 57 47 60 55 65 85
t 50 57 77 49 90 90 46 68 62 46 66 58
t 68 88 83 67 80 57 65 49 90 56 75 61
t 57 84 70 54 57 49 46 89 75 51 47 88
t 5 24 25 15 22 20 10 11 25 15 1 723
t 20 23 746 10 5 1 13 9 13 18 2 14
t 49 64 47 55 46 46 51 82 55 54 59 83
t 1 23 16 9 2 13 21 6 741 15 21 16
t 58 80 90 84 56 51 51 50 63 70 75 81
t 85 77 53 61 64 68 53 70 54 55 77 52
t 57 72 82 72 88 57 61 46 70 73 76 62
t 85 86 45 89 85 68 53 55 68 79 45 49
t 90 78 62 62 67 81 83 47 78 86 45 81
t 89 77 82 80 62 70 86 72 82 46 65 59
t 54 51 64 65 82 78 64 67 79 85 54 45
t 78 84 63 45 88 86 82 61 90 73 83 69
t 87 51 88 49 89 87 47 74 78 59 90 54
t 77 84 56 62 74 45 77 87 61 84 87 81
t 19 2 21 13 22 728 3 25 14 7 19 1
t 85 47 49 84 73 52 49 46 89 60 61 78
t 3 4 25 21 4 20 25 23 722 20 15 15
t 24 21 21 9 714 6 17 8 13 5 22 16
t 1 713 9 10 12 12 21 6 20 21 1 5
t 77 62 47 89 89 59 58 60 47 55 64 90
t 10 17 9 22 11 714 12 22 3 10 24 18
t 76 78 67 71 85 74 74 68 66 87 69 67
t 23 3 8 5 11 11 740 8 12 16 21 21
t 79 87 78 80 47 71 82 71 50 89 62 53
t 8 12 6 16 8 10 23 10 13 1 745 4
t 89 58 62 56 82 84 71 46 58 76 63 77
t 55 49 54 48 63 62 87 62 46 74 68 62
t 54 74 59 85 88 45 64 49 63 60 64 65
t 1 749 17 3 4 23 19 14 21 18 7 15
t 51 87 88 48 90 52 89 81 71 88 79 71
t 5 6 6 715 17 24 19 11 17 18 19 15
t 1 12 16 22 11 734 14 13 19 11 12 12
t 18 22 21 18 3 713 16 2 16 14 10 20
t 25 13 12 5 21 4 9 19 19 1 712 20
t 47 61 65 52 81 49 53 74 77 72 67 88
t 89 79 47 58 47 71 61 52 66 74 78 61
t 84 46 69 65 76 80 67 57 62 76 75 76
t 75 50 82 55 80 51 56 64 89 48 50 65
t 78 87 84 52 84 77 89 52 60 58 59 71
t 24 24 8 24 21 24 18 10 20 13 739 24
t 13 23 23 16 11 21 728 4 9 25 1 20
t 81 68 73 58 81 65 64 49 73 61 56 65
t 7 739 24 11 9 7 2 18 5 4 10 2
t 48 62 72 70 86 51 64 71 81 49 83 58
t 77 65 86 62 79 65 48 48 48 55 54 77
t 63 60 54 51 69 68 45 65 89 55 51 87
t 5 18 5 18 11 20 14 25 8 10 6 737
t 47 69 89 65 60 69 58 64 49 47 51 59
t 76 88 48 51 67 65 56 88 89 51 68 71
t 80 81 58 56 83 87 63 52 51 69 80 74
t 83 65 76 58 45 48 76 56 57 73 49 83
t 60 46 76 78 76 81 48 74 86 84 47 86
t 7 24 16 14 14 3 17 11 18 6 733 18
t 70 70 60 45 46 86 79 68 45 84 56 89
t 77 72 87 87 76 67 57 85 56 75 84 69
t 66 74 88 75 75 74 72 63 56 84 62 62
t 87 62 64 52 88 73 64 54 49 84 78 46
t 89 84 78 49 53 67 55 64 88 60 65 45
t 68 68 70 81 50 74 51 61 78 47 63 54
t 56 54 61 62 66 77 58 81 63 74 65 69
t 77 82 90 72 84 50 79 82 77 61 89 70
t 53 87 49 62 79 87 68 87 49 48 77 76
t 24 5 5 14 744 3 8 21 11 9 25 8
t 80 79 64 64 76 80 79 70 87 74 70 76
t 11 25 20 14 18 23 20 23 16 723 20 11
t 22 13 13 5 720 15 19 19 17 5 10 23
t 89 48 78 82 46 46 82 75 56 86 76 62
t 82 72 86 61 79 86 78 63 47 49 60 45
t 20 11 22 732 8 10 12 5 19 14 5 22
t 47 53 57 51 79 76 79 51 80 89 85 61
t 52 69 75 48 45 47 90 90 87 73 77 79
t 66 53 61 77 63 76 51 60 70 63 85 83
t 58 75 74 78 49 45 68 46 72 60 71 58
t 13 7 6 718 2 12 9 25 24 11 18 16
t 54 47 68 45 73 57 69 77 90 84 90 68
t 83 51 48 58 90 53 67 71 66 82 73 87
t 57 75 87 67 51 73 89 71 88 86 82 69
t 75 57 47 72 79 52 45 57 58 88 72 83
t 79 52 54 85 57 58 61 65 59 82 87 88
t 21 8 17 25 3 8 25 21 714 6 23 20
t 46 89 85 72 74 45 86 74 58 45 90 57
t 45 72 51 75 72 83 72 51 88 52 66 73
t 24 11 14 722 2 20 14 4 25 20 7 11
t 19 20 7 20 24 722 7 1 15 23 2 6
t 7 22 9 733 10 17 12 23 2 25 2 3
t 74 57 57 55 62 82 88 85 55 65 64 53
t 2 6 4 5 23 22 2 1 11 15 4 735
t 70 54 83 54 70 67 59 49 89 86 85 80
t 81 57 90 83 71 77 79 84 56 70 75 74
t 21 7 17 24 21 1 5 9 22 745 12 2
t 70 90 86 47 53 76 51 74 63 64 89 75
t 47 80 73 69 51 67 72 66 67 83 74 85
t 19 4 733 16 15 25 3 19 20 8 2 12
t 53 54 82 78 83 85 53 47 55 62 79 45
t 1 16 19 13 1 10 730 24 19 11 5 5
t 14 10 738 8 1 14 4 6 24 4 3 17
t 49 59 53 73 50 65 54 46 65 70 67 69
t 15 12 10 21 721 24 16 3 22 24 4 18
t 68 78 88 82 52 58 90 54 60 70 71 56
t 83 58 50 60 51 58 70 55 55 59 60 69
t 77 84 74 65 53 49 89 67 74 52 63 84
t 79 82 81 53 73 82 78 66 61 90 66 78
t 61 64 59 58 74 68 63 56 87 54 88 81
t 12 13 4 13 23 735 16 17 22 2 5 21
t 11 16 7 20 744 5 14 13 15 5 4 14
t 3 23 729 12 1 19 8 20 18 6 10 7
t 24 20 9 8 17 20 10 13 742 3 16 6
t 60 61 58 82 59 64 77 83 73 79 55 66
t 55 82 67 79 59 68 74 67 58 59 70 67
t 84 87 56 70 77 81 67 80 56 48 74 55
t 732 7 8 4 12 6 20 22 2 9 6 25
t 45 68 61 85 80 90 68 79 90 65 72 63
t 21 10 2 19 25 20 9 9 21 4 747 13
t 74 60 57 49 49 75 61 79 81 58 78 54
t 57 71 74 81 55 55 61 83 84 75 82 52
t 45 79 85 54 47 82 82 50 59 66 52 53
t 15 2 25 731 10 2 12 14 3 25 17 6
t 80 54 51 58 83 76 85 70 47 69 67 53
t 75 89 46 85 78 58 73 81 53 64 56 81
t 721 11 3 21 9 24 17 10 1 12 20 4
t 4 13 1 3 12 726 15 1 8 14 16 7
t 18 25 8 15 17 21 4 12 12 5 7 734
t 21 6 22 24 17 25 742 24 8 15 22 4
t 69 46 72 51 54 89 48 82 74 83 69 87
t 711 13 8 7 8 8 10 9 1 4 19 4
t 47 86 80 58 62 57 90 54 83 74 45 45
t 19 16 743 9 19 18 9 14 12 2 13 4
t 65 57 80 58 50 83 75 80 80 86 81 46
t 76 89 84 59 47 78 61 52 69 86 76 89
t 18 16 23 11 24 22 2 715 11 18 1 5
t 63 80 70 73 75 54 45 75 77 74 52 45
t 21 4 7 1 6 20 725 20 12 13 24 13
t 24 16 20 742 22 13 23 19 22 24 14 14
t 67 49 69 79 82 74 45 53 46 65 70 70
t 80 50 61 81 66 63 90 46 56 66 67 78
t 3 6 15 712 24 7 17 8 10 6 16 25
t 21 19 19 19 14 745 7 19 14 2 22 11
t 72 75 65 45 81 76 51 89 71 81 70 67
t 77 68 63 67 47 65 53 45 82 57 74 50
t 11 18 24 6 21 1 734 8 3 16 15 6
t 81 73 67 59 45 71 49 63 71 79 75 68
t 59 90 50 75 84 59 62 89 82 75 80 68
t 57 83 75 54 49 49 56 55 71 46 51 52
t 21 22 10 23 729 23 19 3 14 24 23 10
t 59 74 82 66 86 64 50 68 65 65 73 73
t 75 56 46 72 60 56 60 52 81 59 51 76
t 84 76 68 45 48 50 56 57 54 68 53 49
t 84 45 61 60 89 52 76 49 63 90 59 51
t 57 50 87 90 85 49 45 90 48 80 78 77
t 55 63 50 62 88 81 83 80 86 89 88 53
t 15 5 743 3 12 24 23 7 9 1 23 9
t 14 19 6 1 735 20 22 6 21 6 19 6
t 23 8 20 4 6 1 19 21 21 2 739 25
t 2 8 11 6 9 18 17 7 3 2 16 736
t 1 1 23 21 24 21 1 745 5 12 23 4
t 46 66 57 85 84 48 69 90 90 84 84 70
t 23 2 25 4 22 16 711 16 3 2 17 24
t 89 45 59 46 50 50 80 87 80 84 63 62
t 62 63 48 78 48 76 85 85 66 87 57 85
t 5 20 714 2 5 14 18 17 13 13 4 6
t 4 741 9 7 5 6 14 14 7 23 25 24
t 82 82 77 56 52 85 73 55 90 78 86 52
t 54 61 84 63 46 63 77 65 67 72 55 72
t 61 60 53 55 64 80 85 85 79 76 75 50
t 16 9 10 6 5 8 20 17 7 724 25 6
t 54 81 82 45 54 57 70 85 65 63 87 65
t 10 22 4 740 15 23 20 21 17 8 22 13
t 19 722 21 1 15 18 22 15 17 22 18 3
t 90 83 66 67 65 68 84 45 71 85 85 85
t 49 85 54 56 63 56 66 86 52 61 79 51
t 76 58 82 73 57 63 66 83 84 55 62 55
t 17 22 7 24 724 7 15 11 1 11 17 25
t 51 50 52 64 79 78 50 51 64 74 84 47
t 86 68 88 74 50 53 83 49 53 80 77 77
t 60 67 63 57 67 53 76 75 73 77 65 63
t 58 84 76 61 66 74 60 50 85 69 48 82
t 52 72 47 80 63 70 57 50 47 55 61 53
t 57 75 74 50 87 77 70 59 78 89 79 72
t 7 4 8 21 14 23 7 2 6 747 25 7
t 52 84 51 50 85 53 73 54 81 66 49 61
t 16 728 22 5 6 16 10 22 7 14 1 16
t 47 77 48 79 85 80 52 68 58 67 69 58
t 90 70 61 78 55 77 74 74 58 52 82 46
t 90 57 59 51 56 64 49 82 53 55 79 83
t 66 55 56 70 46 72 80 77 64 53 68 56
t 69 77 74 76 68 80 48 88 51 80 57 45
t 13 8 7 24 17 9 16 737 25 18 23 4
t 55 89 87 53 62 53 60 77 45 87 78 76
t 84 68 49 47 50 53 79 53 65 86 89 88
t 18 3 17 9 18 6 11 715 2 9 6 8
t 65 67 60 78 68 81 73 59 85 54 45 64
t 20 12 15 8 8 20 10 3 2 21 10 744
t 21 734 23 1 11 22 5 21 18 2 13 21
t 88 89 70 45 72 86 87 67 46 89 73 63
t 21 24 14 12 9 3 12 719 5 8 15 7
t 1 2 743 19 4 10 1 3 21 25 5 19
t 52 88 49 69 61 45 61 83 57 83 45 58
t 11 10 4 1 20 7 743 14 11 5 12 21
t 57 50 68 74 50 81 53 82 72 61 46 48
t 12 723 23 24 3 15 11 16 5 6 1 4
t 52 55 72 72 90 86 57 78 54 70 86 70
t 49 54 64 88 79 81 77 50 80 78 57 86
t 53 85 73 59 84 53 50 69 66 69 73 50
t 16 20 24 2 10 3 15 17 716 19 7 13
t 11 25 728 12 13 18 20 4 8 1 6 19
t 12 23 8 12 22 718 13 20 19 24 16 22
t 7 9 14 24 9 18 2 13 13 5 729 17
t 11 17 2 17 3 16 11 20 718 1 5 24
t 87 80 62 64 86 54 63 84 69 73 66 62
t 75 82 85 68 53 69 83 78 76 51 89 50
t 79 49 77 78 68 85 47 52 67 58 87 55
t 17 24 9 17 15 2 17 18 748 8 24 15
t 89 62 80 88 64 90 73 62 69 69 55 88
t 15 1 733 23 17 17 7 22 1 14 10 21
t 63 47 81 80 54 70 62 87 79 67 72 52
t 22 6 9 6 19 23 10 24 10 7 740 12
t 84 54 53 90 51 84 49 60 65 58 83 48
t 3 22 12 22 17 18 8 15 748 9 6 25
t 20 8 7 20 25 13 10 8 14 15 1 738
t 58 57 61 75 60 73 87 48 65 86 65 89
t 80 84 67 65 65 49 90 75 54 62 69 79
t 80 74 52 80 53 50 85 53 69 76 60 74
t 52 78 82 63 82 61 88 60 63 76 88 52
t 88 47 56 55 69 68 62 48 68 55 71 87
t 88 60 53 88 56 75 50 80 57 65 59 75
t 76 89 82 79 65 87 76 78 90 52 61 68
t 77 57 63 70 66 50 88 76 47 47 55 50
t 50 89 88 52 48 66 49 64 51 45 86 81
t 19 6 15 722 21 8 12 18 4 18 9 17
t 12 8 23 9 1 1 13 725 10 6 9 7
t 17 14 9 23 4 10 10 19 12 3 17 748
t 20 1 745 8 19 13 20 8 22 7 25 1
t 73 76 47 79 63 89 48 87 52 74 58 80
t 724 11 20 17 23 13 8 12 13 1 21 23
t 82 87 80 67 75 62 84 71 62 63 52 54
t 12 9 25 4 2 738 20 8 2 15 2 9
t 76 46 53 60 64 78 45 85 50 68 89 63
t 74 84 66 88 81 67 45 82 83 67 84 54
t 5 19 19 2 5 740 23 25 13 19 12 1
t 50 63 64 62 50 70 87 58 51 65 45 69
t 3 718 5 4 8 17 23 14 2 4 7 9
t 47 76 87 61 46 54 80 71 51 89 56 81
t 68 61 69 55 53 60 74 64 67 56 75 77
t 87 75 53 85 56 48 85 51 68 84 57 81
t 10 17 737 5 23 1 19 19 5 12 14 12
t 71 52 55 77 51 46 61 73 51 72 58 53
t 74 60 69 55 77 48 90 78 54 81 64 63
t 66 64 67 46 58 71 48 78 45 46 82 69
t 50 53 58 77 83 51 76 62 81 60 67 68
t 65 89 70 76 65 71 79 74 74 61 58 85
t 60 79 52 61 60 84 45 70 88 75 68 79
t 59 57 77 66 53 54 58 62 48 47 88 82
t 71 84 87 88 57 46 79 64 61 76 48 84
t 54 50 77 56 58 83 60 69 80 47 68 88
t 16 741 22 10 10 4 15 9 3 17 16 24
t 13 17 24 12 22 20 14 1 730 16 7 22
t 23 744 5 21 24 8 16 4 1 16 5 23
t 70 64 89 52 77 72 50 72 48 84 47 65
t 47 54 49 45 90 56 48 76 88 46 82 55
t 1 19 9 4 17 7 736 22 6 1 10 5
t 74 57 65 77 69 80 84 77 77 75 68 79
t 9 23 711 9 23 9 13 10 9 18 8 25
t 84 67 70 83 49 58 48 69 65 67 84 86
t 4 16 6 8 12 16 714 1 18 24 2 12
t 743 24 19 12 19 3 13 20 21 24 3 4
t 82 52 73 59 80 47 74 83 55 69 63 60
t 77 83 57 76 63 73 78 51 66 59 46 78
t 18 8 9 11 18 18 7 14 23 9 24 739
t 62 63 83 87 67 50 70 55 89 86 68 68
t 88 90 80 65 52 57 52 54 69 89 49 45
t 2 20 11 16 6 5 736 10 7 2 15 8
t 15 15 8 18 14 23 21 722 23 25 21 2
t 2 24 18 749 2 8 4 21 18 5 9 4
t 55 78 49 86 70 48 65 66 70 57 52 65
t 739 18 20 22 23 3 1 20 1 11 18 12
t 14 14 1 22 12 25 721 21 8 15 21 20
t 74 52 70 51 55 65 82 79 88 60 66 78
t 76 72 89 84 84 59 83 61 74 73 67 67
t 46 85 66 69 67 69 49 70 59 73 87 90
t 57 53 63 66 80 54 50 58 82 84 78 78
t 64 65 55 82 88 63 62 65 82 86 63 52
t 7 18 18 16 19 9 2 13 1 744 14 13
t 22 17 16 12 10 7 19 17 7 10 6 721
t 86 52 70 57 53 69 50 62 48 70 49 55
t 13 25 21 20 20 10 727 25 19 21 12 18
t 87 70 78 52 82 77 67 55 49 81 78 51
t 7 14 1 7 22 18 22 16 12 7 715 8
t 18 720 17 5 5 6 25 15 18 21 18 21
t 56 52 77 77 46 84 53 77 82 89 84 77
t 61 78 51 78 66 45 49 82 61 64 62 62
t 22 4 11 10 11 14 734 3 9 8 12 18
t 65 65 66 76 74 79 83 61 66 61 66 48
t 56 75 51 83 76 47 55 86 83 78 73 47
t 89 79 51 62 71 59 47 56 82 88 69 85
t 21 22 10 10 22 745 3 13 13 5 2 5
t 23 23 23 25 23 16 23 10 5 16 19 710
t 716 21 8 11 7 25 16 9 16 8 23 25
t 1 11 8 17 17 1 6 16 15 744 15 19
t 50 46 54 75 84 66 62 54 82 56 90 62
t 2 728 12 11 4 8 11 13 7 19 14 9
t 62 52 88 81 87 87 71 51 76 48 80 57
t 48 74 63 59 68 87 73 88 88 45 61 76
t 49 52 86 72 55 51 72 69 69 68 49 81
t 11 9 22 5 23 3 15 6 735 24 15 22
t 75 83 58 72 53 60 87 58 49 64 49 68
t 15 719 2 12 23 17 14 7 22 19 5 5
t 20 21 4 11 3 16 14 17 14 5 747 18
t 21 13 22 12 20 8 7 720 18 6 13 25
t 78 70 60 78 86 65 65 86 52 57 65 46
t 75 73 54 80 63 49 84 53 83 65 72 75
t 719 3 12 15 1 6 9 11 13 9 16 2
t 75 83 59 69 85 82 53 59 55 86 49 73
t 78 83 71 45 77 71 86 51 51 80 85 85
t 4 4 721 13 15 22 13 3 15 25 24 7
t 16 20 9 24 15 12 743 25 12 13 3 1
t 73 51 74 65 51 73 57 55 70 50 71 51
t 20 13 738 14 20 19 12 4 4 6 8 10
t 50 46 86 48 64 74 64 71 57 68 90 85
t 66 56 55 86 66 75 66 62 47 86 69 86
t 12 5 8 13 14 11 13 11 2 734 12 8
t 70 55 90 80 58 84 60 78 69 68 90 61
t 79 89 70 83 76 83 70 81 90 82 64 66
t 79 74 52 53 56 80 66 68 68 76 89 63
t 12 11 8 15 15 9 735 23 25 23 14 13
t 58 65 83 54 90 74 88 79 84 90 75 58
t 60 53 52 53 63 49 56 53 75 90 90 68
t 83 59 82 72 57 86 58 52 51 52 49 67
t 17 24 20 14 11 13 3 6 15 21 739 10
t 81 64 88 75 64 69 65 86 73 67 70 80
t 16 23 25 23 22 15 5 13 7 729 6 18
t 74 74 64 81 62 49 60 88 59 45 77 50
t 20 14 7 1 15 12 2 19 13 8 6 742
t 15 2 12 4 16 18 743 21 10 8 4 4
t 78 50 66 85 79 82 49 58 59 56 64 67
t 57 80 78 80 76 70 73 70 75 49 68 59
t 83 86 46 54 87 69 72 74 73 61 54 56
t 71 54 50 90 89 88 63 70 63 56 68 64
t 17 20 19 723 8 24 9 10 6 25 3 15
t 84 82 88 90 45 82 82 57 51 53 83 59
t 63 76 68 55 81 67 52 55 78 82 51 72
t 88 47 61 58 73 88 51 75 55 79 76 73
t 11 11 15 6 6 746 23 15 2 24 2 1
t 85 63 71 85 76 89 51 56 80 63 80 47
t 45 76 57 58 50 62 46 63 49 58 59 77
t 80 76 68 73 51 67 87 60 52 49 47 66
t 75 83 55 67 89 88 63 76 87 74 45 86
t 90 73 82 90 55 78 88 48 61 89 54 73
t 76 75 71 48 54 45 86 61 68 51 63 90
t 50 55 89 89 86 87 76 50 69 80 48 72
t 53 77 48 60 72 56 75 62 89 83 72 84
t 72 89 47 88 63 49 52 83 64 86 54 71
t 66 72 49 72 53 47 45 47 51 75 61 48
t 17 3 20 21 11 8 3 6 1 735 19 20
t 45 66 67 66 61 50 74 58 72 74 50 75
t 67 48 49 54 55 51 84 70 77 71 56 81
t 63 82 75 86 72 50 82 82 88 76 69 75
t 3 9 3 1 7 25 726 4 22 15 21 23
t 24 14 4 20 15 725 1 7 6 5 2 17
t 52 62 53 57 83 48 86 49 73 62 84 57
t 11 17 725 13 15 19 16 25 22 1 5 18
t 18 15 18 13 20 4 3 5 745 19 2 6
t 6 14 2 17 11 10 723 4 4 22 21 24
t 50 83 52 72 60 55 86 75 50 75 45 76
t 87 81 55 82 84 59 79 67 82 86 68 72
t 25 20 7 11 18 15 730 22 19 5 1 22
t 8 22 1 23 4 18 16 21 741 2 22 16
t 21 18 17 6 3 746 4 13 20 21 14 22
t 60 58 51 65 50 61 55 61 68 65 70 47
t 56 63 70 71 55 72 76 86 77 75 52 68
t 4 1 8 18 736 20 3 13 8 18 13 18
t 74 68 81 74 82 46 49 63 54 52 82 85
t 86 77 45 46 81 58 81 70 65 55 82 64
t 10 24 24 15 733 24 7 11 3 2 19 7
t 22 16 17 722 13 4 1 14 18 1 14 6
t 5 20 3 20 19 13 12 6 734 23 14 12
t 66 57 59 88 75 76 65 62 85 59 61 71
t 73 73 64 50 65 51 84 51 83 47 88 64
t 5 20 20 3 4 1 1 21 736 1 10 17
t 12 4 10 744 5 1 12 5 3 15 13 7
t 24 13 738 11 7 16 23 7 8 12 9 5
t 744 18 22 3 22 22 5 17 25 12 10 14
t 7 13 12 19 15 13 4 4 16 732 9 4
t 81 51 89 51 47 65 67 58 51 58 79 53
t 57 81 67 65 63 76 54 89 50 56 80 80
t 64 48 73 47 84 53 76 49 68 82 88 69
t 87 71 59 75 53 82 70 68 63 58 46 67
t 51 54 53 67 56 77 80 61 69 68 53 77
t 88 51 67 67 66 47 46 82 66 78 76 84
t 18 5 17 21 10 7 9 7 730 22 20 25
t 7 23 8 4 24 19 22 15 12 17 6 721
t 22 1 4 7 21 18 22 1 714 14 22 22
t 57 73 81 90 83 55 72 78 45 82 85 45
t 14 12 5 7 6 21 20 17 733 23 21 3
t 90 59 89 72 61 87 49 71 61 53 58 55
t 13 716 8 15 14 6 14 5 18 16 13 12
t 20 17 22 2 18 17 730 9 18 25 5 9
t 57 64 87 90 73 48 57 74 56 74 47 81
t 49 90 86 47 82 48 64 74 77 62 70 54
t 50 75 52 49 58 86 86 49 55 69 67 79
t 83 46 78 61 60 84 60 50 61 78 57 53
t 70 60 53 63 76 55 81 68 85 82 46 59
t 10 11 3 3 21 6 3 710 25 7 16 17
t 51 50 65 67 49 50 73 57 68 64 54 66
t 20 16 8 748 22 21 24 3 14 23 24 1
t 72 68 82 81 88 64 53 55 83 66 76 65
t 61 72 52 87 54 72 55 89 45 62 76 81
t 19 21 13 15 21 7 6 748 12 13 5 13
t 76 56 57 86 82 46 71 56 77 52 67 52
t 723 4 1 2 1 14 3 9 19 6 4 3
t 68 59 90 69 50 68 79 48 70 72 50 84
t 726 21 23 20 19 13 17 23 19 19 25 22
t 76 64 54 66 83 56 84 65 45 59 79 49
t 10 15 23 14 3 14 18 748 16 7 6 4
t 732 17 15 6 23 6 22 25 17 22 19 12
t 65 73 65 60 49 45 80 56 70 66 58 89
t 8 1 17 6 25 19 22 3 23 4 716 12
t 56 57 66 69 58 56 81 87 90 59 54 75
t 70 46 60 59 52 58 56 88 79 86 87 84
t 67 68 70 72 52 75 87 67 46 69 76 64
t 69 65 59 74 81 86 74 62 73 71 46 69
t 75 45 86 87 67 68 55 57 55 80 78 59
t 49 79 51 89 55 54 64 63 86 57 45 75
t 49 81 84 47 54 85 53 46 46 76 80 89
t 52 69 53 65 60 88 59 77 86 84 65 86
t 79 55 68 52 47 85 70 50 60 76 60 74
t 71 54 48 79 51 59 65 57 85 46 48 71
t 51 64 70 81 45 82 85 88 85 57 77 89
t 746 4 17 24 16 22 1 15 4 14 12 16
t 2 18 3 3 20 24 15 25 19 13 16 721
t 18 6 5 6 14 21 14 3 725 1 5 13
t 83 66 74 84 61 66 69 53 74 55 63 48
t 87 70 82 75 89 57 78 72 85 64 57 86
t 48 50 67 84 64 45 55 67 54 46 61 83
t 84 83 84 56 47 58 65 71 61 69 59 86
t 75 64 88 79 53 50 57 76 53 63 76 51
t 63 83 90 54 79 73 83 74 62 66 74 55
t 24 7 4 23 10 1 718 22 5 9 5 21
t 64 84 57 52 74 55 47 59 49 73 83 69
t 12 716 18 10 1 8 4 7 18 6 8 11
t 47 80 67 83 84 79 82 72 65 79 83 90
t 65 70 48 90 89 59 70 87 61 67 73 81
t 25 11 746 18 14 16 24 24 24 21 1 3
t 1 21 11 18 6 11 25 25 15 747 15 21
t 12 25 7 2 23 17 9 22 731 21 22 8
t 7 17 12 17 25 11 11 6 22 21 9 722
t 15 9 23 716 17 17 14 20 23 25 10 20
t 55 62 89 78 50 64 62 57 55 50 50 60
t 83 55 65 68 69 68 57 73 68 61 76 56
t 62 66 70 55 45 67 89 72 89 45 80 62
t 89 69 85 61 84 79 80 76 68 71 70 76
t 52 76 76 80 73 84 45 90 75 88 60 72
t 75 49 81 66 48 47 52 78 53 88 80 46
t 45 54 76 54 54 71 56 61 63 45 67 81
t 744 8 22 13 19 1 25 15 7 9 2 4
t 20 743 2 11 21 20 17 15 11 24 14 7
t 74 89 61 51 69 76 86 61 82 85 90 77
t 83 58 86 78 61 83 67 60 74 66 84 66
t 64 55 78 64 65 55 47 88 87 78 56 76
t 76 46 56 57 90 51 80 86 76 67 61 61
t 70 60 87 52 73 56 56 74 53 84 64 70
t 78 58 59 85 62 57 47 73 61 70 56 52
t 55 61 80 74 66 65 64 46 69 68 70 56
t 64 51 49 65 69 77 56 76 80 84 71 87
t 81 55 82 70 66 67 50 89 51 63 79 69
t 12 12 1 17 9 732 5 21 7 9 16 8
t 21 5 10 20 19 746 14 7 17 24 20 10
t 86 80 62 67 81 59 77 88 45 90 62 79
t 7 21 13 12 2 722 6 10 18 21 22 2
t 58 82 80 45 77 63 59 87 78 84 64 71
t 72 66 63 69 49 53 84 53 45 54 51 87
t 56 59 47 71 65 70 64 58 85 77 56 62
t 60 86 78 67 74 59 80 60 51 65 82 76
t 80 57 56 56 74 72 70 62 68 50 72 74
t 64 83 77 90 54 65 77 85 53 58 62 56
t 57 82 90 51 50 80 58 71 86 57 63 63
t 24 15 1 21 22 7 21 6 10 711 6 19
t 60 75 57 68 60 84 63 81 70 70 86 76
t 49 77 51 51 90 67 63 64 51 68 79 83
t 56 89 86 55 82 45 73 59 69 79 48 49
t 14 7 3 2 4 7 7 22 4 736 9 12
t 5 3 7 732 24 22 23 19 20 11 12 4
t 74 90 78 60 74 73 61 72 73 89 69 46
t 23 25 16 729 16 9 17 10 17 10 1 18
t 45 83 88 76 66 48 61 72 73 64 90 49
t 21 3 728 14 25 15 6 23 1 2 17 2
t 18 745 12 11 19 20 19 5 11 9 9 22
t 55 68 60 76 63 55 46 73 54 63 46 60
t 83 78 74 53 51 73 60 84 79 83 73 67
t 13 2 22 738 13 21 14 11 3 9 5 19
t 12 8 21 22 14 19 724 24 9 12 13 11
t 719 11 13 9 4 24 5 1 5 2 24 18
t 5 736 18 11 8 14 6 14 4 18 7 2
t 59 83 58 46 57 88 71 57 45 57 77 79
t 18 23 9 20 722 7 17 2 5 15 11 14
t 15 13 19 17 23 1 14 8 741 1 8 7
t 86 88 76 76 83 87 69 54 73 78 87 48
t 52 49 61 47 51 60 75 78 48 87 56 56
t 6 24 22 3 8 3 21 6 23 8 7 710
t 55 89 53 49 72 45 83 81 51 73 68 63
t 45 83 74 69 49 77 89 74 83 83 51 70
t 46 60 81 58 89 76 50 58 62 67 84 48
t 87 60 63 78 53 70 71 66 48 45 54 60
t 72 49 52 83 67 64 55 73 88 63 77 67
t 7 23 1 16 15 17 20 722 8 18 16 4
t 68 60 54 77 77 61 48 73 49 65 62 57
t 86 69 77 71 49 49 47 68 61 46 58 48
t 57 70 84 60 73 61 49 46 86 52 46 78
t 73 57 70 79 82 50 62 62 52 67 58 57
t 11 19 11 743 4 2 11 10 23 3 25 3
t 4 723 7 11 9 23 2 15 25 17 19 2
t 62 65 73 87 72 61 83 78 55 83 68 47
t 84 79 88 75 75 76 65 46 64 78 61 76
t 16 7 22 19 1 20 13 3 11 17 723 12
t 79 71 85 59 74 79 83 60 70 77 87 87
t 15 9 711 21 23 11 9 1 17 24 8 13
t 77 69 82 81 75 70 71 82 69 76 66 55
t 67 82 81 50 77 64 88 67 53 68 62 82
t 19 25 10 25 711 25 6 19 2 9 24 17
t 23 9 17 744 10 4 24 2 22 3 19 21
t 78 47 47 55 62 83 50 53 85 74 70 73
t 7 18 5 2 24 1 3 3 4 726 19 8
t 81 47 78 67 70 88 69 69 45 83 82 70
t 57 86 57 87 90 61 54 50 84 81 86 70
t 86 90 84 56 77 77 64 72 45 81 52 64
t 77 69 68 60 89 63 52 88 47 90 45 77
t 14 12 11 11 17 3 11 20 14 739 7 21
t 87 72 81 71 68 81 49 87 85 85 49 80
t 53 87 67 53 62 76 50 66 47 60 90 90
t 15 16 13 4 2 15 20 19 9 3 10 726
t 23 24 12 22 25 13 1 735 25 4 23 6
t 745 16 25 5 18 23 8 9 11 23 14 11
t 54 79 60 59 68 71 56 46 51 78 68 58
t 24 25 4 5 9 18 10 10 716 13 16 3
t 47 52 73 87 61 67 59 50 90 90 70 51
t 725 2 5 10 10 7 7 7 18 22 16 22
t 2 2 18 720 19 25 24 12 13 1 11 20
t 50 77 71 73 58 57 45 90 87 52 63 81
t 65 52 55 50 52 73 70 63 47 90 80 76
t 4 14 21 3 4 11 10 23 14 18 724 8
t 80 76 67 87 90 70 88 48 74 82 64 53
t 63 74 81 47 68 85 48 86 68 49 58 61
t 24 24 25 2 11 22 717 23 9 18 21 16
t 1 21 22 20 2 18 19 735 6 6 21 22
t 14 20 713 5 19 8 23 19 11 19 22 19
t 53 55 85 72 90 81 67 68 77 75 71 61
t 50 60 58 46 55 86 47 75 87 50 70 75
t 15 14 12 17 10 7 711 5 18 2 15 8
t 54 53 68 67 60 48 62 69 48 75 64 71
t 13 13 10 738 18 21 25 1 22 3 20 16
t 9 9 9 11 8 16 25 13 716 21 13 14
t 45 57 63 82 66 50 62 80 65 85 72 87
t 89 81 76 76 74 58 77 52 83 87 49 80
t 63 49 90 62 64 55 84 63 86 51 57 89
t 89 66 74 45 86 64 86 64 78 82 56 76
t 81 88 55 81 82 54 61 46 66 56 59 72
t 9 19 2 25 6 14 736 22 19 12 5 1
t 12 19 21 22 7 16 5 3 711 15 13 2
t 68 86 73 54 90 87 47 48 77 65 80 81
t 68 67 48 87 63 55 83 70 69 85 49 75
t 77 86 74 52 74 71 58 67 69 55 84 77
t 7 15 13 736 7 11 9 6 20 11 19 16
t 75 71 67 79 88 53 75 69 57 80 54 73
t 9 710 13 6 1 11 11 23 18 23 8 9
t 74 80 53 75 74 90 56 47 83 65 55 67
t 47 63 87 53 60 87 75 69 60 68 62 87
t 82 67 55 78 60 60 50 59 54 67 51 76
t 52 57 69 84 82 74 57 60 82 46 89 76
t 85 53 69 61 47 81 79 71 78 65 55 61
t 63 56 52 69 45 46 56 67 78 66 82 51
t 52 89 60 75 58 56 61 85 52 61 73 78
t 88 69 58 73 83 58 62 58 78 50 84 67
t 6 9 1 12 736 22 8 22 23 10 6 23
t 49 50 45 70 85 79 47 50 76 54 79 52
t 49 46 83 87 55 46 68 53 47 86 71 62
t 8 12 6 16 24 5 2 22 6 738 15 16
t 15 1 717 1 11 8 10 25 11 6 17 18
t 15 21 4 22 11 10 6 12 8 2 19 747
t 25 7 749 15 2 13 14 9 10 8 19 3
t 59 84 58 77 67 80 76 53 85 68 45 49
t 76 84 50 66 73 58 54 63 72 60 52 84
t 15 17 718 14 1 25 21 10 20 10 18 20
t 721 4 4 15 21 2 19 24 10 2 24 16
t 51 75 59 59 72 67 45 46 69 64 75 90
t 738 21 25 22 3 19 14 6 23 2 13 3
t 19 2 10 9 15 10 726 12 1 2 7 20
t 5 16 743 12 21 25 2 2 24 7 9 7
t 81 75 57 72 61 67 72 53 63 76 51 71
t 52 62 68 63 54 75 67 83 75 87 73 90
t 79 63 54 66 84 82 59 62 66 56 56 82
t 17 12 11 6 21 19 732 13 3 25 5 21
t 85 57 80 52 74 64 67 79 77 52 74 48
t 46 60 60 82 74 85 65 88 58 63 51 82
t 22 22 21 8 8 16 10 4 7 8 711 17
t 51 60 80 65 83 80 86 72 56 49 51 86
t 47 75 86 85 77 68 56 64 86 88 73 77
t 17 2 18 19 3 15 10 717 13 12 1 12
t 78 64 81 49 78 68 90 90 63 47 75 78
t 17 11 4 1 731 17 11 16 22 22 8 3
t 57 78 87 79 90 70 72 46 76 63 48 61
t 21 731 9 16 25 25 12 10 9 13 9 14
t 52 60 84 46 55 86 75 71 78 46 50 78
t 733 8 2 3 3 10 11 23 25 16 12 20
t 47 78 82 85 77 64 84 49 45 59 90 90
t 11 4 740 14 18 1 16 23 25 24 7 19
t 20 24 11 19 6 11 6 9 744 24 15 3
t 13 25 22 15 8 731 23 18 24 18 19 5
t 14 744 25 3 22 10 2 25 18 4 1 12
t 1 3 23 2 19 7 20 10 22 739 2 9
t 54 51 48 64 81 51 67 70 55 66 53 46
t 8 14 23 15 7 20 15 24 11 734 23 13
t 79 73 52 76 79 49 59 73 70 77 53 83
t 12 16 5 20 22 15 2 17 6 3 25 749
t 21 6 4 15 8 19 2 12 710 4 2 22
t 21 10 8 24 6 20 7 7 20 11 739 11
t 46 69 80 67 61 59 81 58 53 68 86 51
t 57 89 78 65 83 90 47 89 68 46 68 60
t 88 59 63 65 78 49 80 81 84 54 71 62
t 9 8 14 743 25 24 17 13 19 17 18 6
t 47 79 48 73 77 77 87 55 62 48 64 82
t 15 24 2 16 18 12 11 4 13 22 25 710
t 21 12 23 24 2 22 7 13 19 7 24 742
t 6 15 6 745 25 13 2 25 24 8 25 2
t 24 4 20 25 20 711 22 21 23 1 16 22
t 84 48 79 72 48 83 60 57 69 85 80 80
t 18 743 16 20 9 17 22 25 19 10 16 2
t 20 20 18 3 23 6 20 712 12 19 11 12
t 51 82 76 62 58 88 80 73 78 67 61 78
t 9 24 7 744 19 18 25 23 7 23 13 11
t 56 65 90 66 69 62 85 73 54 75 70 63
t 50 61 67 58 89 70 50 50 70 89 53 84
t 84 45 78 76 72 88 50 75 68 81 88 61
t 81 81 66 83 66 74 78 77 72 63 76 79
t 20 15 13 1 24 3 712 25 11 11 25 23
t 71 90 76 84 46 50 72 66 45 86 80 52
t 23 22 18 14 8 24 23 9 10 24 744 19
t 56 72 88 45 75 68 53 73 74 65 85 45
t 3 18 20 2 1 6 2 25 711 4 22 1
t 2 4 22 15 4 20 19 6 723 1 3 15
t 76 69 72 46 74 57 55 59 48 71 78 79
t 85 66 90 53 88 48 47 64 53 55 49 77
t 21 6 738 13 9 19 14 20 7 23 12 5
t 88 48 54 85 83 85 61 73 45 67 76 47
t 9 10 9 18 721 4 8 17 4 16 19 21
t 3 3 1 16 738 25 8 6 23 10 7 18
t 52 54 67 75 81 50 53 87 68 52 81 46
t 46 59 56 85 53 69 88 73 90 73 45 89
t 54 57 45 87 77 90 71 73 50 55 85 59
t 47 58 68 56 70 51 61 47 62 86 90 49
t 71 85 74 56 90 71 58 56 55 57 79 46
t 85 79 70 78 70 87 46 68 72 83 64 80
t 5 2 6 18 2 724 11 21 12 2 3 17
t 61 64 60 50 61 63 50 46 72 50 80 51
t 68 54 69 79 47 77 71 71 56 82 81 45
t 87 67 51 58 60 54 76 85 53 67 79 75
t 22 19 14 13 12 10 24 1 22 16 2 728
t 6 8 4 7 11 17 721 4 12 11 13 10
t 58 56 48 56 82 50 88 72 65 69 82 83
t 21 21 22 9 22 23 13 20 7 17 716 13
t 75 87 60 87 46 84 89 83 88 83 90 88
t 54 75 64 85 57 63 57 84 64 46 75 58
t 13 3 4 7 728 22 5 25 24 7 17 22
t 20 7 2 25 13 722 7 14 1 24 9 18
t 84 89 60 50 46 71 45 74 70 84 90 76
t 49 62 46 56 59 46 46 90 46 81 49 74
t 19 18 12 17 5 8 748 11 7 15 16 9
t 21 17 4 3 22 16 10 7 23 716 23 6
t 87 62 46 48 76 74 79 74 90 87 53 61
t 70 72 80 67 60 61 65 53 63 76 47 82
t 23 13 4 723 11 19 10 5 20 8 15 3
t 83 76 78 64 90 78 89 69 74 59 71 55
t 82 90 74 86 61 76 50 73 65 63 69 80
t 65 84 71 68 56 57 66 78 47 71 64 61
t 81 76 61 82 71 74 66 62 50 83 59 46
t 61 76 45 79 75 79 59 86 78 63 53 75
t 18 3 13 16 15 25 15 15 1 1 24 740
t 56 88 52 60 45 79 52 85 74 45 58 45
t 78 89 52 66 60 48 56 50 66 45 75 81
t 78 51 57 54 75 88 63 69 67 63 77 69
t 61 85 62 80 64 86 82 47 51 76 68 64
t 71 65 64 62 65 87 86 53 90 65 66 87
t 83 81 67 90 62 69 69 70 75 86 70 77
t 725 10 1 21 12 4 20 10 23 16 19 21
t 7 24 7 25 12 20 713 2 22 23 17 16
t 19 14 7 16 1 10 10 6 7 15 12 740
t 10 743 7 11 25 18 11 17 12 20 24 22
t 22 23 22 24 20 24 18 16 720 10 5 11
t 60 72 59 56 74 46 50 45 45 84 73 51
t 2 1 2 6 12 2 1 743 15 2 16 11
t 67 81 81 84 54 58 76 80 70 64 65 81
t 22 1 7 22 11 723 15 7 10 25 12 12
t 81 66 48 54 84 69 83 84 55 75 78 63
t 67 58 67 52 56 64 90 47 69 81 50 78
t 11 4 23 23 741 5 21 9 4 13 8 6
t 81 46 75 56 60 53 84 77 81 86 64 85
t 71 76 48 78 72 55 63 48 48 55 45 65
t 18 18 10 723 3 20 9 3 6 6 6 1
t 53 51 74 45 65 75 69 89 68 50 58 46
t 47 76 83 86 49 73 87 89 86 82 64 49
t 78 84 84 50 49 56 57 71 79 81 67 79
t 22 10 24 15 741 21 2 17 23 25 14 11
t 69 49 75 84 78 88 90 75 45 53 50 75
t 81 64 65 60 85 50 61 67 76 53 49 46
t 48 53 78 45 67 72 74 68 47 54 76 76
t 83 81 88 46 54 71 62 85 82 64 64 52
t 45 81 77 72 62 55 54 50 80 81 73 78
t 75 60 90 86 74 56 55 53 48 48 87 53
t 21 5 19 20 20 25 13 12 746 24 6 20
t 1 24 10 718 7 21 1 2 24 23 5 12
t 70 73 55 83 82 78 83 78 83 64 70 59
t 79 60 86 60 45 84 79 79 60 86 46 54
t 4 20 1 11 20 724 18 7 8 16 22 5
t 5 23 14 13 21 11 723 3 6 8 25 19
t 52 69 58 62 55 80 70 79 88 82 73 73
t 59 48 69 53 75 83 53 64 65 62 90 82
t 45 71 86 50 77 69 47 62 79 79 67 72
t 75 48 80 64 71 64 47 65 51 45 51 68
t 18 12 724 3 4 3 5 20 11 25 17 20
t 72 72 56 61 46 53 71 67 57 50 60 72
t 736 7 16 18 1 14 17 13 6 12 16 11
t 63 86 86 69 65 62 66 60 59 74 77 67
t 6 2 4 15 22 17 17 749 22 7 17 19
t 53 53 77 71 55 61 54 64 72 55 88 50
t 10 2 17 1 9 9 23 716 5 23 13 6
t 7 22 20 10 15 733 3 2 25 20 21 13
t 56 78 71 61 58 47 50 50 84 45 51 61
t 72 69 76 45 61 56 89 50 48 55 59 84
t 12 20 5 24 4 19 19 25 741 4 2 6
t 46 51 47 51 60 55 60 80 75 85 65 63
t 77 49 83 78 61 55 53 83 51 76 78 81
t 7 5 13 7 25 747 14 25 13 9 15 21
t 58 62 70 76 89 69 61 73 73 81 78 87
t 85 66 80 70 71 85 56 56 64 47 66 87
t 86 84 68 77 79 49 74 84 80 60 89 55
t 56 84 75 54 62 88 48 83 85 51 87 52
t 67 60 45 69 88 53 58 71 78 46 67 71
t 86 86 55 63 60 65 81 56 80 84 74 72
t 69 78 59 86 69 88 69 71 67 78 88 52
t 69 85 48 76 49 79 83 60 55 51 61 52
t 1 3 24 25 6 23 7 3 4 3 14 740
t 21 20 20 2 21 7 729 1 7 18 13 18
t 7 11 16 14 4 3 8 13 19 21 740 5
t 21 9 20 11 16 22 12 731 17 18 14 25
t 22 3 13 10 23 729 19 17 20 16 3 5
t 743 12 11 22 18 19 15 5 7 1 11 1
t 67 50 89 52 62 90 52 88 80 54 63 62
t 63 88 80 68 58 85 48 87 53 67 46 59
t 82 73 48 54 47 74 81 75 53 51 76 53
t 54 79 64 49 46 86 45 60 48 61 74 90
t 65 66 82 89 84 75 82 65 51 53 82 68
t 15 4 735 21 20 18 1 2 6 24 15 11
t 10 3 5 25 10 736 11 12 21 6 14 1
t 24 15 10 733 18 24 25 5 22 5 20 17
t 50 61 90 45 63 65 75 70 60 73 84 49
t 57 80 65 51 72 49 87 56 60 90 81 52
t 731 5 16 13 24 25 5 11 3 16 16 17
t 1 23 3 20 13 15 18 716 13 25 19 8
t 76 78 88 90 85 85 62 85 73 76 50 46
t 87 69 66 49 55 48 47 82 64 70 65 74
t 7 18 6 3 25 741 19 19 11 24 1 8
t 54 80 69 60 86 78 55 54 76 56 65 62
t 90 80 80 84 89 75 50 49 61 48 48 71
t 81 64 84 85 90 62 63 85 45 87 90 55
t 90 48 74 74 80 58 47 52 47 88 66 51
t 46 58 76 80 60 48 55 56 48 72 80 87
t 49 72 73 83 82 83 82 77 55 90 53 57
t 11 20 14 9 734 21 17 4 21 16 18 14
t 59 47 82 89 69 48 55 53 89 58 58 88
t 20 11 746 19 24 21 8 7 11 5 24 6
t 69 49 66 73 61 62 52 64 65 76 83 50
t 17 17 12 22 8 13 6 8 18 738 24 5
t 51 86 85 84 73 58 65 84 60 51 78 73
t 7 20 4 18 22 739 3 24 7 13 17 23
t 25 22 16 24 6 3 8 6 15 6 25 746
t 22 4 22 2 738 21 1 23 16 2 6 13
t 57 46 71 89 86 55 66 54 56 47 86 82
t 78 63 79 80 85 80 46 53 71 52 79 46
t 60 52 53 85 77 83 67 71 55 83 70 68
t 47 87 69 81 59 51 55 77 63 75 67 73
t 66 56 87 48 45 49 64 52 74 64 80 48
t 4 16 22 19 22 2 728 19 18 6 20 24
t 25 6 25 2 12 2 734 1 15 15 7 11
t 12 7 6 22 730 23 17 21 3 16 11 24
t 70 63 81 55 55 70 62 85 89 75 80 65
t 87 68 83 85 79 71 84 45 76 77 51 57
t 54 61 51 45 53 46 62 88 70 59 52 62
t 15 2 2 15 20 1 12 22 16 7 719 7
t 73 69 45 80 86 86 46 64 51 77 60 46
t 6 2 12 13 19 12 6 746 25 10 20 13
t 23 22 16 16 5 16 738 20 13 24 9 22
t 50 57 57 73 50 68 49 87 90 86 65 62
t 86 52 67 59 68 82 63 89 68 87 62 66
t 21 12 21 17 23 742 25 24 3 16 23 8
t 69 76 90 72 60 47 70 79 49 53 48 56
t 5 746 17 6 17 1 14 12 14 22 11 14
t 74 87 87 77 66 83 62 54 90 61 79 57
t 90 87 83 81 88 71 51 46 71 50 86 80
t 18 24 6 8 8 11 10 1 21 25 19 715
t 19 19 14 10 7 18 14 23 722 19 13 24
t 86 64 45 76 53 84 87 77 62 45 46 74
t 12 6 10 5 3 7 721 18 16 21 13 1
t 12 13 15 1 5 19 3 10 14 15 10 716
t 25 1 2 11 3 4 5 733 18 3 18 21
t 1 8 19 9 744 13 15 2 9 12 17 17
t 86 70 71 74 65 53 61 84 57 66 52 89
t 11 3 7 718 9 22 20 10 6 13 2 25
t 3 17 19 14 13 23 21 741 21 18 7 10
t 4 18 8 725 3 11 20 22 13 22 23 17
t 76 87 74 76 49 68 89 55 56 57 63 49
t 90 73 88 77 87 63 89 90 87 63 83 83
t 721 15 19 5 15 22 10 24 14 20 15 8
t 55 53 56 65 59 73 87 57 55 74 86 72
t 71 59 73 60 81 67 50 55 90 83 87 90
t 54 86 60 81 57 64 57 60 46 90 56 51
t 56 78 81 74 49 72 66 67 49 80 64 54
t 11 18 21 17 20 14 20 7 12 5 1 715
t 88 90 79 54 67 66 90 46 77 56 71 87
t 88 49 48 52 78 69 76 78 54 75 82 45
t 69 66 66 51 85 90 46 73 46 75 66 63
t 24 19 14 723 2 4 7 1 13 6 20 6
t 62 83 70 52 59 71 54 53 57 82 89 60
t 81 90 83 78 68 84 66 80 71 50 54 80
t 9 5 11 748 8 16 13 7 22 16 19 23
t 65 52 57 81 51 72 85 62 79 45 61 65
t 61 59 77 52 80 64 47 68 90 79 73 50
t 79 65 71 75 75 46 76 57 62 80 80 54
t 84 87 59 74 46 47 82 71 57 83 53 57
t 4 13 7 19 17 2 10 14 9 13 732 4
t 10 15 11 21 743 4 24 8 3 23 12 19
t 19 6 11 14 24 9 20 11 20 1 726 23
t 48 66 86 58 65 64 52 54 65 51 68 75
t 64 78 84 50 49 90 62 83 64 59 84 76
t 746 19 24 16 25 18 5 13 9 15 15 14
t 49 57 60 57 71 80 84 73 65 65 78 63
t 81 53 77 83 61 52 56 61 64 75 57 73
t 84 83 71 81 47 68 50 56 53 56 84 76
t 712 20 11 1 12 17 15 3 4 12 9 22
t 16 11 5 13 737 4 8 15 6 14 22 21
t 82 75 69 64 87 72 86 68 51 88 78 67
t 13 714 1 13 6 13 23 9 16 8 5 7
t 52 87 88 74 71 62 61 60 70 67 75 70
t 16 15 1 730 16 21 12 18 22 10 16 22
t 22 9 20 17 11 716 25 12 15 17 8 5
t 59 54 55 47 78 57 54 81 82 58 52 77
t 75 47 80 46 90 48 48 74 85 81 85 57
t 82 90 61 82 67 86 81 85 76 78 51 81
t 84 68 80 81 60 81 61 58 56 71 79 86
t 56 49 48 81 54 46 67 57 50 84 62 67
t 79 84 45 70 80 75 45 50 75 65 52 63
t 14 4 25 24 14 17 23 8 13 7 19 714
t 18 10 5 8 10 15 714 21 13 12 6 1
t 90 51 76 69 51 75 68 61 82 66 48 84
t 88 81 88 71 47 62 73 70 86 87 55 59
t 78 45 77 70 88 80 85 46 89 85 87 65
t 50 88 61 78 65 47 64 85 65 77 65 57
t 65 83 54 64 88 56 47 88 73 62 64 68
t 23 8 9 733 11 10 23 6 12 2 8 17
t 57 46 64 84 82 83 53 89 66 74 74 48
t 73 49 48 60 59 49 71 71 62 69 48 62
t 61 88 87 67 87 71 76 61 66 87 59 75
t 78 83 85 56 70 90 82 68 48 63 82 55
t 78 57 56 55 57 52 69 76 84 69 77 78
t 75 57 70 54 70 59 90 57 62 65 78 60
t 3 21 17 13 14 23 749 19 1 5 24 25
t 88 59 53 78 45 75 84 59 83 46 75 67
t 21 736 16 17 14 20 21 7 6 8 4 23
t 71 57 57 46 50 46 75 58 55 80 71 85
t 23 722 1 9 9 20 4 12 2 3 2 4
t 14 730 14 21 12 5 20 16 2 19 20 12
t 82 61 58 66 80 64 57 47 45 71 52 49
t 21 1 20 7 14 9 17 11 12 18 721 22
t 22 3 25 6 22 24 4 742 14 2 20 13
t 11 5 7 3 5 17 15 20 22 1 3 723
t 745 4 6 4 13 12 21 23 2 25 9 23
t 51 83 55 73 78 69 71 53 84 62 62 84
t 84 67 51 68 70 48 63 51 79 45 84 77
t 71 48 68 57 67 71 55 62 58 51 74 49
t 1 6 9 22 737 13 20 15 1 3 21 4
t 71 82 83 66 79 78 76 66 83 88 70 48
t 24 24 18 5 20 20 4 19 19 6 724 14
t 54 86 64 69 84 55 53 62 90 56 62 79
t 89 73 80 82 56 89 52 88 79 70 55 82
t 18 733 1 11 6 23 19 25 5 13 12 14
t 75 87 48 68 51 74 80 65 66 73 68 80
t 85 73 64 50 53 57 69 88 70 63 46 65
t 51 70 70 80 78 46 50 50 67 49 89 58
t 45 59 72 58 75 89 56 70 45 85 62 66
t 21 25 2 23 17 22 13 20 721 25 6 7
t 46 52 67 49 49 57 83 69 84 74 70 46
t 82 69 62 45 84 76 81 67 79 52 76 86
t 24 729 23 9 10 4 14 11 20 24 8 19
t 24 8 5 6 713 18 14 4 11 11 20 16
t 45 65 48 55 48 80 82 78 51 52 46 88
t 87 46 72 81 76 63 63 51 84 88 72 72
t 57 85 51 64 61 65 75 89 90 69 82 62
t 67 65 53 63 72 64 73 90 53 54 58 77
t 17 10 22 8 746 15 11 25 8 5 6 19
t 65 75 57 56 55 73 85 52 85 56 75 88
t 76 50 70 54 59 68 73 80 83 88 58 46
t 19 2 7 721 8 17 1 17 8 11 17 24
t 2 743 23 5 23 22 6 2 11 11 24 11
t 79 52 47 65 53 72 83 75 88 58 66 61
t 66 76 90 61 71 81 57 45 50 64 81 57
t 5 1 23 12 10 724 19 13 3 1 19 18
t 14 19 7 4 8 10 721 17 20 16 20 7
t 8 16 22 22 12 5 24 19 18 17 727 4
t 89 80 86 65 87 55 60 53 78 49 53 49
t 84 46 47 83 63 84 69 51 59 76 68 79
t 9 16 12 24 724 6 1 2 6 6 18 6
t 86 66 53 70 60 79 48 74 89 77 87 90
t 49 88 47 82 88 80 60 72 80 84 61 81
t 77 72 66 63 70 45 80 60 84 80 62 55
t 4 6 13 728 23 17 23 3 6 13 3 5
t 81 62 84 73 83 85 76 46 64 79 73 50
t 47 74 82 82 61 76 80 52 70 57 77 82
t 3 3 23 11 8 19 14 9 714 10 17 13
t 75 57 80 46 89 87 73 57 45 60 60 59
t 67 63 56 87 46 65 90 61 69 69 63 68
t 62 90 51 51 87 70 78 63 84 89 49 56
t 15 9 5 24 18 9 21 1 732 17 15 18
t 46 86 75 66 77 79 65 57 85 47 52 85
t 46 48 51 67 48 65 58 57 62 70 50 71
t 5 24 2 22 20 10 25 9 25 11 14 713
t 51 76 51 76 64 78 59 76 50 69 50 80
t 3 12 4 6 1 8 16 24 18 12 745 7
t 60 70 52 79 82 77 51 73 59 75 85 59
t 85 66 52 68 73 66 63 81 58 77 87 83
t 24 18 4 14 13 746 4 17 14 12 20 15
t 10 11 9 23 15 4 10 8 737 21 14 14
t 86 85 75 61 65 69 46 53 54 74 78 78
t 61 86 77 60 86 50 84 77 74 61 72 89
t 75 71 45 45 56 55 88 74 60 83 75 73
t 22 25 10 16 12 22 3 10 9 23 12 743
t 66 63 53 85 53 84 65 50 84 68 88 70
t 48 70 45 68 80 52 49 52 81 54 63 79
t 16 9 17 7 11 25 10 725 17 9 5 21
t 81 82 90 84 89 74 51 67 72 84 89 69
t 5 24 9 20 5 25 17 19 738 9 12 4
t 60 77 60 67 71 76 51 74 58 67 66 79
t 56 82 46 67 82 51 73 70 76 89 58 59
t 45 73 58 56 53 76 53 76 85 61 61 68
t 735 9 20 20 25 12 10 10 14 1 19 18
t 74 82 79 47 86 66 87 53 86 75 61 63
t 5 7 5 17 16 11 13 5 17 21 14 720
t 8 4 18 7 12 2 12 18 1 719 17 19
t 50 50 86 59 56 59 60 80 61 52 55 61
t 54 49 49 68 84 76 53 80 77 77 87 63
t 13 13 16 711 23 10 7 15 17 24 19 17
t 75 72 45 71 58 89 73 85 54 84 73 85
t 8 8 724 23 22 17 21 1 15 19 12 14
t 52 80 87 47 63 56 47 73 48 85 74 76
t 18 15 746 20 18 13 18 17 17 8 23 13
t 12 17 725 17 20 15 14 15 13 6 15 23
t 55 89 53 56 84 82 64 64 87 56 55 61
t 86 51 86 49 63 73 45 55 77 62 74 89
t 710 9 6 22 14 10 12 11 14 12 16 24
t 6 729 16 20 5 24 19 16 4 5 17 23
t 90 87 60 76 67 60 76 58 59 80 53 87
t 86 55 58 83 55 51 53 52 57 80 50 83
t 76 56 46 69 86 80 89 83 80 81 50 70
t 72 90 48 69 59 59 55 67 65 84 80 74
t 62 55 66 70 72 73 84 69 65 45 51 67
t 13 21 720 10 20 5 11 15 1 23 24 6
t 62 65 59 67 56 86 87 72 80 65 67 61
t 19 15 16 22 737 14 25 7 19 5 2 10
t 89 47 55 72 54 80 45 62 76 87 63 48
t 745 24 22 22 24 17 1 8 5 14 18 17
t 20 4 5 12 719 7 6 12 6 1 15 3
t 16 24 726 22 4 24 9 21 16 13 11 23
t 71 82 68 86 81 61 68 78 54 73 61 73
t 20 17 22 10 20 748 3 5 7 22 16 16
t 70 63 59 56 78 72 83 48 46 77 79 66
t 83 53 53 88 67 87 89 51 73 82 54 78
t 56 86 79 84 71 57 76 49 64 49 78 52
t 45 89 57 67 89 57 72 83 46 45 68 76
t 24 4 19 730 4 8 9 20 3 25 13 19
t 9 11 21 18 16 17 18 20 718 13 10 24
t 78 67 65 79 57 77 57 69 60 85 60 66
t 21 1 16 6 721 1 12 10 19 9 7 17
t 60 47 75 61 62 82 70 53 45 51 55 50
t 22 724 17 11 4 3 6 9 17 8 25 11
t 52 75 73 62 72 60 70 71 52 83 75 50
t 51 55 72 51 79 68 87 57 88 73 54 69
t 77 89 64 63 79 62 82 55 67 51 45 88
t 85 63 67 68 57 82 51 56 52 67 86 59
t 90 76 72 89 72 76 84 82 47 74 62 59
t 55 85 58 82 77 70 72 89 58 83 66 78
t 10 16 17 3 25 3 19 10 19 18 23 742
t 11 14 2 731 20 20 5 25 20 12 12 6
t 14 11 6 20 10 22 9 24 9 4 12 748
t 14 2 14 10 747 3 22 21 10 16 3 16
t 89 48 59 65 71 82 79 56 54 46 56 56
t 52 85 67 79 70 53 66 48 55 68 79 45
t 46 59 48 66 85 90 49 86 48 45 84 62
t 14 16 5 8 25 21 9 25 9 14 739 23
t 64 62 65 66 58 61 51 69 70 79 60 55
t 47 73 76 59 56 50 69 50 61 70 58 86
t 13 18 16 6 20 23 24 748 20 17 9 3
t 63 58 56 56 57 81 58 53 72 84 49 55
t 70 77 51 77 51 89 77 87 67 71 64 64
t 64 74 82 51 81 85 88 56 79 82 49 75
t 65 55 56 59 54 76 89 71 80 72 53 55
t 76 49 61 53 78 69 70 62 90 89 46 90
t 89 89 69 86 80 49 45 86 45 53 66 47
t 62 65 63 48 66 78 46 48 80 51 85 88
t 15 16 2 7 6 21 733 21 1 21 15 2
t 23 13 7 17 19 2 11 17 7 726 12 25
t 6 714 9 15 24 3 5 21 21 20 10 10
t 60 56 45 66 50 74 49 83 53 57 65 72
t 11 22 24 5 24 6 735 23 17 11 1 18
t 83 66 50 77 89 58 89 81 86 46 46 61
t 88 52 67 48 50 65 56 51 61 46 60 66
t 62 80 70 82 66 62 47 61 61 88 85 86
t 74 60 66 84 63 79 57 79 50 84 49 87
t 48 59 56 62 76 51 52 60 52 45 46 59
t 62 66 64 79 68 78 77 50 84 89 50 48
t 48 56 46 76 60 67 55 59 50 83 67 80
t 54 73 65 70 64 57 60 76 56 75 54 86
t 49 89 45 50 66 48 71 76 75 73 75 55
t 7 18 25 17 4 2 8 17 18 25 728 16
t 54 68 68 76 65 78 48 54 50 87 45 72
t 21 25 2 18 6 20 22 726 25 22 17 23
t 79 57 82 82 57 65 54 55 69 55 77 47
t 66 51 76 53 72 58 60 77 66 75 62 79
t 56 56 51 67 84 53 61 47 63 53 46 86
t 11 14 19 23 3 10 23 21 717 13 24 9
t 24 743 20 1 19 11 21 1 13 17 25 9
t 54 77 80 74 69 81 90 56 53 75 55 52
t 21 12 11 22 2 722 22 13 25 5 6 17
t 743 10 1 23 21 23 7 17 5 13 18 7
t 76 85 82 46 88 64 66 71 87 73 87 56
t 84 90 70 51 52 88 77 70 84 49 50 89
t 47 63 72 45 82 89 82 82 54 51 58 66
t 14 4 1 2 2 717 12 6 19 2 3 18
t 58 45 52 47 58 77 68 56 74 78 58 52
t 15 13 15 8 22 12 7 24 720 19 9 9
t 13 715 22 21 22 6 16 21 24 7 12 18
t 74 74 57 87 79 60 76 66 74 51 81 77
t 73 51 89 81 55 60 73 88 78 85 89 53
t 1 23 22 12 7 5 713 3 3 16 23 20
t 4 24 25 12 6 10 15 710 1 24 14 23
t 2 730 19 7 3 19 7 1 24 18 11 4
t 18 7 6 4 1 737 23 18 10 22 19 10
t 58 54 89 62 47 73 75 89 90 73 65 52
t 16 17 5 21 7 22 739 19 21 21 3 11
t 14 8 22 21 18 11 13 16 8 23 739 18
t 17 19 9 2 714 25 11 7 22 20 5 13
t 71 54 57 49 77 85 55 78 73 89 47 56
t 67 75 49 45 64 60 51 63 57 69 57 49
t 90 62 54 84 53 76 65 73 82 83 84 88
t 89 75 82 85 66 82 69 74 71 58 58 45
t 73 57 90 75 53 68 62 51 56 65 76 64
t 45 59 63 76 52 84 87 72 82 50 54 67
t 88 80 90 56 88 50 58 89 45 86 64 67
t 59 49 47 59 87 84 53 75 67 68 50 76
t 738 1 14 1 12 21 17 3 2 6 22 24
t 25 23 3 15 23 10 2 11 15 5 6 744
t 49 58 75 78 52 84 54 80 80 79 53 50
t 5 738 7 12 14 22 11 20 18 17 7 10
t 81 64 85 68 55 60 58 64 45 48 80 73
t 13 22 21 25 24 10 16 24 22 8 20 739
t 8 25 12 14 12 722 17 14 18 5 2 21
t 87 72 75 81 78 51 72 64 65 66 84 81
t 75 52 76 48 66 67 57 85 45 50 48 86
t 89 53 69 86 77 82 90 74 75 70 71 69
t 725 15 3 2 7 22 11 8 21 12 9 19
t 23 24 5 10 6 9 18 17 24 5 736 24
t 45 77 48 48 81 45 86 58 85 71 63 59
t 21 720 13 21 3 21 4 22 12 15 8 23
t 83 51 67 47 48 53 81 55 50 88 83 79
t 51 71 77 70 77 60 46 88 50 88 63 46
t 72 80 65 57 77 74 47 48 61 55 52 75
t 61 75 50 74 83 48 80 87 86 89 65 88
t 84 77 49 51 62 56 62 70 82 77 88 65
t 73 53 57 60 46 61 90 59 68 45 55 63
t 19 18 15 7 720 13 14 12 19 7 12 8
t 10 10 3 10 6 2 745 18 10 9 19 4
t 57 84 86 73 64 62 46 64 66 48 51 55
t 14 25 15 21 3 3 17 23 4 721 18 22
t 90 81 58 88 48 49 55 58 47 58 53 79
t 54 53 80 53 65 67 68 64 56 55 77 54
t 70 78 58 87 80 45 63 89 55 88 80 65
t 90 52 84 77 59 50 53 63 79 57 60 85
t 90 82 71 82 76 83 60 71 81 61 69 46
t 49 52 90 46 53 45 60 67 84 74 64 56
t 86 71 52 89 90 72 45 59 86 55 50 70
t 5 23 730 18 22 19 8 9 7 14 14 25
t 731 18 10 25 11 5 2 10 25 5 11 20
t 10 18 2 21 737 8 16 9 14 4 22 3
t 11 17 25 13 7 8 7 1 21 14 720 4
t 60 49 57 86 58 67 53 80 75 82 77 55
t 5 741 25 18 6 16 7 3 21 20 23 7
t 747 5 1 16 8 8 7 18 1 23 13 11
t 11 21 21 718 3 5 14 25 15 25 2 10
t 45 60 90 59 61 69 73 60 57 70 88 74
t 60 47 58 63 46 78 89 52 59 49 83 45
t 47 56 64 69 90 50 79 64 46 46 71 46
t 17 23 6 4 4 9 721 19 13 2 12 20
t 72 58 86 61 72 79 73 57 53 59 78 79
t 60 78 46 48 82 88 80 66 52 86 73 85
t 89 64 76 77 76 53 86 58 85 83 53 64
t 86 49 64 89 48 50 52 49 61 76 58 70
t 13 1 15 726 3 25 11 16 23 3 19 24
t 8 21 16 22 742 3 3 19 3 18 22 1
t 723 1 11 21 17 13 6 17 12 3 2 7
t 52 87 69 83 71 63 58 78 58 76 60 70
t 25 4 14 9 2 20 744 4 12 16 4 9
t 65 65 50 61 59 67 45 52 81 56 78 76
t 77 64 60 83 88 73 83 68 76 77 89 71
t 5 711 18 11 20 19 11 13 8 5 14 13
t 63 55 66 53 58 88 68 54 54 58 82 68
t 46 79 48 89 52 76 65 45 72 89 85 62
t 61 84 60 87 86 70 77 58 52 84 52 59
t 12 19 2 13 731 12 8 7 14 23 24 20
t 61 86 54 62 83 89 80 49 73 52 48 67
t 48 45 74 46 47 54 57 70 45 67 85 51
t 79 77 66 69 83 50 53 58 46 67 60 89
t 1 1 728 21 20 7 20 15 22 6 13 20
t 86 64 60 60 69 62 62 70 78 71 89 52
t 66 76 53 66 64 49 46 46 76 47 86 76
t 48 72 84 83 47 69 71 88 73 46 52 60
t 4 11 15 25 6 737 21 21 24 21 6 5
t 72 87 73 66 61 46 49 47 83 70 87 87
t 55 53 75 84 59 52 78 58 62 59 61 90
t 17 5 10 12 22 1 6 16 16 730 16 6
t 8 8 18 14 21 25 10 711 17 10 1 15
t 12 10 20 717 5 8 20 17 15 19 1 5
t 4 15 18 748 20 15 20 9 4 15 16 16
t 70 87 78 56 83 54 49 80 88 49 56 47
t 23 7 22 13 8 742 16 11 9 18 23 20
t 86 49 51 49 84 82 81 64 57 79 61 71
t 15 19 6 12 11 12 733 25 16 21 19 16
t 83 89 63 82 70 69 77 69 64 82 51 79
t 3 11 17 3 25 720 8 9 16 12 1 24
t 55 55 48 65 47 54 64 83 74 63 63 83
t 65 82 53 84 81 61 63 81 70 77 49 58
t 76 78 52 66 88 81 60 58 54 45 79 46
t 81 50 70 64 68 85 57 61 80 87 78 71
t 80 65 79 71 76 72 87 56 65 66 74 58
t 20 3 20 17 3 22 746 10 7 23 6 8
t 65 89 72 59 65 77 76 88 68 67 65 66
t 46 62 75 84 77 89 71 55 49 56 49 50
t 74 75 79 75 48 82 79 86 78 66 52 46
t 80 55 53 88 73 89 48 84 63 60 61 50
t 1 14 8 17 729 8 5 22 14 17 23 14
t 64 63 73 59 82 54 89 87 54 86 83 61
t 54 73 67 65 82 84 77 66 87 66 60 58
t 18 22 7 13 21 14 22 24 23 22 738 23
t 54 84 52 60 72 51 45 69 59 50 70 71
t 90 71 62 76 80 66 49 50 66 77 48 65
t 4 4 728 18 9 25 5 2 6 3 14 25
t 86 45 68 46 64 49 52 78 71 50 68 63
t 88 45 45 71 59 72 86 62 50 80 85 58
t 19 25 25 7 11 14 7 16 5 734 10 12
t 13 8 21 11 3 3 25 728 3 1 6 23
t 50 62 61 89 85 64 87 83 76 72 63 84
t 5 7 3 22 8 22 24 718 15 22 24 6
t 22 22 10 11 737 3 19 4 12 8 7 23
t 83 80 68 53 79 59 57 70 81 67 78 48
t 83 66 63 52 59 62 55 90 50 67 85 88
t 65 65 49 65 65 54 70 87 79 71 58 75
t 11 4 25 5 20 25 3 717 11 24 4 20
t 24 24 16 23 1 14 13 25 13 5 725 19
t 88 45 70 65 55 54 67 59 53 77 72 50
t 14 17 14 14 18 1 12 21 13 8 747 16
t 74 77 79 60 48 72 70 60 90 45 90 85
t 45 58 69 65 56 69 87 79 67 68 87 51
t 63 52 67 87 88 82 75 47 72 86 87 75
t 24 12 4 23 4 9 739 16 24 20 12 8
t 15 7 14 14 2 8 725 5 23 14 5 23
t 10 8 24 12 711 1 18 4 8 23 22 16
t 51 73 65 50 66 45 48 49 51 56 75 86
t 729 18 14 24 9 24 18 17 24 19 24 1
t 55 77 81 66 64 60 70 79 46 80 62 90
t 59 88 62 64 58 56 46 79 59 49 89 87
t 78 69 72 60 46 52 58 59 50 49 49 82
t 64 70 47 70 83 76 64 80 53 78 79 66
t 82 56 68 69 60 88 65 45 64 52 76 74
t 72 52 69 82 70 45 55 90 47 78 82 55
t 76 45 80 50 49 83 56 82 86 50 77 78
t 744 13 13 15 4 16 18 17 22 24 19 25
t 18 21 21 9 716 8 14 20 24 13 12 25
t 25 21 18 21 15 18 25 728 8 6 4 24
t 65 85 89 51 80 63 88 86 50 78 51 81
t 52 76 71 81 59 88 87 88 59 87 85 83
t 67 52 72 59 86 70 60 88 75 90 90 80
t 55 87 68 90 69 66 57 69 79 46 51 56
t 63 55 73 49 74 79 60 60 86 71 88 52
t 59 53 64 68 66 80 84 59 83 69 45 85
t 54 52 60 54 62 56 87 45 85 48 54 66
t 59 63 84 80 64 86 45 46 62 71 66 52
t 13 11 5 22 18 10 16 17 716 18 23 25
t 85 55 49 63 74 58 48 71 62 87 45 81
t 2 4 20 723 8 1 21 17 2 5 16 17
t 67 66 81 54 76 49 49 57 88 50 67 87
t 50 88 67 71 61 46 61 71 79 68 67 57
t 12 20 1 16 14 1 24 15 9 7 23 744
t 8 711 24 12 12 10 3 22 7 11 14 10
t 8 6 24 5 2 720 1 9 17 15 8 23
t 82 88 51 90 62 55 67 71 60 53 52 89
t 2 12 25 7 11 721 21 11 15 18 1 25
t 58 57 49 61 69 74 69 77 90 87 65 50
t 61 63 79 87 47 66 70 80 45 59 88 45
t 67 77 66 62 72 45 52 79 80 69 60 51
t 81 70 89 54 83 74 45 75 72 63 59 76
t 60 79 90 86 89 57 77 74 80 64 73 82
t 14 5 1 13 16 1 12 711 25 15 15 6
t 1 5 729 25 8 12 17 24 22 23 5 24
t 22 3 714 18 5 15 19 25 1 1 8 17
t 68 87 59 76 64 62 49 73 89 63 66 45
t 56 56 45 57 69 84 50 79 70 84 70 68
t 86 71 85 77 66 58 53 45 87 78 72 80
t 58 45 50 46 89 58 74 67 56 53 66 48
t 78 69 57 61 52 85 71 81 88 69 74 79
t 46 70 48 76 60 48 86 67 81 58 83 58
t 20 14 15 5 6 25 9 747 20 10 11 16
t 5 18 5 4 24 13 21 737 24 17 16 7
t 25 6 718 23 19 16 1 5 17 14 12 21
t 11 21 12 731 8 16 25 4 10 23 9 20
t 57 77 61 72 51 75 51 47 81 66 69 78
t 23 22 15 20 17 6 18 17 9 10 726 10
t 11 18 724 14 17 20 9 2 1 16 16 7
t 8 17 16 18 741 5 4 7 19 5 25 15
t 66 85 69 51 59 59 80 54 49 80 53 71
t 7 747 22 8 11 10 1 23 2 23 3 10
t 50 83 59 63 53 61 49 66 77 67 87 61
t 21 17 12 748 11 1 6 5 18 19 20 15
t 75 75 88 80 52 76 80 71 50 84 72 69
t 67 46 69 82 85 64 85 47 88 83 90 90
t 65 62 69 90 73 60 86 76 69 69 66 79
t 60 57 60 64 61 46 79 65 84 55 71 60
t 45 48 61 71 51 56 90 56 61 67 55 72
t 78 89 79 66 90 59 84 58 61 83 55 50
t 76 48 80 79 62 53 67 73 58 84 84 75
t 47 70 84 52 63 82 69 51 79 90 47 84
t 80 82 74 67 64 79 65 83 54 84 47 53
t 5 725 20 5 15 1 20 22 4 19 23 4
t 19 4 1 16 12 11 11 23 25 8 728 1
t 4 19 744 21 2 4 8 21 6 19 6 19
t 2 9 23 712 20 6 2 4 14 8 9 14
t 87 63 84 76 83 56 76 47 85 59 63 73
t 76 90 69 61 75 83 83 54 74 51 53 46
t 48 46 48 84 81 75 67 90 62 66 58 46
t 60 89 68 72 86 89 77 79 69 81 53 54
t 58 47 59 67 82 78 65 66 79 86 65 51
t 81 83 45 54 85 75 78 72 67 77 65 74
t 3 22 2 19 1 17 11 13 723 23 24 1
t 22 25 1 7 8 723 12 21 10 23 15 24
t 49 82 49 52 66 49 88 84 74 55 90 64
t 9 18 721 19 25 23 12 18 4 3 20 2
t 3 2 16 20 12 724 7 5 17 11 8 9
t 18 21 7 7 20 4 14 13 22 21 734 20
t 70 46 79 50 75 70 83 84 53 46 65 62
t 50 55 57 46 64 62 88 86 57 89 74 73
t 75 57 77 78 68 71 50 49 80 61 86 90
t 2 18 18 11 8 17 24 12 731 9 6 2
t 11 11 25 16 740 10 17 3 2 18 16 5
t 53 86 53 46 71 83 61 85 75 46 75 46
t 13 9 22 21 21 18 13 22 17 7 716 5
t 64 83 72 52 71 66 76 63 50 66 61 55
t 9 6 18 11 11 13 19 18 18 714 20 22
t 85 64 90 55 90 48 61 48 80 81 69 80
t 89 68 56 80 45 84 58 83 60 70 69 60
t 18 25 13 17 21 6 8 21 8 17 18 727
t 16 25 18 24 2 24 6 2 13 719 1 14
t 48 54 45 57 63 57 66 63 51 66 45 65
t 76 73 85 54 53 68 67 54 57 45 58 54
t 55 47 52 87 85 65 45 79 72 64 56 62
t 70 51 62 51 52 88 56 67 90 59 71 55
t 10 1 14 12 15 9 16 16 744 22 16 1
t 22 21 14 5 730 1 16 23 22 14 20 2
t 48 60 62 59 57 90 56 65 86 49 87 67
t 90 78 46 85 88 87 51 87 89 78 57 84
t 53 60 65 51 87 67 53 90 87 69 50 80
t 58 56 83 70 90 48 55 70 56 65 83 64
t 69 74 72 54 50 66 54 53 83 76 74 75
t 8 739 13 11 23 22 12 7 18 22 4 15
t 65 58 69 86 59 45 89 84 47 61 46 86
t 9 12 10 10 22 12 3 4 710 22 19 2
t 745 12 12 1 12 25 8 6 22 25 2 12
t 87 51 77 81 54 81 86 82 71 52 74 65
t 19 17 10 24 15 10 13 11 21 7 715 10
t 82 82 52 46 54 89 77 53 62 64 51 55
t 87 88 66 63 74 64 66 86 61 70 60 66
t 71 49 57 59 59 83 46 81 49 72 59 60
t 60 87 74 69 50 86 74 73 53 68 68 81
t 3 11 25 16 4 3 7 712 23 11 21 3
t 3 12 22 20 13 19 20 3 6 25 11 736
t 20 19 6 737 19 9 7 16 22 3 23 5
t 84 79 67 58 76 79 70 51 78 46 63 57
t 73 79 64 90 87 47 49 75 56 51 73 70
t 62 83 69 80 87 46 82 85 57 72 54 49
t 84 52 78 89 67 60 79 68 77 47 74 47
t 2 2 734 18 20 1 15 6 18 20 3 16
t 82 53 58 85 52 69 67 50 81 67 57 56
t 73 45 85 60 50 49 58 71 76 64 58 45
t 82 45 88 72 59 47 49 69 48 78 57 87
t 88 62 74 61 72 75 85 57 61 84 67 89
t 48 68 77 70 68 53 72 89 52 87 90 59
t 4 18 22 1 24 3 5 23 12 3 727 24
t 72 84 54 57 70 50 45 59 74 53 47 73
t 721 24 5 8 10 24 4 16 10 25 9 6
t 49 88 55 68 58 85 68 90 67 83 84 74
t 2 1 8 1 5 18 712 2 3 20 9 4
t 8 14 8 19 14 25 10 1 1 16 712 18
t 14 16 22 5 22 5 714 16 4 20 14 2
t 13 16 2 17 3 12 1 13 9 8 732 13
t 74 87 62 51 46 62 49 73 89 64 57 60
t 3 731 24 11 11 10 22 16 2 13 24 21
t 81 62 76 51 84 69 63 47 69 51 63 56
t 13 13 22 18 712 4 16 7 16 9 19 8
t 58 61 45 61 47 80 51 54 84 72 66 73
t 15 14 716 25 20 17 6 6 5 6 5 13
t 8 16 9 2 23 732 6 7 15 17 1 16
t 13 22 2 5 6 18 5 718 5 10 9 1
t 59 78 90 52 55 78 90 58 90 49 81 56
t 743 2 19 5 23 11 3 17 13 10 9 14
t 749 13 10 2 25 21 19 18 13 14 1 22
t 17 741 19 5 17 12 2 6 4 16 18 9
t 48 81 53 47 66 49 67 65 77 69 65 74
t 58 49 45 74 58 82 71 88 45 55 58 81
t 77 67 67 69 90 60 51 90 75 80 70 85
t 56 57 53 89 90 79 70 61 80 76 53 60
t 51 88 81 82 61 53 64 70 89 57 89 48
t 78 90 64 53 63 86 85 78 45 82 50 67
t 13 6 11 5 7 14 731 21 16 7 25 22
t 23 1 20 12 16 10 16 744 20 17 9 19
t 46 81 78 48 68 64 75 88 81 85 88 79
t 11 717 25 21 23 9 20 1 9 24 25 4
t 9 19 1 7 7 18 718 9 25 11 12 15
t 24 9 14 19 21 15 17 712 5 7 15 1
t 51 53 72 76 57 66 47 60 50 45 46 66
t 63 67 77 79 77 75 77 72 45 61 88 67
t 79 64 89 51 86 62 62 49 82 57 78 89
t 3 5 8 12 7 22 12 21 2 716 23 20
t 4 14 12 19 9 22 18 18 3 749 20 18
t 65 78 71 50 90 82 45 70 50 57 90 63
t 9 16 15 1 18 15 9 723 19 7 21 19
t 55 50 68 85 51 78 68 89 63 62 75 57
t 50 86 83 50 62 77 69 63 87 78 78 72
t 83 69 54 80 49 51 88 75 46 78 61 65
t 64 52 90 46 78 76 79 53 74 57 53 50
t 73 50 67 56 53 68 89 87 76 54 67 59
t 64 83 51 66 54 81 48 84 49 69 84 70
t 17 12 1 5 9 19 2 6 21 6 711 18
t 25 12 12 7 723 24 17 7 25 6 2 10
t 15 15 11 721 2 21 4 9 17 23 14 22
t 4 7 14 5 13 7 8 735 25 4 15 24
t 51 78 53 70 78 48 47 62 59 56 63 71
t 73 58 75 90 73 50 63 83 63 50 85 78
t 14 7 21 22 21 737 7 6 4 14 25 24
t 47 77 80 75 65 50 74 86 69 86 81 68
t 84 80 64 53 85 65 67 69 85 53 80 85
t 58 71 45 61 56 80 54 58 83 89 88 85
t 77 63 57 72 64 63 89 70 47 90 45 87
t 54 80 54 85 82 47 53 84 49 87 73 87
t 84 67 77 60 77 53 55 46 89 81 88 73
t 87 63 60 70 64 84 62 62 81 78 74 55
t 57 89 90 89 78 75 63 76 79 70 89 83
t 15 14 2 748 4 12 23 9 2 21 25 1
t 22 22 9 16 21 7 20 1 8 20 710 22
t 68 69 74 48 54 66 83 72 76 69 69 48
t 3 22 21 23 4 5 749 13 23 20 5 4
t 63 60 88 54 64 84 81 73 51 58 50 66
t 8 17 10 24 713 16 17 12 23 21 8 1
t 58 83 60 83 87 78 72 72 72 57 68 79
t 6 19 16 6 24 10 5 15 16 726 14 25
t 4 24 3 25 25 13 23 7 18 716 16 11
t 80 50 61 52 55 49 70 83 45 69 53 48
t 54 88 48 53 80 71 72 66 69 50 54 77
t 23 14 24 743 12 9 25 3 9 12 6 18
t 84 85 68 90 72 46 76 58 87 54 75 79
t 19 25 2 8 739 2 15 2 9 1 20 9
t 58 82 58 68 46 54 56 79 48 76 77 54
t 89 49 72 74 87 56 49 71 84 58 55 74
t 21 9 3 14 4 5 9 8 13 12 738 15
t 51 79 84 65 59 58 88 53 77 73 51 54
t 52 78 87 86 66 67 59 54 71 79 85 81
t 54 59 56 62 68 45 69 69 69 48 89 60
t 59 83 90 66 62 50 66 66 84 65 47 63
t 81 63 59 56 57 83 53 65 72 50 47 75
t 25 20 25 16 7 715 22 22 15 21 3 25
t 77 86 54 57 57 63 81 80 48 62 83 86
t 73 51 46 71 53 55 71 86 86 67 61 82
t 49 50 66 64 72 90 77 45 86 66 83 63
t 5 718 22 16 13 24 2 6 20 8 7 17
t 77 66 71 61 78 53 46 90 63 65 65 78
t 9 17 14 9 20 19 741 16 20 22 12 20
t 63 86 64 77 65 83 66 46 50 53 47 63
t 84 61 82 90 81 51 48 81 57 86 59 71
t 2 23 25 720 21 1 11 23 20 8 11 9
t 14 16 16 19 2 4 3 6 4 14 13 746
t 72 76 81 84 74 79 71 73 56 72 77 62
t 51 85 66 71 74 87 47 55 50 56 48 46
t 12 2 2 7 14 25 3 11 736 18 1 8
t 10 728 11 23 23 13 4 20 18 5 21 2
t 19 16 733 13 16 7 21 9 17 24 22 1
t 76 65 55 54 59 46 77 51 78 60 89 60
t 69 58 61 59 56 89 75 58 88 54 62 45
t 48 77 54 52 77 56 87 67 72 87 68 58
t 64 71 71 72 79 46 53 81 84 51 61 46
t 61 83 87 54 87 66 84 89 80 50 71 58
t 81 52 53 87 51 89 86 83 84 76 56 62
t 48 69 49 88 67 71 46 79 55 55 51 85
t 53 72 85 68 84 86 61 65 47 63 75 61
t 17 9 5 5 5 18 10 745 4 14 1 23
t 46 47 67 51 77 61 58 70 87 57 69 59
t 84 73 45 47 49 60 48 68 60 57 61 74
t 88 87 64 71 51 49 89 52 77 81 54 56
t 69 82 52 57 90 90 83 63 56 60 45 76
t 46 73 80 76 69 78 68 75 90 80 71 61
t 46 68 46 73 46 82 90 86 76 54 65 61
t 47 90 64 67 58 73 66 52 90 56 82 73
t 22 13 24 6 7 22 732 12 1 22 22 6
t 70 48 63 81 47 89 46 65 48 59 59 68
t 77 46 47 46 86 69 81 64 59 83 64 70
t 64 55 52 68 52 83 82 88 71 84 74 83
t 68 81 79 67 85 75 47 46 57 88 53 68
t 4 710 2 16 15 15 14 22 20 17 13 22
t 59 66 85 83 77 71 57 66 90 82 71 74
t 15 21 13 4 19 14 4 11 19 710 7 4
t 83 56 52 68 66 45 53 47 82 72 69 90
t 17 717 8 6 9 17 6 2 12 3 13 6
t 20 739 7 12 1 18 6 1 11 6 25 25
t 12 12 18 3 13 2 1 20 731 25 4 4
t 65 86 62 46 51 83 46 60 47 80 50 50
t 72 48 82 79 52 78 68 89 64 76 78 71
t 48 54 58 61 50 51 74 88 87 83 79 50
t 51 59 88 80 74 73 53 55 48 63 87 82
t 52 62 87 54 75 57 83 56 55 59 57 53
t 75 57 74 90 61 73 59 74 63 62 52 47
t 2 24 18 13 12 729 9 11 4 8 24 8
t 17 4 16 9 723 8 14 3 14 7 12 6
t 730 25 20 3 25 12 24 2 10 21 6 25
t 5 23 7 19 11 1 742 6 11 12 16 20
t 18 4 20 737 3 15 5 16 15 3 23 9
t 49 68 90 66 83 53 57 59 54 73 57 55
t 13 23 5 25 18 13 3 714 13 22 23 22
t 69 90 84 75 49 90 66 51 76 81 90 67
t 69 50 74 76 67 45 62 52 48 85 79 87
t 9 23 16 9 18 23 7 11 9 24 743 3
t 68 89 70 52 68 59 62 90 79 48 60 83
t 4 720 15 17 23 16 3 18 12 21 17 6
t 24 4 24 3 12 12 3 6 21 746 5 2
t 20 5 5 8 7 730 10 15 22 20 25 11
t 65 88 58 81 88 77 83 58 51 79 90 68
t 54 51 57 87 59 74 68 58 46 55 51 78
t 22 16 17 25 4 13 12 741 15 3 24 23
t 3 13 14 2 24 729 8 4 7 3 23 16
t 58 47 49 70 73 57 73 90 58 66 82 85
t 65 88 45 74 63 78 84 52 52 72 84 46
t 16 3 2 10 19 8 18 17 738 11 21 10
t 70 47 90 75 65 58 57 77 79 87 75 46
t 84 75 52 78 58 66 50 61 87 49 55 49
t 50 48 71 78 90 53 53 63 88 80 49 46
t 81 69 69 67 66 86 57 66 46 75 53 59
t 60 77 54 90 46 82 90 68 78 71 70 59
t 87 60 74 68 72 85 61 82 51 47 51 84
t 53 45 88 75 87 65 83 82 51 83 72 58
t 19 25 15 728 7 14 16 1 5 6 23 5
t 89 80 51 45 74 89 49 56 88 78 90 57
t 14 1 3 713 15 4 4 5 6 18 3 13
t 13 3 734 18 4 22 6 4 10 14 14 16
t 64 60 47 77 58 83 72 64 66 83 80 90
t 86 61 51 53 57 85 56 57 74 49 46 78
t 89 72 58 81 76 55 82 73 80 63 53 85
t 21 736 20 12 2 18 7 14 15 7 4 22
t 87 51 71 49 60 56 66 79 62 72 48 62
t 56 78 69 69 57 64 74 45 46 80 62 49
t 19 15 25 13 7 737 9 18 1 7 10 6
t 17 5 738 4 17 15 14 22 13 15 25 21
t 66 45 59 61 85 85 64 61 63 49 88 71
t 60 64 52 54 58 63 55 81 80 53 59 68
t 87 85 54 57 46 88 53 89 58 77 66 55
t 68 56 90 71 75 58 84 47 48 61 82 50
t 45 69 69 82 61 84 81 88 62 73 74 77
t 63 62 56 77 89 78 82 88 86 76 73 52
t 12 19 22 18 728 6 13 25 5 1 22 18
t 75 81 55 70 83 71 53 87 75 66 47 73
t 2 8 23 15 14 20 1 726 2 13 5 7
t 80 50 46 47 86 63 47 85 65 48 66 62
t 1 24 728 8 22 7 2 2 24 2 9 18
t 79 45 88 88 51 71 80 65 59 89 83 86
t 17 25 7 21 22 13 25 17 22 13 2 726
t 75 58 59 48 63 54 46 69 57 46 53 66
t 73 57 56 83 61 64 79 90 58 86 90 78
t 5 20 16 2 10 1 8 23 16 25 12 738
t 64 47 54 70 89 50 85 81 78 90 62 86
t 6 1 716 22 15 12 17 22 2 21 7 6
t 74 84 74 48 70 53 89 90 72 56 71 86
t 48 48 80 75 74 90 51 62 77 49 63 73
t 4 5 23 21 3 6 746 19 19 1 22 1
t 19 8 3 2 5 10 3 6 713 12 8 1
t 20 9 18 17 11 6 10 21 18 747 22 25
t 1 713 15 11 17 7 4 2 24 25 20 21
t 88 62 49 89 83 76 49 57 59 48 62 90
t 63 71 89 56 66 80 62 73 86 46 58 75
t 3 10 10 23 10 21 10 15 12 712 22 3
t 1 15 13 4 8 710 3 8 18 9 3 20
t 58 76 89 70 51 80 75 60 73 50 88 83
t 10 16 11 742 9 10 18 6 20 19 9 4
t 83 64 56 86 67 64 85 80 69 88 55 56
t 62 65 90 69 85 65 52 71 67 85 73 83
t 68 48 64 50 88 48 52 53 74 75 88 51
t 19 23 4 15 16 15 15 747 13 2 6 11
t 62 49 81 66 47 83 56 45 58 68 72 50
t 22 15 17 4 2 14 9 714 14 16 18 12
t 66 50 51 83 61 82 65 85 67 51 61 68
t 8 15 9 10 24 13 20 6 712 24 22 7
t 55 78 54 85 85 58 72 82 76 83 48 54
t 6 9 22 15 6 710 11 20 13 4 1 23
t 84 76 61 48 47 77 59 71 49 51 87 46
t 1 17 17 732 16 10 11 6 21 10 5 4
t 2 15 9 24 11 740 17 18 4 23 23 23
t 90 46 78 46 89 88 53 90 75 87 66 63
t 81 56 80 71 57 61 87 72 61 52 74 45
t 64 46 50 68 51 82 55 89 67 56 76 87
t 7 25 14 25 2 17 19 3 23 25 728 22
t 49 58 79 74 77 55 83 69 83 81 47 51
t 87 77 70 62 78 46 68 57 89 67 72 88
t 76 71 87 52 77 59 66 67 55 61 52 52
t 82 66 61 80 90 66 68 46 87 75 87 77
t 11 6 14 746 19 23 11 22 18 14 5 22
t 52 46 77 78 86 45 71 80 47 70 84 62
t 58 83 59 53 67 88 60 72 77 68 76 77
t 81 87 90 87 57 76 74 59 49 57 76 45
t 56 84 49 69 48 86 82 77 48 66 80 69
t 2 10 12 19 2 10 726 16 13 21 14 13
t 85 47 80 46 58 79 62 67 64 48 62 81
t 56 49 87 50 79 50 89 75 46 49 73 63
t 83 50 73 54 48 72 48 68 53 70 84 81
t 66 76 78 89 81 81 90 64 61 80 83 45
t 65 68 53 58 88 61 64 50 52 61 56 77
t 57 88 85 67 70 83 88 58 66 72 57 59
t 7 6 24 1 21 20 18 20 10 740 19 5
t 5 8 16 13 1 2 12 1 18 728 17 14
t 81 89 51 50 70 68 51 61 45 71 71 88
t 52 89 65 56 56 75 68 50 69 82 85 60
t 63 52 78 75 70 77 55 72 50 48 72 59
t 57 78 59 87 48 45 49 71 48 54 59 88
t 47 90 83 56 88 61 59 57 50 89 76 65
t 15 12 12 24 1 2 15 19 718 20 9 22
t 19 7 13 3 4 718 25 6 12 19 6 20
t 63 47 50 71 65 68 89 67 60 76 52 86
t 80 76 63 88 59 77 90 60 78 51 55 62
t 18 21 10 4 22 716 12 6 8 9 21 14
t 22 22 16 25 16 25 19 749 3 7 11 4
t 52 54 53 54 70 47 77 77 51 88 62 73
t 63 85 74 77 70 68 69 89 72 66 48 79
t 81 87 81 73 81 56 80 77 72 77 53 48
t 83 88 77 62 88 70 49 73 73 46 84 75
t 2 13 3 3 2 22 24 13 2 25 722 7
t 6 24 1 6 721 1 21 19 13 16 9 24
t 84 58 84 63 89 45 76 85 73 53 87 54
t 70 48 51 65 89 48 90 76 45 55 53 71
t 23 15 8 16 25 7 20 23 7 16 735 20
t 729 6 8 6 12 11 16 1 2 16 16 14
t 19 9 15 13 25 12 9 1 734 2 23 3
t 3 21 16 22 22 22 719 21 5 13 7 8
t 50 55 87 52 76 45 50 80 85 52 48 54
t 68 77 61 45 81 49 88 75 76 56 73 68
t 69 65 62 79 73 83 86 62 45 72 63 50
t 22 1 6 12 14 723 2 21 4 15 23 2
t 11 711 10 22 14 18 12 25 18 11 5 6
t 67 64 83 63 70 48 69 65 79 62 90 78
t 56 62 86 67 83 76 89 53 68 54 69 56
t 50 72 79 45 73 65 55 62 64 79 49 89
t 52 77 59 75 83 67 72 67 89 54 78 79
t 67 48 46 82 54 77 48 51 73 52 48 65
t 72 77 64 62 75 67 62 85 80 48 45 60
t 7 9 747 24 10 25 14 7 13 10 15 1
t 89 87 47 76 63 69 90 70 78 81 58 52
t 80 58 45 67 77 63 64 90 53 60 73 89
t 66 74 72 69 56 67 48 86 50 52 66 80
t 66 88 75 78 73 48 84 85 69 85 80 84
t 62 89 60 66 67 74 86 65 48 48 66 83
t 15 12 734 11 4 23 4 3 15 5 18 23
t 64 55 71 85 61 88 59 50 71 88 80 55
t 84 75 46 57 69 54 89 87 82 67 78 49
t 82 82 87 46 58 78 56 52 74 78 69 62
t 4 17 7 13 5 18 14 11 746 8 3 20
t 61 60 61 85 49 83 62 68 68 70 84 88
t 71 57 89 75 57 72 79 86 48 55 72 59
t 50 85 59 63 85 47 50 46 78 58 70 59
t 71 70 61 79 74 57 90 86 69 86 71 70
t 83 68 60 71 78 54 78 67 85 49 72 90
t 88 73 45 89 71 61 90 62 81 66 88 60
t 20 3 14 741 9 22 19 22 9 10 13 22
t 14 18 7 24 23 14 23 11 11 22 716 18
t 3 21 15 18 25 12 12 3 734 16 10 9
t 22 18 723 13 1 23 22 22 24 5 4 7
t 58 70 64 86 87 78 82 63 74 85 89 69
t 24 24 1 1 11 21 5 11 17 15 717 13
t 83 89 84 84 72 47 81 59 83 53 49 45
t 20 725 6 21 25 22 5 1 12 8 4 2
t 60 45 67 67 82 87 53 78 67 79 58 57
t 25 7 13 3 4 15 25 24 1 23 728 11
t 58 88 55 65 63 80 51 70 85 53 57 86
t 78 77 51 49 76 88 71 65 73 68 84 50
t 11 7 21 24 13 16 13 3 720 25 7 11
t 72 57 77 69 58 73 88 81 77 87 69 88
t 24 17 25 5 6 746 12 18 7 10 24 17
t 45 79 62 79 83 54 69 72 62 64 52 89
t 15 715 21 3 19 22 11 20 8 17 8 5
t 740 13 20 8 18 16 24 7 10 19 10 20
t 16 23 13 21 19 4 21 748 2 15 6 5
t 21 22 5 16 16 21 14 22 15 6 727 13
t 76 70 58 88 72 84 65 82 81 84 76 57
t 84 56 45 50 90 57 88 81 46 53 84 72
t 54 73 77 66 47 57 60 90 80 88 45 73
t 11 17 25 12 17 2 10 7 17 726 4 22
t 78 90 81 62 66 65 72 52 63 66 60 50
t 85 70 59 52 64 60 62 56 56 81 69 51
t 64 57 49 78 81 64 87 81 60 45 71 76
t 17 5 6 16 1 16 3 24 747 18 22 15
t 80 75 90 79 58 67 74 65 90 67 67 82
t 66 51 59 46 47 48 86 67 84 70 76 55
t 73 78 79 75 52 67 63 59 50 72 88 64
t 59 65 84 45 54 90 66 62 61 50 54 70
t 68 86 77 90 52 50 71 67 84 78 52 46
t 55 71 45 86 80 84 51 68 74 63 72 79
t 24 9 722 3 21 10 14 18 19 9 13 24
t 50 80 50 71 55 79 46 53 79 83 84 57
t 78 78 69 77 79 83 49 48 74 86 56 64
t 59 47 84 47 50 74 74 72 76 58 65 64
t 12 18 7 13 10 24 1 6 748 4 22 20
t 74 90 48 79 68 51 87 48 88 59 69 84
t 9 6 24 16 23 11 11 7 739 6 18 2
t 4 8 12 12 16 4 745 21 2 5 4 20
t 16 18 11 8 728 19 10 19 17 11 15 11
t 82 56 67 90 67 75 63 73 46 52 50 55
t 15 737 10 25 2 10 23 21 8 18 1 6
t 20 25 10 18 16 13 13 4 17 724 3 23
t 18 6 4 21 14 23 16 719 3 20 25 19
t 76 64 60 46 77 72 45 52 51 53 84 55
t 88 71 61 61 90 66 63 89 55 59 50 46
t 61 53 88 73 50 48 64 83 89 61 82 72
t 66 72 51 56 56 60 86 76 75 48 70 75
t 19 21 8 8 12 9 8 721 4 19 2 25
t 14 20 9 21 6 20 2 2 4 20 6 744
t 4 11 9 3 18 13 719 22 14 24 15 25
t 8 4 5 4 16 24 8 746 10 20 9 12
t 46 49 49 85 63 67 84 67 57 48 63 82
t 10 19 15 1 19 21 5 2 13 747 23 23
t 19 6 25 1 1 17 22 5 8 12 715 11
t 12 740 3 10 1 5 8 19 20 3 24 7
t 68 76 83 90 46 51 62 74 87 54 54 86
t 75 49 54 80 45 67 85 90 75 86 87 72
t 2 1 22 20 24 12 19 14 1 748 10 24
t 83 53 55 82 56 81 81 89 56 84 85 55
t 66 58 73 49 52 65 48 89 48 81 79 81
t 744 3 4 20 1 14 17 7 4 23 6 18
t 71 52 66 45 55 61 45 76 70 54 65 60
t 66 77 85 48 88 68 71 66 61 87 56 52
t 88 74 74 76 75 72 51 48 47 54 60 73
t 76 70 57 52 49 74 52 66 59 78 62 58
t 25 24 15 3 12 23 726 21 18 22 6 14
t 48 64 64 69 83 65 77 72 80 64 67 69
t 79 66 59 66 79 60 76 54 89 68 63 78
t 74 63 51 47 66 47 81 79 45 50 89 45
t 12 3 3 25 13 22 711 7 16 13 2 12
t 9 1 2 11 5 1 15 714 14 1 22 10
t 19 20 1 25 3 737 8 20 23 2 3 4
t 49 51 69 82 75 52 48 63 59 45 57 81
t 90 54 57 52 78 71 81 71 64 45 78 47
t 11 19 2 18 21 7 25 7 11 730 14 16
t 83 74 72 56 58 75 70 47 65 46 65 45
t 85 77 86 65 80 63 70 81 87 81 50 62
t 15 6 15 22 742 11 10 18 15 20 24 12
t 2 6 727 10 25 18 17 5 13 21 8 11
t 46 63 67 55 79 50 56 60 84 47 59 83
t 3 20 18 720 8 15 22 2 7 8 21 14
t 735 22 17 25 13 24 15 14 20 15 18 15
t 47 73 58 85 83 50 72 54 75 60 50 55
t 73 90 78 56 79 59 64 65 68 90 56 58
t 10 10 12 14 12 22 713 2 1 21 12 23
t 73 45 89 51 47 73 55 68 79 89 47 64
t 80 60 71 80 50 79 63 59 67 47 45 90
t 58 56 84 62 67 54 87 46 80 84 77 60
t 59 67 47 75 64 75 55 54 45 56 63 58
t 60 80 78 61 49 61 87 80 81 50 81 69
t 22 2 14 11 8 8 13 716 1 17 15 8
t 21 12 24 13 712 16 10 14 18 21 5 11
t 21 8 4 2 2 5 20 11 13 15 718 16
t 61 78 87 55 86 52 90 78 65 51 82 67
t 2 12 24 17 13 10 719 20 16 23 16 4
t 58 84 52 53 48 72 75 65 85 64 67 75
t 63 55 85 48 49 88 80 88 58 61 76 50
t 75 90 57 79 58 68 87 77 51 78 74 75
t 69 63 58 72 49 82 90 85 51 84 53 66
t 64 76 50 76 89 70 51 87 45 60 63 81
t 85 77 52 88 65 45 59 57 73 50 65 62
t 20 2 12 10 25 5 20 12 4 742 15 2
t 18 15 723 24 15 12 17 23 2 13 18 3
t 16 4 1 16 23 14 20 14 25 9 720 3
t 8 725 20 24 8 1 5 17 13 8 10 12
t 24 16 8 6 2 738 2 12 21 12 10 24
t 57 66 76 87 73 55 77 74 78 67 55 59
t 65 73 45 57 74 45 86 84 81 58 62 66
t 85 74 90 90 52 47 50 85 83 89 77 53
t 1 20 8 9 10 14 15 22 740 17 4 23
t 19 24 6 24 16 2 16 739 5 11 9 19
t 51 59 69 63 82 74 76 82 55 58 86 61
t 56 63 69 76 68 61 62 66 65 65 50 67
t 15 24 743 13 25 21 5 14 24 25 1 21
t 54 58 46 81 50 49 59 89 77 70 47 89
t 24 9 10 19 19 16 14 11 18 740 17 5
t 9 17 3 25 18 24 9 8 715 2 9 14
t 59 70 45 82 87 58 58 50 79 45 72 82
t 87 90 68 73 58 87 89 86 89 58 81 77
t 17 13 3 18 728 10 8 25 23 23 19 9
t 84 59 59 56 56 81 75 79 62 64 51 73
t 54 75 58 69 59 83 73 68 57 46 83 83
t 725 2 10 15 6 23 11 8 15 15 24 25
t 69 60 45 59 62 83 89 65 86 50 72 83
t 52 87 67 47 71 59 70 88 72 77 47 65
t 725 25 2 24 8 13 11 19 6 24 10 11
t 78 80 57 75 82 54 63 83 72 52 82 64
t 66 89 48 49 58 73 80 65 81 89 66 90
t 62 74 66 68 84 70 77 54 56 81 77 46
t 77 59 89 47 72 84 74 52 56 77 55 61
t 726 19 19 2 19 21 19 23 22 24 10 15
t 82 67 48 76 51 72 48 57 61 69 45 48
t 86 62 52 67 87 78 50 50 58 73 70 55
t 75 60 45 86 90 62 87 77 57 85 66 89
t 21 727 17 16 20 18 23 18 13 24 20 25
t 84 79 61 62 48 57 47 52 80 76 78 71
t 10 17 3 8 13 16 17 712 18 17 9 15
t 45 74 89 80 80 83 68 46 68 76 50 52
t 3 17 1 8 10 741 19 3 14 13 13 4
t 742 6 8 11 22 11 17 20 1 25 23 3
t 76 55 85 76 57 85 79 57 58 58 67 89
t 716 3 12 23 2 15 21 17 10 16 19 17
t 48 45 50 47 45 86 85 75 60 79 66 61
t 75 68 61 56 47 45 90 55 63 74 52 45
t 68 66 86 55 90 77 57 56 56 64 47 78
t 51 45 79 69 62 65 90 76 72 47 74 76
t 47 74 58 62 76 67 59 75 62 72 47 49
t 7 22 25 2 18 16 10 16 15 7 710 17
t 8 2 722 13 10 15 7 13 2 4 8 13
t 50 57 72 75 84 70 71 87 83 75 81 76
t 49 73 85 45 56 74 50 47 69 48 47 69
t 45 66 55 82 64 69 50 60 86 81 67 65
t 70 77 81 54 88 89 85 64 51 89 81 48
t 55 90 57 81 83 52 54 71 49 80 46 87
t 54 73 49 74 81 77 59 88 85 57 51 46
t 9 1 8 14 21 4 737 7 3 3 12 2
t 3 17 9 17 12 22 23 734 15 8 19 11
t 58 61 48 69 60 56 65 53 66 57 58 61
t 67 80 59 69 69 68 49 47 63 59 67 80
t 12 21 4 16 7 711 5 17 1 3 9 6
t 52 57 87 77 72 72 61 48 46 74 89 61
t 1 9 16 20 15 2 10 2 8 746 9 14
t 51 73 73 85 57 58 68 63 69 49 58 45
t 23 14 2 6 19 5 4 12 14 736 18 8
t 19 7 14 12 24 713 19 11 3 22 3 11
t 88 73 50 62 54 53 68 83 73 64 54 68
t 57 76 81 68 64 86 75 60 62 49 56 57
t 1 7 22 25 9 21 12 17 6 9 731 23
t 65 56 65 82 45 73 64 62 53 46 50 89
t 21 12 3 1 25 742 25 8 3 17 17 10
t 58 81 76 74 49 52 45 68 65 79 56 87
t 5 6 25 712 16 22 4 5 19 16 3 4
t 52 72 48 49 81 62 90 48 80 90 46 90
t 85 50 85 67 71 64 49 54 76 62 82 78
t 59 68 83 53 52 46 79 59 58 48 57 55
t 78 54 61 84 47 78 58 48 84 69 85 86
t 69 52 77 74 54 81 51 64 58 56 71 81
t 79 46 46 64 59 87 60 68 64 69 89 64
t 47 66 54 71 53 55 56 57 60 66 58 63
t 77 54 53 88 86 51 87 86 77 48 74 49
t 77 70 83 75 74 76 59 81 70 87 84 84
t 50 74 85 78 49 77 87 84 62 58 56 85
t 58 63 55 84 49 57 78 51 58 51 70 90
t 73 51 87 48 47 57 48 60 69 82 87 88
t 45 46 74 90 61 87 85 66 62 52 73 83
t 69 47 50 48 89 60 57 72 65 74 53 79
t 61 48 67 46 51 53 50 74 67 73 65 76
t 64 48 80 74 67 83 89 90 61 65 85 87
t 7 13 1 20 12 25 22 8 1 725 15 3
t 68 65 59 69 80 90 88 52 87 54 75 73
t 54 89 51 85 55 88 87 51 70 58 82 85
t 2 4 9 14 22 9 8 14 15 13 739 21
t 76 73 85 46 90 74 79 80 62 77 69 68
t 81 69 86 56 83 58 63 60 73 79 78 83
t 10 3 6 17 21 747 9 15 14 15 14 9
t 11 25 15 4 8 19 8 23 19 722 16 17
t 10 16 10 16 19 12 21 13 5 739 10 3
t 45 85 87 59 63 49 73 65 48 86 58 88
t 63 47 68 50 85 68 80 88 57 51 64 88
t 66 57 75 58 60 81 54 65 63 63 89 50
t 10 729 8 12 2 14 24 14 17 14 10 5
t 17 8 21 19 710 13 15 11 24 15 5 6
t 79 64 74 53 80 77 88 80 87 75 84 78
t 79 50 80 62 87 65 70 78 79 63 60 79
t 71 76 86 82 90 75 87 81 55 69 66 50
t 67 83 90 78 47 46 51 62 79 89 88 81
t 71 67 90 86 60 77 80 83 65 47 59 80
t 62 78 67 48 79 48 45 56 86 76 53 61
t 51 62 45 49 67 86 86 58 73 80 54 84
t 64 60 73 59 63 65 67 83 50 54 65 84
t 72 56 51 60 64 71 55 57 78 84 50 71
t 79 71 80 52 59 75 60 90 62 62 75 46
t 73 47 83 79 71 73 58 78 60 60 86 53
t 73 86 89 55 66 78 47 51 60 59 48 52
t 88 48 48 66 69 81 69 57 82 89 49 79
t 12 3 2 9 15 12 4 3 724 18 9 7
t 73 64 80 71 48 68 85 88 68 51 88 53
t 51 84 64 84 85 47 76 90 52 60 86 85
t 76 48 66 54 71 51 64 53 60 79 62 88
t 74 47 47 72 56 75 83 79 64 76 77 62
t 25 12 24 22 734 22 19 21 14 25 3 25
t 723 12 1 9 10 21 12 7 6 24 12 8
t 46 65 88 54 66 86 77 58 45 69 64 65
t 8 7 11 25 15 6 3 7 22 10 4 713
t 90 64 88 62 65 45 85 64 82 76 51 77
t 5 15 15 18 4 10 8 1 14 12 732 17
t 90 81 49 53 89 68 47 83 84 86 68 80
t 9 18 11 3 739 7 11 14 11 23 3 3
t 61 85 72 60 82 68 82 77 81 47 62 75
t 48 56 56 69 71 88 81 51 46 72 53 79
t 46 52 52 85 62 66 74 72 62 67 66 80
t 14 5 8 19 18 14 4 10 4 23 4 745
t 58 84 66 89 56 82 57 59 73 54 74 89
t 11 4 5 725 2 19 8 9 17 25 4 25
t 48 62 70 45 52 90 73 60 59 82 54 69
t 19 19 8 19 7 727 24 22 18 18 25 14
t 48 47 59 84 72 56 71 89 53 74 52 84
t 8 24 17 9 743 3 10 20 24 18 20 6
t 14 9 21 15 21 2 714 25 12 4 8 7
t 82 62 87 64 83 81 47 55 85 55 59 54
t 72 64 57 76 49 63 53 74 79 88 65 60
t 77 57 84 60 76 68 81 61 60 83 48 52
t 66 74 48 81 65 88 70 45 69 72 45 88
t 60 50 50 48 64 63 52 79 60 81 78 84
t 80 46 69 52 47 58 60 52 78 87 56 62
t 1 748 23 25 20 10 3 11 7 5 1 12
t 68 50 52 77 54 60 56 69 58 55 85 74
t 23 6 5 25 18 4 18 4 4 17 20 747
t 77 46 83 46 66 69 55 58 61 89 84 60
t 16 24 20 721 9 18 23 23 23 8 10 5
t 79 60 49 85 71 54 70 53 45 71 78 70
t 12 7 722 6 4 21 2 7 8 3 8 17
t 2 712 9 13 18 20 18 2 10 19 10 1
t 20 8 18 25 716 20 20 16 11 16 23 25
t 63 60 61 66 49 68 66 68 75 70 83 65
t 59 84 66 51 67 67 76 67 59 74 68 70
t 76 81 75 89 62 47 64 89 54 85 88 60
t 68 66 89 81 90 47 79 59 83 90 73 54
t 6 7 24 20 19 18 3 720 4 13 12 14
t 10 18 12 22 15 11 15 9 1 736 6 11
t 59 73 61 56 56 81 84 62 66 55 58 64
t 84 82 48 84 57 54 69 50 78 90 52 56
t 21 22 15 15 8 14 5 5 732 1 20 18
t 1 8 10 9 9 24 25 17 9 15 6 741
t 82 79 80 48 74 59 51 68 75 80 89 82
t 13 22 15 23 2 3 14 749 10 17 10 9
t 84 72 51 70 78 83 58 55 48 48 61 53
t 89 50 82 81 75 59 86 65 72 83 74 61
t 56 70 71 79 64 90 86 83 73 46 45 63
t 1 4 4 12 20 13 6 17 1 4 12 714
t 61 57 55 87 50 90 63 63 70 82 67 85
t 13 736 1 8 21 12 7 24 5 20 1 18
t 82 56 50 68 54 56 87 50 61 74 72 87
t 749 7 18 5 24 17 1 2 11 6 21 9
t 1 4 24 19 15 23 1 5 723 1 20 2
t 16 6 19 4 8 2 17 711 13 13 11 13
t 740 21 21 10 6 11 6 23 16 17 8 25
t 48 46 65 72 83 52 79 78 77 47 56 63
t 61 52 73 66 89 81 70 72 66 52 87 71
t 2 8 24 6 4 737 18 12 25 13 13 14
t 87 54 58 65 46 54 89 53 45 73 47 54
t 25 3 3 4 17 21 19 24 20 16 712 4
t 90 78 63 88 47 90 82 64 73 90 74 77
t 56 57 55 57 89 65 61 54 66 56 74 76
t 50 80 64 53 63 53 78 64 68 69 49 55
t 76 47 47 85 53 75 88 52 68 89 73 74
t 65 49 66 65 50 71 48 82 90 49 76 84
t 52 53 56 90 87 71 89 56 51 76 71 81
t 14 1 16 14 10 15 21 2 9 14 9 713
t 74 66 82 73 59 51 88 72 55 61 57 63
t 70 49 78 54 77 81 72 68 79 50 70 52
t 1 1 23 12 8 20 24 5 1 2 743 16
t 12 15 749 10 9 21 7 24 4 14 21 10
t 24 4 6 727 20 12 22 21 15 17 5 6
t 2 20 16 21 22 7 18 17 743 20 25 24
t 89 61 82 70 49 73 88 87 73 80 63 63
t 17 23 20 21 17 717 16 2 1 6 4 18
t 12 10 6 714 10 14 10 6 13 12 6 15
t 18 1 2 16 21 4 3 8 726 4 16 18
t 75 61 46 54 56 69 77 77 90 67 45 71
t 25 11 11 19 4 24 6 9 10 746 25 5
t 68 63 76 46 54 45 51 55 86 63 70 73
t 57 75 72 76 82 84 84 77 86 68 80 64
t 82 51 74 67 51 59 61 62 63 80 62 78
t 6 6 24 25 721 1 10 14 10 9 13 25
t 5 14 18 20 15 13 17 729 12 1 19 16
t 50 66 81 50 89 74 71 86 87 54 82 77
t 45 48 71 47 57 45 85 80 70 53 85 60
t 67 73 78 71 80 77 68 59 72 69 57 77
t 6 18 18 25 13 6 22 745 14 21 15 16
t 62 81 80 82 88 59 54 53 46 49 55 75
t 84 48 55 49 66 50 61 90 90 60 84 65
t 65 50 57 89 70 76 86 66 69 74 61 87
t 14 24 19 13 1 24 10 22 19 719 21 17
t 49 54 79 64 83 69 75 68 84 56 79 65
t 53 46 73 54 76 58 48 85 48 68 79 68
t 21 18 23 13 5 1 12 13 25 726 11 21
t 739 8 18 21 19 1 13 6 9 19 17 14
t 63 71 45 62 53 61 65 87 45 64 68 88
t 72 89 53 77 87 78 79 49 83 66 73 75
t 67 88 50 85 84 54 67 63 60 51 69 67
t 57 50 53 60 86 71 58 45 57 46 56 90
t 16 12 8 15 18 19 22 23 9 719 18 7
t 8 14 9 17 715 21 8 22 6 21 16 7
t 46 84 64 81 79 52 65 75 48 65 73 69
t 53 89 89 46 58 56 83 74 57 49 74 48
t 68 58 81 58 46 78 81 71 45 52 77 87
t 88 55 54 59 69 76 52 70 67 62 78 87
t 13 6 5 12 18 19 5 743 13 11 6 23
t 3 17 12 712 21 21 19 20 9 18 7 19
t 17 2 13 23 717 9 14 3 11 18 9 3
t 70 69 62 56 69 82 73 77 67 88 50 74
t 77 61 52 76 62 89 74 83 73 56 78 67
t 54 64 46 82 83 50 61 83 77 53 54 52
t 67 63 46 85 83 56 82 64 57 64 51 89
t 6 10 1 715 12 9 19 19 21 24 6 14
t 11 1 735 8 7 13 20 4 6 16 7 22
t 14 3 22 15 15 17 740 5 6 6 19 24
t 3 18 17 15 22 13 20 2 23 10 25 731
t 16 726 19 9 22 3 21 23 20 25 16 10
t 1 18 23 4 747 4 1 18 16 3 22 25
t 6 15 12 18 6 20 7 11 724 7 10 9
t 46 79 66 74 65 90 59 54 82 51 89 50
t 16 10 11 5 22 19 19 21 8 6 734 8
t 5 712 16 19 18 6 11 16 13 23 21 23
t 81 57 84 54 80 84 74 45 46 56 87 75
t 21 23 10 7 16 20 12 25 8 16 15 726
t 73 64 58 55 89 76 64 80 46 50 69 75
t 16 20 24 7 1 14 734 15 12 20 17 18
t 59 86 56 49 59 84 62 81 63 74 76 59
t 18 5 15 729 6 13 16 6 14 22 1 3
t 13 7 23 720 6 3 8 3 22 25 6 3
t 45 60 89 50 71 84 56 67 85 47 45 81
t 16 9 11 20 720 10 3 12 16 6 15 22
t 1 7 7 24 23 13 6 20 24 18 10 722
t 1 7 745 23 20 18 11 15 3 10 3 3
t 61 50 72 72 66 69 51 74 69 52 79 72
t 17 4 713 9 2 20 25 3 20 7 9 13
t 22 18 11 8 22 2 17 733 8 20 24 20
t 73 57 89 87 53 58 86 53 90 52 86 59
t 14 2 21 9 5 6 17 21 743 14 15 2
t 67 90 50 82 73 87 76 54 47 61 80 88
t 70 89 73 70 77 65 80 68 73 68 78 48
t 88 48 84 90 49 58 81 80 67 68 78 76
t 16 10 2 10 11 14 9 19 6 742 13 11
t 19 1 11 13 14 23 5 5 4 2 5 713
t 50 82 63 53 67 61 58 58 87 52 57 84
t 59 46 52 71 59 78 82 58 66 45 77 64
t 13 21 22 23 20 16 737 10 25 23 3 13
t 85 68 86 52 77 74 81 81 59 90 75 45
t 76 88 83 73 46 74 71 90 83 45 79 58
t 1 1 6 9 12 22 20 10 10 19 749 2
t 54 76 82 61 81 68 84 66 47 82 76 58
t 62 64 47 47 55 68 62 64 58 47 85 81
t 87 86 66 80 69 56 65 52 57 60 67 67
t 88 85 74 45 80 86 59 78 50 49 53 55
t 5 7 2 2 731 21 21 24 6 12 12 19
t 50 86 71 58 58 89 52 63 80 80 48 56
t 74 82 70 63 49 72 72 75 81 70 46 52
t 4 5 4 739 1 16 8 22 6 15 19 19
t 90 49 46 87 66 78 69 69 71 83 47 61
t 56 74 72 51 64 86 52 66 49 57 45 75
t 87 61 62 69 71 60 64 45 74 58 58 59
t 52 90 52 71 72 79 79 76 81 79 72 61
t 20 3 13 23 11 25 17 4 23 2 736 25
t 46 57 87 73 64 74 87 62 60 88 63 73
t 25 17 743 3 5 10 17 25 2 13 7 22
t 744 2 23 25 21 19 12 25 5 4 13 15
t 17 737 8 2 1 6 11 7 6 25 2 21
t 88 52 66 90 71 59 57 60 87 47 61 48
t 4 12 17 17 13 14 720 25 23 22 17 3
t 3 16 23 719 8 11 10 23 15 8 20 11
t 15 15 14 13 4 22 8 3 747 15 24 2
t 56 79 78 59 56 63 47 80 66 57 84 63
t 47 80 47 63 59 90 61 50 57 51 50 63
t 87 53 46 79 89 84 82 50 69 70 47 69
t 67 57 46 68 65 61 59 84 79 83 76 74
t 84 90 80 76 65 62 82 86 90 60 81 45
t 64 76 61 76 63 48 54 56 81 84 90 80
t 3 15 746 18 9 8 16 25 10 4 9 22
t 725 8 21 4 15 7 20 10 3 5 6 4
t 77 64 74 45 89 72 83 49 83 54 66 81
t 24 18 13 25 14 10 7 24 3 716 17 15
t 74 68 46 84 88 88 61 46 46 65 46 67
t 9 721 7 7 11 6 22 17 4 16 6 25
t 61 77 83 50 89 65 49 54 80 68 55 50
t 47 87 65 61 82 86 55 76 75 88 72 73
t 5 17 717 19 5 23 9 21 4 2 15 23
t 8 722 5 13 12 21 8 2 21 8 22 3
t 81 49 75 47 52 57 52 82 55 85 72 74
t 79 55 62 61 51 75 86 75 58 51 51 57
t 65 89 49 81 49 61 64 61 67 56 90 76
t 739 1 15 22 16 24 18 4 16 11 16 10
t 22 23 15 16 14 22 11 9 13 23 712 21
t 14 23 7 25 24 14 734 15 20 20 25 18
t 57 59 80 60 46 82 72 59 66 56 58 60
t 68 51 52 70 53 49 63 49 61 48 62 67
t 24 20 20 5 7 25 14 21 8 729 25 13
t 50 55 50 77 47 78 53 62 74 48 49 50
t 54 55 78 77 72 70 67 76 79 66 74 77
t 3 19 14 740 14 6 3 24 5 19 9 14
t 59 47 64 84 82 81 60 69 77 61 63 50
t 13 6 1 22 15 21 12 12 3 712 22 21
t 48 49 81 49 76 90 65 87 63 71 88 88
t 49 63 50 88 46 70 75 74 47 63 46 83
t 86 66 52 68 75 77 75 89 69 86 73 81
t 23 5 17 19 1 1 19 721 5 11 21 7
t 10 720 25 16 24 1 2 2 5 15 15 4
t 83 84 82 87 90 65 55 80 88 65 48 79
t 52 80 90 76 67 56 71 64 77 55 90 86
t 79 65 63 76 81 71 78 78 55 90 82 75
t 19 8 10 13 7 19 13 13 730 19 23 5
t 6 19 17 748 9 11 23 7 24 10 19 13
t 61 79 48 84 52 59 88 57 69 55 47 45
t 72 71 70 75 87 59 90 86 66 65 82 50
t 22 9 712 20 2 24 19 15 7 22 6 16
t 6 712 1 19 12 10 3 6 7 3 21 8
t 20 9 18 5 9 7 23 713 20 25 19 6
t 19 12 9 719 19 12 3 9 9 5 14 24
t 2 18 12 726 6 18 3 8 19 20 1 6
t 20 25 8 18 724 15 4 20 6 10 1 1
t 56 62 52 89 72 48 83 64 60 65 84 65
t 2 20 20 14 13 18 2 714 1 25 22 1
t 74 75 54 48 70 77 80 77 51 60 62 69
t 22 9 1 5 1 5 14 10 2 11 719 1
t 47 49 70 83 54 70 70 80 64 49 82 54
t 11 738 1 15 20 3 9 13 24 9 10 9
t 70 62 82 80 68 63 67 67 60 46 81 78
t 14 5 1 1 739 19 23 10 2 14 8 23
t 85 69 86 55 70 46 58 48 73 58 87 89
t 78 62 81 77 71 77 72 55 67 77 73 73
t 52 82 82 86 56 52 80 77 65 67 83 89
t 67 87 72 63 77 73 76 52 68 74 65 54
t 90 66 46 60 47 67 82 80 50 85 73 50
t 50 46 62 70 56 77 47 73 64 80 63 56
t 53 86 88 47 46 58 47 74 90 65 49 60
t 22 19 9 7 23 9 748 13 3 16 8 14
t 11 21 726 21 18 21 23 20 5 9 24 19
t 68 45 61 86 52 47 79 69 83 88 74 86
t 12 10 7 16 17 18 14 14 24 731 10 6
t 76 58 75 83 61 50 78 64 50 74 63 78
t 58 53 67 69 50 77 50 90 88 62 90 82
t 63 65 79 74 52 55 71 66 47 58 84 67
t 21 3 8 4 7 9 8 749 23 7 13 2
t 64 89 76 65 56 64 90 78 72 74 87 73
t 74 87 87 48 55 88 50 62 89 87 59 81
t 73 60 46 88 50 52 58 77 82 60 84 63
t 56 74 89 84 54 77 48 90 63 54 61 81
t 25 3 11 9 22 734 20 5 22 22 18 17
t 25 19 3 18 4 23 737 20 7 13 14 16
t 69 78 78 61 84 63 56 65 72 81 76 58
t 79 76 69 76 84 53 78 58 49 73 86 79
t 22 19 2 5 10 1 25 23 21 18 17 712
t 13 18 1 10 7 6 716 15 9 20 2 18
t 13 24 25 25 2 15 23 9 743 15 20 24
t 22 7 11 11 9 2 6 9 19 7 749 15
t 75 47 52 77 56 56 86 77 46 84 71 90
t 15 7 15 9 3 741 5 14 13 2 7 11
t 10 18 13 717 10 21 13 16 5 7 14 16
t 76 57 64 81 56 46 66 79 69 89 63 87
t 84 61 66 77 58 66 68 86 68 47 67 66
t 21 1 15 737 4 2 23 14 23 5 17 24
t 47 60 60 59 68 72 59 87 53 62 50 85
t 16 3 22 14 17 22 716 13 21 12 20 3
t 9 19 14 8 715 15 20 9 13 15 7 17
t 47 77 51 48 56 62 79 71 74 61 86 62
t 20 12 24 10 739 22 1 11 15 11 4 15
t 55 49 90 58 55 66 75 52 53 65 70 47
t 83 76 49 82 78 51 45 85 72 45 89 84
t 1 13 23 11 5 15 12 7 730 9 18 18
t 52 78 85 90 64 84 66 56 82 70 61 75
t 5 16 4 714 22 5 15 12 7 11 11 14
t 2 2 22 716 8 9 22 7 16 22 13 9
t 24 716 13 9 23 4 9 6 24 1 17 6
t 20 737 22 6 13 21 16 2 12 17 24 22
t 90 79 84 47 64 85 59 66 61 61 54 50
t 70 50 64 84 84 79 81 66 61 62 74 45
t 63 86 75 84 80 85 72 75 75 56 53 78
t 71 48 63 88 60 66 53 61 79 88 59 83
t 71 60 53 86 66 45 55 54 67 46 71 51
t 68 56 64 84 62 77 84 75 60 73 54 79
t 55 72 68 56 81 89 52 53 84 67 81 56
t 734 6 17 9 17 9 9 8 24 7 20 17
t 25 19 2 6 2 23 20 743 11 20 14 12
t 17 10 14 2 19 9 20 4 4 728 1 3
t 70 59 88 50 59 52 69 82 59 81 49 59
t 77 55 65 70 72 61 69 88 65 52 62 71
t 55 87 89 46 79 73 55 65 71 71 60 84
t 74 56 67 53 86 90 75 74 77 87 65 60
t 58 72 65 83 82 88 56 85 82 49 66 68
t 4 1 12 16 13 744 25 23 19 1 15 6
t 2 24 12 21 715 4 15 11 5 9 21 18
t 76 51 45 81 84 58 51 67 54 52 52 65
t 23 6 4 20 23 18 22 6 738 1 21 22
t 84 88 64 54 82 48 45 69 84 77 46 71
t 66 59 78 83 90 69 79 55 59 62 84 81
t 19 25 13 25 2 6 722 22 14 5 14 1
t 59 83 89 65 63 48 90 51 52 81 63 70
t 76 46 73 75 71 85 78 62 79 69 64 79
t 85 74 73 73 76 89 64 90 89 66 71 63
t 63 87 86 50 59 77 80 68 66 82 53 83
t 17 5 1 18 7 23 3 3 721 6 25 18
t 72 61 81 85 69 74 77 82 52 49 62 77
t 51 59 81 49 63 80 47 72 49 79 49 75
t 55 64 62 57 88 53 90 81 87 51 55 75
t 25 725 3 6 23 15 8 20 13 9 3 7
t 84 84 86 63 46 89 59 45 66 78 81 61
t 745 14 11 23 2 8 5 8 13 22 14 2
t 85 86 65 50 58 68 66 65 66 90 73 83
t 724 12 14 22 15 25 1 20 14 8 21 20
t 80 75 83 83 50 62 86 62 64 81 76 77
t 67 58 84 48 52 70 50 62 47 53 65 66
t 739 4 13 9 25 22 23 16 19 7 13 18
t 21 8 16 4 13 2 13 13 17 6 20 734
t 82 72 47 52 50 77 65 48 59 90 49 67
t 2 23 6 18 11 23 18 25 736 2 24 5
t 46 67 64 90 78 85 49 49 58 60 80 63
t 16 11 2 3 22 4 748 8 2 7 22 11
t 51 78 78 60 65 79 71 53 59 60 61 48
t 8 7 17 17 8 14 7 5 2 5 15 740
t 7 18 23 11 6 20 1 19 3 21 7 742
t 70 76 65 87 62 76 70 51 45 86 81 88
t 69 65 69 71 56 79 52 74 46 76 74 45
t 88 69 84 75 57 57 77 62 88 77 73 60
t 51 70 70 72 90 45 88 61 78 88 75 55
t 20 18 20 8 740 22 2 1 20 1 24 3
t 73 78 67 56 55 73 62 64 62 45 74 68
t 16 15 23 19 2 20 725 25 11 15 14 14
t 87 79 48 81 78 50 51 48 62 55 61 79
t 46 81 81 46 49 87 87 75 80 88 58 77
t 82 85 56 89 65 45 73 58 60 72 56 64
t 90 53 63 80 65 62 56 88 58 78 56 81
t 62 76 75 88 73 46 56 88 78 88 87 65
t 9 4 9 22 3 4 15 22 25 744 13 4
t 45 76 63 88 46 77 48 75 69 58 88 80
t 23 12 16 8 1 2 10 6 17 16 10 735
t 52 77 45 75 45 49 56 48 56 51 80 68
t 24 14 2 16 744 9 23 18 14 17 3 23
t 48 72 84 55 66 76 61 55 63 86 52 77
t 52 78 80 61 70 80 85 57 79 62 84 79
t 3 719 19 7 16 11 11 6 2 3 19 14
t 72 77 67 90 58 57 53 53 76 53 55 59
t 49 54 67 45 49 48 90 75 61 77 50 87
t 49 47 67 90 68 85 88 74 67 62 80 69
t 15 2 21 7 5 17 17 5 728 10 3 8
t 9 7 22 3 726 5 5 6 17 5 21 11
t 63 84 66 52 56 83 78 52 57 56 53 82
t 4 3 7 748 2 11 18 20 7 19 24 5
t 9 3 4 5 728 25 5 8 20 5 25 23
t 66 51 76 63 67 69 81 70 83 51 73 63
t 22 12 12 717 16 12 5 22 5 8 4 15
t 13 6 19 4 6 16 14 743 10 23 10 19
t 78 76 49 82 76 76 53 55 64 86 57 65
t 19 4 2 11 9 9 21 19 7 727 20 15
t 65 45 54 61 64 69 45 54 50 55 90 81
t 19 17 724 1 18 16 24 12 14 20 11 17
t 57 82 80 72 58 69 49 78 48 69 90 65
t 70 80 48 63 57 79 82 48 47 89 84 74
t 4 20 18 17 22 715 21 9 21 16 6 16
t 47 71 90 74 82 85 85 53 78 59 89 88
t 62 69 47 58 82 58 76 46 80 87 48 81
t 78 55 88 68 70 78 46 88 81 90 54 65
t 49 63 69 84 51 68 69 50 85 51 74 87
t 55 72 70 90 57 80 70 53 50 85 49 60
mb
t 23 18 17 4 21 11 16 20 19 8 741 8
t 52 70 80 70 46 89 84 90 68 89 52 52
t 51 84 71 71 71 64 68 76 59 62 48 89
t 72 54 48 69 54 47 52 59 62 77 80 72
t 19 710 22 12 16 1 6 22 20 1 1 12
t 8 12 9 25 17 8 12 19 739 24 9 23
t 55 87 53 82 81 51 73 90 82 64 47 86
t 5 21 714 9 15 23 23 6 9 10 24 5
t 20 7 733 11 21 23 11 23 23 10 5 10
t 84 60 79 88 45 88 87 51 57 59 85 61
t 2 5 15 23 17 22 24 14 1 10 13 749
t 16 7 717 12 13 1 13 21 4 24 20 16
t 15 10 9 712 4 24 6 12 15 2 2 25
t 86 84 68 83 74 82 78 86 80 85 62 70
t 10 18 19 737 19 19 25 8 6 19 18 7
t 74 50 83 89 74 59 59 70 50 57 74 61
t 74 66 50 88 71 45 64 68 54 80 63 84
t 86 74 73 77 68 72 50 48 74 83 46 66
t 70 81 77 61 84 59 87 79 64 76 50 48
t 10 14 19 22 747 8 8 3 15 18 1 1
t 68 88 48 80 59 89 88 51 90 60 50 49
t 24 23 1 13 9 20 722 13 14 2 10 17
t 12 23 17 1 6 25 2 743 23 3 21 8
t 67 57 68 86 80 55 60 65 48 78 84 48
t 52 45 62 86 76 52 47 51 80 88 69 90
t 743 2 9 16 6 5 13 22 17 13 2 3
t 67 80 62 55 69 50 88 51 74 76 53 90
t 53 58 45 56 45 55 67 66 51 73 69 55
t 11 2 22 6 733 23 24 17 20 16 18 18
t 64 72 85 62 51 56 72 77 90 87 76 84
t 70 45 69 55 47 88 84 62 78 82 77 51
t 65 45 57 79 84 75 75 86 48 52 48 80
t 88 48 72 73 71 82 75 87 87 55 83 77
t 73 47 89 47 46 55 62 59 75 59 87 85
t 6 2 15 6 22 18 720 22 5 1 7 15
t 76 68 68 80 80 86 67 75 54 71 67 82
t 61 85 49 56 81 70 46 59 77 70 57 81
t 71 50 83 72 81 53 49 88 60 52 77 52
t 89 45 71 68 48 59 50 89 85 70 57 81
t 61 73 49 89 66 76 56 45 54 62 53 74
t 85 46 53 47 73 69 85 62 45 49 74 69
t 61 72 70 77 57 71 60 79 78 81 63 78
t 51 89 68 79 79 74 53 83 85 68 80 52
t 4 10 13 1 19 6 23 25 743 16 24 4
t 56 50 63 49 62 81 73 76 84 75 65 83
t 65 76 71 69 50 60 60 66 70 88 82 56
t 70 48 65 88 62 52 88 49 65 73 62 78
t 13 4 6 18 24 11 729 22 10 7 7 8
t 75 63 50 74 52 66 51 65 47 55 75 54
t 46 70 88 51 69 88 88 82 54 76 77 83
t 10 1 22 24 5 7 16 1 22 20 13 724
t 1 3 18 11 10 18 5 7 5 17 16 727
t 59 89 66 59 86 63 77 75 77 65 88 56
t 74 61 57 75 75 57 54 58 89 69 51 83
t 25 3 5 20 1 8 7 738 14 8 22 3
t 56 90 86 67 76 68 88 57 50 88 58 46
t 4 20 13 22 25 20 5 14 4 7 9 728
t 78 74 55 53 75 73 83 61 48 48 63 86
t 73 49 65 86 54 80 68 80 61 49 87 75
t 6 14 23 18 5 1 24 1 730 25 13 7
t 14 719 5 16 4 11 8 12 14 20 9 13
t 60 51 57 89 79 57 83 80 51 77 60 72
t 66 88 62 76 54 58 57 46 84 71 66 48
t 73 67 64 74 82 87 57 90 72 90 49 70
t 53 55 64 82 53 55 52 78 79 56 82 62
t 8 5 22 8 18 733 12 4 5 16 9 25
t 88 79 48 54 76 87 88 70 57 76 87 50
t 1 22 9 714 1 12 10 21 4 10 9 13
t 81 46 65 54 53 74 51 80 52 84 61 65
t 65 89 61 54 78 57 70 61 89 66 64 57
t 54 46 70 82 81 88 55 57 68 49 86 48
t 79 77 47 48 67 70 66 47 60 86 59 58
t 25 25 719 8 18 17 11 11 7 19 3 2
t 81 74 54 64 71 45 47 79 50 57 54 51
t 74 88 85 59 70 67 60 82 63 59 63 58
t 15 8 18 736 11 20 25 14 25 25 8 11
t 5 4 8 7 20 18 6 9 721 3 5 19
t 21 19 19 9 1 14 25 741 10 4 2 14
t 14 2 14 4 9 7 13 5 18 24 25 749
t 8 739 13 24 8 25 17 4 2 21 14 3
t 65 60 70 80 79 79 68 79 88 86 87 66
t 13 21 6 11 10 724 25 12 16 11 18 14
t 58 72 74 45 83 60 54 69 85 57 79 60
t 67 90 81 88 64 88 47 55 70 71 80 52
t 742 18 12 25 17 16 1 17 14 8 1 24
t 62 57 56 51 57 65 82 70 68 79 87 81
t 89 75 89 80 58 62 62 59 59 80 69 60
t 60 59 51 53 65 61 88 88 87 59 57 46
t 72 54 61 87 75 45 70 77 48 54 65 78
t 79 48 53 48 52 49 51 87 85 84 63 60
t 2 19 17 21 10 4 723 23 1 21 14 6
t 25 9 712 12 18 8 19 5 16 3 4 9
t 1 4 6 22 23 15 17 17 12 719 23 2
t 60 66 51 64 72 81 49 60 57 86 63 88
t 7 22 11 19 3 1 17 1 18 738 15 13
t 745 15 4 2 5 8 17 22 1 11 21 15
t 17 2 18 15 14 3 712 11 6 9 5 20
t 81 89 82 69 69 56 78 48 74 66 83 48
t 21 21 14 21 12 8 2 14 9 4 742 15
t 20 5 1 22 15 712 1 7 23 4 25 20
t 67 60 84 65 50 84 56 85 45 66 84 55
t 64 50 69 82 49 62 84 47 56 89 78 51
t 12 16 12 10 17 22 7 746 14 11 4 20
t 77 64 45 64 83 49 46 86 71 73 71 85
t 11 10 15 2 6 3 13 714 14 25 11 15
t 23 11 5 6 20 18 3 724 25 10 17 22
t 9 25 742 24 6 6 15 15 14 22 2 25
t 64 85 55 54 47 48 66 45 88 79 64 52
t 7 2 21 8 13 8 15 738 16 12 1 10
t 72 80 74 59 84 68 45 76 51 46 48 72
t 72 77 72 62 50 89 84 84 75 60 76 80
t 4 17 10 12 713 11 6 9 5 2 1 10
t 46 62 61 74 78 75 68 56 55 82 47 51
t 59 73 80 65 59 52 60 71 57 49 78 46
t 87 86 50 48 88 46 80 51 82 74 84 76
t 21 13 23 3 13 18 17 19 727 15 6 23
t 1 12 14 20 21 18 4 732 5 15 7 1
t 1 19 1 20 749 2 17 24 10 13 5 16
t 14 3 17 733 7 22 10 22 25 9 6 3
t 1 18 23 23 21 17 723 21 14 12 15 18
t 78 78 69 61 49 47 88 52 63 49 71 71
t 87 65 74 79 65 74 57 54 46 52 82 71
t 23 9 24 7 5 17 13 727 20 5 23 24
t 68 65 57 85 84 46 65 60 81 57 63 90
t 48 65 61 82 51 85 64 83 71 55 83 82
t 90 66 73 82 51 54 50 77 89 90 78 82
t 1 8 13 3 9 14 15 21 3 4 725 24
t 79 90 50 74 60 89 59 50 66 81 52 66
t 2 15 1 20 14 4 21 9 6 747 7 17
t 87 82 67 64 48 80 71 52 84 84 74 59
t 5 11 23 8 2 15 18 13 20 733 17 25
t 90 70 83 88 90 48 88 59 58 71 80 67
t 21 12 10 16 8 15 25 738 8 8 6 10
t 2 16 721 4 25 10 15 4 15 9 11 10
t 62 75 62 55 67 85 67 59 79 56 45 67
t 52 70 83 49 58 82 47 75 78 70 86 66
t 1 2 5 20 16 18 19 21 13 8 23 725
t 64 88 47 87 72 81 69 56 80 67 74 76
t 63 58 65 69 89 65 71 76 81 65 86 58
t 743 6 20 9 14 3 10 5 5 25 2 15
t 46 88 57 46 47 62 79 55 56 70 67 69
t 25 24 17 7 16 13 9 6 10 4 1 720
t 22 16 14 6 1 16 715 1 10 13 13 16
t 8 9 23 21 8 13 7 10 727 7 4 19
t 83 84 61 86 73 80 69 67 52 74 50 55
t 17 18 13 24 5 9 742 21 10 8 25 4
t 14 11 20 1 20 4 725 13 17 24 23 19
t 71 79 80 61 89 62 46 80 74 61 76 61
t 8 19 16 20 14 19 17 22 4 17 723 24
t 13 12 16 14 6 21 15 3 712 25 7 8
t 7 14 25 10 22 749 13 22 2 4 16 21
t 4 1 25 20 13 25 11 25 7 4 721 8
t 78 78 46 50 66 57 58 71 83 53 81 89
t 5 4 12 20 22 14 744 17 24 19 16 8
t 83 45 76 87 88 62 79 70 80 61 88 80
t 22 4 732 10 1 9 23 22 9 19 14 14
t 82 48 50 76 74 61 45 84 74 84 54 50
t 82 52 70 73 70 59 50 63 70 66 88 86
t 22 739 22 16 4 6 2 1 22 8 14 16
t 80 62 88 67 72 84 77 85 51 78 69 71
t 69 76 65 69 46 56 81 79 86 76 55 53
t 22 15 11 20 8 5 7 732 19 23 15 22
t 23 11 721 23 20 1 22 15 22 21 10 9
t 65 61 64 47 68 53 77 67 53 67 83 55
t 732 22 9 15 6 12 16 21 8 23 18 24
t 16 738 21 12 11 19 14 24 2 15 16 2
t 22 715 24 8 4 23 3 17 15 5 25 18
t 79 77 78 51 74 90 63 54 70 52 51 88
t 51 45 62 56 85 46 75 76 68 52 62 80
t 56 68 76 47 70 61 53 54 65 74 90 80
t 56 89 64 68 56 72 67 68 67 75 71 84
t 45 84 47 59 71 71 86 74 54 90 80 57
t 66 60 57 58 62 90 52 84 84 76 65 83
t 15 2 23 740 1 11 21 13 11 21 15 9
t 49 83 49 67 62 88 85 69 67 67 62 55
t 49 63 50 66 52 82 84 69 89 87 90 45
t 70 67 46 49 83 67 63 83 72 63 70 57
t 66 49 69 49 49 75 58 85 85 80 51 80
t 66 81 50 88 82 60 60 66 75 45 81 85
t 19 6 6 5 15 15 734 5 1 21 20 24
t 87 76 89 47 67 69 81 45 76 70 49 46
t 25 19 15 16 10 20 16 22 736 19 4 2
t 63 85 49 77 74 66 83 85 69 64 63 67
t 7 13 10 25 24 16 8 9 744 19 10 2
t 58 52 76 73 87 79 70 58 66 50 74 63
t 746 7 14 6 22 7 9 9 8 7 4 4
t 14 21 20 729 22 23 24 21 17 1 1 13
t 19 12 15 9 16 12 12 18 9 2 25 726
t 80 83 64 65 65 66 65 61 72 55 83 65
t 25 1 1 18 735 16 19 3 9 17 8 24
t 59 46 65 60 64 65 69 72 74 76 74 53
t 16 4 18 20 20 718 6 19 12 15 11 14
t 54 66 77 52 69 77 75 84 71 56 90 68
t 5 15 22 20 18 13 23 1 17 16 6 732
t 1 4 732 19 19 16 19 18 22 10 23 20
t 17 19 11 741 7 14 25 22 14 24 8 9
t 87 45 50 55 59 56 51 60 84 88 57 85
t 4 16 11 25 2 17 25 23 15 735 24 4
t 81 73 85 59 65 81 83 54 74 58 60 79
t 15 18 20 6 4 19 5 25 12 9 11 714
t 10 9 22 2 746 2 8 8 7 7 6 15
t 52 86 53 73 52 71 76 76 84 47 45 48
t 2 9 5 1 2 2 18 21 25 9 722 22
t 5 18 2 16 717 12 19 7 12 10 16 5
t 72 46 48 67 78 68 83 58 72 52 45 74
t 59 89 79 51 48 79 82 57 77 72 71 63
t 48 84 74 65 84 74 68 55 45 70 70 69
t 59 77 58 78 74 60 66 50 58 68 52 82
t 88 52 75 48 47 75 56 80 75 72 72 49
t 53 55 47 62 51 53 64 82 72 56 66 48
t 17 4 24 6 19 4 21 16 722 22 4 11
t 82 59 64 57 46 68 45 82 47 67 83 89
t 68 45 48 51 52 57 46 66 88 84 74 51
t 87 90 81 69 71 59 65 78 87 50 62 58
t 2 3 21 18 23 723 25 13 10 15 4 12
t 3 23 24 22 3 10 13 23 20 20 730 10
t 75 77 84 77 82 49 90 64 54 73 47 65
t 67 86 81 75 50 55 57 47 53 52 62 50
t 17 15 7 9 15 745 22 1 22 16 13 19
t 22 20 13 737 6 19 24 1 16 3 21 19
t 67 52 83 87 80 75 45 56 50 59 83 50
t 50 67 47 68 72 53 88 80 87 56 70 51
t 56 69 67 60 83 67 50 48 89 61 53 46
t 14 11 713 22 23 3 10 8 1 16 14 5
t 77 73 64 67 83 57 48 79 74 81 88 66
t 20 13 14 21 5 12 745 14 1 24 23 11
t 59 62 68 84 77 49 85 59 47 46 56 69
t 16 10 18 24 715 8 11 18 15 24 16 16
t 21 24 7 24 24 24 730 3 13 20 11 22
t 25 21 21 7 10 24 716 15 13 10 17 13
t 23 9 12 5 17 3 21 18 1 4 24 740
t 25 17 743 24 6 20 3 7 22 16 22 9
t 46 84 57 52 71 63 69 49 83 85 47 82
t 87 54 75 54 61 64 73 75 78 80 60 77
t 12 14 21 12 744 3 5 25 19 14 1 4
t 61 84 86 76 88 70 54 60 62 86 85 61
t 45 76 86 87 86 50 45 45 50 52 68 70
t 77 79 48 67 86 82 59 75 55 61 85 86
t 67 88 71 88 80 73 53 55 90 83 48 62
t 69 69 65 50 67 84 72 71 83 53 88 80
t 66 56 77 55 87 88 72 75 86 78 71 90
t 14 9 731 10 12 1 17 12 16 6 3 14
t 16 23 19 21 18 1 13 4 20 21 22 719
t 15 721 4 4 11 13 23 2 5 6 1 10
t 63 78 58 64 48 79 58 58 81 59 55 84
t 77 68 67 58 77 72 53 87 76 68 64 85
t 75 63 54 52 64 51 79 63 48 78 61 48
t 67 69 64 87 71 73 64 49 81 66 66 73
t 24 13 9 11 2 23 11 2 13 25 21 729
t 53 88 57 69 65 87 80 65 63 47 76 75
t 722 7 13 20 9 18 14 12 21 17 18 8
t 19 713 19 20 21 4 4 18 12 14 15 17
t 6 3 10 722 23 12 11 21 17 16 10 25
t 3 7 25 10 14 19 7 1 9 724 22 16
t 3 22 12 11 19 10 12 747 19 15 4 16
t 57 83 60 75 67 52 55 56 57 67 71 88
t 90 73 48 65 58 54 85 69 75 85 60 48
t 78 88 84 45 57 58 58 45 55 74 82 53
t 14 721 18 8 5 21 5 16 7 23 6 6
t 84 65 84 72 65 64 64 82 54 88 60 63
t 80 87 88 65 81 87 89 71 73 75 57 64
t 47 47 73 66 54 65 49 87 82 49 86 58
t 71 87 84 65 58 49 70 89 75 70 69 79
t 12 12 23 19 8 20 23 738 19 11 4 21
t 63 69 80 87 50 47 46 80 54 69 60 66
t 22 18 25 7 9 25 18 10 12 734 14 6
t 67 84 51 80 56 81 85 77 80 78 50 46
t 81 51 78 66 78 48 73 63 62 71 87 83
t 54 66 82 72 69 79 55 47 67 68 77 55
t 18 23 9 1 5 9 14 6 716 10 8 12
t 59 59 86 89 83 68 62 54 76 47 51 79
t 76 62 74 54 75 79 45 50 76 66 66 48
t 51 49 63 47 74 55 86 58 69 45 70 71
t 71 79 75 55 51 73 75 61 54 78 84 65
t 11 7 15 12 716 13 19 3 14 6 11 14
t 13 8 22 15 9 17 15 25 21 7 748 15
t 66 68 62 79 79 79 71 73 69 56 80 60
t 13 8 20 1 25 21 11 25 718 10 20 24
t 76 50 85 77 82 57 45 64 52 60 57 89
t 1 25 10 2 6 22 20 714 10 7 23 5
t 17 21 726 1 9 2 9 13 8 10 9 18
t 1 9 731 1 24 25 2 22 14 6 19 19
t 13 15 7 13 21 19 739 5 2 2 13 19
t 79 58 67 87 82 68 58 64 48 83 69 66
t 75 84 46 48 73 82 53 67 46 85 47 46
t 59 85 80 82 48 69 82 47 60 62 60 58
t 14 19 14 25 6 10 23 11 740 22 1 18
t 67 61 73 47 56 62 71 62 52 84 88 86
t 60 75 51 45 49 51 67 89 71 60 88 56
t 63 85 90 89 51 84 81 78 78 89 70 84
t 58 68 59 80 79 87 71 74 63 86 84 55
t 45 52 90 79 65 60 50 89 48 78 79 82
t 732 1 11 15 23 16 6 8 20 25 2 24
t 740 10 6 13 23 24 25 25 9 17 6 24
t 69 78 84 74 88 63 52 82 80 77 64 80
t 72 79 57 61 46 60 69 48 79 60 50 85
t 80 88 52 81 45 52 85 73 76 86 66 87
t 13 729 9 2 6 21 12 4 18 1 6 14
t 69 86 64 61 63 46 56 67 45 76 46 81
t 70 87 53 54 88 48 69 87 73 50 61 88
t 16 2 12 25 12 24 10 3 724 15 15 12
t 56 51 57 55 65 80 54 67 62 86 74 83
t 13 15 13 23 749 8 11 23 7 4 19 1
t 16 1 11 2 9 743 25 16 21 2 24 4
t 18 25 2 20 2 12 20 7 20 24 20 742
t 45 67 61 64 45 81 57 46 80 48 86 87
t 68 52 51 73 68 55 87 77 55 71 80 68
t 14 5 4 15 718 23 24 16 15 19 18 11
t 741 13 23 24 23 24 19 12 1 15 15 20
t 7 3 25 15 20 23 14 14 7 746 20 21
t 5 25 9 743 10 12 11 23 23 17 7 12
t 56 67 69 60 66 69 48 85 45 59 69 55
t 85 51 63 59 90 55 84 66 51 45 73 48
t 89 85 80 87 46 76 58 62 56 77 73 75
t 54 52 58 54 50 63 81 71 77 88 61 75
t 2 16 19 12 7 716 20 25 23 14 9 5
t 59 71 72 52 55 69 58 59 46 79 72 72
t 55 90 64 89 70 47 71 75 86 70 70 64
t 25 16 16 12 12 6 9 3 23 25 740 13
t 13 19 15 22 7 14 710 24 17 1 7 12
t 25 11 13 737 24 5 6 21 9 3 16 22
t 81 55 57 66 57 54 90 67 48 78 80 50
t 45 90 59 73 50 52 76 72 63 80 66 62
t 45 73 86 81 61 58 66 66 82 68 73 46
t 745 10 11 13 23 11 23 22 24 4 9 23
t 15 735 12 18 1 11 22 13 11 16 20 15
t 721 8 16 22 2 20 21 5 21 21 8 10
t 1 11 9 24 15 22 20 16 19 731 1 3
t 65 63 84 88 73 84 67 70 64 48 55 72
t 65 62 87 87 90 46 76 59 87 55 82 67
t 71 60 60 76 59 76 64 50 75 53 85 81
t 19 24 15 11 14 16 4 2 2 2 9 726
t 54 55 52 85 60 56 54 75 60 48 55 64
t 10 6 5 24 11 9 6 18 18 734 4 3
t 63 49 58 47 68 56 83 66 49 61 63 63
t 76 51 90 80 74 61 77 68 78 69 60 87
t 78 64 74 83 49 85 72 82 84 70 76 51
t 56 77 64 90 51 54 70 60 66 90 57 62
t 87 52 58 67 74 80 88 77 62 54 53 58
t 51 65 56 51 53 66 58 76 75 61 57 60
t 20 749 17 5 25 6 23 8 8 17 12 2
t 22 1 4 15 22 11 8 25 15 14 10 710
t 8 10 10 13 14 743 4 22 1 23 2 7
t 10 1 18 23 20 18 13 15 9 748 7 9
t 53 79 71 68 86 62 80 53 61 88 45 45
t 73 48 66 48 50 66 85 70 62 71 86 73
t 48 66 62 63 52 65 59 87 52 69 69 58
t 67 83 64 47 56 48 62 57 48 85 59 62
t 8 5 729 23 3 3 23 19 19 10 23 24
t 72 59 46 79 46 65 60 55 69 46 70 68
t 87 66 62 86 62 48 52 63 59 58 65 82
t 67 60 72 82 67 58 82 78 81 55 82 46
t 17 19 1 18 24 738 5 25 21 5 8 2
t 12 20 10 16 24 6 14 3 1 22 722 7
t 80 48 87 77 57 47 72 57 64 49 79 62
t 6 15 16 6 14 3 23 742 1 18 17 24
t 57 90 72 68 82 51 82 54 64 77 45 60
t 56 72 71 57 88 65 51 82 82 90 51 84
t 62 52 80 51 59 58 86 69 79 76 77 86
t 66 78 56 46 50 57 71 66 82 47 88 68
t 9 22 2 22 7 718 10 19 4 10 19 3
t 746 17 3 13 19 4 20 8 19 12 3 10
t 87 47 50 78 78 60 77 54 75 62 69 45
t 18 8 18 11 23 3 1 8 4 3 730 11
t 19 11 16 20 721 16 8 4 16 25 4 16
t 60 59 51 73 68 52 59 78 60 60 66 79
t 20 17 11 19 25 21 10 20 6 8 1 726
t 90 46 85 89 63 86 63 84 66 88 89 50
t 80 56 57 63 86 82 81 70 87 87 54 70
t 77 87 74 61 65 48 50 46 69 53 90 66
t 72 64 58 49 67 74 81 48 89 45 82 83
t 46 87 84 55 53 84 59 84 51 60 56 50
t 86 57 77 77 75 48 63 89 56 90 49 74
t 72 77 61 70 56 56 74 50 83 65 65 71
t 64 57 72 82 55 48 74 47 73 55 57 80
t 64 71 46 58 49 82 87 73 82 88 63 50
t 85 83 59 76 55 61 71 83 67 62 71 46
t 16 4 7 23 21 15 7 11 14 19 10 748
t 63 74 48 90 62 51 86 66 89 63 85 76
t 83 62 67 68 45 77 49 77 69 75 87 60
t 89 51 73 52 61 71 75 62 65 81 50 55
t 86 63 81 66 61 57 84 78 88 86 78 76
t 55 53 72 67 73 45 58 73 64 72 46 64
t 71 73 49 75 65 79 87 73 72 50 89 82
t 65 48 68 79 62 46 62 48 74 68 51 81
t 84 78 50 78 71 59 69 85 88 70 71 58
t 83 59 53 60 66 83 56 62 59 76 88 65
t 2 16 2 722 20 13 6 11 6 22 5 11
t 17 25 11 24 21 711 6 3 5 4 15 4
t 80 76 83 67 63 73 80 77 54 46 81 89
t 50 46 64 65 87 64 59 58 55 86 78 72
t 10 15 21 718 16 14 1 18 14 4 16 13
t 7 18 4 9 14 23 18 21 734 17 8 10
t 67 77 68 67 83 49 53 49 86 85 56 51
t 53 71 74 53 75 77 82 62 88 72 76 83
t 60 57 81 78 71 45 61 80 51 53 59 88
t 58 76 69 47 56 52 61 75 69 74 45 46
t 58 55 64 66 79 61 85 52 61 75 70 75
t 70 49 55 47 65 71 50 61 88 75 76 77
t 20 9 710 18 17 20 20 6 3 24 12 3
t 718 3 3 7 17 21 23 8 1 7 2 21
t 24 18 25 6 2 8 22 8 16 726 5 7
t 48 61 89 45 70 77 67 48 83 65 81 50
t 5 3 13 20 17 729 8 20 12 16 12 15
t 71 81 90 84 89 70 63 46 79 76 88 46
t 11 14 23 11 12 746 3 9 23 2 16 7
t 59 81 54 45 48 62 51 80 62 46 78 54
t 53 54 80 84 58 64 77 75 88 54 66 59
t 79 46 88 57 88 67 58 90 75 61 83 71
t 1 21 6 5 4 5 25 4 23 8 742 19
t 77 84 87 80 67 83 89 78 80 63 76 71
t 55 86 53 63 73 45 68 82 80 58 82 60
t 25 16 6 4 16 23 3 714 23 16 11 14
t 52 76 88 53 83 89 48 85 69 52 67 77
t 74 81 52 87 49 54 86 56 72 51 59 83
t 65 51 59 55 87 52 49 83 58 76 80 69
t 83 73 83 52 55 82 53 60 49 56 52 83
t 81 55 53 88 55 84 88 83 86 67 75 46
t 69 83 67 78 90 49 77 52 63 69 82 49
t 22 4 742 4 21 5 3 21 11 11 8 11
t 60 46 63 46 65 63 60 88 63 80 48 47
t 81 59 72 86 57 64 69 61 57 51 54 61
t 73 55 52 87 86 83 53 79 69 79 62 68
t 5 17 6 1 23 11 10 9 724 21 6 8
t 5 8 10 14 736 20 16 17 14 1 25 6
t 75 76 82 75 88 83 77 57 83 83 86 87
t 66 69 50 46 62 57 75 73 73 86 65 88
t 65 51 53 66 68 90 79 81 76 59 72 61
t 8 22 6 15 732 18 23 8 25 16 7 3
t 16 19 9 2 9 24 13 746 6 8 15 4
t 79 83 62 73 60 69 53 58 75 82 65 65
t 90 80 80 62 59 86 67 65 57 53 50 90
t 12 11 15 7 9 6 739 19 25 17 11 1
t 89 75 85 90 56 74 57 66 82 50 51 74
t 3 19 1 18 18 730 25 2 15 8 23 7
t 65 76 86 57 62 88 63 77 74 76 47 72
t 11 13 21 4 16 6 5 18 2 24 19 741
t 47 48 45 79 54 70 67 83 48 48 84 50
t 22 23 3 7 716 22 2 3 5 5 10 20
t 80 85 58 50 64 52 77 64 89 80 74 82
t 24 2 18 2 10 13 9 4 725 7 9 11
t 85 90 73 66 50 79 56 84 80 69 81 75
t 7 721 11 18 15 21 18 9 24 18 3 19
t 84 75 68 46 45 68 84 54 89 63 75 78
t 73 65 55 50 89 66 90 73 90 61 46 55
t 24 6 6 5 11 733 10 25 25 19 16 7
t 12 16 9 18 6 18 1 6 3 748 20 25
t 49 90 68 47 89 58 86 68 57 81 77 77
t 56 66 88 65 89 90 77 76 70 45 88 45
t 1 25 1 10 16 19 25 18 2 7 16 717
t 20 7 724 3 17 9 20 10 12 15 15 8
t 90 52 46 81 58 66 49 52 56 55 87 52
t 85 87 71 60 48 90 56 45 74 63 82 66
t 53 75 59 72 71 59 64 79 90 87 50 63
t 80 63 68 64 87 61 57 54 68 77 57 82
t 45 63 45 60 68 90 61 78 77 81 67 51
t 48 45 57 73 58 60 73 89 51 67 47 57
t 60 66 90 59 55 76 81 82 74 61 78 49
t 68 48 78 61 49 61 55 66 48 73 48 73
t 75 80 62 56 55 49 51 51 77 90 70 76
t 23 11 19 23 1 20 23 20 747 20 10 24
t 79 49 45 85 51 52 45 48 78 88 55 71
t 2 23 741 24 8 4 25 16 23 17 1 10
t 4 21 13 6 14 16 25 20 746 19 2 6
t 87 87 64 86 87 77 87 76 73 75 57 72
t 71 90 55 45 55 84 46 46 75 46 60 78
t 24 9 4 730 17 8 10 11 3 22 18 14
t 52 53 69 68 78 71 64 86 72 78 69 60
t 24 6 14 20 738 17 4 22 7 13 8 8
t 21 11 24 732 5 16 17 8 23 23 9 21
t 10 19 732 1 7 6 19 2 19 5 6 7
t 72 83 46 89 57 48 79 66 52 80 86 75
t 3 746 22 21 15 3 1 21 16 14 4 4
t 5 730 9 15 1 12 20 24 22 2 18 19
t 10 21 13 733 8 6 23 15 6 3 21 22
t 48 90 57 52 74 61 59 64 89 64 89 67
t 6 9 736 16 2 25 2 12 17 9 12 22
t 8 4 1 5 718 11 8 2 16 23 16 19
t 737 1 18 22 18 21 2 9 4 22 5 11
t 24 20 24 8 20 11 15 710 7 5 7 21
t 14 6 13 24 6 22 12 10 13 19 24 719
t 90 67 66 52 72 66 74 62 83 55 81 82
t 82 90 62 68 84 66 78 48 79 70 57 54
t 736 24 2 18 2 22 10 12 3 2 11 21
t 9 25 24 3 12 727 8 9 2 14 2 15
t 24 23 25 11 2 19 19 17 20 23 712 20
t 69 61 56 63 84 45 58 75 74 54 72 87
t 744 12 5 19 7 21 24 20 10 17 14 10
t 23 12 9 24 9 6 746 23 19 10 19 25
t 46 47 70 60 47 70 78 54 53 68 72 76
t 13 7 12 736 18 24 9 24 8 6 18 4
t 76 47 55 47 85 65 59 46 53 46 54 80
t 23 18 21 14 725 16 3 6 18 8 10 12
t 3 2 5 25 2 2 18 4 9 12 15 736
t 70 80 74 46 63 78 86 52 56 74 89 89
t 83 60 52 78 65 77 51 63 74 65 53 52
t 21 731 15 15 13 23 2 14 21 12 15 22
t 3 2 24 8 18 21 7 20 734 25 7 15
t 79 74 60 55 68 52 84 84 78 68 47 73
t 60 60 50 88 80 81 73 75 74 48 75 67
t 80 49 78 84 64 61 75 83 63 83 86 61
t 82 52 64 81 62 47 45 77 82 53 73 55
t 11 21 13 6 3 10 23 21 19 18 23 736
t 78 63 75 64 85 54 86 80 77 67 62 79
t 16 21 6 10 22 5 1 20 746 16 8 1
t 8 15 7 5 12 16 5 15 6 737 4 1
t 25 18 10 25 25 737 20 23 11 9 3 10
t 70 71 66 72 61 89 74 49 59 79 70 69
t 51 67 64 75 80 49 73 55 77 79 65 61
t 49 52 81 65 48 67 76 77 71 69 71 76
t 18 21 1 6 24 7 25 1 22 18 742 8
t 71 47 66 59 79 61 65 56 79 77 48 76
t 15 8 2 24 16 21 7 719 2 24 1 2
t 19 4 11 21 25 20 17 25 18 15 9 715
t 4 21 23 2 24 747 9 21 24 3 21 5
t 3 4 10 18 12 4 727 1 24 12 10 25
t 68 51 49 81 57 57 57 86 85 82 56 45
t 20 4 13 22 737 7 2 13 23 16 21 2
t 14 720 4 23 16 12 11 4 1 11 12 10
t 21 8 13 2 15 20 9 18 14 742 2 21
t 13 20 749 10 23 6 10 2 15 21 21 13
t 57 58 85 80 75 69 52 83 73 69 84 71
t 89 51 50 76 81 84 76 58 81 72 87 51
t 88 85 51 70 88 86 88 68 69 62 58 55
t 10 1 16 22 5 24 4 9 3 8 9 730
t 727 7 13 15 17 8 22 11 19 3 18 25
t 77 85 64 56 59 54 81 72 54 90 85 78
t 61 76 89 74 87 47 45 56 51 51 70 58
t 16 17 22 16 24 14 3 23 6 19 12 720
t 49 61 49 63 77 68 55 66 73 46 65 66
t 7 25 1 1 6 13 8 7 724 2 12 5
t 64 52 63 62 68 64 63 65 82 82 57 82
t 3 10 3 24 18 20 714 5 13 5 17 15
t 3 13 739 24 11 16 18 13 5 13 7 4
t 46 51 48 51 60 62 76 85 72 47 61 53
t 70 48 59 89 49 88 45 68 53 53 69 66
t 71 55 74 77 76 79 82 67 73 67 70 89
t 16 24 15 740 8 4 5 21 20 2 7 12
t 65 77 48 55 77 62 56 57 55 55 88 68
t 52 65 60 73 48 58 51 57 68 89 84 54
t 60 89 78 74 47 77 77 48 63 70 63 80
t 83 56 78 47 60 75 63 87 73 80 47 45
t 2 22 16 737 17 7 13 11 24 21 3 24
t 6 12 24 18 7 23 5 5 19 718 4 25
t 53 56 59 86 80 89 86 78 84 61 79 60
t 72 84 50 78 82 68 47 88 69 49 73 70
t 67 45 87 77 47 77 77 59 72 62 46 48
t 3 7 1 25 17 15 22 11 14 18 15 723
t 78 67 46 62 90 67 67 47 45 83 50 64
t 6 18 21 1 2 7 16 16 7 12 3 734
t 63 71 67 77 83 83 56 82 88 47 76 73
t 3 14 22 5 16 17 3 743 21 9 19 1
t 59 51 50 89 51 63 55 51 67 61 61 77
t 2 6 19 16 7 11 12 728 11 2 13 1
t 69 56 58 79 72 58 52 46 73 84 46 53
t 67 64 67 87 87 53 46 86 62 69 52 85
t 13 7 10 716 22 10 6 5 22 9 2 11
t 24 1 11 14 7 16 3 24 25 13 9 724
t 72 58 58 80 84 62 81 47 71 68 75 62
t 13 17 21 10 11 17 710 5 21 2 2 12
t 19 16 7 12 5 18 11 24 5 10 11 733
t 19 25 10 15 9 1 23 14 8 748 22 18
t 17 22 743 9 16 17 6 21 16 5 19 14
t 731 25 4 7 16 22 17 8 17 11 20 9
t 56 88 75 57 61 85 51 61 67 50 63 65
t 85 54 63 51 79 60 77 54 62 78 80 51
t 89 78 86 59 85 58 81 55 86 83 70 50
t 71 88 64 82 57 84 65 62 62 45 79 65
t 69 82 83 57 64 89 89 82 75 68 50 65
t 85 71 76 76 88 59 48 46 84 68 62 82
t 1 13 21 8 11 22 14 4 16 739 4 22
t 70 76 88 81 71 62 78 56 85 73 49 45
t 55 78 86 57 84 82 60 67 89 54 74 71
t 82 78 47 81 71 53 75 83 53 54 80 67
t 53 72 62 50 48 64 62 53 71 64 61 61
t 69 87 77 60 54 74 58 76 86 85 78 82
t 58 89 65 53 87 75 79 62 75 76 85 80
t 68 90 84 63 74 82 49 62 71 48 81 46
t 23 3 25 1 735 9 18 2 4 19 4 11
t 21 16 14 17 1 20 18 719 5 17 16 20
t 58 64 77 78 89 66 59 83 67 48 69 75
t 7 19 741 14 11 6 6 6 19 17 7 20
t 25 16 7 18 16 15 6 16 19 15 21 748
t 61 80 51 52 49 69 46 87 61 57 71 61
t 53 88 52 70 47 81 45 71 79 62 80 63
t 748 20 12 17 3 5 17 10 4 12 9 6
t 83 58 48 48 70 77 89 50 45 64 71 49
t 53 45 49 50 52 82 76 75 76 63 54 67
t 88 49 45 63 67 86 90 64 58 58 79 87
t 63 49 71 54 76 90 46 81 55 58 65 73
t 17 2 25 7 18 18 20 4 711 19 23 14
t 19 17 10 18 20 13 6 17 11 18 712 4
t 79 65 77 51 46 56 84 52 63 72 59 71
t 23 13 6 18 13 728 9 12 10 9 21 18
t 65 82 76 45 58 74 78 87 75 85 85 62
t 12 2 21 2 16 21 6 5 710 4 6 3
t 67 64 58 69 54 86 65 78 58 80 84 81
t 2 19 4 15 20 11 15 18 23 10 724 21
t 19 15 19 739 12 9 1 3 4 2 23 21
t 86 79 54 46 54 84 86 90 66 83 76 85
t 24 23 24 17 21 13 12 726 7 15 23 7
t 83 56 52 66 57 48 46 85 72 52 66 65
t 50 59 89 56 83 86 79 89 89 78 74 74
t 76 47 59 65 51 66 65 87 49 80 84 53
t 7 25 13 11 21 16 10 736 19 14 15 4
t 61 60 52 87 56 74 86 57 53 89 89 48
t 23 8 18 16 3 14 717 3 9 19 23 11
t 68 89 58 62 66 52 79 73 61 62 87 56
t 68 75 57 67 80 53 56 62 85 90 89 90
t 81 83 78 81 58 62 71 46 56 53 54 64
t 62 78 89 64 81 53 82 56 65 70 52 74
t 50 82 71 73 83 61 61 88 47 67 87 59
t 62 60 80 73 76 47 48 52 79 74 61 81
t 2 7 9 5 3 13 13 735 1 2 8 1
t 48 53 47 52 48 90 65 60 54 90 49 82
t 79 68 52 68 82 66 48 63 53 47 59 48
t 7 1 20 11 13 1 17 23 711 24 22 25
t 87 69 74 65 60 71 47 63 74 67 68 82
t 12 15 15 13 1 11 15 24 13 717 23 4
t 16 9 13 1 2 5 735 11 2 15 4 21
t 6 14 715 19 14 5 15 4 19 23 5 1
t 75 68 46 87 79 67 73 77 85 81 83 69
t 63 84 51 73 90 61 60 71 68 62 57 90
t 12 17 11 10 17 23 1 17 20 2 23 723
t 80 89 68 50 82 84 61 81 71 50 82 47
t 6 21 736 20 6 18 1 14 8 19 6 17
t 55 57 81 76 73 54 68 80 65 76 58 51
t 5 21 7 13 11 11 6 8 9 14 748 10
t 90 88 51 80 73 71 55 58 84 57 53 46
t 79 50 49 90 77 56 78 88 50 75 61 88
t 25 1 21 20 25 20 5 25 13 16 4 734
t 81 86 68 56 73 52 45 56 89 52 56 64
t 20 12 17 5 25 745 5 6 18 13 21 21
t 64 70 72 90 60 54 45 51 89 69 87 55
t 84 78 76 90 69 58 69 45 52 65 86 70
t 71 89 62 54 77 83 75 75 57 88 69 81
t 19 18 8 19 5 15 718 14 8 20 19 7
t 52 80 59 81 67 47 69 45 85 81 62 54
t 21 8 18 4 11 713 22 4 24 25 2 12
t 13 6 17 2 20 1 6 715 10 23 3 7
t 59 56 47 87 78 86 60 59 75 85 70 57
t 79 75 62 47 60 48 55 69 50 47 64 54
t 4 23 720 19 14 14 13 8 4 18 2 20
t 18 22 3 11 19 5 17 17 744 21 23 7
t 85 62 80 48 51 70 80 59 50 64 61 83
t 19 18 13 20 8 5 739 24 5 18 2 5
t 25 19 2 25 16 16 23 3 721 24 18 24
t 22 3 21 12 22 21 17 10 23 2 6 712
t 89 84 62 62 58 57 56 55 50 72 81 67
t 60 47 67 45 77 90 46 86 62 67 84 85
t 731 9 19 21 12 14 4 3 12 2 18 9
t 18 21 2 14 13 12 5 723 15 4 8 21
t 77 72 66 58 84 54 49 55 51 87 55 89
t 1 22 22 746 17 19 20 25 17 15 11 13
t 48 53 85 77 54 48 74 64 45 78 74 52
t 88 76 48 60 66 53 73 81 53 87 81 90
t 60 58 88 52 72 65 64 55 69 90 82 61
t 64 71 90 52 45 85 61 48 81 88 56 83
t 58 87 71 59 89 87 71 69 75 75 88 66
t 72 87 53 47 76 46 84 81 47 81 84 52
t 6 8 7 723 15 16 6 10 21 2 8 2
t 77 83 51 76 54 71 56 73 76 67 63 82
t 2 8 743 21 17 18 18 7 3 2 18 10
t 49 66 80 67 80 49 55 86 70 65 50 59
t 14 17 18 9 7 18 727 11 19 24 10 2
t 51 75 52 69 68 48 74 87 83 64 57 62
t 53 50 88 69 61 87 85 51 57 45 74 58
t 72 52 82 73 46 63 80 72 80 88 77 68
t 74 55 50 50 73 47 47 72 74 65 68 80
t 84 63 53 89 57 58 51 75 46 65 77 56
t 5 8 726 21 22 11 16 24 18 23 8 20
t 84 49 66 58 74 47 62 90 80 71 67 71
t 62 73 81 87 82 60 48 89 62 84 50 60
t 15 21 17 21 20 7 12 722 5 23 3 15
t 51 49 46 51 88 87 48 53 46 78 57 60
t 11 24 23 8 712 3 16 10 21 8 18 8
t 87 75 78 64 70 68 45 90 89 53 74 55
t 3 17 15 2 3 5 14 747 20 7 22 6
t 90 55 53 88 69 87 84 74 67 47 50 78
t 46 54 72 90 54 85 68 66 78 73 81 70
t 719 10 11 5 25 21 4 3 20 7 15 17
t 80 83 72 75 57 75 60 52 57 45 79 80
t 6 11 20 14 19 724 15 1 20 23 11 11
t 79 63 58 73 87 88 57 48 78 59 62 82
t 66 62 46 60 63 47 78 73 65 51 53 87
t 81 59 76 78 55 85 75 52 72 53 67 61
t 15 24 14 18 24 1 739 4 14 4 12 9
t 80 83 50 89 66 66 53 52 45 68 60 47
t 4 12 13 721 20 22 3 13 10 22 18 10
t 2 11 8 20 20 723 18 15 13 13 8 13
t 71 66 57 66 89 63 62 72 54 48 47 78
t 75 82 75 52 45 49 73 61 50 48 47 61
t 60 47 52 68 84 54 67 55 85 68 83 71
t 79 61 90 89 83 79 90 60 47 90 87 86
t 66 68 63 77 48 75 79 86 73 66 67 57
t 1 17 11 714 22 21 17 21 9 18 20 25
t 17 20 10 23 714 1 1 15 24 8 15 17
t 7 7 20 720 5 13 11 15 1 17 18 10
t 77 45 61 69 62 61 61 62 68 58 64 89
t 1 1 3 21 15 24 6 14 730 25 14 5
t 73 87 63 49 84 71 64 74 59 62 63 47
t 3 10 10 23 6 8 15 6 6 15 742 20
t 89 90 80 65 63 76 64 87 56 82 49 79
t 58 84 74 87 74 79 76 77 87 55 83 69
t 55 79 83 71 73 48 60 57 66 71 47 73
t 4 1 16 5 7 24 730 23 3 22 24 23
t 713 8 12 22 16 4 24 22 22 25 10 10
t 63 56 74 68 73 87 45 67 67 77 75 77
t 49 56 90 67 53 70 45 82 89 83 77 72
t 15 24 2 17 23 727 19 9 20 20 11 18
t 83 84 84 85 62 51 69 45 74 88 56 63
t 17 19 22 16 1 5 14 16 1 2 12 734
t 18 23 16 2 19 712 13 7 15 14 24 11
t 66 71 50 52 56 87 52 89 82 65 60 85
t 67 73 49 59 86 80 61 67 48 88 55 82
t 11 10 19 18 19 12 725 17 21 3 8 12
t 18 24 712 10 25 1 2 2 23 11 4 24
t 84 88 48 69 51 85 80 46 54 52 46 45
t 86 48 80 89 57 61 53 79 65 73 48 77
t 76 68 84 76 80 70 87 52 71 64 80 51
t 74 69 67 58 70 90 74 72 85 89 90 49
t 66 59 83 49 82 71 79 83 51 75 52 66
t 6 9 14 19 8 13 13 9 1 11 8 729
t 14 10 4 13 13 3 4 6 19 738 19 6
t 63 45 74 71 45 67 54 65 76 84 86 78
t 5 714 17 15 6 21 13 21 3 22 17 19
t 64 64 52 84 48 90 58 75 64 53 65 73
t 90 80 69 83 83 89 66 84 52 72 45 90
t 23 10 23 15 13 712 17 15 4 9 12 11
t 84 78 47 79 80 66 60 87 84 70 90 87
t 18 20 22 735 14 6 24 23 7 21 18 14
t 22 736 25 16 12 21 24 22 8 10 10 13
t 25 5 14 727 17 12 20 8 22 12 22 19
t 55 74 87 74 65 52 55 63 57 65 46 83
t 10 8 19 20 5 15 16 737 7 14 13 23
t 88 57 63 49 74 65 68 49 72 78 51 71
t 60 57 75 81 85 46 81 63 70 50 87 83
t 85 50 46 85 57 60 48 89 82 82 45 68
t 86 52 70 74 76 77 58 86 52 65 78 69
t 79 61 51 61 70 68 54 52 67 59 58 54
t 4 745 7 23 3 25 23 25 23 23 21 12
t 69 65 86 79 76 70 84 59 52 86 68 76
t 11 15 736 11 11 17 2 2 14 5 7 2
t 15 5 743 7 8 10 5 11 23 15 13 3
t 55 51 67 60 87 77 90 69 53 76 47 71
t 710 20 23 10 3 25 7 4 8 7 15 23
t 20 14 19 25 4 24 25 9 5 720 4 1
t 83 80 73 61 84 75 68 62 84 59 85 82
t 88 59 76 56 72 65 64 59 78 75 69 88
t 63 80 45 83 45 73 80 89 52 57 58 56
t 6 19 20 13 722 10 11 23 4 10 11 22
t 77 79 87 88 72 78 67 78 51 84 52 82
t 13 12 10 710 2 8 8 12 8 19 3 24
t 1 2 3 18 12 6 720 14 23 18 23 21
t 9 20 736 4 20 11 23 18 10 12 15 5
t 84 70 54 55 87 47 90 59 55 49 46 48
t 84 80 62 81 88 46 73 56 59 59 87 76
t 23 7 739 7 3 8 6 16 14 13 12 7
t 66 68 73 69 52 62 90 72 78 62 80 90
t 8 21 7 21 8 16 10 8 14 19 20 737
t 66 72 90 79 76 64 47 73 84 46 56 85
t 3 15 14 5 731 13 2 9 23 24 21 3
t 74 47 45 73 78 57 60 64 70 70 58 62
t 61 81 48 58 71 58 74 73 83 69 62 51
t 57 83 54 89 46 52 90 77 56 60 80 50
t 22 4 748 19 17 12 1 20 22 19 2 11
t 61 57 72 57 67 74 79 68 74 64 84 75
t 90 52 62 85 48 54 64 70 61 64 81 84
t 6 17 8 23 24 16 2 10 745 10 23 7
t 13 4 3 14 5 3 14 24 12 16 19 718
t 88 45 61 77 50 82 85 67 85 50 71 82
t 9 12 3 18 11 7 24 13 720 20 7 4
t 70 54 47 69 53 75 47 79 79 84 62 70
t 63 61 62 90 54 45 82 54 83 56 45 59
t 49 87 54 80 69 46 55 89 68 88 87 70
t 21 21 743 17 12 11 16 15 13 23 3 19
t 7 9 3 9 7 16 11 22 13 5 719 13
t 50 61 48 73 70 46 63 71 64 73 66 82
t 66 46 83 79 76 71 60 73 83 52 74 83
t 54 89 83 49 49 69 88 73 72 77 47 74
t 76 85 73 83 51 63 79 59 50 57 84 51
t 73 48 67 62 84 56 75 71 63 84 87 77
t 56 70 53 56 88 56 62 56 50 90 46 61
t 15 25 25 20 8 11 19 715 20 20 12 22
t 16 24 17 730 25 4 17 3 14 7 5 4
t 5 5 17 3 2 735 21 25 12 24 15 12
t 22 8 11 19 7 4 9 1 717 21 6 10
t 12 24 18 13 25 14 722 18 3 12 24 19
t 14 17 13 711 10 22 1 20 11 24 12 25
t 84 68 78 84 56 67 65 62 83 53 70 68
t 68 56 54 62 62 80 63 89 90 68 67 54
t 81 71 85 45 86 71 52 67 81 54 84 63
t 9 24 2 24 17 10 22 718 3 18 11 4
t 5 2 725 2 10 11 10 15 18 15 13 19
t 18 4 10 4 4 15 2 17 729 4 3 3
t 17 10 22 23 13 25 2 21 7 722 8 2
t 71 71 45 81 45 61 83 53 69 83 61 79
t 3 23 9 722 11 11 15 3 8 17 11 4
t 18 2 22 726 6 15 3 1 4 16 23 6
t 73 47 79 87 45 48 79 50 57 58 69 70
t 2 13 718 25 4 6 7 1 24 25 6 24
t 736 16 17 2 25 20 3 3 23 23 5 5
t 71 69 80 60 83 75 72 60 68 85 60 60
t 8 12 16 18 15 9 722 6 7 24 14 14
t 79 80 86 48 51 62 84 71 78 80 50 79
t 77 61 56 47 49 50 82 88 67 63 62 76
t 73 83 90 50 67 67 88 77 49 80 62 55
t 6 11 23 22 13 22 25 19 25 11 21 713
t 729 11 17 22 17 11 12 15 11 2 2 16
t 23 19 19 25 8 742 16 10 12 18 15 20
t 68 68 77 68 82 83 50 82 47 78 50 60
t 49 84 68 48 53 86 81 84 87 65 49 65
t 54 49 60 77 56 46 51 69 47 55 54 50
t 18 24 8 8 726 5 14 22 12 14 12 3
t 46 77 68 63 74 68 49 89 54 62 65 57
t 82 64 61 87 48 48 53 66 70 52 64 86
t 68 71 62 75 78 89 86 58 68 84 86 66
t 87 86 75 60 72 79 89 85 69 49 88 55
t 15 25 13 715 24 24 22 21 11 21 17 17
t 66 88 48 54 68 75 49 81 57 50 63 57
t 17 725 22 5 5 8 17 3 21 5 22 23
t 61 80 64 58 72 84 79 84 59 55 83 45
t 19 25 719 12 3 18 10 1 3 9 5 6
t 85 78 56 68 62 83 63 73 77 85 53 47
t 81 71 83 57 85 65 75 49 52 52 81 80
t 85 73 61 82 71 72 63 90 89 69 76 85
t 51 64 70 57 55 70 81 70 46 48 47 79
t 1 1 15 712 23 18 16 22 13 19 17 21
t 76 81 76 82 65 88 47 70 62 63 80 55
t 7 735 5 5 2 9 13 7 22 7 16 15
t 19 1 6 15 1 12 17 7 6 13 12 713
t 75 58 74 84 87 82 59 46 84 55 60 53
t 53 55 69 66 63 69 74 89 80 64 63 74
t 51 87 65 67 74 87 82 70 89 66 67 71
t 22 24 2 9 16 1 24 17 10 15 749 13
t 22 711 17 25 21 14 15 3 22 19 2 22
t 24 20 1 13 3 2 7 731 1 2 6 8
t 1 2 3 22 1 741 3 4 6 23 18 22
t 3 19 16 12 11 23 22 9 25 16 25 712
t 48 53 72 66 53 85 84 78 89 74 88 67
t 735 16 7 3 3 10 18 17 9 18 23 20
t 61 90 59 77 66 49 62 57 68 80 66 74
t 24 24 9 12 712 19 9 23 19 10 23 19
t 63 78 54 45 74 46 64 84 85 90 65 62
t 57 70 64 89 67 73 85 56 75 89 64 64
t 62 66 66 89 90 49 73 85 57 65 59 81
t 11 15 23 23 12 17 9 23 4 1 729 25
t 58 80 82 49 73 75 86 75 87 63 63 89
t 45 74 67 53 59 84 76 83 86 62 74 69
t 75 75 45 88 62 71 55 62 46 64 67 90
t 77 47 51 51 79 56 59 56 56 63 71 81
t 46 47 49 70 61 47 88 62 55 88 58 61
t 71 66 66 51 82 84 57 49 73 82 46 59
t 22 10 17 732 19 18 5 18 3 25 18 7
t 46 60 46 51 54 53 80 60 83 63 85 86
t 11 17 14 5 4 5 21 22 740 12 5 24
t 12 23 3 12 19 12 3 4 18 1 727 8
t 8 24 20 13 24 24 12 715 10 2 9 3
t 3 21 17 20 8 15 6 10 23 748 24 9
t 48 57 56 75 85 54 88 62 84 60 45 73
t 53 86 75 68 48 77 72 76 51 87 90 88
t 50 79 48 64 50 50 60 45 62 65 72 83
t 45 86 50 66 47 49 71 60 52 89 62 57
t 60 67 52 53 56 62 57 72 83 58 81 73
t 65 54 69 53 81 61 61 87 61 54 87 62
t 20 19 25 20 11 7 24 8 4 16 724 24
t 87 69 49 82 60 54 46 71 73 59 72 53
t 25 17 14 710 6 12 11 4 23 17 7 15
t 4 9 13 23 16 19 13 23 10 13 741 1
t 71 46 53 67 65 64 69 79 61 80 85 53
t 15 18 10 18 713 23 9 7 12 13 24 1
t 3 9 8 2 17 16 728 11 17 23 19 21
t 17 25 727 15 2 13 17 7 20 22 12 6
t 10 22 8 1 730 21 15 9 12 12 13 8
t 82 55 65 69 54 53 86 49 55 46 52 63
t 23 747 7 6 12 5 20 6 10 22 21 8
t 82 81 70 75 68 75 74 47 48 84 70 75
t 64 71 79 75 48 56 77 71 51 88 55 65
t 63 58 79 59 90 90 68 52 57 69 49 89
t 17 2 5 14 1 712 1 23 9 8 3 11
t 7 12 9 14 2 4 21 7 740 14 16 19
t 22 5 4 727 14 1 23 17 9 22 13 12
t 64 45 63 55 60 54 55 58 72 74 83 50
t 7 20 10 22 8 8 736 14 2 8 10 20
t 17 1 25 714 8 21 18 4 22 2 23 25
t 45 74 87 46 82 81 45 57 70 64 61 52
t 7 25 4 17 20 6 720 1 14 19 9 7
t 84 52 69 87 51 76 46 64 75 55 49 59
t 71 56 85 90 61 70 89 60 45 52 56 66
t 71 67 70 55 79 88 56 82 66 69 58 68
t 19 13 12 11 24 16 16 16 8 720 12 13
t 6 13 9 15 21 15 13 21 8 721 5 1
t 4 25 14 14 23 1 11 740 15 3 21 6
t 63 45 80 48 61 51 80 60 46 47 69 54
t 69 47 53 49 57 74 66 88 77 82 89 75
t 25 7 737 1 15 4 8 20 2 19 11 16
t 59 90 86 59 71 72 71 52 62 71 57 50
t 83 46 56 90 90 90 51 45 79 55 67 63
t 63 85 68 69 55 46 84 59 81 62 68 68
t 51 68 89 51 90 79 64 68 87 59 90 67
t 53 88 63 69 62 71 84 79 57 89 75 51
t 24 8 4 14 6 17 5 10 21 742 1 2
t 90 77 68 67 73 69 63 64 49 89 85 88
t 23 5 17 22 749 23 4 9 14 19 3 15
t 54 73 80 66 45 59 76 80 56 50 89 65
t 73 63 51 90 84 65 79 53 78 88 58 55
t 23 18 6 721 23 19 9 1 20 7 18 18
t 86 62 83 63 50 53 76 82 81 69 71 53
t 52 67 61 64 78 90 70 87 73 57 83 78
t 73 61 68 81 74 76 74 63 62 67 52 82
t 16 1 19 22 19 15 12 25 14 23 717 11
t 81 64 48 62 73 74 69 50 65 90 89 59
t 18 14 23 18 4 20 20 22 3 745 25 7
t 69 56 81 63 66 90 65 81 84 81 55 61
t 61 48 64 68 58 50 47 48 68 88 89 52
t 84 79 88 58 74 56 70 88 47 64 67 88
t 6 5 23 723 10 22 4 16 9 17 3 22
t 65 85 63 87 63 71 85 76 69 48 47 71
t 80 88 46 66 56 74 86 82 56 46 60 85
t 68 61 66 84 88 75 45 70 84 50 79 80
t 82 77 65 68 64 57 60 69 62 84 74 73
t 2 19 21 18 1 745 3 11 18 15 5 25
t 735 24 20 10 7 9 21 23 4 9 11 7
t 59 88 82 85 66 77 81 80 50 67 71 90
t 60 73 52 66 60 53 56 66 49 81 78 71
t 76 85 67 67 86 90 50 70 57 71 63 60
t 23 17 20 21 3 24 14 712 10 16 15 10
t 70 81 45 89 45 70 86 72 90 77 81 71
t 85 81 58 77 90 73 79 73 81 55 49 84
t 5 2 24 4 18 5 19 747 12 21 20 4
t 9 22 13 23 7 11 25 3 6 745 4 20
t 79 47 70 82 76 65 46 85 46 60 69 84
t 84 58 88 86 88 48 78 55 83 70 72 81
t 72 61 48 56 66 88 79 45 62 76 50 65
t 10 4 19 16 14 17 710 25 16 21 4 11
t 51 85 50 51 78 64 61 70 75 84 67 62
t 83 90 89 87 75 87 80 50 71 46 49 49
t 66 53 79 70 89 57 60 81 60 49 79 79
t 2 20 8 3 15 743 4 11 11 7 12 2
t 90 62 75 71 87 71 79 79 57 47 68 45
t 23 14 22 15 20 3 2 6 4 4 716 13
t 13 20 21 21 13 6 740 1 11 12 1 2
t 79 86 68 82 59 53 88 59 79 63 79 77
t 18 19 724 13 15 14 18 24 1 16 19 12
t 66 63 51 84 80 71 45 47 73 75 69 70
t 19 22 3 745 5 11 4 11 21 21 4 13
t 74 52 68 80 55 89 48 53 45 90 48 48
t 25 724 19 13 5 11 6 10 13 19 23 24
t 47 82 67 76 63 78 46 78 54 63 87 48
t 64 62 84 70 60 61 60 57 81 56 82 48
t 47 62 80 83 77 80 54 88 77 59 62 90
t 19 25 11 17 7 15 1 2 734 1 16 5
t 64 55 64 58 60 90 88 55 85 66 87 60
t 712 2 23 17 12 19 6 23 20 19 20 1
t 22 749 17 6 22 14 17 1 25 11 9 19
t 89 59 71 64 54 78 71 51 60 45 53 77
t 51 87 90 50 55 74 76 84 60 58 78 51
t 70 75 65 45 71 63 81 47 75 82 59 52
t 733 6 2 18 21 14 9 1 6 22 15 11
t 71 45 82 82 65 61 63 87 76 53 47 45
t 78 58 89 47 61 71 46 47 45 71 81 52
t 11 25 20 18 3 9 23 14 6 10 726 14
t 61 45 76 70 59 65 73 80 79 71 47 82
t 67 58 61 49 88 75 50 53 52 62 87 76
t 90 49 73 73 77 84 72 79 58 78 59 67
t 23 17 14 12 2 727 11 1 14 3 13 12
t 54 73 82 80 77 86 58 77 60 50 89 81
t 68 62 89 53 67 63 67 54 53 46 84 67
t 56 54 55 71 85 90 83 60 69 59 64 89
t 10 10 3 20 745 20 12 25 23 21 23 25
t 51 84 66 76 85 58 59 64 88 90 64 84
t 58 51 74 62 60 58 62 53 58 82 65 71
t 62 83 66 63 69 48 52 53 53 69 68 54
t 10 2 22 23 12 21 1 11 8 25 16 747
t 77 54 70 72 70 73 68 89 80 60 53 70
t 90 85 52 64 53 52 78 75 82 53 66 86
t 1 11 746 20 2 10 16 2 10 18 1 10
t 80 64 76 85 51 67 79 89 62 69 49 53
t 76 64 50 68 63 70 54 55 46 89 54 87
t 62 87 72 84 78 50 53 67 89 89 67 68
t 24 11 15 24 742 2 21 2 20 18 5 21
t 79 77 68 77 51 50 80 61 74 60 83 72
t 54 85 48 48 68 85 89 60 63 69 90 78
t 55 67 67 63 73 49 47 45 78 54 49 80
t 59 49 84 77 79 54 68 85 84 52 86 62
t 66 74 74 56 49 83 62 53 53 50 84 70
t 87 80 80 59 53 85 90 52 88 46 73 48
t 79 76 58 71 73 71 69 56 74 64 79 69
t 6 3 22 17 3 18 13 728 7 19 20 10
t 88 69 78 45 54 55 66 55 76 54 49 65
t 19 6 18 23 10 13 21 711 7 13 9 1
t 23 3 2 5 22 2 24 21 12 710 21 19
t 12 10 719 22 9 19 3 25 3 13 22 18
t 68 64 83 63 75 66 68 72 51 81 49 77
t 64 53 61 89 46 52 79 87 81 46 74 82
t 72 62 46 85 57 47 71 55 50 45 49 77
t 54 79 69 74 70 64 65 89 51 72 80 58
t 53 56 71 87 53 61 77 86 70 62 46 65
t 62 89 53 69 60 73 65 85 51 71 70 78
t 74 54 50 81 65 77 51 68 77 71 79 69
t 6 16 734 25 5 2 18 14 11 12 4 6
t 49 76 87 90 75 57 61 69 51 81 46 53
t 48 72 87 85 90 77 75 52 75 57 54 75
t 76 88 53 61 79 63 65 47 50 63 80 86
t 86 55 46 54 53 58 49 53 72 78 56 51
t 50 64 88 83 58 45 60 81 84 45 65 77
t 74 71 64 63 78 63 68 69 83 87 51 66
t 12 3 25 18 13 7 24 5 19 19 16 730
t 88 84 81 75 81 72 65 53 70 65 68 73
t 3 17 25 24 25 13 3 15 748 12 21 8
t 63 46 75 78 47 51 64 90 83 49 73 60
t 82 47 88 52 90 73 76 71 78 64 77 61
t 65 66 58 79 64 59 75 82 88 80 66 86
t 7 11 15 20 8 710 15 15 13 15 2 13
t 78 87 53 77 86 82 56 89 63 83 72 71
t 15 22 749 22 25 21 3 21 18 14 6 1
t 56 90 80 89 57 46 57 70 67 81 64 53
t 88 70 53 58 74 72 86 90 71 61 78 82
t 59 90 57 80 70 75 65 82 80 74 74 89
t 1 712 9 22 16 17 19 18 10 10 1 23
t 79 72 63 57 66 63 78 62 84 64 71 75
t 1 715 9 10 21 24 8 5 11 1 18 22
t 6 14 14 19 20 1 17 20 5 8 7 716
t 75 84 55 85 73 46 75 70 71 82 73 85
t 54 86 53 59 72 89 52 82 66 79 80 86
t 70 72 51 60 76 71 48 57 48 87 88 73
t 12 13 17 22 14 9 8 24 23 13 9 720
t 25 11 733 13 25 10 11 6 11 5 24 7
t 10 13 10 23 4 7 718 19 23 8 21 3
t 10 5 18 17 21 19 14 15 741 8 14 7
t 8 1 17 23 13 727 21 25 7 15 22 21
t 58 80 66 48 71 75 79 83 56 63 77 70
t 10 23 22 1 13 14 19 12 5 717 10 7
t 80 71 62 47 55 76 83 47 47 80 61 47
t 47 82 54 63 69 70 47 47 55 73 79 68
t 47 51 78 59 50 68 60 55 45 61 53 53
t 8 11 740 5 11 12 25 22 8 25 9 18
t 73 54 90 77 73 54 48 55 87 52 65 80
t 84 60 82 55 66 49 57 58 56 68 72 51
t 24 16 3 721 12 10 23 4 22 20 16 8
t 85 66 85 68 65 81 70 57 76 57 67 51
t 50 59 60 87 52 49 63 54 77 62 45 60
t 62 47 60 61 47 50 45 80 88 74 47 70
t 65 76 71 90 84 85 45 57 58 84 52 87
t 62 68 82 64 53 87 57 87 77 53 75 82
t 3 3 721 14 25 13 24 7 3 23 20 25
t 71 84 50 78 85 64 66 58 60 83 45 68
t 55 77 51 74 61 75 67 67 50 68 78 85
t 69 48 61 84 74 56 70 56 86 89 87 73
t 23 23 23 3 18 19 11 15 728 14 19 21
t 17 12 13 12 726 17 3 22 7 22 17 20
t 3 15 726 23 17 13 22 23 1 12 16 7
t 52 77 53 85 74 70 82 81 66 60 80 77
t 66 49 65 64 53 61 79 82 88 55 64 53
t 16 16 6 12 15 25 2 16 15 720 15 19
t 4 15 2 25 5 9 11 19 18 14 719 22
t 60 85 48 58 49 72 82 71 86 45 63 74
t 76 59 52 78 60 66 72 46 80 65 54 47
t 7 12 23 11 20 9 1 8 742 2 8 22
t 67 54 47 85 87 80 84 51 60 78 60 68
t 77 52 59 61 54 89 49 59 79 58 89 69
t 14 8 6 15 2 24 1 24 3 721 8 25
t 77 49 48 88 62 50 66 55 85 84 45 86
t 715 4 6 21 2 8 21 23 19 21 21 23
t 57 50 70 86 62 65 81 60 78 70 86 49
t 8 12 17 12 22 9 7 2 733 12 4 16
t 723 7 2 6 8 14 18 19 7 15 9 13
t 20 12 23 18 24 11 10 724 12 10 16 23
t 14 5 23 2 18 7 2 718 5 24 16 23
t 4 2 748 2 19 17 13 23 2 5 6 11
t 7 16 18 6 3 2 749 11 7 23 1 18
t 69 86 66 69 53 66 60 50 63 85 58 47
t 21 1 16 1 17 17 736 21 5 23 23 14
t 3 18 22 744 9 17 7 11 23 11 18 15
t 53 75 78 69 73 48 58 47 61 73 56 80
t 735 10 12 20 21 12 21 25 13 19 24 14
t 12 10 2 15 3 9 18 3 729 1 22 2
t 57 85 68 86 77 52 49 51 58 49 55 52
t 16 739 18 10 6 19 18 8 20 4 6 25
t 66 52 65 78 79 48 78 71 57 54 80 84
t 49 49 79 49 54 47 60 73 50 90 64 61
t 54 45 54 72 89 45 74 85 59 54 74 54
t 58 86 75 55 79 67 87 47 50 81 51 47
t 57 48 47 71 84 63 71 74 85 79 56 49
t 66 49 61 45 79 57 78 87 46 65 51 46
t 21 11 7 1 16 1 23 4 8 1 8 719
t 47 64 46 66 51 49 89 70 74 67 66 48
t 21 17 16 7 22 10 20 6 711 20 12 16
t 90 49 84 57 64 45 60 87 72 77 51 74
t 77 90 52 47 78 89 83 85 67 89 82 86
t 75 62 60 85 78 82 81 52 61 63 50 61
t 54 79 46 83 71 63 80 67 71 89 56 73
t 61 90 45 88 55 80 77 56 90 52 47 45
t 25 14 3 20 4 25 9 24 14 6 6 718
t 73 63 47 56 85 75 88 88 66 88 86 63
t 64 52 52 87 83 65 77 49 89 66 80 62
t 78 78 50 87 50 71 88 83 68 67 56 46
t 67 77 64 90 52 64 48 52 61 82 69 49
t 55 77 78 84 79 78 46 69 83 48 84 53
t 82 89 87 50 66 69 75 74 63 76 77 84
t 11 10 4 17 8 13 10 714 22 22 9 12
t 84 69 57 66 69 60 72 50 85 80 48 82
t 64 51 51 72 68 63 76 50 48 65 48 55
t 66 80 71 78 76 86 88 88 89 53 62 82
t 17 11 1 6 9 20 25 731 22 23 9 2
t 76 65 49 66 69 52 46 65 83 58 64 57
t 8 10 24 17 5 8 10 15 1 736 15 3
t 1 13 1 19 19 24 13 4 13 11 713 23
t 5 22 23 24 1 22 716 22 5 11 7 6
t 56 54 73 65 76 77 60 85 73 48 85 77
t 1 6 6 11 14 7 10 15 1 18 11 738
t 84 54 87 86 52 75 74 73 53 45 66 65
t 747 10 1 9 4 13 12 10 23 6 5 19
t 50 86 54 81 46 47 81 83 68 83 89 72
t 4 7 14 13 24 738 19 10 17 4 12 25
t 14 7 24 15 10 1 16 17 7 710 21 15
t 61 59 64 67 81 83 90 59 86 51 70 59
t 65 87 77 79 60 66 55 50 77 67 82 59
t 74 78 89 76 67 72 52 60 74 65 65 51
t 90 70 49 53 80 56 69 52 55 71 71 52
t 88 85 80 77 76 78 88 47 59 47 69 73
t 46 48 76 68 67 45 76 69 54 69 81 75
t 729 13 6 13 9 13 20 6 9 20 12 20
t 21 23 7 20 24 15 18 7 4 9 11 730
t 58 78 86 84 71 79 51 51 75 89 53 53
t 13 12 6 11 724 24 11 15 21 19 22 24
t 64 46 79 53 81 53 84 75 65 77 62 51
t 67 67 65 58 57 45 67 68 57 75 48 79
t 88 52 53 68 73 60 67 63 53 90 61 77
t 14 15 13 16 2 1 3 21 8 2 731 19
t 57 53 69 59 49 88 47 90 77 88 84 52
t 63 55 50 70 45 87 77 56 50 85 57 59
t 8 13 742 23 17 19 10 12 6 1 10 11
t 15 10 21 24 12 19 9 19 722 4 5 25
t 22 9 736 14 15 10 25 5 17 9 13 10
t 80 65 50 77 47 66 53 63 84 84 56 84
t 88 45 78 90 61 49 60 73 53 49 61 80
t 50 89 72 73 72 60 61 86 62 47 57 75
t 53 77 85 58 80 77 84 71 67 69 83 58
t 1 13 740 1 22 9 8 3 12 12 13 11
t 11 13 7 14 22 8 7 735 13 3 17 4
t 1 18 15 6 21 7 8 9 24 741 2 18
t 80 45 88 81 52 59 63 70 50 82 48 83
t 60 75 63 71 50 68 72 57 70 86 52 79
t 68 47 62 71 51 52 50 50 71 72 51 79
t 86 76 72 86 56 80 59 84 61 52 67 79
t 57 65 68 89 59 60 51 76 80 53 68 88
t 10 7 21 723 14 7 15 17 6 1 19 25
t 17 14 7 14 18 8 3 13 16 732 20 4
t 22 20 7 721 9 10 19 10 1 15 24 9
t 86 45 84 57 45 77 85 62 67 79 53 69
t 81 80 90 80 82 67 72 77 57 61 87 70
t 10 1 739 19 5 23 15 12 15 2 4 22
t 68 72 49 86 64 45 65 45 73 58 59 62
t 80 45 57 88 81 90 79 82 61 68 69 74
t 17 20 710 16 25 9 22 9 6 21 2 25
t 5 12 9 2 749 13 6 21 15 25 8 14
t 48 72 65 81 50 84 82 78 73 55 89 78
t 70 86 47 69 62 83 51 45 63 47 87 53
t 5 723 12 8 17 18 13 16 23 3 17 25
t 84 53 87 46 68 51 73 52 73 61 74 82
t 76 64 45 90 62 61 55 53 48 75 83 89
t 86 90 62 67 82 89 49 50 62 70 75 88
t 10 18 6 16 20 16 1 20 727 3 4 25
t 46 59 82 51 49 76 59 65 76 59 52 59
t 52 52 85 50 82 59 59 51 79 63 71 77
t 22 15 1 19 14 2 9 24 2 17 16 737
t 76 88 56 80 66 77 60 67 49 57 48 76
t 52 56 75 83 68 52 61 49 46 61 61 62
t 51 72 71 69 65 62 45 61 49 66 78 51
t 9 11 23 13 12 20 13 739 23 11 15 10
t 66 61 54 60 75 45 55 65 47 75 57 90
t 81 49 71 53 76 54 75 50 80 46 48 67
t 53 57 87 63 68 50 79 58 56 63 65 64
t 79 77 70 68 79 45 62 82 76 85 48 64
t 69 83 79 57 71 88 65 69 81 75 75 88
t 84 65 64 56 74 70 56 85 45 90 55 51
t 82 57 46 53 57 69 90 62 62 85 57 85
t 54 75 82 74 86 64 85 49 59 50 55 62
t 17 23 14 17 10 4 6 3 10 6 713 12
t 46 72 71 50 80 79 45 80 69 82 62 62
t 5 10 22 712 7 16 22 23 16 13 23 20
t 13 8 13 5 20 10 15 741 19 21 15 12
t 7 20 10 15 20 1 22 738 24 5 1 3
t 3 9 17 8 1 6 6 18 24 25 17 727
t 77 50 73 76 71 77 50 52 88 85 90 76
t 6 12 18 735 18 8 6 15 2 17 9 5
t 21 17 7 21 8 23 16 17 17 6 10 741
t 72 68 79 53 47 79 75 63 80 68 89 89
t 82 60 77 77 50 90 55 76 82 86 66 74
t 15 25 14 4 10 2 727 8 2 14 13 19
t 77 71 50 76 54 47 59 47 86 68 85 54
t 76 46 50 82 75 74 81 87 72 47 47 60
t 53 46 69 67 50 55 73 89 79 78 89 66
t 80 76 54 87 68 53 83 85 61 54 51 55
t 49 74 82 67 82 51 46 53 50 52 85 46
t 8 25 722 18 10 23 8 13 10 6 7 3
t 14 16 9 14 13 9 4 18 6 10 749 21
t 10 10 16 3 722 1 12 21 17 5 9 19
t 25 13 25 10 25 714 2 13 11 5 7 10
t 16 9 14 1 25 21 11 7 23 18 8 734
t 78 62 54 69 72 60 83 45 52 54 53 68
t 80 78 84 87 46 53 62 68 74 65 86 73
t 1 25 2 2 18 14 14 12 2 724 13 22
t 21 25 14 18 7 25 20 4 8 1 20 749
t 76 79 73 53 50 62 86 86 86 46 68 52
t 57 57 63 88 51 73 71 52 88 76 51 86
t 22 6 16 22 12 23 24 738 25 6 25 14
t 13 3 11 13 19 747 25 9 11 8 12 10
t 58 56 75 74 87 70 76 51 67 53 78 86
t 21 25 20 20 17 21 13 10 748 1 17 20
t 87 61 83 59 62 45 45 50 51 85 62 56
t 77 58 50 53 89 51 48 83 87 77 50 62
t 76 89 86 50 90 68 46 87 64 59 58 54
t 10 11 6 23 19 11 22 4 7 5 739 11
t 66 62 70 47 56 75 46 47 68 52 52 45
t 47 57 69 84 85 78 48 82 71 76 72 54
t 58 52 86 74 85 47 72 53 84 67 62 48
t 65 63 46 86 58 61 79 68 88 75 70 85
t 62 50 86 49 56 73 53 50 86 74 54 47
t 85 70 59 60 51 47 84 59 65 47 90 48
t 12 727 16 12 16 5 1 1 21 6 21 7
t 17 4 13 7 8 20 1 4 22 14 732 2
t 65 56 66 45 81 58 79 77 85 89 56 82
t 70 70 59 54 52 75 83 87 47 69 52 56
t 5 16 15 14 12 2 10 746 5 9 10 14
t 46 69 64 76 55 74 90 69 50 89 71 79
t 70 66 60 71 83 87 58 47 56 90 67 75
t 15 8 9 25 12 16 22 13 9 737 5 18
t 71 45 90 90 89 51 76 61 87 87 79 57
t 75 78 71 46 63 76 89 62 66 52 82 51
t 73 61 90 47 46 46 51 55 57 47 89 49
t 11 12 23 2 9 19 14 11 23 739 12 3
t 4 12 15 9 6 23 23 23 12 720 1 13
t 4 723 2 1 3 6 3 7 6 17 23 19
t 1 11 24 1 20 16 4 4 4 721 1 11
t 24 17 13 25 19 12 12 21 713 22 21 24
t 55 87 78 86 84 83 56 76 88 88 67 62
t 51 90 83 64 89 90 90 62 59 86 88 72
t 88 71 50 60 80 66 73 78 62 52 82 90
t 4 2 8 14 16 15 10 7 19 746 12 20
t 47 72 88 52 67 85 79 61 53 90 50 56
t 20 16 6 8 717 18 14 7 6 2 25 20
t 48 65 77 45 45 84 74 77 74 67 63 87
t 83 76 71 87 49 86 50 68 84 85 48 88
t 65 69 90 90 64 85 56 81 87 89 79 49
t 25 24 11 10 2 747 16 20 17 12 7 13
t 81 83 56 90 71 86 80 59 47 84 76 73
t 5 3 21 13 19 715 17 4 25 6 11 22
t 60 56 76 81 74 52 52 64 87 68 74 71
t 19 12 14 13 2 11 3 7 710 5 9 12
t 57 60 58 84 74 86 86 78 80 86 59 60
t 19 7 736 11 3 7 18 12 15 8 3 9
t 79 74 90 51 66 61 63 54 57 77 71 59
t 62 54 80 86 54 54 62 49 72 45 51 90
t 81 65 82 64 45 73 88 79 84 87 48 73
t 25 16 20 722 19 23 9 22 5 11 11 10
t 21 19 25 24 23 10 714 5 19 23 16 6
t 78 68 70 72 61 90 60 90 89 88 86 79
t 21 1 21 8 1 18 3 723 18 4 4 2
t 57 90 51 51 59 87 65 54 61 83 69 47
t 72 48 83 66 48 57 90 63 60 77 66 70
t 80 80 73 69 88 67 52 69 47 53 83 62
t 11 16 16 17 24 2 1 3 20 22 720 2
t 88 68 69 52 73 78 80 58 51 64 76 83
t 52 80 74 76 48 62 58 84 67 79 70 85
t 20 21 7 22 21 743 10 7 16 11 4 3
t 68 53 78 52 51 90 75 87 74 55 51 64
t 15 730 19 4 11 19 4 24 13 22 8 5
t 8 4 14 18 10 6 13 12 742 15 11 8
t 21 1 3 23 7 2 9 8 4 22 726 16
t 716 13 9 2 1 4 14 3 2 9 4 17
t 75 57 58 67 79 68 85 89 74 64 47 67
t 57 61 52 54 71 54 79 63 83 50 63 54
t 60 72 79 54 47 54 70 48 67 72 73 63
t 12 21 17 10 20 23 735 21 10 12 22 8
t 25 9 16 17 20 18 25 5 7 719 4 11
t 66 72 90 64 67 69 76 80 70 78 58 45
t 88 47 59 84 47 88 70 73 53 50 81 85
t 18 15 737 23 20 14 3 6 23 5 11 25
t 64 69 61 77 88 48 83 62 50 51 47 63
t 61 65 70 45 75 89 72 80 52 83 81 76
t 56 78 88 70 60 63 87 72 45 89 65 58
t 60 69 81 71 65 83 45 73 51 88 63 57
t 22 13 21 3 734 1 12 14 3 14 13 3
t 57 78 49 69 64 88 46 57 72 88 86 81
t 17 16 1 4 14 714 15 3 24 22 4 18
t 77 49 81 66 67 53 74 58 54 64 64 76
t 89 82 77 76 85 57 64 66 75 77 60 63
t 70 54 57 85 70 82 87 66 68 84 54 83
t 16 14 25 10 24 10 14 17 12 13 730 2
t 55 77 56 59 49 81 46 67 69 71 78 50
t 6 6 19 25 21 7 23 738 1 12 8 2
t 87 65 55 59 86 48 76 85 70 62 60 52
t 52 59 85 78 55 72 55 59 53 73 74 73
t 45 56 56 56 84 76 83 87 86 65 58 54
t 56 71 80 71 84 85 59 51 77 50 84 66
t 47 55 74 83 79 83 71 89 70 45 60 50
t 17 733 14 12 5 3 12 15 10 22 2 23
t 81 82 50 67 69 47 54 89 76 83 50 53
t 67 47 57 48 86 70 78 64 49 58 77 53
t 9 24 25 21 2 23 722 14 17 4 20 24
t 73 88 47 81 56 58 80 67 69 60 70 90
t 78 72 74 48 87 68 49 67 52 52 60 62
t 52 68 57 49 70 67 77 54 84 87 62 83
t 9 25 15 11 19 3 11 22 19 15 8 725
t 54 46 73 49 49 63 87 46 62 86 82 86
t 736 5 14 15 8 14 5 14 18 4 15 22
t 717 18 16 19 3 8 23 4 2 21 13 10
t 48 73 90 90 45 81 62 90 54 57 77 72
t 89 61 74 48 64 76 65 68 76 63 52 45
t 65 87 68 87 83 78 52 81 72 56 75 52
t 88 62 75 90 85 67 77 81 51 60 69 53
t 25 17 17 14 8 15 13 21 2 13 4 717
t 18 17 6 13 3 9 21 17 3 745 21 20
t 45 60 65 70 47 84 49 67 46 78 60 55
t 63 81 48 50 53 82 83 86 82 71 76 87
t 15 735 17 11 16 17 19 21 20 23 14 23
t 4 13 12 12 19 8 22 717 9 25 19 12
t 65 58 50 51 46 71 79 45 65 90 65 70
t 70 77 45 75 90 79 86 79 46 83 72 73
t 60 48 81 53 86 86 68 90 88 47 47 50
t 62 87 56 46 72 66 79 63 56 85 69 86
t 13 6 746 21 12 5 8 14 17 4 9 17
t 1 18 5 20 717 22 3 15 13 18 16 7
t 14 10 25 11 11 20 3 9 13 730 22 16
t 82 69 58 82 83 55 53 53 45 74 80 74
t 13 18 22 8 17 5 25 23 744 15 14 2
t 82 57 62 52 76 75 60 90 50 48 80 89
t 65 56 47 56 76 83 82 81 65 52 48 45
t 66 87 80 80 59 66 47 90 85 53 68 57
t 715 17 1 4 7 24 10 19 15 22 8 9
t 2 5 15 17 11 714 3 21 21 23 23 4
t 52 82 89 65 90 58 45 77 72 57 80 58
t 50 56 53 52 86 57 83 74 62 67 80 63
t 79 83 62 78 61 70 74 88 48 89 51 60
t 50 53 55 82 74 70 77 51 59 63 62 83
t 4 7 19 6 13 10 4 18 6 726 1 2
t 88 66 65 65 88 63 48 82 66 70 58 67
t 720 21 6 12 15 17 19 10 22 8 22 14
t 19 9 15 20 22 1 11 16 3 7 712 5
t 74 45 72 90 88 51 62 49 90 61 84 62
t 51 54 77 73 49 54 56 55 78 89 64 80
t 7 25 3 8 25 20 1 16 14 21 11 726
t 5 19 12 16 20 721 21 4 16 24 18 10
t 15 8 19 16 732 19 24 18 8 16 23 14
t 54 85 45 51 87 50 75 54 74 68 70 74
t 83 86 69 80 60 46 62 46 80 59 59 84
t 23 2 22 25 1 17 722 19 16 10 7 3
t 46 52 71 45 61 73 60 70 57 85 84 86
t 12 6 8 11 16 728 2 13 18 3 9 16
t 46 49 59 70 61 80 84 62 73 75 55 83
t 61 62 56 72 46 64 49 83 87 45 51 47
t 16 9 3 20 6 9 11 18 721 1 14 6
t 4 744 13 3 3 12 12 25 20 20 5 7
t 23 6 7 8 8 24 2 14 24 5 717 8
t 23 724 18 2 4 13 19 7 24 24 5 25
t 83 54 53 58 81 86 74 58 72 82 84 85
t 54 68 55 50 56 77 81 67 47 56 49 58
t 64 61 51 84 74 78 80 88 79 57 83 70
t 49 59 67 82 74 55 75 48 67 90 86 85
t 23 17 25 2 729 6 4 22 21 3 17 18
t 89 90 47 70 58 55 88 54 70 57 85 86
t 90 59 72 89 65 45 85 50 81 51 57 78
t 76 88 70 47 77 66 57 78 51 64 84 50
t 69 75 70 80 49 69 71 81 85 72 70 68
t 719 3 1 16 5 7 8 14 3 21 5 15
t 79 75 51 72 78 68 46 71 76 53 47 50
t 19 15 734 10 11 25 19 23 22 24 14 20
t 7 16 12 6 748 18 4 17 9 4 20 23
t 6 2 24 13 10 9 13 730 25 14 12 19
t 47 55 82 55 70 54 88 56 76 58 54 76
t 64 72 56 83 58 47 65 65 66 59 86 53
t 12 8 747 14 19 12 11 24 20 6 11 3
t 84 56 47 80 61 50 48 90 62 70 69 60
t 62 47 84 88 49 58 60 72 57 59 61 50
t 10 12 19 4 732 8 13 7 7 4 22 15
t 72 74 85 83 61 53 78 80 49 51 62 61
t 17 6 21 9 21 14 742 23 11 20 10 21
t 60 45 50 49 50 55 50 59 85 68 57 46
t 82 75 50 62 73 87 84 83 46 84 55 78
t 68 89 51 64 78 53 50 73 68 58 82 66
t 10 18 23 23 4 723 8 21 18 5 25 18
t 23 22 1 16 9 10 12 22 19 19 2 719
t 14 4 14 17 13 20 740 10 6 4 4 23
t 54 86 86 63 81 77 75 90 52 60 50 53
t 75 56 72 51 84 79 70 69 56 51 64 55
t 53 72 74 88 80 82 77 90 61 70 54 87
t 68 72 67 73 51 66 73 79 66 88 46 88
t 50 87 54 47 55 65 76 49 52 70 45 67
t 24 22 20 5 20 6 11 15 8 12 18 711
t 6 738 11 3 24 19 22 23 1 23 8 15
t 77 90 87 47 57 88 78 58 45 79 78 73
t 83 78 52 81 72 70 74 58 90 52 45 82
t 85 74 90 63 51 55 81 89 69 83 57 82
t 71 45 59 74 90 87 49 48 64 75 83 73
t 79 48 83 50 62 82 62 53 87 83 90 73
t 75 52 63 69 68 84 70 46 58 80 75 83
t 71 57 66 87 50 49 49 85 46 68 67 46
t 3 718 5 3 25 25 22 14 9 2 19 4
t 21 23 721 15 3 19 22 23 14 18 18 11
t 59 55 86 54 48 68 51 55 68 81 87 58
t 46 67 66 89 63 90 67 59 68 64 56 84
t 11 17 729 9 3 1 19 17 23 4 20 13
t 86 69 60 64 73 67 63 76 82 56 90 84
t 83 60 65 73 83 60 89 84 82 75 54 82
t 14 728 6 21 24 20 4 19 7 20 8 21
t 80 69 61 69 50 55 63 60 76 60 46 68
t 65 73 59 87 68 53 78 79 88 76 87 90
t 63 56 51 72 88 75 55 77 56 53 87 48
t 88 73 70 46 54 85 85 64 83 54 82 57
t 52 49 69 81 68 73 89 46 62 74 69 69
t 5 9 20 10 12 745 22 17 6 25 8 8
t 60 63 76 50 90 54 50 62 88 78 83 72
t 14 2 24 17 16 19 8 14 744 15 12 16
t 81 47 52 54 50 75 63 84 50 84 62 52
t 75 46 83 57 89 48 84 57 57 68 74 85
t 72 88 46 89 83 89 88 70 84 65 66 52
t 76 55 83 71 45 67 65 54 75 49 79 73
t 9 13 24 746 4 15 15 18 24 24 3 7
t 6 7 12 11 22 748 21 16 11 18 25 15
t 68 60 49 86 80 87 86 61 89 49 79 66
t 73 54 69 85 59 57 89 76 84 75 58 53
t 55 83 83 61 60 72 53 72 79 54 71 54
t 20 7 742 17 4 23 25 2 1 22 4 10
t 65 55 46 56 76 56 46 64 57 69 85 63
t 749 1 18 6 4 7 6 14 8 20 22 19
t 17 5 13 4 1 21 13 1 19 23 3 715
t 76 76 54 61 68 81 51 65 86 65 51 48
t 65 55 89 65 65 87 87 83 45 74 47 55
t 748 9 2 19 8 3 8 14 20 5 2 2
t 56 70 52 82 68 72 52 86 87 90 53 62
t 76 88 81 62 60 86 58 59 54 89 81 81
t 68 74 69 76 82 71 58 90 45 75 69 78
t 69 86 78 47 88 45 70 86 62 72 51 78
t 53 55 65 66 77 56 85 76 88 76 70 76
t 51 80 65 49 65 82 71 61 50 80 75 65
t 80 81 80 80 76 71 56 55 76 85 85 82
t 15 17 4 730 5 22 24 14 25 23 9 6
t 24 725 6 18 16 2 25 15 4 18 16 22
t 52 63 71 74 59 56 70 90 78 63 56 47
t 61 88 60 54 69 68 88 90 53 61 81 65
t 23 18 15 22 18 17 17 5 21 23 4 732
t 4 8 15 21 720 12 20 8 12 25 3 15
t 47 85 70 87 66 75 52 77 88 76 86 76
t 54 47 64 48 81 52 60 62 60 57 48 73
t 71 57 54 53 82 46 80 80 65 57 56 53
t 51 52 46 47 90 54 70 78 69 85 70 75
t 56 45 52 67 61 58 50 85 69 90 80 51
t 6 723 14 8 4 18 25 23 11 22 23 1
t 60 50 66 48 66 84 85 88 66 66 79 90
t 74 90 50 83 58 85 45 84 78 49 73 84
t 15 13 20 4 13 6 728 19 17 19 4 8
t 24 6 19 5 19 722 15 16 20 6 1 6
t 55 79 65 56 61 76 82 69 46 53 60 82
t 79 74 86 52 63 68 66 68 87 47 82 47
t 1 1 733 2 12 8 1 8 3 20 11 1
t 63 70 64 76 87 64 57 89 47 61 53 57
t 62 69 85 66 56 76 72 87 71 63 54 80
t 9 23 20 21 16 19 7 21 22 21 740 3
t 83 78 56 72 71 88 69 60 65 80 83 64
t 64 79 74 89 79 50 46 52 75 67 65 87
t 61 52 65 59 75 82 82 72 57 88 68 56
t 15 743 8 17 9 12 16 22 19 25 18 6
t 13 2 2 16 19 10 21 742 22 9 21 24
t 75 88 77 70 50 47 59 70 69 55 85 84
t 77 55 53 83 71 67 52 88 64 54 62 89
t 53 57 73 50 63 49 86 65 86 79 66 63
t 83 67 75 74 60 83 52 48 90 58 54 74
t 55 76 73 46 76 89 70 50 83 65 53 49
t 63 79 86 66 55 70 46 50 80 51 60 73
t 65 61 74 81 52 86 53 90 74 56 54 68
t 6 5 8 14 23 24 12 749 6 5 12 11
t 17 13 7 18 735 9 22 25 19 22 15 8
t 1 727 8 10 25 24 6 15 13 22 1 22
t 79 47 55 61 70 61 53 76 63 70 67 69
t 24 2 5 19 21 20 16 724 23 8 22 7
t 90 58 62 45 57 61 73 72 75 68 75 80
t 54 87 86 85 75 77 46 59 64 65 85 81
t 51 65 48 45 57 64 71 81 76 77 89 86
t 8 6 21 7 10 711 7 18 9 25 7 21
t 88 82 48 75 70 68 67 90 53 57 75 55
t 10 19 14 733 17 4 10 17 6 15 19 2
t 82 80 54 77 56 55 58 58 57 74 62 54
t 55 49 75 57 90 70 55 53 45 73 76 59
t 67 65 50 82 56 71 64 84 65 63 66 88
t 70 68 47 62 58 68 71 70 58 50 50 78
t 56 58 72 69 74 50 84 62 81 60 67 64
t 76 88 48 87 80 66 45 74 45 69 83 66
t 84 72 61 53 77 85 58 85 74 65 66 90
t 64 73 61 78 64 57 85 69 46 53 77 86
t 7 18 1 15 4 16 9 737 8 16 1 3
t 21 24 19 6 15 12 8 5 710 10 25 18
t 17 16 10 21 9 2 17 16 731 16 22 19
t 84 79 62 80 63 78 48 66 84 87 53 71
t 10 18 12 25 10 14 18 12 2 23 719 20
t 21 11 729 1 8 6 18 17 1 10 14 14
t 8 17 717 16 9 22 3 20 19 2 7 6
t 9 2 14 21 21 24 742 1 19 24 6 6
t 71 74 85 72 68 65 72 76 72 72 50 55
t 14 19 9 5 25 17 3 5 18 10 722 25
t 25 711 25 23 9 21 22 6 2 3 13 11
t 1 6 16 7 7 15 6 3 22 746 5 7
t 13 7 14 742 9 11 9 16 6 15 20 13
t 61 46 90 47 47 68 46 45 60 90 83 80
t 62 76 79 45 49 79 61 52 57 49 87 62
t 56 82 75 52 71 54 84 66 59 76 54 79
t 53 87 53 70 53 59 54 67 61 73 77 62
t 45 82 68 59 66 57 64 57 76 72 47 50
t 62 45 77 61 45 48 59 68 66 70 76 75
t 25 22 19 10 723 5 15 4 4 25 15 6
t 3 18 24 11 1 13 1 24 716 2 3 19
t 4 3 18 24 721 4 10 13 2 14 17 12
t 83 52 88 69 80 60 52 67 58 88 50 59
t 74 52 82 63 75 86 52 50 53 71 47 72
t 56 90 65 61 67 46 73 54 64 76 88 88
t 47 79 50 48 53 73 79 61 61 52 71 54
t 16 22 20 6 14 17 5 20 19 4 17 728
t 85 71 51 70 66 85 56 56 76 87 55 59
t 730 9 1 4 21 7 4 21 25 16 23 19
t 87 47 55 65 66 66 47 65 56 85 57 72
t 58 88 87 74 46 64 81 63 69 72 53 56
t 15 9 11 8 20 12 4 24 8 6 745 25
t 72 88 82 76 65 52 81 83 85 64 61 88
t 19 12 1 14 12 23 6 2 747 11 25 9
t 51 62 59 70 87 71 53 74 75 88 49 90
t 14 730 3 22 7 1 1 5 9 22 21 8
t 88 46 48 49 52 59 79 65 47 64 84 89
t 14 7 24 735 14 25 22 19 1 4 17 11
t 6 8 1 21 728 4 19 3 19 13 5 18
t 3 19 725 21 24 19 24 2 17 11 25 19
t 51 71 70 88 87 58 51 61 79 55 86 65
t 3 19 9 6 14 18 9 738 13 23 14 9
t 59 54 71 54 48 63 73 69 50 81 51 57
t 55 67 57 69 72 53 87 76 52 88 68 57
t 89 49 52 78 65 90 48 70 61 65 64 88
t 4 10 6 23 25 19 13 8 713 2 14 2
t 729 19 12 8 17 20 21 13 11 21 15 16
t 2 15 725 14 23 25 17 20 22 22 16 9
t 1 2 16 20 14 6 727 18 14 6 23 4
t 81 69 59 87 56 87 80 48 58 79 51 75
t 1 25 740 13 5 22 4 18 19 5 1 5
t 22 3 1 21 20 19 2 16 12 6 19 713
t 72 66 89 61 77 77 60 83 80 89 56 52
t 46 67 87 80 46 72 61 79 77 63 90 59
t 9 24 18 16 9 4 24 725 8 23 18 13
t 18 16 25 14 18 743 20 8 16 1 19 10
t 15 17 12 9 724 22 5 19 19 2 8 6
t 52 51 88 81 45 90 84 49 79 90 80 81
t 48 69 67 74 78 47 87 76 67 55 75 63
t 83 86 75 68 73 71 67 80 60 78 62 86
t 54 59 74 68 60 84 71 46 55 52 88 78
t 18 12 15 17 3 24 16 721 9 5 5 25
t 6 4 739 8 2 2 24 16 21 21 19 11
t 64 78 63 46 79 76 55 78 90 72 74 63
t 18 12 22 11 1 749 4 11 6 24 24 2
t 68 61 64 65 51 78 79 67 70 87 61 73
t 47 60 80 48 45 66 77 86 55 85 64 45
t 62 69 72 71 63 71 90 89 70 87 85 45
t 15 15 5 10 13 24 10 20 22 14 24 716
t 13 14 25 19 723 6 7 11 4 10 18 1
t 55 81 46 79 83 51 50 69 84 83 53 53
t 5 23 17 24 16 14 14 17 14 4 3 731
t 87 76 46 71 84 86 72 72 47 51 54 70
t 55 53 46 86 60 80 77 46 51 68 84 54
t 87 78 87 72 58 58 88 90 49 57 73 72
t 51 87 74 48 76 69 57 50 52 76 85 72
t 69 52 68 78 72 71 62 67 57 53 75 51
t 63 61 72 86 53 51 69 85 45 82 68 77
t 717 16 14 5 19 11 20 7 9 9 15 19
t 46 50 67 51 57 67 88 65 87 58 85 73
t 10 18 9 10 743 12 6 12 12 1 12 9
t 58 56 73 69 52 65 90 90 82 87 81 66
t 81 86 67 71 67 53 63 67 55 83 46 48
t 79 73 73 89 76 86 84 88 90 83 48 68
t 69 50 89 56 89 75 71 80 76 64 52 58
t 47 54 82 64 57 50 86 75 66 62 71 62
t 9 24 15 1 2 4 19 720 19 21 13 14
t 51 49 54 50 87 63 59 48 57 81 50 59
t 78 52 51 50 82 54 50 51 74 70 59 90
t 58 45 73 54 86 59 82 86 66 59 59 65
t 64 63 84 49 53 77 48 45 68 63 75 69
t 19 12 741 21 21 5 21 4 12 17 8 13
t 72 56 56 89 45 51 52 50 49 69 57 74
t 50 62 82 89 60 71 84 77 89 82 80 59
t 22 10 2 717 4 17 4 8 23 19 4 4
t 8 9 10 738 7 16 2 22 10 15 25 10
t 63 82 71 70 53 81 68 71 59 80 82 47
t 5 13 12 6 3 716 4 19 11 13 21 7
t 46 71 84 51 69 69 51 57 76 60 79 53
t 63 56 90 86 79 57 69 63 73 77 65 66
t 62 58 72 63 64 72 51 82 45 59 90 59
t 7 25 10 712 24 8 22 9 9 6 22 4
t 20 4 17 725 21 16 22 7 11 17 24 7
t 68 72 70 58 60 89 45 70 89 78 65 77
t 56 68 53 49 84 89 49 86 67 51 78 65
t 85 53 48 57 48 68 78 56 83 73 89 62
t 53 59 45 45 59 51 64 65 56 90 48 83
t 52 45 48 73 70 45 58 59 65 49 90 55
t 69 81 49 46 69 47 89 85 80 65 61 51
t 20 16 1 23 9 12 14 8 737 20 22 21
t 56 77 75 87 72 85 57 86 77 75 69 85
t 70 66 52 62 85 52 63 89 87 76 82 66
t 82 84 57 83 58 47 67 71 48 68 67 78
t 45 83 74 48 86 50 72 72 80 48 60 66
t 11 6 14 15 728 20 4 8 15 17 4 1
t 58 57 88 50 59 71 63 82 59 60 65 72
t 47 48 63 84 78 79 54 51 61 64 56 84
t 58 90 56 51 49 77 90 90 68 69 47 84
t 55 76 88 83 55 75 68 70 63 64 77 55
t 17 2 719 6 16 9 16 19 4 25 1 20
t 75 71 87 45 89 71 54 77 48 70 59 54
t 23 1 10 14 9 13 24 730 5 7 12 10
t 50 82 62 85 57 51 72 88 61 86 47 48
t 56 50 87 67 64 50 76 69 70 59 67 75
t 22 12 20 4 742 17 24 11 19 19 23 17
t 57 51 72 72 76 87 57 88 49 85 50 76
t 84 84 80 49 48 80 67 45 80 59 52 64
t 79 61 74 81 48 54 68 65 81 66 63 80
t 10 20 11 5 11 23 23 16 719 22 12 22
t 50 79 58 64 53 75 60 84 68 77 57 69
t 53 62 47 74 52 89 48 65 60 59 88 73
t 55 64 75 50 59 61 62 75 64 87 65 68
t 23 14 2 10 24 1 15 2 745 25 11 9
t 90 87 81 87 69 54 88 45 69 51 47 76
t 64 87 70 71 83 77 51 78 48 48 83 57
t 90 86 53 80 63 68 88 77 64 58 50 61
t 19 8 6 18 25 17 7 747 24 12 22 5
t 90 70 63 49 77 64 78 49 85 82 67 45
t 61 83 70 89 51 45 78 61 48 65 87 83
t 3 25 13 720 22 22 2 2 17 4 13 18
t 12 1 722 25 5 23 15 11 22 25 24 5
t 8 749 8 19 1 6 3 22 16 12 24 17
t 24 21 6 17 20 1 13 3 25 721 6 25
t 22 15 1 745 23 19 13 23 11 11 19 6
t 9 19 10 17 22 21 21 11 2 11 16 718
t 67 72 73 84 72 69 74 83 64 89 46 59
t 21 4 13 19 10 12 728 17 11 11 17 13
t 49 87 66 66 57 66 72 67 71 90 62 88
t 51 60 59 78 74 75 56 49 74 61 47 56
t 14 22 10 5 23 720 12 20 19 11 9 16
t 81 79 55 61 49 63 66 86 87 45 49 73
t 10 2 23 20 22 15 6 4 6 738 20 11
t 59 76 74 65 79 80 89 57 57 78 47 47
t 86 86 90 45 81 59 59 46 51 80 74 54
t 50 59 88 85 83 60 71 69 45 86 76 60
t 51 71 79 79 63 60 64 76 47 77 68 45
t 48 62 55 71 47 71 64 82 88 52 57 64
t 2 1 25 719 21 1 22 10 20 13 8 19
t 60 80 59 54 53 47 47 82 77 66 48 53
t 24 722 2 18 3 19 19 24 4 11 23 20
t 23 9 12 10 18 712 5 24 15 7 12 22
t 45 64 89 68 71 60 78 49 62 60 48 50
t 19 18 1 22 24 17 723 25 17 10 5 21
t 730 13 25 25 24 5 24 2 1 25 7 5
t 47 50 62 71 57 54 88 52 45 67 63 63
t 79 74 63 52 81 76 52 54 63 82 62 55
t 68 63 60 74 87 51 68 62 59 80 82 50
t 58 57 54 79 65 79 70 87 67 45 80 70
t 15 10 16 5 22 22 17 4 5 21 3 737
t 50 80 61 65 85 88 48 69 79 62 56 62
t 8 22 19 727 18 25 24 15 18 21 19 22
t 69 69 90 80 88 50 86 47 55 46 79 66
t 7 5 24 9 10 2 744 17 12 23 23 1
t 69 74 77 70 67 59 82 58 51 46 62 54
t 77 84 57 71 89 66 78 48 74 74 90 61
t 20 25 21 6 7 22 712 11 21 13 17 25
t 46 50 75 51 59 62 83 56 68 51 67 88
t 53 68 82 45 59 53 59 58 63 67 85 47
t 61 53 66 81 50 68 89 60 54 68 83 71
t 65 90 57 57 79 53 64 66 63 68 47 63
t 18 5 19 25 5 17 12 24 728 25 12 6
t 75 89 51 49 84 49 81 71 77 75 79 67
t 50 59 71 76 55 50 57 50 68 57 85 79
t 62 80 69 62 84 81 89 50 45 56 60 83
t 15 7 25 19 22 742 7 15 22 21 18 1
t 23 4 710 17 18 25 1 8 12 4 23 15
t 2 9 20 2 19 6 23 23 15 717 7 5
t 71 79 77 71 78 70 62 58 85 46 46 90
t 85 47 79 82 84 81 65 53 48 48 60 90
t 85 51 61 45 54 45 79 83 53 47 81 62
t 58 79 90 57 56 48 88 81 53 47 75 61
t 2 7 16 12 23 10 8 23 7 1 710 5
t 87 49 83 83 67 45 74 59 75 54 65 88
t 90 90 74 74 84 65 53 63 45 84 60 75
t 14 7 18 19 2 17 1 9 741 8 4 9
t 51 88 65 53 51 45 86 81 87 48 66 79
t 79 46 64 51 81 69 49 47 58 65 61 81
t 74 75 63 71 60 58 69 81 55 66 88 82
t 49 66 61 81 45 83 66 71 73 56 71 85
t 13 9 19 717 1 20 22 9 9 12 15 3
t 48 61 72 55 54 75 71 56 72 72 58 69
t 88 49 58 75 64 54 81 55 46 49 61 85
t 82 58 69 48 55 51 63 59 62 75 57 71
t 88 60 62 45 64 83 74 66 56 80 69 53
t 86 72 57 73 54 57 50 61 56 51 63 79
t 13 25 18 21 722 7 23 6 10 13 1 9
t 88 52 70 87 75 64 80 60 85 90 55 60
t 87 45 67 74 89 83 74 86 71 57 65 47
t 748 10 10 20 25 23 18 4 7 5 13 3
t 54 52 58 56 77 70 49 87 86 78 64 89
t 23 8 2 713 1 14 20 9 2 22 2 2
t 6 19 2 7 13 11 25 18 24 16 11 715
t 6 1 5 2 3 720 17 24 3 1 11 14
t 734 4 6 24 17 10 14 10 14 13 1 22
t 741 6 19 2 15 1 12 6 10 13 6 8
t 14 6 727 11 21 3 6 11 16 18 2 11
t 83 49 65 52 51 49 78 83 60 54 74 50
t 76 62 56 49 75 63 45 54 48 80 61 77
t 46 79 74 47 74 50 70 63 68 81 48 79
t 65 49 83 80 48 62 57 81 61 71 65 73
t 18 12 21 18 12 746 25 13 23 20 4 19
t 21 14 6 7 25 1 21 746 6 3 23 20
t 88 65 73 86 69 59 68 73 81 55 87 51
t 48 60 61 63 47 51 57 68 55 81 81 47
t 76 63 55 57 52 69 53 52 55 83 46 83
t 11 733 6 14 4 16 24 1 13 24 24 22
t 86 77 73 69 58 54 74 89 45 67 58 71
t 18 15 1 3 4 6 8 23 714 20 8 12
t 24 20 15 7 730 8 10 12 13 3 24 6
t 88 65 83 60 79 57 75 46 83 54 71 50
t 51 89 62 55 68 84 62 88 70 76 53 48
t 45 76 80 54 70 49 60 77 67 51 70 86
t 48 72 73 69 79 70 78 82 88 90 81 50
t 54 60 89 60 81 67 77 50 59 80 62 89
t 12 12 15 13 20 1 16 12 740 18 4 12
t 8 17 711 16 5 10 4 19 16 10 18 20
t 20 25 748 4 14 2 16 16 3 6 19 10
t 23 9 25 17 712 2 10 2 25 16 7 6
t 53 66 82 78 58 45 87 45 62 50 49 85
t 15 1 22 1 8 13 9 4 12 9 719 25
t 64 77 86 71 90 85 84 56 70 84 63 70
t 45 45 59 48 66 67 51 86 89 71 70 77
t 76 87 63 90 90 49 83 54 79 67 59 67
t 25 23 14 3 13 6 749 7 22 9 14 17
t 9 21 25 16 24 2 18 13 724 9 24 9
t 23 9 11 1 11 8 6 18 721 7 5 10
t 65 64 83 61 66 71 73 63 52 81 73 66
t 23 739 11 15 14 21 16 3 2 1 21 2
t 22 2 9 24 15 18 22 24 718 16 7 10
t 86 80 79 57 66 57 68 87 73 86 81 67
t 65 89 46 72 53 51 63 46 84 74 73 74
t 68 74 70 83 63 47 63 68 54 89 53 51
t 53 56 60 52 49 71 87 82 65 55 46 75
t 18 25 727 4 15 16 3 3 24 7 2 21
t 5 15 22 5 737 16 6 14 19 23 22 20
t 45 52 48 64 60 47 76 74 75 45 48 89
t 15 23 7 10 13 13 3 23 10 8 734 19
t 2 18 1 12 7 21 7 21 21 20 746 7
t 22 15 1 8 7 25 10 15 5 3 726 2
t 69 53 49 62 47 70 87 57 54 60 79 69
t 2 12 13 5 17 14 12 723 4 19 17 23
t 48 81 84 49 87 48 57 67 71 78 90 83
t 53 47 63 75 80 75 63 66 79 63 84 73
t 22 18 2 23 22 5 734 11 20 6 24 11
t 49 74 69 53 86 79 47 45 80 75 50 79
t 62 58 63 45 59 66 50 82 86 67 60 57
t 80 57 84 68 62 81 82 74 51 79 68 65
t 88 74 90 82 69 71 59 82 57 76 83 53
t 75 82 68 89 66 85 85 86 89 71 72 46
t 80 59 53 90 75 87 87 85 66 80 73 76
t 48 47 63 64 71 90 70 50 80 58 77 89
t 63 88 49 88 75 46 77 56 90 89 50 89
t 84 49 60 59 77 72 88 47 76 90 64 65
t 60 75 87 66 48 82 55 51 88 66 65 69
t 45 80 64 78 64 46 83 80 62 76 59 80
t 81 50 68 64 75 76 61 49 66 89 72 53
t 66 60 52 57 78 70 49 53 50 72 67 77
t 57 77 72 52 69 49 89 53 55 71 56 89
t 10 23 8 10 5 24 21 24 3 4 11 746
t 47 65 47 53 63 75 65 55 69 52 47 66
t 18 731 10 14 4 5 8 23 7 6 2 25
t 55 76 53 50 69 70 49 86 69 55 68 82
t 72 88 67 83 89 53 54 90 59 63 62 84
t 1 16 733 18 7 25 4 16 10 11 21 22
t 4 13 9 11 18 14 21 2 5 723 3 9
t 69 71 78 80 48 49 64 76 85 81 70 58
t 85 68 57 50 53 71 70 77 73 76 68 57
t 82 76 87 65 83 60 60 55 64 53 67 49
t 1 12 7 15 24 1 23 5 12 7 723 24
t 50 57 80 56 82 87 49 84 81 68 88 52
t 63 74 53 82 56 55 89 57 79 60 53 62
t 71 80 90 89 61 54 81 50 84 71 78 46
t 50 78 61 62 47 80 76 56 53 63 47 51
t 15 21 17 24 8 12 23 20 749 11 4 24
t 57 77 50 83 56 82 45 46 80 56 90 49
t 17 21 20 20 713 13 11 13 8 22 2 16
t 24 15 10 15 711 11 1 13 12 5 22 9
t 46 75 77 49 48 55 48 48 83 72 50 81
t 12 744 8 5 19 1 3 23 14 9 5 7
t 66 56 82 73 57 68 66 68 63 84 76 88
t 50 49 56 74 83 75 89 54 85 75 77 84
t 63 89 66 71 65 79 82 68 64 54 54 62
t 90 68 77 45 71 74 49 89 52 50 49 83
t 6 4 730 8 6 13 7 1 18 2 17 3
t 9 1 6 10 10 4 724 7 12 21 15 20
t 90 69 54 72 61 75 73 78 51 90 51 58
t 59 57 66 54 74 50 59 61 89 87 76 50
t 55 46 51 89 80 89 72 76 79 62 74 83
t 14 6 25 6 742 3 5 14 24 17 22 25
t 47 84 58 48 59 64 45 51 62 73 45 78
t 719 21 17 1 18 10 2 18 19 13 22 19
t 68 67 45 61 70 59 54 73 83 85 67 66
t 14 19 20 11 20 21 23 16 18 20 21 716
t 21 17 16 727 6 13 7 5 24 17 4 9
t 742 25 2 12 6 18 12 19 19 7 25 19
t 88 64 45 82 79 58 77 70 57 84 58 54
t 74 76 82 87 52 61 45 81 71 78 61 45
t 75 69 54 78 85 68 89 81 88 59 45 60
t 89 68 59 75 65 52 74 73 57 50 53 71
t 83 56 89 74 69 54 50 47 79 76 77 84
t 14 18 5 18 2 6 716 15 7 6 24 18
t 53 86 90 86 63 83 88 62 78 84 72 71
t 57 50 78 51 54 84 72 50 46 46 72 85
t 2 5 2 12 8 6 3 15 10 2 11 734
t 7 11 21 7 4 17 14 23 7 744 5 22
t 21 15 6 10 7 13 17 4 717 14 15 14
t 82 62 57 61 51 49 76 48 87 89 52 67
t 2 2 723 10 23 8 15 1 14 22 15 11
t 8 2 15 25 7 723 22 17 18 8 12 23
t 15 22 1 18 17 11 12 15 13 1 717 16
t 6 716 17 13 25 14 12 17 15 25 12 17
t 56 71 82 63 78 51 58 79 83 56 51 46
t 45 89 73 90 52 49 83 47 75 79 86 84
t 51 87 90 46 52 69 52 64 47 69 53 72
t 55 83 64 47 90 89 84 77 56 50 70 48
t 10 19 10 722 4 1 2 16 11 15 8 21
t 9 14 15 19 9 5 749 6 14 13 13 22
t 66 77 84 78 89 57 57 74 50 46 79 88
t 5 22 10 23 8 5 7 713 6 20 10 20
t 13 2 11 5 714 2 23 13 20 23 7 20
t 56 80 70 45 61 69 75 69 84 71 88 63
t 24 12 4 4 12 23 727 15 18 7 16 15
t 89 69 46 83 49 87 76 68 55 58 74 85
t 86 50 79 45 73 79 76 52 46 65 57 69
t 56 80 88 83 57 67 55 80 89 62 65 63
t 5 4 712 6 12 21 24 1 25 9 19 4
t 23 1 10 7 22 16 22 8 15 3 738 18
t 19 15 732 22 21 14 9 18 4 24 6 11
t 81 65 77 74 70 90 63 53 66 88 77 74
t 52 80 61 46 67 67 70 62 76 72 45 72
t 59 45 87 56 55 78 56 78 54 49 76 58
t 11 719 2 21 15 22 15 15 15 13 20 9
t 80 70 55 80 62 51 75 76 54 84 68 88
t 79 66 87 88 81 69 70 89 54 81 83 75
t 9 25 1 731 20 3 7 23 12 22 16 3
t 87 70 84 90 86 80 50 78 73 76 49 65
t 65 80 51 59 78 71 53 56 82 45 51 88
t 15 24 10 25 13 23 17 15 19 735 21 12
t 17 21 1 12 4 6 734 13 11 20 22 9
t 52 54 61 80 90 57 79 86 77 71 82 55
t 57 85 73 57 90 74 55 88 69 73 53 80
t 79 52 77 84 62 66 50 58 46 80 61 67
t 85 73 73 70 79 83 89 76 70 83 69 71
t 8 24 21 12 3 3 25 25 721 9 10 12
t 79 64 56 46 64 88 86 56 67 49 89 83
t 2 9 22 21 13 13 14 1 1 728 19 2
t 62 81 77 55 80 60 80 49 61 45 52 62
t 49 71 52 57 53 60 84 63 66 90 73 64
t 75 75 59 54 64 58 90 56 78 64 74 60
t 22 17 7 19 6 24 16 23 746 22 16 11
t 22 716 11 3 8 17 25 20 16 7 20 2
t 83 67 79 49 67 76 54 62 65 70 81 51
t 23 15 747 11 11 14 3 4 16 12 9 21
t 64 66 77 83 64 68 66 63 79 70 45 80
t 68 59 77 65 58 64 49 48 48 66 49 59
t 20 21 1 13 8 9 13 13 14 13 744 5
t 50 46 85 53 77 82 56 88 66 82 79 58
t 15 18 8 10 20 729 1 10 5 7 18 8
t 75 63 56 51 67 70 84 88 73 84 45 62
t 78 45 74 80 65 56 63 83 56 48 80 81
t 15 6 18 7 9 729 19 9 16 2 12 2
t 13 13 19 18 8 4 23 1 18 12 736 10
t 22 4 1 9 12 24 9 23 18 21 9 711
t 10 21 16 14 12 15 8 17 728 5 2 7
t 5 8 14 19 8 17 18 4 10 712 19 14
t 60 65 48 84 81 63 58 49 75 75 88 82
t 68 89 87 56 50 83 52 74 60 53 84 77
t 21 8 11 23 22 6 719 8 3 11 15 24
t 54 48 56 69 62 57 60 85 83 46 60 49
t 8 7 24 3 9 24 21 3 8 733 16 11
t 57 52 67 75 69 76 81 51 77 62 88 62
t 53 72 85 52 75 63 46 50 64 90 60 80
t 45 88 76 62 77 89 47 71 58 47 67 65
t 50 58 86 74 87 89 49 52 49 64 86 60
t 78 47 66 50 71 59 89 79 54 45 62 87
t 75 81 64 69 85 74 48 80 53 74 61 89
t 77 76 49 85 49 68 46 72 73 89 85 73
t 54 82 77 84 57 59 48 64 79 58 66 84
t 17 23 3 24 19 2 727 20 9 22 13 22
t 62 46 53 53 49 61 74 80 82 71 69 81
t 4 726 11 16 24 9 10 19 12 17 11 1
t 70 65 69 55 90 50 62 46 72 52 52 50
t 9 5 4 7 11 5 14 747 25 17 16 19
t 10 15 12 747 16 22 2 8 16 21 6 23
t 15 13 14 735 23 15 6 25 1 23 12 16
t 54 70 70 50 55 73 89 82 71 62 72 83
t 51 78 56 69 58 82 77 67 81 66 63 48
t 87 72 53 84 51 73 57 74 53 59 84 67
t 55 60 55 50 54 83 69 58 49 62 78 69
t 11 22 16 722 13 24 15 24 9 3 3 17
t 67 86 54 64 51 60 77 59 62 88 64 80
t 73 85 49 87 82 88 63 67 55 53 56 71
t 61 61 49 57 49 81 60 82 53 57 48 66
t 89 88 53 54 52 52 64 70 55 89 68 79
t 48 89 85 61 70 53 74 76 49 81 54 83
t 85 48 87 59 84 48 69 89 73 50 85 79
t 65 80 76 86 78 69 62 45 69 65 86 69
t 14 12 6 741 18 20 22 18 23 14 12 7
t 50 85 51 52 62 45 55 50 52 65 61 87
t 81 68 66 50 45 78 84 62 48 58 67 90
t 744 4 20 3 2 12 21 12 17 14 13 5
t 81 80 90 84 82 55 69 63 78 90 69 46
t 64 83 53 71 81 85 55 82 50 72 70 71
t 47 46 52 85 57 75 64 64 56 55 84 62
t 3 745 18 17 3 19 3 9 8 6 25 15
t 86 86 53 82 83 46 86 63 66 56 72 78
t 87 67 76 60 61 90 45 52 53 62 90 48
t 85 54 81 89 51 76 84 88 65 85 86 49
t 3 2 22 7 16 20 744 1 18 18 23 13
t 6 12 9 22 745 17 4 8 15 20 17 19
t 69 68 59 51 82 76 62 84 65 53 88 81
t 75 79 47 73 64 45 55 61 70 89 68 76
t 21 13 4 16 25 22 24 17 25 15 711 1
t 25 4 17 12 25 721 1 23 17 13 16 4
t 90 62 48 79 85 82 51 83 63 71 76 64
t 82 75 68 67 63 62 51 60 68 87 89 78
t 46 54 67 52 89 56 61 74 47 50 90 47
t 72 71 65 81 64 76 63 55 49 84 67 49
t 73 90 77 61 55 80 88 60 86 84 71 68
t 17 25 7 17 5 14 12 722 8 16 5 25
t 21 3 718 4 7 20 8 3 12 11 14 16
t 3 16 3 8 25 6 20 726 21 6 7 13
t 68 46 85 51 72 71 86 87 79 53 77 86
t 4 24 9 16 19 3 749 16 24 2 23 15
t 22 749 10 20 13 10 7 16 11 20 1 7
t 4 15 13 720 14 3 24 14 14 9 9 4
t 14 7 13 17 8 2 14 4 3 712 18 6
t 19 1 8 739 24 9 8 9 11 11 19 14
t 22 6 7 13 16 7 720 10 11 23 18 8
t 62 70 59 64 68 66 68 45 63 81 68 64
t 25 3 21 14 13 10 19 6 6 714 5 9
t 21 712 16 3 24 6 6 19 11 15 25 5
t 22 16 745 4 5 13 15 6 6 20 22 18
t 70 70 80 62 73 54 86 73 73 76 73 69
t 23 5 715 10 19 24 11 3 18 18 25 16
t 5 23 23 17 2 13 20 16 25 5 1 744
t 8 18 19 22 22 7 22 742 15 22 15 5
t 66 48 48 72 66 54 62 87 88 53 68 90
t 64 83 87 64 68 54 73 78 65 71 46 64
t 79 52 72 80 85 64 80 80 49 79 56 54
t 77 60 69 51 88 59 52 61 48 48 65 70
t 18 19 25 744 25 16 4 1 11 9 2 21
t 19 5 20 2 12 25 5 9 2 5 745 14
t 73 80 56 50 86 78 90 76 68 59 78 79
t 46 73 83 75 61 90 73 67 56 77 73 53
t 65 72 88 89 60 52 55 79 51 90 67 65
t 1 25 23 14 740 7 18 14 14 24 21 3
t 54 79 84 89 67 72 46 56 51 55 61 78
t 1 24 12 1 23 3 20 746 9 23 15 16
t 87 81 85 76 81 45 75 77 50 46 46 85
t 8 7 15 726 24 8 7 18 14 14 5 17
t 56 64 68 61 86 77 61 53 68 68 63 48
t 66 56 69 62 76 68 88 89 79 46 72 87
t 8 14 8 13 749 4 11 8 14 14 2 23
t 13 20 14 22 15 7 728 11 15 4 5 12
t 19 5 2 7 24 7 10 16 20 744 25 2
t 60 73 49 85 52 62 51 87 88 82 47 52
t 24 24 18 15 18 20 14 2 20 724 3 11
t 65 69 79 48 65 62 70 83 52 82 61 71
t 65 86 67 72 45 73 55 59 82 63 58 73
t 8 24 15 19 4 10 1 2 17 25 739 21
t 70 54 60 63 47 52 47 63 73 58 73 76
t 81 68 63 62 62 46 89 62 79 81 46 48
t 53 80 84 71 46 47 67 75 71 89 87 49
t 82 64 83 74 74 60 54 85 80 79 64 63
t 54 49 64 86 53 90 50 47 62 45 75 87
t 6 21 740 7 11 13 17 25 7 21 9 9
t 3 713 22 16 6 12 10 7 22 16 8 6
t 728 9 18 18 15 22 21 9 11 2 12 8
t 60 59 89 58 87 70 61 71 79 72 67 79
t 57 89 79 55 50 75 71 85 65 79 88 53
t 84 48 83 58 55 70 82 86 45 66 46 64
t 46 68 62 50 47 89 46 77 63 49 74 88
t 90 73 53 68 51 50 66 89 53 82 56 71
t 75 55 63 85 45 45 48 61 86 57 53 45
t 86 50 83 61 48 75 84 47 67 46 47 49
t 90 83 50 58 87 71 90 84 71 85 79 75
t 16 10 16 18 24 4 14 748 15 4 8 6
t 59 50 59 68 50 81 46 72 89 75 72 77
t 82 84 80 70 71 50 72 60 45 74 74 56
t 48 83 51 68 65 49 65 74 89 51 86 62
t 23 20 14 13 22 726 4 23 11 13 3 25
t 16 1 23 14 16 3 20 16 10 14 13 745
t 16 18 11 17 23 5 2 718 1 12 15 9
t 58 53 77 74 80 88 76 65 61 67 68 85
t 88 45 51 85 62 47 89 48 54 64 58 68
t 88 54 63 74 57 59 45 76 59 50 67 58
t 84 87 63 83 71 51 66 45 90 77 54 79
t 74 59 79 47 71 51 46 83 76 46 48 64
t 67 56 69 53 76 83 51 87 52 57 52 49
t 25 9 13 13 9 10 2 5 735 5 22 14
t 78 80 46 78 78 70 75 61 90 85 46 87
t 81 72 86 90 74 87 87 62 63 70 74 62
t 726 25 2 20 18 11 21 16 12 23 6 24
t 6 19 8 13 728 9 22 23 22 19 11 5
t 8 16 19 19 747 20 22 1 21 23 12 10
t 74 79 81 88 83 81 64 84 47 47 82 86
t 57 63 62 67 88 66 67 79 74 77 74 89
t 25 17 12 3 7 25 24 17 24 712 24 14
t 737 11 12 5 15 11 22 2 23 14 24 21
t 11 12 16 6 21 2 20 22 8 5 1 749
t 19 4 17 7 16 5 5 730 22 11 13 6
t 66 71 53 64 47 69 64 80 58 84 89 84
t 23 2 710 14 19 1 24 8 6 20 22 8
t 11 16 8 3 14 25 19 25 8 11 19 714
t 66 64 56 46 77 54 81 62 72 89 64 83
t 6 17 741 20 6 16 17 14 9 6 4 20
t 22 12 24 1 18 739 5 15 21 11 17 22
t 22 20 11 18 12 21 16 4 12 22 18 725
t 21 19 2 5 19 2 21 16 7 742 25 15
t 81 68 51 51 85 67 75 56 58 57 73 54
t 78 55 87 83 58 53 46 57 83 83 59 62
t 64 45 73 49 83 54 78 57 89 60 85 86
t 20 19 719 20 24 25 6 21 20 7 7 7
t 58 46 85 84 75 55 82 56 88 83 67 63
t 3 4 5 14 9 15 735 18 19 17 1 11
t 7 17 13 25 12 11 1 6 18 749 22 25
t 71 49 54 57 82 56 79 52 68 68 82 58
t 59 77 65 55 73 50 88 65 78 86 46 79
t 89 81 63 63 64 46 85 60 64 60 45 81
t 58 73 79 54 62 45 87 75 67 58 65 73
t 88 85 84 67 82 79 50 75 49 71 49 74
t 59 46 47 68 45 63 87 73 78 90 52 89
t 58 83 64 72 86 51 90 47 59 84 51 67
t 65 73 69 85 47 77 69 60 65 58 65 71
t 81 86 56 45 71 60 86 65 85 63 85 77
t 726 1 4 6 9 13 4 20 5 19 1 19
t 62 64 63 86 67 58 46 69 79 80 63 81
t 12 4 7 14 13 13 729 4 16 16 18 9
t 49 77 76 75 77 83 74 49 45 60 86 87
t 55 65 87 84 59 62 55 59 46 59 74 89
t 88 75 64 73 67 58 54 49 90 81 85 48
t 8 2 19 6 17 11 9 12 6 736 25 6
t 68 60 76 79 78 81 75 48 82 88 55 54
t 15 4 23 21 20 738 24 25 24 23 18 16
t 13 9 3 11 19 18 1 726 24 5 12 17
t 23 10 7 14 10 1 1 10 20 2 735 10
t 87 61 78 86 85 63 48 83 66 46 75 78
t 25 9 22 10 20 11 20 9 13 10 15 733
t 727 25 6 25 9 19 12 2 17 15 11 6
t 4 1 19 7 20 18 15 24 5 17 12 734
t 78 63 56 75 46 68 60 77 54 66 79 71
t 65 84 58 84 53 76 51 61 84 54 62 69
t 17 11 21 14 16 16 11 721 11 18 3 7
t 736 5 22 5 13 12 15 2 19 17 18 11
t 83 69 56 58 73 55 58 82 78 53 48 65
t 78 68 65 70 80 52 80 77 52 81 83 82
t 47 82 72 48 70 85 63 53 83 54 66 61
t 46 84 58 67 76 78 59 90 53 69 90 54
t 59 81 59 63 71 70 57 50 81 77 86 87
t 12 7 16 8 16 9 11 721 13 19 16 4
t 81 78 55 47 45 80 76 83 62 89 67 57
t 12 21 16 24 2 9 18 15 22 719 1 13
t 22 17 17 25 23 11 12 748 15 16 1 16
t 23 24 17 1 9 13 4 16 11 6 23 749
t 70 49 58 86 57 52 50 51 47 69 86 49
t 49 90 88 75 58 58 64 89 70 51 49 77
t 77 68 71 57 63 48 75 48 45 71 84 55
t 68 52 80 72 46 83 49 89 76 80 71 86
t 57 74 50 71 62 73 82 69 61 63 65 60
t 68 84 83 67 74 48 80 84 58 82 74 81
t 58 57 80 52 50 79 49 64 50 84 53 82
t 8 3 20 13 20 23 19 17 740 9 23 8
t 74 65 89 73 72 72 47 54 87 47 58 86
t 24 4 19 725 13 5 17 17 9 3 24 22
t 87 83 71 53 59 81 77 71 76 48 90 70
t 62 59 52 54 75 68 70 88 58 82 73 81
t 57 81 80 47 87 80 69 75 63 70 66 89
t 80 56 87 77 61 86 82 51 55 65 45 46
t 49 51 80 84 82 71 73 54 86 73 54 82
t 64 64 62 53 79 70 84 58 47 77 81 53
t 7 20 13 12 20 10 5 15 745 6 4 19
t 11 20 5 9 5 18 2 22 10 22 737 4
t 81 70 73 72 59 56 55 87 86 77 75 51
t 53 66 59 56 55 45 68 73 53 47 53 63
t 69 47 68 56 62 51 90 66 68 72 57 84
t 56 86 55 88 77 76 63 69 78 90 61 84
t 85 70 57 53 76 85 83 81 90 51 63 56
t 82 74 46 89 75 68 75 55 66 51 47 46
t 24 3 18 738 11 15 13 23 2 4 20 1
t 2 9 5 2 21 13 14 12 9 13 9 718
t 63 61 72 74 78 84 89 63 64 65 73 84
t 15 17 13 1 25 15 18 15 12 721 16 5
t 60 83 74 61 67 87 52 86 69 53 82 45
t 13 15 8 16 14 721 23 8 20 5 24 18
t 57 54 79 56 85 86 51 72 61 70 77 65
t 19 22 8 736 21 7 5 21 20 23 16 17
t 61 82 85 73 74 90 87 76 80 51 70 83
t 79 61 48 48 69 74 55 85 50 63 68 68
t 49 68 79 50 78 66 63 49 63 51 82 56
t 15 23 19 16 7 6 23 2 746 22 7 5
t 58 87 53 60 50 88 83 45 74 68 48 87
t 46 53 83 80 63 77 58 60 56 79 75 54
t 13 20 8 17 25 10 22 741 1 20 2 4
t 49 63 50 67 57 59 84 54 73 73 88 51
t 6 22 21 24 18 20 16 9 732 13 14 7
t 64 80 46 46 60 76 49 78 73 83 86 61
t 80 83 75 59 53 57 61 50 57 58 79 69
t 18 20 11 23 22 5 734 6 20 8 14 15
t 87 66 70 88 72 89 85 87 45 73 56 56
t 5 13 23 24 729 9 14 5 7 10 2 17
t 72 72 66 49 52 87 88 61 61 69 64 45
t 8 20 24 710 17 1 5 21 19 13 1 5
t 5 10 22 1 10 9 14 733 4 8 10 15
t 10 22 22 4 21 6 4 21 742 3 22 12
t 53 57 87 75 70 54 73 58 78 46 63 67
t 46 65 79 84 89 82 86 53 63 86 73 85
t 46 83 57 55 59 68 89 61 57 49 67 76
t 54 46 78 61 63 76 85 76 46 80 65 55
t 46 45 88 67 70 46 51 46 61 53 85 65
t 79 56 88 54 49 86 74 67 49 67 48 55
t 55 79 77 62 86 76 55 80 54 78 83 73
t 61 59 49 57 63 47 72 79 65 60 60 89
t 9 18 24 1 5 1 738 6 19 16 10 25
t 20 2 1 7 1 748 3 20 23 19 4 15
t 13 14 24 724 13 22 21 25 1 15 22 20
t 82 66 66 64 73 53 81 84 68 73 83 84
t 20 6 5 22 7 1 18 10 729 16 16 25
t 82 65 73 59 49 80 46 73 85 80 57 62
t 84 87 61 45 50 65 49 57 75 90 49 76
t 68 67 51 83 68 67 78 45 56 89 73 72
t 48 85 58 90 88 52 69 80 85 55 69 88
t 3 22 18 748 7 1 5 9 7 16 24 23
t 53 51 72 79 66 51 82 57 56 69 68 55
t 70 75 66 82 89 57 85 66 57 46 51 82
t 87 69 75 66 51 75 85 84 46 72 64 62
t 60 45 59 82 55 73 58 65 65 75 67 48
t 79 87 67 67 76 88 45 49 66 64 88 80
t 3 7 17 748 22 13 15 13 7 14 13 11
t 60 75 89 46 79 60 65 62 51 90 61 73
t 20 18 7 9 18 12 725 4 2 8 4 25
t 749 25 5 5 17 24 2 6 24 20 25 8
t 16 10 21 1 11 12 2 24 16 24 15 712
t 67 77 74 75 70 77 81 63 57 83 56 77
t 8 25 5 19 12 732 17 16 14 20 23 13
t 20 2 19 746 6 5 25 10 1 17 15 1
t 16 10 3 10 16 13 16 8 14 21 740 7
t 65 71 90 57 88 65 82 66 56 49 77 73
t 80 60 57 50 60 50 63 77 61 58 78 64
t 6 733 13 15 6 24 6 5 12 19 16 7
t 23 731 15 20 16 12 9 10 21 23 11 22
t 17 2 20 8 7 18 9 741 10 3 6 17
t 78 51 53 85 52 75 46 51 79 57 60 53
t 84 54 72 83 89 51 71 70 79 74 82 72
t 49 73 46 81 46 82 69 83 82 56 50 71
t 63 62 59 88 61 78 88 46 82 62 51 46
t 90 80 54 68 71 51 59 51 60 76 50 77
t 73 75 87 73 65 71 71 88 59 85 88 61
t 23 10 16 5 23 25 718 6 19 23 18 21
t 71 69 54 88 52 45 83 57 64 77 74 63
t 7 9 16 4 23 16 22 17 17 717 15 5
t 58 62 73 80 59 72 67 56 58 81 74 59
t 21 730 17 15 2 13 19 5 25 13 18 11
t 70 56 84 55 64 72 80 66 77 88 87 47
t 13 5 8 25 18 25 19 19 9 719 10 14
t 49 82 73 60 48 72 86 63 52 86 90 55
t 70 54 82 67 72 46 49 51 64 48 79 68
t 23 10 5 9 20 10 736 2 10 19 17 4
t 9 9 22 735 25 16 3 9 2 4 3 21
t 60 79 45 86 57 88 78 73 77 55 86 75
t 21 16 716 8 25 19 5 8 2 16 6 12
t 6 23 1 6 16 21 4 18 712 11 17 1
t 46 73 89 73 80 65 76 77 45 70 86 71
t 14 7 7 24 14 733 24 22 23 9 21 25
t 1 21 21 12 722 1 1 17 19 5 8 10
t 14 734 17 20 17 23 17 21 16 15 23 12
t 70 83 58 69 76 78 80 72 76 66 78 57
t 49 49 57 81 49 55 82 71 59 69 64 49
t 11 726 8 21 8 18 21 9 3 5 23 6
t 59 82 84 45 89 65 53 83 55 60 62 79
t 743 1 5 4 11 13 2 1 11 22 11 25
t 52 76 82 89 68 71 55 67 68 51 72 70
t 1 25 3 733 25 11 11 11 13 3 25 13
t 13 22 8 9 21 13 17 19 21 719 19 10
t 12 8 1 22 19 734 17 13 9 13 11 14
t 84 90 68 58 58 58 69 79 79 54 77 63
t 53 88 62 75 84 47 58 70 48 52 90 61
t 80 86 85 75 50 69 86 88 88 61 64 62
t 78 83 65 90 89 53 63 64 76 80 54 76
t 82 71 78 88 57 52 72 58 79 76 56 47
t 3 8 20 21 15 5 25 10 742 11 21 25
t 17 718 11 6 3 15 14 3 6 13 13 13
t 67 56 69 61 61 67 80 54 51 68 64 46
t 22 3 6 24 25 25 13 22 713 1 8 21
t 48 66 61 86 66 82 55 65 54 89 72 74
t 68 56 89 86 77 80 87 74 49 61 90 51
t 52 82 80 48 84 47 68 57 77 53 70 86
t 18 9 25 10 735 11 10 11 19 6 11 7
t 86 48 72 69 90 89 68 75 56 78 53 73
t 20 12 2 5 19 18 1 16 732 16 6 20
t 51 47 69 58 66 76 67 51 76 59 84 59
t 87 90 48 49 59 87 82 86 50 53 84 79
t 85 80 45 89 89 75 72 49 90 64 46 83
t 69 59 81 45 57 80 90 66 85 79 52 71
t 52 86 58 90 86 56 85 71 60 45 80 81
t 53 59 80 59 89 67 69 84 48 63 88 49
t 68 83 56 88 47 57 72 65 51 69 51 87
t 52 60 77 80 50 57 76 69 75 90 63 72
t 74 73 65 52 53 87 90 68 74 75 81 46
t 76 61 60 64 63 51 90 88 89 74 86 54
t 746 18 25 3 6 11 18 1 14 16 6 3
t 45 48 89 87 62 55 74 83 45 63 51 79
t 87 74 63 77 54 74 61 62 69 85 46 49
t 13 2 8 7 17 7 749 5 12 25 2 9
t 19 25 22 19 9 13 3 7 25 24 5 748
t 5 8 23 1 18 23 9 3 6 18 7 731
t 15 20 6 4 2 18 18 716 3 19 18 15
t 10 21 7 16 19 25 14 16 10 731 19 25
t 74 85 47 80 56 52 45 83 63 58 52 47
t 79 83 80 77 58 47 68 83 60 63 87 57
t 59 67 48 66 59 87 59 60 69 65 68 63
t 81 55 89 60 69 83 60 45 86 48 53 85
t 12 10 9 3 12 717 1 2 17 5 2 16
t 84 87 73 66 75 73 79 88 70 46 45 51
t 72 47 70 80 76 67 84 68 67 51 49 48
t 10 15 4 19 2 14 13 730 12 25 10 4
t 53 60 85 48 51 51 85 72 59 55 73 83
t 10 7 17 12 3 24 4 10 11 21 18 744
t 73 68 49 56 55 66 86 65 57 58 84 89
t 21 733 18 7 17 14 19 23 15 22 3 13
t 7 10 16 23 4 20 18 14 24 712 21 4
t 67 85 83 52 61 45 88 81 45 84 68 65
t 75 64 54 55 72 78 88 82 63 71 69 48
t 46 57 81 47 88 48 57 62 59 62 77 62
t 51 89 52 78 90 82 81 67 90 77 73 85
t 67 58 72 80 54 56 52 51 78 62 63 68
t 713 3 13 15 23 20 7 6 2 5 20 6
t 76 68 62 80 56 85 78 88 79 86 64 77
t 55 64 90 61 76 82 74 85 69 52 47 75
t 50 56 90 90 63 55 54 65 68 64 63 69
t 21 1 6 9 23 19 12 722 3 9 6 25
t 67 78 55 75 48 66 79 54 60 51 90 71
t 20 3 21 10 5 728 7 2 3 13 21 7
t 718 8 12 6 9 11 22 16 22 19 23 24
t 17 19 18 23 18 24 2 12 23 15 21 718
t 21 717 23 20 4 11 22 10 15 24 24 18
t 5 4 16 17 17 2 9 13 715 13 18 9
t 13 14 10 12 4 2 9 10 736 3 15 17
t 8 744 19 18 5 20 16 2 14 14 2 7
t 21 12 743 10 25 7 6 21 12 1 25 25
t 87 74 55 55 72 47 84 88 54 73 89 83
t 5 21 21 25 9 22 9 23 737 18 14 7
t 23 6 15 17 18 5 1 712 21 9 25 7
t 46 74 68 55 84 78 63 54 63 86 83 84
t 86 58 81 88 63 53 52 72 52 46 74 62
t 5 23 4 13 18 7 9 25 17 17 746 20
t 11 25 11 25 11 710 5 25 13 12 20 9
t 77 47 68 65 69 57 87 82 77 84 77 53
t 53 64 61 86 76 75 53 86 45 90 71 80
t 6 3 15 725 12 8 14 7 17 11 9 4
t 725 14 22 20 7 3 19 14 19 11 19 19
t 86 63 60 67 64 68 86 70 72 59 88 50
t 10 24 17 10 19 2 17 13 730 4 16 3
t 74 64 76 75 55 46 90 47 78 90 53 49
t 3 8 3 15 21 13 21 21 736 18 13 10
t 53 77 45 76 89 53 53 71 49 57 76 61
t 81 72 83 61 57 66 52 67 65 70 47 59
t 723 6 4 8 14 8 5 25 17 19 1 17
t 73 84 58 61 67 82 86 87 86 70 78 69
t 17 13 8 12 14 10 20 716 6 6 10 12
t 86 75 87 67 59 65 45 83 81 66 60 80
t 8 16 14 13 8 3 1 715 5 9 16 17
t 11 19 11 9 23 1 21 15 13 733 19 18
t 15 16 14 7 19 4 10 724 10 16 8 14
t 6 14 17 1 16 24 1 2 6 734 8 21
t 8 12 13 20 2 8 719 9 23 4 19 8
t 7 14 736 4 22 18 25 14 14 22 9 14
t 5 13 16 25 747 25 5 4 1 9 4 14
t 744 18 19 18 9 24 18 23 12 3 13 22
t 19 14 2 2 25 4 9 10 18 15 711 3
t 79 49 55 89 46 80 51 83 87 45 60 51
t 25 21 19 17 747 15 13 12 2 16 15 4
t 71 51 54 77 57 50 78 73 62 67 73 67
t 2 15 8 14 7 730 2 11 1 2 10 6
t 71 70 66 64 61 85 48 89 46 63 75 90
t 76 83 84 65 84 51 65 59 75 88 63 81
t 66 50 89 81 76 62 78 52 68 46 78 62
t 64 84 85 75 74 54 81 86 67 57 51 71
t 63 76 89 77 65 85 82 80 50 64 74 72
t 72 76 81 52 46 45 48 90 87 73 63 83
t 19 15 8 22 738 12 22 7 17 10 14 1
t 14 12 7 15 25 1 14 21 22 25 744 1
t 6 713 19 21 21 10 7 10 3 5 22 7
t 7 14 25 7 5 8 710 14 12 13 4 17
t 1 10 15 733 16 21 10 20 15 10 7 14
t 49 87 48 69 62 78 62 55 78 49 85 59
t 7 14 13 22 734 5 22 20 18 11 7 11
t 63 70 53 85 48 61 82 58 53 87 59 50
t 90 58 71 82 56 66 78 71 51 87 85 72
t 72 66 76 73 89 82 47 84 86 48 90 70
t 8 25 21 10 24 17 3 717 17 9 13 5
t 65 71 64 54 48 88 47 83 71 62 82 88
t 20 4 5 4 20 7 13 17 9 10 711 7
t 1 22 19 18 15 24 9 10 737 7 20 2
t 58 75 57 58 86 50 53 81 88 57 90 59
t 57 90 58 70 83 54 74 83 84 47 69 88
t 57 72 68 77 64 74 55 56 47 47 51 75
t 51 65 68 48 48 83 61 56 53 84 78 74
t 4 4 18 14 738 5 25 16 22 2 17 1
t 20 6 12 715 19 19 17 25 13 21 8 19
t 71 57 70 58 82 72 51 76 56 54 65 60
t 16 17 742 11 16 25 9 12 9 16 21 10
t 87 45 73 80 80 54 65 58 86 62 50 72
t 86 50 59 51 62 87 71 55 84 65 88 55
t 59 76 56 48 51 87 72 88 81 55 65 85
t 7 13 16 734 10 18 5 15 15 11 9 3
t 63 66 77 55 46 68 74 50 72 61 54 86
t 85 56 77 81 53 69 49 49 49 64 54 48
t 7 15 7 13 4 719 23 17 17 7 19 23
t 2 8 733 5 17 18 2 4 13 19 14 22
t 69 85 83 60 58 72 72 48 47 49 72 61
t 80 86 66 72 75 69 76 82 61 46 64 81
t 73 45 88 66 83 68 47 54 86 82 56 57
t 58 79 47 64 90 58 84 66 56 75 57 87
t 76 81 55 82 59 51 59 47 83 61 46 45
t 13 14 1 7 16 19 3 3 3 722 25 7
t 11 3 10 17 25 720 7 14 19 11 7 8
t 14 20 11 23 11 9 16 20 728 2 17 9
t 25 15 12 21 14 20 4 728 13 16 3 5
t 71 75 74 49 70 53 60 49 48 58 72 46
t 61 56 67 63 78 88 63 82 87 86 80 50
t 13 4 10 7 5 2 20 8 16 7 3 726
t 65 55 65 51 50 85 62 67 63 51 63 78
t 45 63 55 48 47 48 71 50 74 53 89 84
t 49 51 83 45 87 68 59 61 57 84 85 88
t 80 55 87 47 62 52 83 53 82 72 90 65
t 12 13 19 10 714 5 9 10 17 10 19 19
t 84 61 64 46 81 71 74 70 90 49 55 65
t 8 2 733 9 3 12 15 8 25 4 11 8
t 47 71 88 54 84 59 83 67 59 67 49 76
t 59 53 66 48 67 77 68 48 64 63 54 62
t 7 8 23 3 3 6 20 16 3 19 732 1
t 45 64 74 45 72 90 87 73 70 48 88 68
t 51 72 79 72 57 50 62 62 63 71 61 80
t 21 12 14 3 3 1 740 7 22 9 18 20
t 55 46 61 55 64 45 89 66 88 71 69 67
t 6 712 2 14 13 5 11 24 7 12 17 24
t 46 72 55 60 85 79 51 71 76 65 46 60
t 90 55 64 74 56 88 70 66 61 56 55 62
t 61 53 47 46 69 81 76 74 86 81 73 72
t 51 45 72 89 87 85 63 74 81 71 52 71
t 20 8 10 11 11 15 10 16 18 16 15 710
t 56 90 74 66 86 56 88 84 57 54 60 62
t 61 61 52 73 52 83 61 87 50 71 90 79
t 10 9 24 710 2 3 19 19 23 23 23 24
t 51 76 53 55 67 66 76 64 61 84 49 68
t 13 18 2 14 15 23 732 24 9 22 5 11
t 80 58 75 79 46 46 71 56 73 82 77 70
t 63 86 77 56 81 48 56 51 77 77 54 63
t 83 66 49 50 86 77 49 81 78 64 55 71
t 80 49 52 85 78 47 45 66 50 61 82 77
t 86 64 56 83 71 72 64 65 50 46 83 54
t 21 717 7 24 11 1 21 8 23 20 22 10
t 58 81 50 54 53 56 71 50 63 56 78 88
t 8 25 15 5 11 737 9 11 11 10 9 8
t 21 24 23 748 20 13 23 25 19 19 25 5
t 85 79 73 73 85 48 71 59 72 86 76 68
t 56 63 55 55 65 72 66 47 51 57 58 75
t 66 80 46 53 83 62 77 73 59 85 62 86
t 15 19 8 19 737 21 10 23 8 3 7 15
t 72 77 47 49 52 61 85 87 72 63 82 64
t 8 24 24 19 22 15 10 7 9 12 710 8
t 7 25 23 13 24 4 1 21 747 1 9 7
t 64 70 74 78 88 47 72 56 68 49 89 68
t 88 88 79 49 80 90 56 83 70 49 47 90
t 50 77 46 64 59 75 70 51 79 50 75 68
t 49 50 70 45 73 90 57 59 73 60 53 70
t 55 76 52 60 58 58 46 81 70 49 86 80
t 76 49 83 88 50 67 76 54 46 69 88 51
t 77 58 87 57 50 45 81 89 71 47 63 82
t 726 12 20 7 18 4 9 11 25 10 24 8
t 88 52 90 71 50 65 61 76 73 77 89 64
t 69 80 58 55 65 68 74 59 54 67 73 57
t 19 9 16 8 7 733 1 25 11 6 20 8
t 15 742 14 3 5 21 12 5 4 1 21 12
t 87 54 66 76 63 48 89 82 88 69 59 52
t 10 13 7 23 10 7 23 7 7 23 737 13
t 82 49 83 71 64 84 48 77 50 48 51 59
t 57 45 48 54 79 89 49 77 77 67 90 81
t 17 12 10 24 13 730 10 11 11 19 8 13
t 89 65 67 48 73 45 89 82 67 52 57 60
t 12 21 10 8 10 713 18 10 6 14 12 9
t 47 59 82 85 46 54 82 47 86 84 62 79
t 57 51 54 84 74 88 62 46 58 86 80 57
t 65 83 52 78 45 57 79 62 73 52 60 52
t 2 24 1 18 4 24 16 15 25 20 11 740
t 6 6 6 1 746 1 1 14 1 11 17 10
t 65 81 45 88 82 57 83 70 79 84 82 56
t 67 80 69 74 76 69 54 47 68 67 52 80
mb
t 20 11 24 16 3 25 2 24 734 3 7 13
t 85 80 54 68 82 82 77 75 88 64 79 61
t 25 1 15 25 10 749 16 15 15 24 18 25
t 3 10 6 19 19 10 17 18 743 19 12 1
t 72 88 69 53 77 80 90 61 50 79 72 84
t 71 67 63 71 90 78 79 58 90 52 75 72
t 23 719 8 5 8 5 17 8 5 12 22 19
t 9 11 8 25 24 15 2 6 721 2 22 8
t 54 54 61 55 68 52 77 83 74 46 75 65
t 45 59 89 77 53 84 88 52 76 65 51 75
t 48 80 62 77 76 58 79 70 56 89 56 88
t 54 60 75 57 68 55 86 50 54 62 66 81
t 6 23 733 22 15 20 16 16 10 22 23 7
t 13 25 12 12 11 714 23 1 9 7 8 8
t 71 57 84 87 68 61 55 54 46 70 77 54
t 56 72 45 66 80 50 51 64 54 78 61 45
t 67 67 74 84 69 66 80 64 88 76 45 78
t 6 25 3 8 733 7 21 14 14 7 8 5
t 76 54 64 81 71 51 72 58 67 46 71 66
t 89 79 86 45 65 80 89 56 48 71 75 77
t 8 744 22 5 4 1 5 6 22 21 15 20
t 51 49 48 89 69 59 65 56 76 73 54 77
t 2 17 9 732 1 22 1 6 12 11 24 4
t 80 60 56 67 61 74 48 83 81 56 89 51
t 86 67 86 87 79 59 75 59 82 72 83 86
t 53 77 46 47 57 80 63 64 59 68 59 59
t 66 47 87 71 57 70 54 47 72 69 80 56
t 55 82 84 85 89 83 56 78 84 56 61 45
t 59 85 52 90 65 73 47 68 68 76 59 67
t 20 13 25 1 17 9 24 720 6 4 2 21
t 83 60 58 46 73 90 78 83 87 83 82 66
t 50 87 59 64 69 73 61 83 82 60 65 61
t 17 15 7 21 15 10 730 24 4 5 8 4
t 49 61 60 86 50 84 46 60 85 45 88 69
t 4 4 13 18 18 739 10 21 1 17 18 1
t 86 80 80 81 73 51 71 73 83 67 71 85
t 22 7 12 6 17 14 21 23 7 743 21 1
t 59 79 60 80 73 76 84 57 64 80 85 60
t 68 48 83 46 46 50 80 68 58 49 51 74
t 59 57 78 70 45 86 58 80 88 82 70 80
t 65 87 63 48 48 53 58 74 45 54 85 69
t 83 80 78 81 72 83 78 47 86 50 75 75
t 4 15 25 5 21 2 24 746 19 5 16 25
t 11 5 14 8 10 21 3 2 734 6 16 7
t 45 52 58 61 46 62 68 61 46 79 77 59
t 72 61 51 49 59 84 65 46 69 45 79 89
t 81 81 63 73 71 52 48 86 74 61 69 65
t 16 6 8 7 5 10 11 731 3 23 15 15
t 84 86 53 69 51 55 72 72 68 64 79 63
t 733 9 7 6 11 23 16 12 25 10 9 17
t 65 66 68 50 58 90 57 48 65 75 62 66
t 74 45 72 87 53 48 89 67 87 51 83 87
t 4 16 22 10 712 15 10 24 4 2 1 18
t 83 88 50 47 70 60 55 57 68 88 57 78
t 69 47 63 47 62 60 82 84 73 76 66 76
t 749 23 17 3 25 14 16 20 3 10 23 25
t 10 9 21 3 17 22 5 17 9 729 8 21
t 45 77 53 70 58 58 69 85 69 59 66 69
t 77 64 77 67 65 77 60 53 71 52 76 86
t 56 45 73 57 86 64 47 80 90 86 72 45
t 18 25 746 5 10 6 7 17 7 16 11 5
t 54 63 58 45 70 82 84 56 63 47 55 54
t 90 63 54 89 70 51 87 67 64 71 77 89
t 3 3 14 23 745 3 6 22 23 6 13 23
t 63 65 45 80 59 55 56 56 54 74 56 78
t 70 57 45 77 68 78 63 60 58 57 56 61
t 77 90 45 59 47 71 80 47 74 77 54 87
t 22 2 13 12 11 18 8 739 19 17 3 16
t 15 14 23 17 738 15 1 20 6 7 7 24
t 72 77 49 70 85 50 82 56 47 78 66 77
t 49 76 51 72 61 52 88 89 55 79 67 55
t 11 7 10 2 5 23 21 14 720 7 7 7
t 85 83 50 51 80 80 47 65 45 71 77 71
t 10 20 1 12 743 16 7 20 8 16 11 4
t 15 5 16 16 16 22 11 23 736 13 21 6
t 61 57 49 72 84 85 77 53 81 82 45 51
t 81 62 73 84 81 58 84 64 70 62 75 78
t 67 72 53 82 61 85 48 45 77 68 45 47
t 80 65 80 59 66 86 61 59 58 63 47 75
t 10 5 2 5 710 6 17 22 23 18 14 18
t 59 80 65 82 84 87 60 77 66 48 88 84
t 5 21 8 748 7 6 6 4 18 23 21 18
t 72 85 64 58 47 87 55 56 47 60 74 70
t 3 24 18 19 20 10 9 749 11 6 10 25
t 49 57 56 89 79 88 83 56 75 45 87 53
t 742 24 8 6 24 8 13 2 7 14 22 25
t 10 20 18 13 20 730 25 4 4 14 13 11
t 70 84 77 60 80 69 53 77 54 65 75 49
t 64 84 86 80 55 71 83 53 76 66 48 85
t 6 12 741 17 6 20 9 23 3 18 8 10
t 81 88 74 54 86 49 66 56 58 73 85 81
t 12 15 13 9 717 7 23 7 11 4 20 2
t 716 10 10 24 1 3 13 3 23 6 18 17
t 57 75 54 77 51 52 51 76 60 51 54 49
t 53 84 49 90 53 88 49 90 59 90 71 66
t 9 12 10 16 3 17 736 24 11 22 14 14
t 80 55 75 56 57 46 71 83 72 59 90 65
t 56 81 83 73 81 46 76 78 60 72 77 69
t 53 76 60 63 57 87 89 76 85 52 79 62
t 60 54 89 84 59 87 77 65 78 47 79 81
t 77 85 61 66 84 81 51 46 74 89 60 45
t 4 7 18 8 17 717 21 10 23 17 15 12
t 9 18 17 24 8 3 12 13 6 737 15 2
t 78 83 55 47 53 51 65 79 66 79 73 51
t 62 89 77 75 48 66 63 47 51 85 69 89
t 17 3 11 21 24 11 17 722 21 4 7 12
t 5 8 11 5 3 731 1 15 20 25 10 13
t 22 20 1 9 3 16 15 8 25 21 747 21
t 50 67 54 62 45 72 51 65 75 86 67 45
t 3 724 4 6 6 8 11 21 14 15 21 9
t 67 69 87 65 57 51 71 78 59 79 81 83
t 71 55 78 60 74 79 56 84 47 61 70 69
t 49 58 76 59 47 89 67 56 80 87 89 78
t 70 47 58 85 64 78 86 87 51 47 89 61
t 20 6 7 15 3 9 23 25 1 23 720 10
t 9 11 716 11 20 2 8 2 1 22 13 7
t 82 55 56 74 70 72 87 50 56 90 65 75
t 57 89 54 78 87 68 82 72 82 48 73 89
t 8 25 8 4 11 11 16 6 739 23 4 1
t 78 61 66 47 61 72 84 46 54 47 61 84
t 7 22 8 16 8 25 6 18 24 716 13 22
t 48 59 66 49 59 46 47 69 82 79 66 46
t 15 3 2 22 20 712 16 3 5 10 15 4
t 55 51 51 49 51 50 50 60 52 64 62 83
t 52 81 85 77 79 85 75 77 84 60 46 53
t 84 65 69 49 88 70 81 75 49 74 88 57
t 47 85 72 49 50 47 68 70 63 66 57 89
t 57 48 75 52 76 76 57 67 54 62 66 51
t 16 19 4 9 4 4 12 4 13 4 12 733
t 3 13 6 737 24 2 14 13 18 22 21 5
t 46 65 79 61 69 86 63 53 54 83 83 49
t 78 50 87 56 64 69 78 85 62 54 53 48
t 84 68 49 73 79 75 67 78 82 84 82 70
t 17 17 12 24 16 17 21 11 5 21 7 735
t 88 51 65 64 56 81 49 50 81 77 76 87
t 80 61 67 73 45 71 50 71 72 77 85 60
t 65 64 46 74 61 81 64 68 80 67 62 77
t 57 58 53 67 50 84 70 48 64 75 45 89
t 45 66 60 88 89 66 55 88 68 63 62 73
t 3 17 13 19 6 9 724 3 14 3 1 11
t 88 57 69 89 79 45 66 67 67 87 54 53
t 46 52 73 76 79 88 69 88 66 78 82 68
t 80 54 74 49 83 74 89 50 65 64 60 64
t 13 8 24 15 20 21 4 719 9 22 23 13
t 23 10 13 7 21 13 25 9 721 11 10 14
t 87 73 47 46 52 63 75 54 49 89 61 70
t 25 18 25 20 17 7 5 732 16 2 8 24
t 10 714 6 18 11 9 20 25 13 13 15 13
t 6 12 22 2 23 16 11 2 724 10 15 2
t 81 53 63 90 46 70 64 70 79 54 80 55
t 13 732 16 8 17 23 16 25 2 16 18 16
t 59 86 82 85 56 46 67 51 79 80 46 89
t 75 84 74 56 52 72 63 77 80 45 54 76
t 23 740 3 21 10 24 23 2 3 22 17 4
t 15 23 1 15 9 719 8 17 18 18 19 2
t 69 53 70 55 89 87 50 45 71 64 88 55
t 6 5 17 16 741 15 23 1 18 24 21 22
t 1 21 10 4 18 8 1 6 710 5 3 13
t 3 2 9 12 9 21 7 23 2 19 14 745
t 725 12 15 20 12 15 23 1 15 5 25 3
t 23 19 744 21 2 6 15 12 19 22 9 1
t 9 23 7 23 5 10 5 20 15 710 24 15
t 13 5 25 20 18 23 15 5 738 6 20 23
t 6 18 23 13 4 719 4 22 19 23 5 2
t 2 10 8 9 3 2 22 729 2 2 12 20
t 9 9 9 7 6 12 736 25 19 6 11 11
t 7 7 23 22 9 9 13 5 25 25 710 13
t 7 16 18 7 18 16 24 11 9 20 18 729
t 82 47 77 56 74 77 57 48 45 70 68 60
t 88 46 57 84 65 46 62 71 67 62 84 73
t 3 6 726 20 14 8 16 21 22 15 13 11
t 12 20 20 15 25 24 5 23 722 15 23 16
t 64 72 62 51 74 77 62 51 49 74 67 86
t 60 82 59 65 49 60 49 54 53 70 82 76
t 90 49 82 69 80 70 56 86 52 66 86 81
t 76 53 58 48 65 70 90 87 81 56 72 86
t 65 68 75 54 81 67 67 86 49 55 46 68
t 21 23 19 24 6 18 21 715 19 21 21 14
t 74 65 86 66 70 48 80 88 80 77 73 52
t 63 61 76 63 81 82 68 61 46 87 79 62
t 3 1 10 23 734 14 8 10 12 4 23 13
t 24 2 2 749 22 21 13 11 18 24 8 6
t 67 47 67 57 47 51 83 88 74 62 52 48
t 22 12 7 12 736 17 1 1 8 25 24 3
t 18 2 13 4 22 10 23 11 14 728 17 3
t 13 15 6 15 3 748 8 14 10 4 6 9
t 18 20 22 15 12 716 11 14 16 17 24 1
t 64 71 56 70 61 67 67 80 72 56 87 89
t 87 75 66 51 89 57 66 51 90 87 83 54
t 12 747 6 7 12 21 20 24 22 13 25 6
t 88 84 69 63 51 48 47 64 56 87 52 75
t 70 73 68 75 57 69 59 86 58 86 49 79
t 12 15 11 1 727 5 16 14 5 25 14 18
t 69 88 72 84 66 56 59 62 46 60 46 81
t 53 77 47 71 53 48 62 87 59 61 47 54
t 718 3 14 15 7 11 12 7 18 2 10 10
t 67 83 66 74 83 71 73 63 83 58 51 88
t 71 52 71 47 62 58 76 67 56 58 68 84
t 74 83 48 65 45 46 57 50 74 46 45 75
t 15 7 24 9 23 22 15 16 744 1 9 17
t 16 1 4 11 733 7 8 22 19 4 15 4
t 70 74 85 78 51 75 64 77 75 79 51 81
t 65 54 87 46 51 52 65 52 45 54 86 67
t 48 54 59 77 63 81 61 62 74 59 84 78
t 1 738 7 11 8 23 11 4 15 4 2 11
t 86 57 68 88 70 60 72 55 63 57 63 54
t 741 23 14 10 5 9 7 25 20 10 4 9
t 711 22 9 4 3 15 5 12 6 22 20 14
t 69 61 83 68 56 81 74 69 64 61 78 68
t 71 75 76 75 84 54 82 71 71 71 58 74
t 15 17 4 24 11 21 16 731 9 10 5 19
t 1 2 7 716 5 16 23 3 23 9 13 7
t 22 16 6 24 8 4 742 23 25 16 4 11
t 19 728 4 10 23 23 24 23 6 10 24 1
t 6 5 12 1 710 8 11 4 2 19 16 21
t 83 61 84 89 87 81 49 62 71 59 59 57
t 86 52 74 62 51 52 74 67 54 90 53 73
t 76 67 69 49 87 59 59 63 69 81 70 74
t 45 65 89 72 81 68 62 63 73 50 85 72
t 65 54 46 74 58 65 72 86 70 53 73 51
t 56 79 58 84 60 66 48 70 88 80 62 63
t 73 82 85 58 88 77 88 81 90 55 63 62
t 78 71 46 59 54 82 70 57 67 61 53 90
t 87 64 64 58 90 83 85 58 53 62 90 66
t 86 65 81 67 74 71 90 58 68 49 85 67
t 4 6 3 12 728 12 14 19 13 7 13 16
t 12 2 3 24 5 19 10 22 23 1 725 23
t 18 15 3 12 1 18 25 24 18 10 742 8
t 59 53 69 64 82 52 67 47 73 56 84 82
t 62 89 57 55 54 62 77 76 66 88 65 70
t 90 90 52 65 62 46 63 63 66 57 49 59
t 49 67 57 82 57 53 55 73 69 79 54 63
t 18 18 12 25 9 18 23 11 2 738 22 6
t 19 24 3 18 15 12 6 4 5 3 720 12
t 82 51 89 80 89 83 48 75 84 56 87 60
t 23 18 20 15 743 2 4 15 8 1 10 1
t 72 76 58 60 81 45 69 80 81 67 58 51
t 54 50 80 59 53 48 53 85 52 47 90 88
t 53 67 73 81 87 62 68 66 74 84 84 58
t 84 59 70 71 83 54 69 85 81 53 81 74
t 76 64 78 70 60 66 48 90 46 60 53 88
t 85 56 53 62 89 59 76 57 57 89 53 59
t 17 9 728 3 9 18 11 13 12 22 18 7
t 88 69 81 80 82 88 77 52 84 46 66 86
t 83 64 60 74 63 46 63 89 73 46 82 83
t 17 6 14 12 13 17 17 1 19 25 25 749
t 65 45 49 64 58 45 63 45 82 60 74 60
t 64 50 87 48 83 61 62 62 84 81 61 89
t 56 89 74 65 57 77 78 83 80 83 89 49
t 88 69 80 87 76 57 76 78 53 78 70 59
t 58 56 49 88 54 48 66 47 64 70 82 62
t 71 58 54 62 46 66 90 46 69 56 64 72
t 8 11 16 13 9 4 23 733 23 23 5 8
t 24 16 18 11 21 4 21 729 10 17 5 23
t 2 747 11 11 9 4 4 5 16 1 15 6
t 52 47 48 62 58 64 85 75 69 78 84 53
t 17 22 9 722 23 17 23 7 8 6 22 6
t 81 46 51 90 46 50 63 77 50 47 73 88
t 1 12 730 19 16 13 22 21 6 4 22 7
t 82 84 60 78 90 45 90 56 88 83 74 54
t 7 24 5 3 24 15 11 746 8 22 8 17
t 24 20 25 711 24 13 5 2 6 11 23 13
t 46 75 83 83 75 54 53 62 69 85 61 47
t 85 68 50 58 75 60 59 82 62 88 48 79
t 714 16 10 6 6 16 16 10 2 6 5 17
t 11 8 12 12 6 12 736 1 23 4 19 23
t 25 12 20 8 6 18 15 18 727 24 22 14
t 45 57 57 76 88 52 48 82 86 45 58 56
t 16 3 11 8 20 15 22 20 10 713 5 11
t 11 23 24 726 18 15 9 5 3 16 14 11
t 16 5 18 5 6 15 3 7 731 23 19 22
t 48 59 75 55 48 82 84 86 86 66 79 82
t 72 78 64 59 74 47 84 86 77 51 70 87
t 84 88 58 56 49 87 57 72 61 52 71 65
t 15 17 20 7 18 6 5 23 728 14 19 5
t 75 57 62 54 45 69 66 74 49 55 59 74
t 60 47 54 72 55 81 60 90 63 90 84 72
t 45 72 88 53 80 80 71 53 46 50 49 54
t 3 3 3 20 6 14 4 6 3 9 16 728
t 49 78 51 75 75 57 71 76 56 64 90 78
t 25 8 10 7 9 15 14 18 13 17 19 731
t 55 69 90 83 71 68 74 85 90 73 82 55
t 738 19 5 3 10 11 11 22 9 22 3 22
t 67 63 71 49 76 82 57 62 54 82 53 73
t 75 58 54 63 89 90 54 58 48 86 71 90
t 5 3 23 5 7 13 3 3 8 744 17 5
t 64 45 65 53 66 82 82 70 78 63 75 90
t 75 85 78 72 87 77 88 84 79 83 81 83
t 6 11 20 716 18 18 23 15 11 9 16 7
t 75 56 67 56 60 63 58 69 50 65 87 79
t 46 57 60 48 62 52 79 63 51 58 64 51
t 14 24 737 11 7 19 3 16 2 22 6 2
t 84 73 45 68 67 46 60 83 82 65 78 73
t 7 741 14 20 15 6 10 8 16 5 10 18
t 53 59 62 69 66 56 53 71 50 80 58 50
t 50 86 90 66 67 51 89 85 50 51 47 77
t 66 74 61 82 87 51 62 56 59 55 65 46
t 66 83 68 60 80 67 81 79 71 55 48 86
t 54 63 81 86 66 75 88 82 78 66 63 78
t 77 52 61 76 56 59 57 50 72 77 77 86
t 8 14 11 24 4 23 11 718 12 5 22 23
t 59 85 64 53 58 78 66 82 51 51 72 88
t 83 63 66 51 84 77 52 53 64 54 71 60
t 5 5 9 11 14 18 11 19 22 3 717 23
t 6 5 16 23 12 19 20 8 740 16 5 7
t 25 12 14 14 13 731 24 21 9 7 21 22
t 61 69 83 56 45 85 57 55 71 52 88 81
t 47 54 67 85 70 78 66 76 56 81 62 90
t 76 64 85 54 78 46 85 48 65 46 83 80
t 9 21 3 1 23 8 11 7 24 733 11 24
t 48 85 79 72 85 89 55 73 62 46 63 59
t 11 13 15 741 19 12 7 4 14 7 24 5
t 1 10 728 23 7 16 14 5 19 21 23 18
t 74 81 90 86 69 50 64 74 87 50 72 85
t 66 45 45 73 55 90 67 75 74 59 89 64
t 58 70 46 66 75 52 57 88 81 87 73 84
t 24 6 23 734 11 4 22 14 12 6 22 7
t 7 721 22 24 20 14 11 19 12 6 8 15
t 71 56 48 90 50 58 84 82 70 64 53 65
t 16 20 2 22 4 19 730 4 12 15 7 12
t 52 53 62 49 58 60 51 55 77 66 71 81
t 65 83 54 61 71 60 79 75 67 71 87 64
t 18 6 20 14 19 6 24 10 17 14 741 20
t 7 5 20 14 6 10 3 2 9 18 732 24
t 21 24 10 2 2 8 18 719 5 18 2 9
t 10 22 24 13 19 7 711 16 12 12 19 20
t 23 2 8 2 12 19 737 15 25 22 1 7
t 15 4 1 16 18 18 15 17 8 743 13 14
t 3 15 8 6 13 13 12 723 7 12 23 15
t 64 87 61 46 79 53 78 85 82 60 82 79
t 64 63 50 59 73 54 68 49 71 69 57 86
t 11 13 7 6 5 11 20 5 24 16 15 722
t 50 61 82 53 66 49 77 84 53 49 72 87
t 18 17 16 710 15 22 22 17 14 20 3 21
t 741 17 20 23 4 18 18 24 16 14 15 16
t 51 62 49 75 69 47 80 84 52 78 87 82
t 82 80 77 47 87 64 62 68 90 85 79 76
t 79 72 53 50 57 65 48 55 65 83 83 52
t 719 20 23 1 25 4 14 4 5 2 10 22
t 25 736 25 18 19 10 15 20 17 11 14 4
t 20 16 7 6 24 7 22 25 738 14 11 25
t 85 88 81 50 57 78 54 84 64 64 52 53
t 713 12 15 14 17 5 21 6 17 25 21 16
t 20 11 17 21 12 1 16 724 12 25 15 14
t 90 55 45 80 49 81 57 78 61 64 49 60
t 8 724 18 25 18 5 8 11 16 11 25 10
t 67 73 48 63 76 72 86 51 62 72 69 75
t 23 17 24 22 748 11 22 2 1 20 14 1
t 78 58 50 58 88 84 45 52 55 83 49 45
t 83 65 87 88 84 72 51 70 55 80 77 55
t 7 731 25 5 21 12 7 17 9 4 14 12
t 9 14 3 19 14 12 20 16 722 14 23 2
t 53 58 45 83 72 62 81 61 62 68 77 74
t 62 45 83 48 67 71 66 88 63 45 62 64
t 58 79 50 59 77 68 61 85 59 49 54 62
t 53 47 53 69 65 68 64 67 63 52 59 61
t 81 58 67 71 48 49 48 72 65 61 80 45
t 8 24 21 1 4 17 2 17 738 12 23 15
t 65 50 76 54 76 53 85 51 69 82 48 59
t 14 19 727 15 23 8 5 11 20 20 5 11
t 25 22 10 19 11 14 14 11 746 25 11 24
t 59 72 67 47 79 59 88 71 89 58 50 50
t 4 747 1 16 3 25 3 11 1 17 9 16
t 6 739 4 19 2 14 6 20 3 1 24 11
t 727 21 13 4 15 12 3 21 9 12 6 14
t 23 12 4 739 8 3 3 6 24 6 15 24
t 21 2 10 2 18 23 18 16 14 10 8 725
t 742 10 12 13 16 10 15 12 7 8 8 19
t 68 51 72 65 79 67 50 87 47 74 53 62
t 723 15 24 17 6 9 19 21 20 25 15 14
t 50 70 88 48 57 68 70 67 62 57 54 69
t 86 72 71 48 48 69 49 45 69 79 52 61
t 67 54 51 70 53 49 74 50 90 74 73 66
t 88 78 78 69 86 78 48 61 65 77 66 78
t 85 59 58 90 51 85 45 63 65 88 61 62
t 59 57 87 73 86 58 66 86 59 60 85 48
t 3 10 13 10 23 727 2 15 7 13 1 14
t 90 55 76 72 56 54 57 79 52 82 89 45
t 63 49 51 76 78 68 59 74 52 74 71 63
t 72 58 58 51 86 86 64 57 61 72 85 90
t 23 734 21 19 11 4 25 1 5 14 10 21
t 47 66 78 64 51 55 61 55 89 81 89 66
t 16 7 12 21 3 24 21 746 22 9 21 2
t 81 59 57 82 69 70 71 72 78 65 61 85
t 51 85 82 90 53 87 75 81 64 67 78 51
t 47 85 65 71 75 86 49 65 53 81 85 77
t 1 20 8 13 23 10 10 15 19 728 4 20
t 18 2 24 6 10 10 4 724 18 5 2 4
t 56 63 83 58 80 52 64 67 54 60 67 82
t 23 25 7 11 735 5 24 10 12 5 15 8
t 84 54 77 64 81 45 56 61 47 78 67 83
t 714 1 9 20 3 15 6 17 19 2 25 7
t 64 51 66 88 50 64 59 73 86 45 74 86
t 63 69 84 50 57 71 53 80 66 78 89 83
t 56 45 53 52 46 57 59 81 45 80 72 79
t 73 78 85 77 84 76 82 46 81 63 71 64
t 51 61 46 83 84 89 54 76 67 65 75 60
t 49 65 90 81 56 77 82 70 58 86 89 64
t 55 75 75 83 84 89 87 71 54 89 56 68
t 19 4 10 3 18 14 740 3 2 21 17 24
t 9 13 16 4 21 15 718 19 1 17 11 11
t 64 86 47 54 48 69 69 89 89 80 77 64
t 10 20 18 25 16 21 738 10 21 14 4 3
t 68 85 69 79 71 75 52 90 65 58 73 51
t 2 20 11 15 16 23 14 746 8 11 13 17
t 9 6 21 15 5 1 1 8 749 6 6 11
t 20 3 12 3 7 20 9 2 711 20 24 14
t 64 84 49 84 65 57 77 50 88 69 77 57
t 5 23 24 15 8 736 23 7 17 16 24 5
t 25 715 23 22 2 15 14 19 10 1 7 3
t 24 3 747 8 2 4 3 16 24 3 19 11
t 79 76 46 87 90 67 87 87 71 88 75 88
t 57 60 58 77 53 55 88 51 57 46 74 61
t 18 9 11 7 2 4 16 711 14 3 13 16
t 67 75 55 69 86 55 69 85 81 89 46 71
t 88 78 46 60 90 66 45 79 46 69 68 56
t 8 8 7 718 17 8 16 18 16 20 6 4
t 2 24 21 8 15 16 2 22 4 23 736 8
t 713 25 3 6 2 20 8 11 21 4 22 5
t 7 2 20 8 1 9 10 3 2 20 9 710
t 59 83 53 56 58 84 49 65 45 83 61 50
t 16 24 4 8 20 5 12 717 9 11 14 9
t 3 21 14 24 12 14 1 6 736 21 6 4
t 82 53 66 65 50 63 75 73 51 81 88 65
t 70 52 76 47 89 76 60 86 66 72 84 80
t 20 19 17 4 18 17 11 16 746 22 10 16
t 81 64 82 53 67 57 79 71 68 66 76 68
t 73 77 81 47 81 86 77 64 71 85 72 67
t 725 3 21 5 2 1 14 6 19 20 8 3
t 82 84 73 51 80 58 68 64 67 52 52 76
t 63 83 72 47 50 65 70 74 50 59 51 61
t 14 12 4 5 2 16 2 18 723 15 5 3
t 60 65 88 52 66 56 48 63 51 51 71 51
t 52 89 76 50 46 51 87 86 86 90 58 68
t 81 61 74 52 85 55 89 60 59 58 61 73
t 21 6 710 8 14 21 6 2 23 23 10 10
t 76 64 48 46 59 77 57 69 62 87 55 80
t 8 24 14 16 711 24 9 10 24 4 3 6
t 61 69 87 73 79 75 66 47 69 55 80 56
t 15 22 17 19 6 24 9 1 7 11 730 9
t 47 65 49 60 83 87 83 75 50 85 64 52
t 59 65 84 75 57 84 80 62 85 64 73 50
t 19 19 14 21 11 18 25 22 17 20 740 24
t 5 6 12 20 4 9 17 14 22 22 21 712
t 46 81 68 49 76 74 50 80 64 52 52 55
t 55 49 86 69 54 83 89 53 83 75 59 60
t 67 47 49 79 77 47 85 70 68 75 45 79
t 71 78 60 47 53 77 47 64 73 49 76 55
t 68 49 82 84 73 68 82 82 90 66 87 52
t 15 16 19 732 6 3 8 24 14 18 20 25
t 749 8 14 22 3 3 9 13 1 6 5 9
t 71 89 80 86 79 62 63 77 74 82 77 73
t 713 5 12 6 16 13 5 10 8 14 21 25
t 20 9 723 8 20 11 2 2 1 10 22 5
t 81 46 54 68 51 64 80 85 70 84 86 78
t 20 16 12 5 25 7 7 24 736 24 17 16
t 85 61 90 47 64 69 73 73 48 66 82 63
t 83 49 48 80 47 64 45 57 50 90 79 57
t 11 16 2 15 746 14 12 13 5 9 10 11
t 68 55 88 62 88 69 61 69 48 45 63 66
t 65 69 64 50 55 85 71 58 75 85 77 86
t 61 71 83 68 53 88 65 74 53 66 75 84
t 87 78 54 46 79 61 76 50 85 47 79 56
t 57 62 49 51 61 58 68 62 48 78 48 82
t 2 4 2 18 22 5 23 7 3 5 18 728
t 73 57 87 80 63 48 60 79 54 45 70 56
t 85 60 60 84 90 84 71 87 49 84 64 80
t 74 50 90 72 62 83 75 85 49 48 73 80
t 59 66 59 65 80 62 83 68 56 75 88 52
t 25 24 14 11 739 19 15 24 23 13 22 24
t 82 52 52 67 79 66 47 61 55 51 80 47
t 89 87 50 73 69 79 69 62 84 81 71 58
t 1 23 6 2 18 728 7 24 11 15 13 7
t 66 72 77 69 75 52 60 47 79 55 86 90
t 70 77 45 85 84 62 85 76 77 70 78 56
t 85 82 58 63 62 90 86 85 56 75 46 53
t 69 48 81 66 48 62 90 79 52 73 75 64
t 20 12 7 1 16 25 746 5 18 20 25 10
t 87 85 83 86 87 59 51 47 86 90 78 83
t 59 84 54 61 79 61 64 48 73 49 51 60
t 19 17 15 16 22 2 748 23 3 15 13 20
t 48 71 87 53 57 77 45 49 72 57 77 46
t 10 2 2 18 10 14 20 716 25 13 23 22
t 69 47 45 73 67 54 58 81 76 82 89 74
t 722 20 15 15 14 5 18 2 11 16 14 12
t 79 55 60 65 60 53 47 58 73 77 80 71
t 18 20 10 16 19 7 21 23 15 22 25 727
t 57 56 51 63 80 67 69 57 61 68 58 79
t 54 69 53 90 52 77 51 50 51 48 53 70
t 90 57 60 80 52 60 71 67 58 58 61 68
t 51 45 62 69 49 57 80 60 85 85 47 52
t 20 24 13 22 2 3 14 6 1 15 737 5
t 2 4 24 2 6 732 19 14 16 4 14 8
t 54 51 46 60 76 74 81 64 84 58 86 58
t 9 22 23 22 15 1 7 24 735 9 15 4
t 62 69 51 86 84 67 65 58 46 79 60 74
t 16 736 1 21 24 4 13 6 8 20 9 6
t 17 7 745 12 8 23 2 7 19 8 23 9
t 73 45 88 45 87 79 80 76 80 52 54 55
t 13 4 17 19 12 711 4 12 22 15 12 3
t 16 14 21 15 24 5 3 3 7 9 744 22
t 80 62 55 45 90 72 53 55 62 89 63 61
t 16 5 9 725 18 4 12 3 6 6 15 23
t 49 78 58 64 57 89 53 81 81 62 69 69
t 79 48 84 69 59 80 55 83 90 70 68 47
t 1 9 13 714 3 16 3 13 17 15 14 11
t 5 12 15 21 722 24 3 19 16 13 11 20
t 84 77 61 49 90 62 82 80 64 88 68 75
t 46 60 78 90 81 64 48 74 60 71 83 50
t 10 13 4 18 8 22 726 1 21 10 5 20
t 9 3 23 12 12 22 12 19 18 18 12 742
t 16 11 7 13 733 20 15 17 16 10 4 25
t 16 5 5 7 18 1 22 16 749 7 19 21
t 85 49 53 50 53 51 82 78 54 72 67 49
t 19 19 7 1 14 25 18 19 727 11 18 14
t 2 7 18 17 3 7 16 4 11 20 24 714
t 50 69 86 89 48 61 81 58 71 84 87 52
t 19 20 16 7 1 24 13 723 18 2 12 11
t 85 56 76 84 86 46 72 61 64 81 49 83
t 67 88 86 76 46 76 63 62 88 85 52 64
t 53 85 90 50 69 88 50 69 77 45 73 79
t 9 12 13 12 12 24 715 21 21 12 19 22
t 2 5 8 710 14 4 24 1 19 14 20 3
t 59 51 76 79 48 88 58 65 59 80 83 50
t 12 6 4 21 15 17 15 7 20 15 1 736
t 56 64 79 51 54 75 67 66 50 79 82 64
t 16 19 11 14 14 719 17 22 13 22 12 10
t 1 14 9 15 20 1 15 16 11 735 14 1
t 73 75 52 77 51 56 80 74 52 55 66 90
t 50 79 83 66 84 74 55 59 60 84 71 73
t 90 60 63 71 73 58 72 87 80 83 88 84
t 86 49 86 83 73 62 52 73 89 81 47 71
t 4 9 11 733 6 16 9 1 7 21 20 20
t 90 50 55 87 64 58 48 56 68 81 85 64
t 68 51 48 64 59 63 84 59 57 71 57 75
t 77 46 50 69 89 71 62 45 68 52 77 63
t 52 63 82 65 80 84 83 69 52 65 60 82
t 78 45 55 52 70 66 74 78 61 58 71 71
t 24 13 3 12 13 17 5 1 10 741 9 6
t 11 21 2 745 11 14 21 17 13 8 22 14
t 21 10 10 22 2 17 12 6 24 15 18 730
t 2 20 14 2 15 3 21 18 12 15 5 711
t 54 53 78 68 46 54 70 45 59 64 49 86
t 15 5 14 24 16 14 1 15 13 12 716 13
t 13 736 8 3 5 10 16 7 2 13 4 23
t 24 9 10 2 22 25 20 12 5 722 25 14
t 3 7 4 20 21 11 11 746 6 11 11 24
t 16 12 9 1 729 23 18 13 13 21 1 13
t 19 7 17 4 1 17 25 9 5 1 711 16
t 49 57 58 50 64 49 88 57 81 87 63 64
t 88 56 49 82 71 88 69 53 85 65 73 85
t 51 78 66 62 81 62 76 84 48 73 78 76
t 48 53 67 61 65 54 82 89 86 75 49 71
t 55 67 48 51 87 65 53 47 55 61 81 60
t 79 51 62 84 83 70 89 75 54 66 75 59
t 14 6 19 20 743 7 17 17 25 11 21 18
t 83 72 76 58 84 89 77 49 68 71 51 67
t 81 50 62 47 79 83 76 82 58 53 77 74
t 83 85 68 70 81 55 80 59 53 76 73 47
t 7 16 729 1 1 14 24 19 23 6 22 19
t 15 8 21 7 8 14 23 8 15 25 15 723
t 68 66 60 86 84 64 79 86 86 77 83 55
t 82 86 79 45 51 58 67 90 90 56 69 55
t 22 21 16 1 12 12 10 710 4 18 17 14
t 68 52 82 56 72 69 66 50 76 85 72 53
t 7 9 24 746 13 9 22 23 23 24 18 2
t 71 72 90 52 76 70 78 67 80 52 59 82
t 63 60 90 47 81 61 66 59 69 84 88 66
t 85 82 63 46 82 57 73 52 75 75 90 59
t 17 8 15 3 11 10 2 4 723 11 16 18
t 10 9 4 1 17 5 7 3 14 738 13 4
t 7 10 11 9 3 13 21 3 8 8 736 18
t 9 20 3 2 16 7 17 10 25 716 9 2
t 86 73 72 66 56 46 55 68 74 55 87 82
t 89 62 82 75 72 61 70 80 70 83 54 46
t 49 79 46 56 76 58 83 55 52 74 85 72
t 47 82 49 90 46 89 54 56 81 81 67 76
t 8 714 4 14 1 11 10 9 24 10 3 6
t 75 60 87 59 66 57 87 52 71 85 69 47
t 48 48 66 89 59 78 65 89 70 60 45 66
t 6 2 8 12 23 13 21 23 25 733 16 22
t 23 24 12 716 23 18 10 18 2 1 7 24
t 86 60 53 69 51 60 89 79 69 53 67 54
t 83 64 47 88 90 45 74 64 62 90 66 52
t 49 67 65 79 52 89 81 60 77 51 62 90
t 80 50 90 48 85 86 66 84 74 71 76 67
t 75 75 79 71 58 74 89 67 84 46 69 63
t 82 83 47 61 79 52 61 78 48 88 76 56
t 21 4 12 18 13 8 11 713 10 4 13 19
t 13 10 16 24 12 720 19 2 12 10 4 17
t 86 73 54 86 62 83 68 51 82 49 74 61
t 5 3 11 10 6 733 22 18 24 20 21 16
t 62 65 51 50 86 90 57 58 71 62 63 70
t 17 23 23 5 742 10 24 17 18 22 6 16
t 718 11 21 1 15 2 8 14 13 15 11 23
t 61 79 63 51 73 45 48 87 55 76 76 49
t 1 8 18 3 20 1 4 7 9 11 8 747
t 21 22 18 12 7 12 748 13 13 7 13 24
t 13 1 24 724 3 12 12 14 1 13 5 20
t 50 79 80 51 58 53 87 48 59 45 70 60
t 10 22 12 5 22 4 719 23 15 5 25 17
t 59 53 87 89 82 86 90 62 73 67 54 51
t 51 62 86 77 61 89 66 83 59 87 50 55
t 87 89 48 68 85 69 48 67 85 78 86 55
t 74 74 78 84 90 75 70 63 63 68 59 86
t 18 18 1 11 9 718 11 6 7 19 24 2
t 2 14 25 16 12 744 5 19 16 24 6 23
t 67 73 66 66 87 73 86 76 86 85 66 52
t 65 84 48 88 63 84 79 71 64 74 85 58
t 57 50 74 69 84 51 88 90 55 77 80 68
t 88 80 85 59 72 59 71 81 61 73 79 75
t 50 65 68 56 71 55 71 77 80 56 74 83
t 90 50 76 87 60 70 75 74 49 66 80 56
t 51 59 68 77 67 85 65 66 54 64 56 66
t 81 66 82 77 79 48 80 51 83 82 54 62
t 72 69 57 86 70 83 53 71 46 78 49 90
t 78 90 49 50 54 52 58 68 83 77 63 84
t 90 65 66 55 90 77 57 59 61 87 53 69
t 89 76 63 87 69 60 54 65 63 67 77 71
t 741 14 12 11 23 20 17 20 24 23 23 23
t 82 67 82 55 73 53 56 75 55 90 56 69
t 2 720 15 11 2 21 8 14 16 13 5 16
t 85 70 62 82 46 71 52 54 73 88 67 53
t 88 70 46 63 65 58 53 58 61 80 59 72
t 729 3 8 9 4 15 9 5 8 2 2 19
t 10 16 25 8 13 6 710 13 21 23 11 25
t 75 74 89 88 72 57 73 52 63 58 74 69
t 55 57 59 85 57 69 68 58 83 82 77 85
t 2 9 9 724 7 10 10 17 15 7 24 22
t 71 70 49 56 53 65 76 71 74 88 87 55
t 17 22 3 6 16 13 12 14 4 3 741 12
t 64 87 67 79 64 47 73 87 66 56 55 70
t 80 71 73 64 75 46 75 51 68 45 55 61
t 23 9 22 735 8 9 8 22 24 21 17 6
t 17 4 21 6 16 25 15 11 4 719 18 7
t 76 55 74 59 73 62 49 77 45 58 81 83
t 4 11 12 12 9 2 7 13 734 22 15 19
t 61 79 89 65 85 61 71 45 55 75 66 82
t 17 8 13 1 9 9 25 16 2 722 6 7
t 6 12 17 12 725 10 1 19 7 23 13 6
t 2 10 748 2 18 10 12 7 7 7 4 3
t 79 48 89 50 49 69 80 76 88 65 81 88
t 48 79 62 90 53 81 49 60 49 87 77 51
t 24 20 16 713 17 3 18 21 22 24 7 10
t 2 9 18 20 6 7 1 715 6 18 17 20
t 45 48 83 67 61 75 68 57 49 74 75 74
t 63 69 76 48 47 67 56 84 83 85 55 90
t 12 22 1 8 2 739 11 13 24 7 10 20
t 8 716 5 3 15 7 21 9 21 10 14 7
t 5 1 8 16 23 21 14 10 16 728 15 8
t 749 5 18 7 2 12 1 2 25 20 24 9
t 51 79 79 75 58 54 81 49 74 47 87 71
t 60 51 70 70 84 71 63 47 68 82 50 83
t 49 64 69 84 56 51 48 73 59 49 55 58
t 6 23 19 7 725 16 12 13 21 7 16 2
t 9 10 2 15 24 11 19 7 14 12 11 739
t 47 73 74 65 63 68 81 55 54 63 81 80
t 72 88 73 76 45 65 74 49 75 75 87 64
t 2 18 15 12 19 12 9 3 10 24 743 16
t 71 80 60 81 90 66 89 71 82 59 46 53
t 24 19 24 3 13 735 7 21 2 5 14 23
t 76 48 75 83 80 68 48 71 70 82 48 79
t 72 58 62 67 80 51 85 48 60 68 83 60
t 63 73 57 54 72 53 45 57 47 78 66 53
t 59 76 84 89 52 71 76 76 66 47 54 53
t 6 3 22 17 19 23 1 2 7 14 2 728
t 17 12 1 13 6 715 2 3 23 17 15 4
t 60 60 69 48 83 86 76 72 79 69 62 74
t 49 47 45 86 53 70 78 72 62 76 71 74
t 10 3 25 21 16 17 2 710 20 5 15 15
t 45 66 65 64 90 49 64 64 61 49 87 55
t 60 89 56 53 85 55 82 81 58 79 82 46
t 78 52 86 64 79 50 52 87 79 54 63 48
t 19 12 4 25 6 1 9 741 13 19 9 7
t 50 48 74 84 52 85 75 53 82 60 77 71
t 8 16 6 7 2 736 22 7 22 9 23 7
t 6 22 19 8 21 19 17 722 17 15 5 16
t 23 4 10 23 13 732 4 4 23 10 24 24
t 83 55 59 50 45 72 90 58 76 72 58 55
t 22 16 17 15 20 23 6 12 10 735 4 22
t 23 9 2 19 731 3 1 11 17 6 15 9
t 24 13 21 1 17 738 13 24 6 18 22 23
t 11 23 9 2 16 20 2 15 3 15 739 11
t 46 47 69 72 89 83 86 67 69 82 47 75
t 21 12 23 1 19 17 9 8 10 715 23 14
t 12 22 1 23 16 13 731 13 1 12 7 10
t 25 19 3 19 19 14 13 14 736 14 12 18
t 48 60 51 69 59 63 71 77 56 82 75 69
t 1 4 4 8 1 20 732 18 3 14 17 2
t 53 55 47 61 89 51 78 89 72 77 73 60
t 17 725 4 14 21 20 23 20 6 11 7 20
t 10 1 16 4 18 5 8 2 14 9 8 716
t 81 74 52 50 67 67 80 77 82 76 87 84
t 9 22 19 741 11 10 16 6 22 25 21 24
t 17 22 7 3 730 2 20 2 5 2 7 2
t 7 10 10 11 22 20 10 20 721 11 19 10
t 76 64 67 47 65 65 80 65 58 54 72 82
t 19 16 25 2 720 17 13 5 16 7 1 19
t 6 9 13 6 2 8 17 14 10 712 15 17
t 64 77 72 75 69 61 58 61 52 64 69 81
t 65 56 58 52 67 46 48 49 59 60 52 67
t 6 25 4 24 3 726 18 10 6 15 3 3
t 62 47 63 87 75 87 70 47 60 54 58 74
t 65 57 79 61 78 51 80 82 55 87 65 66
t 4 725 20 7 9 10 1 13 6 15 9 22
t 47 90 49 80 54 52 50 47 66 85 63 68
t 85 53 86 75 53 71 81 62 56 59 49 49
t 75 64 53 52 73 58 49 68 46 55 64 84
t 18 11 13 17 742 7 3 24 7 23 17 3
t 90 80 70 77 61 75 78 57 47 73 90 66
t 62 75 46 87 70 52 70 78 57 88 68 69
t 8 23 1 24 18 17 6 18 9 1 736 19
t 45 86 50 52 90 64 56 47 70 73 54 83
t 14 11 14 15 749 9 14 13 25 15 12 20
t 64 71 68 65 64 75 75 51 48 60 79 55
t 23 20 14 8 4 19 13 14 746 4 18 8
t 10 2 9 14 16 10 20 6 20 18 7 725
t 59 81 59 55 85 85 54 58 55 71 61 72
t 66 87 74 90 78 65 52 74 60 84 63 90
t 65 86 88 77 45 70 54 54 85 63 56 69
t 21 14 727 4 7 12 14 17 3 23 1 20
t 7 12 18 2 23 6 748 12 8 3 22 8
t 14 731 14 7 16 22 14 9 1 20 1 14
t 4 743 6 9 24 18 24 25 10 8 7 19
t 60 75 66 49 85 53 65 54 55 69 71 68
t 85 67 50 85 77 70 78 55 81 47 73 80
t 53 80 82 57 66 66 61 59 61 68 47 45
t 20 12 19 6 7 749 20 22 16 17 8 10
t 70 52 47 85 84 53 70 61 77 47 70 88
t 59 90 66 74 45 73 64 79 46 68 50 77
t 64 78 76 58 78 85 89 64 77 58 59 64
t 61 48 55 54 48 73 74 50 73 71 64 81
t 17 9 17 21 1 5 14 2 735 12 8 12
t 22 24 18 13 21 24 18 713 16 23 8 19
t 66 84 45 63 88 64 89 48 54 45 55 89
t 75 64 48 65 89 86 75 62 48 67 70 74
t 45 69 48 63 66 61 61 52 89 61 82 80
t 89 67 48 61 60 58 87 63 71 90 68 47
t 58 77 62 65 45 89 85 61 79 75 72 87
t 24 20 10 21 5 3 24 11 723 2 6 24
t 84 65 70 57 72 54 49 84 72 66 64 58
t 23 13 23 5 23 21 11 5 744 21 17 16
t 72 66 63 63 79 59 50 72 84 85 65 78
t 728 6 6 19 24 15 7 3 10 3 1 13
t 76 79 72 62 74 82 57 74 57 81 72 59
t 88 48 88 61 88 49 52 64 58 59 75 57
t 77 82 58 63 86 74 70 61 63 55 87 73
t 729 15 12 1 18 10 16 23 1 7 14 20
t 19 9 7 1 20 722 12 19 22 14 21 16
t 46 61 83 85 58 58 85 54 58 59 66 58
t 69 67 74 48 83 49 89 49 76 49 72 71
t 1 25 25 748 5 1 23 12 20 1 21 5
t 9 20 7 7 3 12 18 717 21 23 4 3
t 71 51 74 77 77 45 89 50 76 89 86 77
t 46 78 82 62 77 68 60 48 75 45 57 55
t 65 75 76 76 55 66 82 50 63 90 69 87
t 12 19 14 16 1 16 723 9 3 21 8 24
t 8 736 11 10 24 25 15 24 15 6 25 16
t 60 64 73 56 77 80 59 76 75 50 69 74
t 82 68 75 54 72 71 47 52 61 56 67 84
t 65 88 60 54 73 63 68 53 57 48 56 82
t 81 82 61 73 74 67 53 87 76 46 62 54
t 25 15 15 24 10 10 14 2 20 741 22 13
t 4 7 8 10 14 21 10 15 6 14 19 745
t 67 55 46 73 74 55 58 56 65 86 90 77
t 4 16 18 18 2 15 13 13 714 4 10 11
t 2 24 20 12 12 10 10 3 16 11 747 12
t 51 53 66 69 66 71 60 48 79 76 46 55
t 57 48 76 57 85 45 64 89 90 83 45 58
t 84 59 68 59 55 79 70 52 68 83 86 77
t 85 51 72 84 54 48 84 83 46 71 74 51
t 64 69 61 55 61 64 82 53 85 59 89 66
t 69 57 77 58 84 53 45 72 57 87 84 65
t 5 6 5 13 22 712 10 8 21 4 19 16
t 4 15 8 10 18 716 3 15 16 14 23 17
t 11 2 5 18 1 2 10 730 8 15 21 19
t 76 72 84 79 87 66 78 72 79 72 73 67
t 54 59 47 54 84 56 83 82 80 79 56 64
t 81 79 59 55 63 55 84 51 57 71 53 76
t 72 61 69 72 86 71 51 59 67 83 89 61
t 742 16 20 21 13 23 23 20 9 1 6 25
t 17 15 10 23 8 4 2 14 8 721 21 25
t 7 14 5 21 19 23 9 9 16 24 719 8
t 12 15 18 16 13 22 19 9 24 740 12 7
t 67 53 65 70 62 89 73 52 60 62 64 77
t 55 48 71 82 88 83 88 84 52 88 62 79
t 53 68 61 58 47 83 87 86 85 81 49 46
t 80 72 75 90 50 50 63 69 89 71 48 74
t 24 7 5 2 6 4 15 732 12 20 24 15
t 728 19 3 11 10 22 23 20 5 7 19 16
t 19 17 10 22 12 19 9 18 12 2 21 735
t 71 66 56 63 81 73 64 57 84 83 87 54
t 53 69 53 82 90 54 68 68 59 85 59 83
t 78 79 57 61 69 67 71 72 64 51 85 58
t 59 90 59 84 52 57 82 70 68 80 82 82
t 64 64 75 56 50 70 70 80 86 69 76 55
t 81 59 77 58 55 55 74 67 71 69 55 77
t 51 86 46 59 67 46 76 57 62 80 77 79
t 22 25 19 19 3 21 21 12 15 25 10 736
t 69 58 46 46 86 65 71 65 63 59 46 86
t 46 90 66 52 64 89 70 60 52 63 70 79
t 52 47 64 84 48 49 51 77 86 48 68 45
t 68 55 66 80 51 46 56 78 79 71 74 81
t 88 48 80 78 60 46 66 81 79 45 56 71
t 4 13 15 9 2 11 11 20 11 12 715 19
t 728 25 24 6 9 7 2 9 22 5 18 19
t 84 48 81 75 90 73 48 56 50 79 79 81
t 14 5 714 8 19 12 19 11 25 1 11 9
t 81 67 78 86 47 84 63 56 54 87 47 76
t 87 75 87 72 57 79 79 75 54 54 90 51
t 80 51 78 88 47 56 48 87 47 53 46 59
t 9 14 716 21 24 13 7 24 7 13 14 20
t 82 89 45 73 89 65 85 62 53 85 63 48
t 69 60 57 69 77 56 49 62 62 77 75 71
t 25 16 1 5 23 1 1 20 6 4 25 717
t 82 67 75 45 66 77 78 56 80 70 70 81
t 13 16 15 9 22 3 12 720 14 8 18 19
t 4 17 20 5 11 15 23 25 737 8 13 13
t 57 47 89 50 68 53 63 55 90 80 56 71
t 2 14 22 17 9 13 9 10 4 8 744 15
t 24 20 8 24 15 7 8 739 6 18 7 15
t 75 51 84 56 45 74 61 65 73 85 88 57
t 76 88 83 65 54 72 81 85 71 77 47 61
t 3 4 9 5 14 20 25 731 23 16 16 22
t 24 731 17 20 22 2 5 22 12 20 22 8
t 21 11 731 8 14 12 1 6 7 6 21 22
t 19 6 15 9 715 22 9 17 9 5 6 15
t 57 49 60 74 56 59 54 78 74 90 65 75
t 6 11 21 10 25 2 1 20 9 715 19 6
t 5 19 7 4 17 15 19 19 3 713 9 24
t 19 24 25 5 4 24 12 20 713 22 23 21
t 1 9 24 21 735 17 12 9 13 14 5 8
t 52 72 86 69 61 47 76 47 69 65 45 61
t 66 50 67 80 48 55 66 90 50 75 71 75
t 57 50 60 73 47 61 61 73 56 49 64 65
t 89 49 82 78 46 62 45 47 79 79 51 59
t 64 53 72 81 51 86 52 72 74 50 81 76
t 14 7 8 15 23 712 3 8 18 9 19 17
t 66 82 85 65 75 89 45 45 80 58 60 55
t 10 16 13 749 21 19 17 14 4 13 17 25
t 56 77 74 59 48 70 61 60 82 65 87 90
t 79 50 46 79 69 89 57 45 70 84 62 65
t 83 46 87 60 85 76 62 56 87 81 79 61
t 18 23 7 11 5 12 719 24 10 12 21 17
t 711 11 3 18 19 22 25 10 23 8 10 9
t 20 21 18 8 21 14 5 14 14 9 715 12
t 70 55 52 84 78 59 56 64 64 87 66 47
t 3 6 11 746 6 16 4 9 1 20 9 9
t 17 21 2 728 22 13 20 6 2 17 4 6
t 20 15 17 2 12 17 14 747 1 7 9 10
t 23 6 5 5 25 739 14 16 1 25 4 3
t 10 5 745 24 15 21 4 12 16 2 15 8
t 49 73 72 54 65 54 45 87 67 81 65 52
t 17 4 1 18 18 25 8 19 20 734 14 8
t 17 17 24 18 19 22 16 730 24 21 1 21
t 21 17 4 22 21 6 10 19 18 20 736 3
t 22 715 25 4 17 13 19 1 18 10 19 3
t 70 52 52 68 46 50 80 58 67 56 57 81
t 45 64 56 84 74 87 55 64 53 49 75 83
t 67 56 68 89 60 51 80 79 52 66 71 73
t 80 74 54 54 89 46 46 46 56 89 80 82
t 11 7 5 23 23 711 18 22 13 19 17 4
t 47 79 53 84 69 63 47 66 74 62 83 52
t 61 89 61 54 74 74 71 46 69 83 52 64
t 66 50 47 61 79 57 63 56 76 45 54 90
t 18 20 19 24 14 713 15 6 25 4 16 6
t 23 24 23 19 15 23 23 23 18 19 717 16
t 52 70 77 72 71 48 85 55 78 60 64 60
t 68 77 80 81 77 66 83 88 64 82 60 68
t 19 20 15 16 10 22 24 25 18 719 3 8
t 78 74 82 75 49 48 50 63 57 83 87 54
t 45 86 61 90 74 73 45 52 66 70 83 78
t 49 68 63 75 87 46 56 85 70 50 57 59
t 64 65 51 45 56 63 55 80 67 65 75 68
t 87 52 71 64 49 88 86 73 56 47 84 69
t 45 79 45 55 69 86 78 45 48 88 50 71
t 729 21 8 13 23 2 10 18 9 3 5 20
t 89 81 85 67 81 86 47 88 62 87 71 84
t 52 86 45 55 80 83 87 73 77 70 56 80
t 61 51 51 54 90 54 70 49 87 80 55 82
t 4 22 16 15 726 10 22 2 20 25 24 18
t 77 49 70 56 79 65 74 59 81 55 48 48
t 69 47 52 85 74 74 61 47 87 65 50 73
t 12 724 3 14 3 3 24 9 6 22 14 20
t 76 58 73 56 50 88 77 61 57 56 48 59
t 8 20 5 17 7 12 12 20 25 25 726 19
t 71 66 70 81 56 65 73 75 72 84 72 59
t 62 86 89 84 66 86 84 64 49 74 53 56
t 5 7 715 5 13 14 1 20 3 17 8 3
t 15 19 727 16 16 23 18 10 22 17 12 8
t 81 78 67 47 79 46 58 74 63 77 59 58
t 84 50 61 87 70 59 75 76 72 53 76 81
t 75 63 50 55 77 72 46 72 45 68 59 86
t 56 82 87 83 85 77 71 79 55 68 57 62
t 62 45 84 47 56 57 88 53 83 45 79 47
t 68 65 77 58 87 66 78 51 75 87 70 74
t 53 67 73 62 62 69 52 77 53 67 87 73
t 80 50 46 62 54 53 45 51 70 79 66 57
t 23 1 3 25 6 4 12 13 24 9 718 16
t 66 60 73 67 52 73 62 73 71 70 55 65
t 738 17 24 19 6 18 22 6 23 16 1 22
t 14 17 738 10 21 10 8 21 23 23 4 20
t 49 87 77 76 76 49 64 62 85 46 50 90
t 45 52 47 74 85 65 84 55 62 53 81 55
t 13 6 17 5 729 1 13 9 14 14 22 15
t 55 89 73 46 45 81 59 67 58 90 81 70
t 78 47 87 67 54 83 71 57 74 67 62 55
t 71 65 55 55 54 83 55 88 58 56 84 87
t 22 16 19 6 12 5 15 742 20 4 4 4
t 53 56 90 71 81 54 60 64 80 69 88 61
t 62 75 70 48 67 73 65 60 50 89 75 86
t 86 51 72 55 90 74 84 68 78 53 83 86
t 89 48 74 60 84 62 67 70 55 51 72 62
t 19 7 729 3 7 9 23 10 25 23 15 15
t 55 74 67 76 50 80 67 50 81 66 80 51
t 72 68 57 79 64 85 89 64 76 88 68 46
t 3 13 19 4 11 12 748 16 15 8 24 1
t 10 5 24 728 12 21 11 19 5 4 11 11
t 21 733 11 10 8 23 11 11 12 5 11 7
t 16 730 13 10 18 15 22 21 6 15 11 2
t 90 77 73 78 85 62 72 89 73 51 76 48
t 2 24 25 739 23 12 21 1 21 2 16 20
t 72 54 51 47 66 55 79 46 68 65 85 86
t 82 50 72 88 85 50 45 78 78 83 65 75
t 67 54 54 79 66 60 71 63 84 90 89 60
t 86 55 87 74 52 86 80 80 50 57 81 54
t 58 62 87 66 61 82 81 65 71 88 59 49
t 5 19 4 11 745 2 20 25 2 9 4 23
t 84 81 78 59 64 77 75 60 63 85 62 79
t 17 15 21 19 4 25 25 12 14 712 22 21
t 21 3 734 21 21 14 12 9 5 11 24 22
t 54 55 77 52 77 45 70 87 49 62 88 46
t 50 75 66 75 52 65 75 66 68 74 51 66
t 73 66 78 76 77 78 90 86 61 55 89 90
t 63 56 63 64 80 77 57 85 52 55 87 83
t 13 4 1 5 5 13 20 12 24 10 17 733
t 18 15 20 7 20 6 18 3 23 10 732 15
t 83 62 85 80 77 70 65 72 83 50 84 82
t 64 69 50 52 84 60 76 68 72 60 60 50
t 58 56 69 47 68 60 71 67 55 86 84 63
t 15 21 25 22 733 25 21 6 10 19 17 2
t 84 58 74 89 47 47 54 88 49 59 64 83
t 7 1 3 19 22 4 24 10 733 14 22 19
t 51 70 88 73 58 87 67 54 85 69 64 54
t 16 25 23 3 21 1 8 19 24 719 19 4
t 20 7 10 4 712 9 18 20 3 15 1 2
t 72 52 72 66 90 73 82 66 73 51 89 69
t 81 85 90 49 58 84 59 61 55 84 82 85
t 9 9 11 15 744 15 21 6 6 6 2 21
t 50 74 55 58 62 88 69 73 90 63 60 78
t 21 2 4 736 17 9 11 1 25 16 23 6
t 77 76 52 79 54 77 45 54 76 87 68 58
t 25 10 9 1 13 5 1 6 20 11 14 730
t 49 61 89 71 50 60 45 54 69 56 45 78
t 717 22 2 20 16 6 14 22 24 21 20 13
t 7 14 5 11 736 7 7 13 22 7 22 16
t 15 17 8 16 13 16 1 6 22 9 7 741
t 4 18 711 1 3 20 2 1 10 23 14 12
t 69 66 59 52 90 90 84 84 75 85 81 74
t 83 87 77 76 69 58 89 88 64 63 55 65
t 51 76 52 77 89 75 47 48 62 75 80 75
t 62 74 59 87 59 76 63 68 58 45 61 85
t 20 743 2 7 22 13 14 24 19 12 12 1
t 81 89 86 68 77 64 80 59 65 49 73 90
t 740 13 22 12 18 2 23 14 5 21 13 5
t 20 18 21 741 17 10 24 10 8 23 17 3
t 17 15 17 21 749 5 15 11 2 12 11 11
t 52 70 60 82 89 81 51 74 81 58 79 51
t 90 89 57 87 54 51 70 75 60 82 75 73
t 19 7 9 24 4 8 712 18 1 2 18 1
t 66 57 62 81 79 60 46 71 82 57 80 78
t 3 25 729 18 25 5 4 9 7 7 6 10
t 25 18 24 11 25 15 3 15 14 24 2 711
t 74 50 52 79 80 47 51 49 63 63 47 53
t 74 69 61 71 47 87 71 90 61 58 70 77
t 9 5 19 18 20 11 2 7 735 13 25 8
t 19 16 23 21 725 4 1 3 18 20 12 17
t 70 65 84 77 56 90 59 63 55 58 47 48
t 25 726 6 20 22 18 1 22 20 1 17 22
t 65 79 82 47 53 66 87 75 78 48 83 77
t 45 85 74 46 90 58 51 70 71 65 70 60
t 45 73 53 69 58 85 50 45 83 73 51 71
t 54 55 64 83 52 70 49 67 76 50 73 90
t 10 19 14 743 17 7 18 18 25 25 13 2
t 18 24 25 25 24 21 10 747 12 16 4 2
t 73 45 84 71 63 68 79 47 51 77 86 85
t 62 50 60 70 66 77 79 64 51 64 61 83
t 8 22 2 14 5 4 11 12 735 21 19 20
t 53 83 52 63 52 49 59 71 54 73 45 54
t 63 78 48 69 71 76 71 83 66 47 66 87
t 13 25 2 7 12 8 10 6 19 13 711 19
t 17 9 10 15 720 3 8 21 22 24 13 22
t 55 79 77 74 88 70 89 79 80 56 52 65
t 46 61 82 80 72 66 87 46 84 80 48 87
t 6 14 23 7 740 19 22 10 16 23 20 3
t 82 67 57 54 61 65 60 72 78 66 87 87
t 89 45 78 77 56 71 61 51 67 58 66 49
t 49 61 85 53 56 78 66 53 58 60 78 86
t 52 53 52 60 55 53 48 76 74 45 87 68
t 16 1 11 734 3 19 9 17 6 5 8 9
t 51 53 76 80 70 45 62 58 75 65 74 89
t 59 65 51 58 83 80 52 70 72 83 57 79
t 89 52 45 72 66 48 63 88 84 51 84 71
t 77 79 57 66 80 87 61 79 52 55 72 76
t 88 59 77 53 76 56 63 53 51 57 73 79
t 80 68 78 49 50 67 83 61 77 76 64 82
t 90 63 60 69 65 85 66 80 56 57 62 47
t 14 8 23 716 6 13 14 22 15 10 17 3
t 63 78 65 53 55 71 74 53 47 63 45 62
t 64 85 63 70 63 82 84 73 63 49 74 52
t 86 58 50 71 80 65 76 86 61 53 59 77
t 65 59 71 84 75 46 78 51 73 63 55 49
t 71 79 52 83 59 47 66 47 82 88 62 71
t 9 8 22 4 3 23 13 25 16 14 6 722
t 79 75 45 77 86 48 46 65 53 48 74 55
t 745 10 17 9 18 12 9 2 11 15 7 1
t 5 15 12 9 15 5 19 733 17 14 10 2
t 86 69 63 88 56 59 65 50 78 82 66 71
t 742 20 16 9 2 5 20 8 15 11 11 23
t 10 12 21 22 22 11 5 22 5 743 22 20
t 45 51 60 56 73 55 76 79 90 70 73 76
t 8 14 15 14 25 748 1 19 25 8 25 4
t 20 14 10 19 20 722 12 23 18 15 18 14
t 90 46 66 69 59 86 45 67 68 65 45 56
t 46 71 69 83 80 62 59 49 73 75 63 64
t 7 20 23 10 744 16 24 3 20 1 14 20
t 64 52 46 50 64 52 49 57 59 53 73 86
t 47 89 89 82 80 52 83 57 49 62 72 48
t 8 11 734 11 1 9 12 20 13 23 6 24
t 69 46 61 57 62 67 88 90 65 57 88 80
t 23 12 19 6 14 739 18 15 19 8 20 24
t 68 62 76 68 45 58 51 80 54 47 60 62
t 77 53 61 72 54 76 79 63 86 58 58 78
t 59 47 50 77 70 52 46 89 51 79 76 88
t 62 80 52 65 79 64 79 63 75 82 67 72
t 19 24 21 4 18 715 22 1 11 21 7 9
t 74 73 66 65 70 85 60 45 61 74 69 49
t 56 86 72 50 89 77 62 79 86 74 75 47
t 71 49 67 85 65 59 68 62 72 61 88 58
t 8 24 4 5 17 9 18 11 717 17 8 25
t 78 72 66 88 69 63 48 84 78 62 68 52
t 25 23 18 714 10 23 9 20 8 19 10 25
t 66 64 51 70 71 59 46 71 52 87 53 47
t 69 87 86 76 47 56 75 90 58 63 77 89
t 5 8 15 1 5 1 23 2 21 22 726 8
t 4 11 8 5 25 744 23 18 17 2 18 10
t 16 749 13 7 7 25 14 8 6 25 8 22
t 59 67 90 47 82 89 62 83 76 71 66 87
t 21 16 7 15 15 5 8 7 734 12 2 20
t 6 22 9 19 24 717 13 22 4 19 13 11
t 53 69 56 84 86 90 74 49 79 60 61 76
t 11 7 15 718 25 20 20 12 13 10 20 4
t 12 23 749 12 23 13 6 2 20 21 16 5
t 60 84 84 48 51 70 90 53 49 69 73 58
t 66 71 63 63 80 53 65 51 88 88 70 67
t 73 58 63 58 56 66 67 53 49 68 87 72
t 8 3 11 13 19 5 20 1 7 15 9 731
t 77 59 89 90 55 63 66 85 82 81 75 66
t 21 2 741 23 3 22 24 10 15 11 16 21
t 81 90 85 86 64 83 69 83 50 53 77 65
t 89 89 61 74 69 63 69 73 62 59 67 72
t 88 52 56 69 84 64 49 64 49 71 73 89
t 21 7 20 17 12 713 9 4 7 3 11 13
t 20 21 742 14 21 18 19 14 10 16 14 1
t 25 2 5 16 5 7 25 713 7 2 14 17
t 72 87 88 56 57 64 84 51 60 62 83 53
t 11 15 19 24 13 720 5 2 3 10 13 24
t 73 65 49 79 62 82 67 59 68 77 88 67
t 54 62 50 81 58 63 68 47 69 83 73 63
t 84 88 77 73 56 73 58 66 45 48 90 47
t 73 72 72 54 56 50 79 84 51 48 50 63
t 55 72 53 87 46 76 45 64 52 77 58 83
t 52 50 76 72 83 54 64 88 64 60 54 48
t 17 8 6 21 1 738 25 20 5 21 11 21
t 64 58 52 89 67 63 55 72 69 75 62 71
t 741 11 8 8 21 8 23 20 17 24 23 4
t 4 20 19 18 12 11 25 1 725 23 25 18
t 12 25 24 24 19 25 14 10 4 21 743 22
t 50 82 58 79 71 56 45 49 71 77 67 90
t 19 20 18 17 12 4 747 9 13 12 5 8
t 67 65 70 46 70 53 60 78 67 47 89 48
t 8 17 24 11 4 11 2 13 710 18 13 18
t 63 63 59 88 58 79 63 46 47 78 78 89
t 66 84 77 84 73 89 75 47 53 50 79 52
t 9 18 4 20 5 17 7 16 11 749 10 19
t 56 51 45 88 76 53 89 48 83 70 48 86
t 63 76 85 74 90 48 81 59 63 66 58 68
t 77 87 57 57 56 82 45 54 81 51 65 64
t 7 14 713 11 23 14 6 10 24 4 1 23
t 67 62 62 48 69 51 54 61 61 47 51 61
t 1 14 23 713 21 23 4 6 3 23 25 8
t 9 10 2 9 18 7 17 17 5 2 23 727
t 88 74 47 87 79 51 56 61 78 59 83 61
t 69 51 85 69 60 72 84 80 45 62 73 45
t 2 5 10 732 25 25 4 1 18 18 10 25
t 720 20 20 11 3 19 25 13 23 22 25 24
t 2 5 17 5 3 24 19 21 23 11 720 17
t 46 70 73 69 86 59 48 71 69 79 53 47
t 67 60 53 87 80 82 68 49 53 80 45 49
t 66 78 64 53 80 53 60 90 70 68 47 72
t 73 59 77 66 74 65 54 69 82 61 81 66
t 82 66 81 88 60 70 54 61 89 78 50 72
t 18 4 722 9 19 25 3 12 5 20 5 8
t 90 90 87 51 58 88 55 88 63 79 84 66
t 9 21 22 13 10 4 17 712 13 22 6 3
t 88 66 73 61 52 62 83 57 63 45 82 54
t 67 70 73 63 90 88 79 48 77 50 86 51
t 46 60 55 68 83 88 53 84 75 49 55 46
t 1 3 736 21 25 4 19 15 12 11 7 13
t 4 15 9 20 24 22 734 4 15 7 12 8
t 45 66 78 70 55 60 69 47 62 55 90 83
t 70 66 78 86 55 61 73 69 84 51 89 69
t 58 45 63 45 77 86 70 67 87 67 73 67
t 8 12 23 18 23 24 5 737 3 9 10 16
t 1 18 6 3 741 1 4 10 10 19 4 24
t 78 45 58 86 67 54 82 73 82 61 86 81
t 90 75 61 49 56 82 75 78 65 58 54 48
t 66 86 66 69 69 69 80 76 68 47 71 61
t 16 18 14 13 712 8 4 16 17 4 10 24
t 83 90 51 87 80 78 70 82 61 88 75 47
t 9 18 12 20 17 746 9 23 9 8 19 8
t 48 77 56 90 48 78 79 85 84 85 45 77
t 61 80 58 58 76 47 62 54 88 64 59 65
t 51 76 89 51 78 53 72 88 46 56 61 46
t 72 76 48 51 88 48 57 56 84 82 52 81
t 68 62 81 71 73 51 54 90 54 85 51 47
t 45 61 56 71 89 59 63 80 50 62 66 88
t 6 5 3 3 730 11 25 20 1 15 11 7
t 65 89 77 86 54 53 77 52 73 70 86 89
t 23 13 12 4 5 719 9 17 25 12 9 15
t 76 56 63 80 73 78 71 53 82 49 84 80
t 14 23 5 14 14 741 4 12 20 22 25 1
t 59 55 46 46 56 62 55 79 71 50 87 54
t 24 1 8 17 11 19 22 25 718 7 3 7
t 22 12 2 24 18 711 20 24 1 24 4 1
t 8 19 13 5 24 1 22 724 16 14 24 19
t 6 25 749 25 12 24 19 3 3 22 4 8
t 22 8 15 24 21 5 11 25 25 718 13 18
t 7 10 725 16 23 24 9 9 17 20 4 14
t 60 62 53 77 65 63 90 62 77 55 60 89
t 712 14 18 18 8 1 19 7 12 12 16 4
t 46 69 50 52 52 68 84 90 69 87 74 82
t 78 59 81 72 88 58 80 51 82 85 53 65
t 11 5 22 8 718 11 25 10 5 13 1 8
t 74 81 62 88 67 77 89 74 82 45 69 85
t 55 81 48 79 59 82 86 74 46 83 65 71
t 57 52 60 49 59 50 65 73 66 89 73 69
t 15 19 17 25 4 21 22 15 4 743 25 11
t 21 18 23 4 20 14 11 738 11 5 23 6
t 50 67 85 75 50 47 71 62 76 84 52 81
t 13 17 25 20 11 12 10 3 10 742 15 10
t 47 67 58 78 88 68 85 86 87 85 80 87
t 51 55 47 47 51 70 74 83 53 58 45 87
t 54 66 63 85 46 82 84 53 51 65 80 51
t 7 20 8 728 1 4 11 23 22 3 8 7
t 51 69 48 53 87 45 65 59 63 87 84 66
t 72 90 74 69 80 71 73 62 76 82 76 69
t 10 13 11 10 20 3 724 20 12 12 6 9
t 45 59 72 74 47 52 62 89 46 56 86 51
t 2 9 1 8 9 12 2 12 6 725 19 22
t 74 84 64 70 52 83 66 64 84 54 62 70
t 82 76 83 89 46 84 46 68 75 61 69 60
t 17 18 14 3 18 739 10 8 6 23 8 1
t 63 50 83 83 77 88 70 64 47 53 47 52
t 75 66 59 47 84 52 47 71 68 77 66 90
t 80 45 79 87 85 55 72 79 85 78 85 63
t 89 57 78 89 72 84 72 74 56 75 57 78
t 11 739 13 19 2 22 23 25 13 13 20 8
t 11 9 1 24 25 11 20 17 737 1 2 6
t 75 88 48 84 85 83 55 66 69 85 74 74
t 55 70 74 58 59 73 63 79 83 73 75 60
t 82 53 47 82 61 85 84 81 55 67 78 57
t 8 10 1 23 23 717 19 22 23 24 8 4
t 75 75 51 89 67 86 49 80 47 72 81 54
t 68 46 72 61 86 60 74 59 46 72 57 83
t 57 60 74 45 45 47 84 77 53 73 55 68
t 9 15 24 18 719 2 17 20 9 16 6 16
t 85 84 85 64 56 49 89 72 66 65 82 46
t 82 66 51 45 64 85 63 70 90 56 86 46
t 11 727 12 5 2 18 2 24 2 18 12 5
t 20 4 11 12 4 5 4 21 12 744 19 19
t 72 70 55 73 49 53 70 84 56 75 88 46
t 19 15 717 15 18 5 13 15 20 10 1 9
t 46 49 55 45 51 64 73 46 82 86 57 77
t 45 88 90 69 45 48 60 88 88 64 73 80
t 72 52 85 90 55 69 79 55 61 77 47 83
t 63 74 89 90 68 65 82 52 61 72 65 68
t 88 46 71 46 66 70 54 56 57 56 60 80
t 85 83 61 65 58 65 63 69 45 46 52 71
t 89 60 67 49 88 65 51 77 54 60 73 57
t 77 65 83 61 67 76 88 68 57 70 70 59
t 24 25 3 14 741 19 18 10 10 7 17 2
t 22 15 17 16 13 9 11 737 14 12 23 21
t 12 16 18 16 7 14 4 23 19 711 3 10
t 88 45 87 85 70 53 78 70 83 67 56 69
t 18 1 11 14 21 20 714 16 7 16 5 1
t 71 47 72 74 77 72 87 82 49 81 78 57
t 50 50 88 71 76 68 87 56 49 71 76 53
t 77 48 72 66 53 56 46 69 46 54 50 68
t 47 89 87 48 69 87 46 90 68 70 77 76
t 77 54 49 55 65 46 73 69 68 54 53 74
t 56 64 60 75 84 60 66 78 79 60 66 67
t 53 56 82 72 59 62 73 73 82 57 47 77
t 5 22 17 4 20 23 13 16 10 8 24 740
t 18 6 717 5 2 22 18 4 13 8 24 25
t 11 20 10 16 12 9 14 3 1 731 17 22
t 46 47 71 80 80 76 85 60 49 76 51 49
t 7 10 19 5 18 11 9 22 11 24 10 724
t 64 64 83 58 53 65 75 65 53 77 45 49
t 54 51 82 82 88 53 46 73 90 49 85 86
t 12 21 1 4 23 9 25 15 15 713 20 3
t 54 67 85 58 60 51 84 55 88 75 53 83
t 87 53 90 72 55 52 46 68 46 50 78 52
t 52 74 77 59 80 65 49 75 88 63 67 68
t 85 71 90 71 83 58 72 83 74 76 62 63
t 83 57 45 87 57 76 48 60 45 48 59 67
t 49 61 80 73 70 63 69 47 75 86 55 63
t 22 5 721 24 2 21 15 9 25 5 3 14
t 85 61 86 48 78 71 49 58 64 80 75 64
t 84 69 82 59 78 56 48 59 61 82 68 57
t 72 55 48 53 88 59 64 59 86 49 71 60
t 63 50 60 82 73 56 61 52 59 76 81 55
t 713 14 19 13 1 4 4 20 10 23 6 17
t 64 79 73 90 46 64 52 86 71 81 55 76
t 80 50 54 48 67 75 71 59 72 57 86 67
t 2 19 17 7 23 6 20 2 11 16 4 742
t 2 5 721 3 1 12 7 1 17 1 3 19
t 4 19 22 716 3 15 15 12 18 2 11 6
t 24 740 7 18 8 24 7 20 18 9 13 12
t 70 79 77 90 54 62 79 88 74 74 81 71
t 46 78 74 48 51 62 62 78 55 47 51 77
t 68 74 74 90 72 88 62 50 50 54 84 71
t 58 50 48 77 73 73 70 48 61 78 90 76
t 54 50 48 64 68 61 69 69 61 78 69 62
t 18 7 14 5 15 21 3 20 1 729 23 21
t 73 78 51 49 65 83 53 67 76 80 54 51
t 49 77 87 63 62 73 57 83 51 71 52 45
t 15 21 1 20 22 22 3 3 17 16 25 748
t 77 86 90 71 89 81 89 61 55 47 82 50
t 86 72 76 82 89 57 61 84 60 82 48 83
t 45 81 68 66 78 69 65 79 72 47 70 56
t 49 75 66 73 50 47 51 57 78 69 80 73
t 64 58 72 89 74 60 69 46 74 46 88 52
t 83 87 57 66 88 81 50 46 60 52 46 87
t 8 16 1 1 7 11 14 8 2 715 8 3
t 65 90 72 72 46 49 67 49 77 54 75 56
t 60 62 77 85 89 60 49 71 55 71 59 86
t 23 23 16 13 13 10 14 18 12 719 1 2
t 8 8 20 23 3 13 2 719 24 22 19 18
t 69 87 46 66 53 47 83 66 66 69 63 46
t 17 9 1 23 749 21 1 1 19 11 4 8
t 90 65 53 70 52 60 81 86 55 50 63 75
t 80 51 57 77 61 73 74 82 82 60 78 68
t 72 83 46 77 88 90 89 80 62 85 51 89
t 25 12 13 6 18 3 19 2 10 16 729 10
t 53 79 72 79 54 86 81 82 79 51 88 47
t 59 57 87 58 88 47 56 60 50 45 80 70
t 12 10 20 4 10 721 21 9 4 8 17 14
t 64 75 51 68 48 62 60 56 83 87 47 49
t 55 50 62 54 65 75 65 89 69 57 58 73
t 86 46 56 52 63 58 75 51 73 67 54 59
t 83 64 53 71 57 48 53 70 68 74 50 87
t 83 52 61 66 82 74 72 76 47 70 62 72
t 57 60 79 84 56 62 64 85 77 84 76 79
t 714 18 11 5 22 4 25 17 4 11 14 7
t 76 48 69 89 85 88 60 62 59 82 55 68
t 63 57 66 72 87 70 48 60 51 73 51 46
t 20 2 9 22 24 22 23 721 12 4 6 5
t 17 2 13 25 739 4 16 18 14 3 25 23
t 7 1 6 19 9 18 10 23 13 717 6 21
t 82 60 67 90 52 83 89 58 61 89 57 75
t 56 79 58 56 85 67 76 55 69 47 63 83
t 743 17 4 15 8 20 21 11 4 21 12 19
t 9 4 1 1 19 15 23 714 23 6 11 12
t 8 12 733 9 14 19 9 18 5 9 7 7
t 82 86 72 46 51 47 83 61 77 85 72 53
t 52 70 83 59 72 76 68 75 82 57 64 51
t 70 77 86 64 70 62 66 80 60 86 85 64
t 740 8 6 11 18 25 16 19 17 13 2 20
t 89 83 58 80 85 73 56 78 70 58 46 69
t 5 4 24 6 1 14 741 21 18 14 23 6
t 46 67 48 65 47 49 74 64 63 90 48 52
t 88 51 75 45 79 67 64 72 78 85 89 61
t 19 17 6 17 22 12 22 714 7 7 12 10
t 25 742 1 21 8 2 3 17 12 19 25 3
t 14 16 22 16 736 16 20 1 15 12 7 10
t 64 67 75 71 68 86 53 75 70 68 85 48
t 17 22 11 9 21 21 749 9 4 2 15 18
t 10 7 21 2 11 18 715 9 17 22 6 19
t 9 7 17 25 16 21 25 2 10 16 716 5
t 47 46 82 89 84 73 62 57 56 86 79 63
t 55 71 72 45 86 57 56 55 56 84 66 60
t 61 51 55 88 47 71 63 60 82 73 62 61
t 18 25 23 7 4 5 10 741 24 2 10 10
t 1 16 21 5 10 8 20 22 14 2 12 741
t 2 5 20 20 10 24 4 738 4 7 11 5
t 3 1 21 13 20 21 16 9 747 11 12 5
t 19 25 740 16 23 5 21 20 22 9 14 17
t 64 83 59 80 89 83 62 78 77 69 65 71
t 90 82 78 67 82 61 46 76 73 75 52 66
t 1 10 15 22 18 748 14 19 14 9 1 25
t 58 88 68 69 61 81 66 56 75 74 80 73
t 56 88 53 47 54 60 61 89 59 75 59 59
t 719 18 10 9 23 18 12 19 25 18 7 3
t 6 21 20 2 735 16 9 21 10 19 22 18
t 81 53 51 61 77 89 53 49 73 81 90 77
t 88 58 50 46 69 80 45 63 76 74 90 60
t 71 80 70 65 88 73 72 56 56 66 57 71
t 82 45 70 67 50 55 89 90 56 71 63 84
t 59 90 52 59 76 45 83 67 48 74 90 75
t 65 45 48 57 82 73 72 54 66 83 66 61
t 77 65 73 45 90 57 55 54 55 67 84 84
t 47 55 70 50 78 54 50 50 52 75 48 56
t 22 4 726 8 4 3 11 6 15 2 13 16
t 9 21 5 9 16 20 10 15 16 9 2 721
t 12 719 17 18 24 23 15 2 10 17 8 19
t 86 53 87 75 85 89 51 69 46 87 80 60
t 54 56 47 82 82 56 46 90 61 74 60 68
t 71 46 64 57 69 71 75 62 61 89 64 87
t 24 7 4 25 4 746 17 2 13 14 19 10
t 6 728 19 3 7 6 21 16 5 11 13 20
t 78 69 89 58 48 82 74 68 78 47 54 86
t 50 47 64 84 80 59 89 56 90 65 83 86
t 25 17 6 23 5 21 13 12 718 2 9 6
t 46 76 48 83 81 51 89 89 89 85 48 62
t 80 66 83 52 64 48 74 69 77 70 87 51
t 86 89 76 67 87 82 73 66 79 84 70 67
t 56 66 65 76 55 52 67 90 90 76 77 52
t 83 60 55 85 47 63 64 45 81 55 75 50
t 84 63 75 47 48 54 86 50 70 85 58 59
t 51 58 51 88 75 61 46 66 87 61 79 76
t 83 51 82 48 66 50 60 59 77 59 74 74
t 5 5 19 6 25 13 24 7 2 19 720 17
t 14 6 8 17 16 725 22 7 13 23 5 19
t 68 88 75 71 81 68 61 65 85 72 84 67
t 71 47 70 78 69 57 77 63 85 63 53 87
t 16 10 4 735 4 1 18 14 13 22 25 7
t 746 21 21 21 5 2 1 25 11 14 2 18
t 8 7 2 23 13 10 5 22 719 10 21 7
t 85 66 62 80 90 85 64 79 47 80 57 57
t 56 66 85 61 87 57 84 75 90 88 45 70
t 63 77 78 60 77 56 78 67 85 81 75 54
t 46 86 74 89 74 77 87 86 60 56 81 71
t 83 56 68 65 73 87 49 87 70 74 73 54
t 14 21 6 22 21 16 15 4 1 16 726 5
t 83 74 89 83 89 59 47 74 77 81 66 64
t 56 60 57 70 52 84 76 53 59 55 45 63
t 85 69 47 50 61 68 50 56 73 80 84 73
t 86 53 52 85 65 58 84 82 65 59 60 45
t 17 11 11 15 15 14 749 8 18 8 8 10
t 720 16 14 24 18 23 22 11 10 21 10 19
t 77 76 55 56 82 63 53 73 75 76 90 63
t 8 4 2 24 17 18 20 740 14 7 3 1
t 2 17 7 16 14 9 18 5 22 23 746 2
t 81 50 82 64 75 52 73 88 56 49 48 71
t 15 2 16 20 12 7 9 17 6 713 25 2
t 73 78 47 83 74 81 50 81 58 69 69 80
t 79 86 76 69 69 63 68 83 72 61 90 53
t 75 48 48 78 66 83 64 75 54 74 45 82
t 20 14 12 9 9 23 11 25 5 748 16 13
t 6 18 5 22 23 21 24 24 6 11 745 5
t 5 20 5 15 2 748 23 9 21 19 12 15
t 4 1 21 21 15 19 22 14 23 6 17 746
t 16 22 18 12 9 13 4 712 9 8 15 20
t 9 22 5 16 9 711 24 20 12 25 22 14
t 64 62 87 57 85 76 47 53 57 61 67 69
t 73 50 60 88 74 88 84 89 58 69 46 59
t 70 62 87 71 60 75 53 85 90 72 52 84
t 9 17 18 2 14 25 16 3 7 10 723 5
t 69 48 87 69 88 66 78 82 47 89 70 52
t 73 70 65 72 75 90 64 73 88 75 50 48
t 73 63 73 46 80 79 86 73 83 62 80 81
t 71 71 73 78 70 81 76 57 57 61 74 54
t 46 88 58 90 55 65 89 53 89 72 80 68
t 61 78 69 87 75 80 63 75 75 85 50 78
t 11 13 12 17 5 14 8 19 733 10 17 12
t 46 51 60 81 77 74 56 86 78 51 74 83
t 83 70 53 60 68 63 78 58 75 89 65 89
t 47 90 77 68 60 74 66 82 46 64 85 67
t 90 48 57 46 58 58 76 46 51 81 60 68
t 2 2 24 12 727 20 5 17 25 18 11 16
t 5 12 21 15 25 4 14 23 12 749 2 8
t 54 60 86 47 61 54 76 51 49 55 56 69
t 6 13 24 713 4 5 1 23 14 22 10 9
t 12 16 15 21 13 15 23 4 25 20 11 729
t 58 47 62 75 76 53 88 59 60 52 80 79
t 87 65 69 47 56 69 66 69 89 88 47 58
t 84 88 70 51 77 74 78 70 81 67 78 52
t 81 82 70 59 89 85 58 54 46 68 52 89
t 71 75 75 81 74 45 86 61 68 74 86 57
t 22 19 19 21 735 8 25 3 22 14 6 20
t 24 10 735 15 24 1 25 15 17 7 20 12
t 6 5 717 24 22 4 20 11 3 7 14 5
t 25 737 5 8 7 21 12 24 16 18 20 4
t 9 10 749 21 2 10 15 17 18 23 1 8
t 20 747 20 6 15 5 19 4 17 8 15 12
t 75 50 51 59 77 79 68 55 45 55 71 77
t 73 50 75 83 51 63 67 83 64 64 88 59
t 10 22 22 1 13 732 18 16 19 15 23 14
t 55 71 77 83 87 87 66 50 55 63 87 54
t 57 88 58 87 70 54 48 60 63 63 55 85
t 87 75 56 80 89 72 79 74 84 71 87 86
t 23 18 722 21 21 14 18 25 12 10 8 7
t 87 88 66 45 64 76 85 84 82 89 66 53
t 64 60 75 49 59 78 77 65 55 49 69 84
t 48 74 60 81 83 63 74 66 52 58 53 47
t 90 63 87 60 57 63 85 45 79 69 48 68
t 53 51 65 67 80 62 69 85 77 85 58 70
t 70 59 52 65 88 64 89 88 56 78 58 89
t 12 12 717 23 4 17 9 1 23 15 20 15
t 89 54 79 72 78 75 84 73 64 50 46 63
t 76 81 83 74 66 56 88 73 50 45 69 51
t 56 53 64 47 65 64 59 66 66 48 75 67
t 7 22 13 22 17 23 8 8 735 6 9 12
t 75 55 50 55 64 67 77 59 63 62 62 88
t 83 84 76 58 60 63 68 77 87 82 46 67
t 49 84 71 65 66 89 88 72 46 49 53 68
t 53 51 90 69 85 61 63 84 76 49 76 46
t 15 14 18 25 4 21 22 13 9 8 2 744
t 66 82 54 86 55 80 71 60 81 76 68 49
t 4 739 12 25 19 25 8 7 14 13 20 1
t 12 25 23 17 21 737 3 5 25 1 2 8
t 64 72 65 47 74 76 83 87 52 59 71 64
t 49 64 49 81 79 81 51 74 52 59 56 51
t 24 6 24 726 20 23 12 7 1 13 4 2
t 52 53 60 45 49 53 52 57 81 53 88 65
t 6 5 3 22 1 7 18 17 6 19 711 22
t 749 6 17 23 8 14 3 1 18 21 7 25
t 736 14 1 12 16 12 7 8 22 19 5 5
t 722 5 23 12 24 3 24 19 9 18 19 1
t 83 85 89 51 88 48 74 70 48 46 52 58
t 12 20 16 22 10 4 20 20 712 12 20 19
t 9 9 731 9 17 19 5 9 7 2 14 16
t 24 5 17 22 23 22 2 17 6 24 716 17
t 20 21 25 1 7 22 22 20 20 20 22 742
t 3 710 6 21 3 25 22 11 15 24 3 13
t 45 83 90 80 89 55 65 67 82 80 65 50
t 19 11 18 714 5 5 25 16 1 22 19 11
t 52 51 72 52 52 52 87 66 50 63 84 75
t 5 8 3 12 12 726 25 4 7 10 9 10
t 16 2 14 13 12 4 6 21 3 3 6 722
t 69 82 52 65 64 84 68 52 54 83 81 63
t 75 57 50 46 46 84 45 67 90 78 73 88
t 77 79 71 75 57 52 57 67 82 56 51 70
t 76 90 69 48 47 60 85 48 88 66 66 84
t 12 4 8 20 2 15 17 722 5 13 14 11
t 58 67 46 55 72 87 84 67 57 71 80 87
t 4 15 8 17 22 20 5 10 12 18 733 20
t 80 78 69 65 51 59 48 80 62 48 87 87
t 22 2 17 20 12 25 17 14 6 15 731 7
t 86 86 56 81 67 56 47 79 50 61 64 53
t 77 63 49 84 55 70 65 82 74 49 71 90
t 46 81 76 89 65 52 88 72 48 50 85 55
t 734 16 18 8 12 5 19 9 16 5 2 15
t 68 85 80 50 53 57 89 71 51 90 67 63
t 78 53 66 62 81 48 73 65 74 56 63 48
t 79 68 81 79 80 64 57 78 66 74 64 76
t 22 23 17 18 7 1 23 4 13 725 23 14
t 12 20 1 1 19 3 5 3 18 711 18 20
t 84 61 79 67 88 45 70 46 51 88 59 57
t 63 87 83 51 49 71 75 81 54 59 83 75
t 66 60 78 87 46 52 57 68 84 54 78 54
t 13 22 12 21 723 13 21 18 22 15 25 6
t 51 45 75 52 52 53 61 68 63 82 65 73
t 24 3 19 17 10 723 10 3 15 8 5 7
t 67 55 55 83 62 62 67 71 51 64 46 56
t 52 86 55 64 62 66 81 59 63 82 77 85
t 20 6 24 9 24 16 720 18 6 15 4 22
t 76 77 81 50 65 87 80 85 69 51 66 50
t 88 48 67 54 83 87 48 67 65 58 74 59
t 71 67 69 67 80 57 55 45 69 48 83 78
t 73 63 49 80 88 83 60 62 79 60 53 58
t 73 51 89 45 77 55 89 85 90 80 63 70
t 76 49 70 60 73 60 58 52 48 90 61 74
t 73 84 77 52 84 50 59 78 51 83 61 59
t 65 74 82 80 78 63 76 45 47 78 87 90
t 13 23 717 3 15 7 19 24 1 25 25 22
t 47 69 60 81 66 64 48 75 53 69 48 83
t 83 45 74 53 84 78 90 54 58 88 54 60
t 49 62 72 66 89 85 47 64 62 83 80 85
t 80 78 56 78 84 83 69 87 79 88 85 86
t 62 89 58 52 77 80 64 61 81 82 59 72
t 74 60 47 86 53 81 60 71 79 45 88 48
t 6 3 12 2 738 25 6 6 19 10 23 4
t 86 75 66 52 45 90 71 48 71 77 77 72
t 66 90 77 75 56 60 88 62 46 67 63 60
t 62 46 58 50 59 82 50 85 73 77 81 80
t 17 5 11 24 10 14 8 20 25 741 21 7
t 70 82 54 47 74 61 80 55 73 56 47 52
t 64 78 60 61 58 71 67 79 77 48 73 64
t 84 64 49 83 72 46 50 89 78 60 46 86
t 15 731 16 3 22 15 23 9 6 9 8 23
t 70 66 65 68 47 61 88 57 53 50 56 84
t 23 11 13 15 21 731 22 17 3 15 10 3
t 7 11 12 7 3 2 11 743 9 5 18 23
t 17 1 729 24 18 20 15 13 18 24 21 17
t 78 63 82 70 85 87 89 66 51 58 62 83
t 22 11 18 747 8 9 13 18 22 16 12 15
t 52 87 88 63 75 82 87 62 54 77 84 71
t 81 68 64 86 88 81 54 82 67 75 76 47
t 50 68 72 74 74 50 78 81 61 65 72 78
t 24 21 2 5 11 745 2 7 19 19 20 4
t 61 90 60 46 82 84 86 78 49 62 49 52
t 7 11 17 20 13 11 11 4 9 5 728 9
t 1 23 4 16 19 20 3 20 15 16 25 727
t 56 75 81 56 48 79 88 47 73 64 54 85
t 46 52 61 55 63 86 69 68 57 59 88 74
t 56 75 59 56 75 88 62 86 86 83 46 72
t 49 58 63 65 47 61 48 82 90 71 77 87
t 65 87 51 83 68 65 71 53 77 54 54 59
t 1 8 7 20 19 25 747 10 4 5 20 19
t 23 7 1 14 3 3 24 20 20 3 20 728
t 50 60 72 76 51 46 74 45 68 79 58 45
t 47 82 80 70 70 71 77 52 52 48 50 69
t 77 48 80 82 90 72 59 55 78 59 76 57
t 87 61 74 75 70 51 75 80 60 49 87 90
t 68 72 78 70 63 70 71 56 46 45 83 66
t 22 3 15 18 8 10 22 14 12 22 19 734
t 11 8 4 24 14 715 1 4 22 6 13 15
t 49 89 84 48 82 51 60 70 62 87 69 73
t 66 86 54 73 71 81 68 82 89 48 76 67
t 5 1 7 23 5 21 25 22 727 6 18 18
t 68 81 51 76 72 87 57 49 86 62 65 73
t 70 77 81 56 71 47 52 77 67 78 73 45
t 12 6 23 734 6 15 16 23 2 3 6 12
t 62 63 61 56 84 71 60 80 82 61 76 83
t 65 83 89 52 62 57 66 64 89 47 66 56
t 58 86 74 67 88 47 83 57 79 49 46 72
t 21 25 11 14 12 13 16 746 2 8 1 14
t 62 69 90 45 53 57 54 78 64 89 51 88
t 74 63 53 46 90 65 66 63 78 63 79 73
t 69 67 86 54 68 52 48 46 55 76 55 51
t 76 88 82 79 82 88 86 75 87 81 85 45
t 83 61 50 48 87 87 76 66 75 86 87 56
t 715 15 13 6 19 18 1 25 14 17 10 13
t 84 80 62 54 49 87 57 65 75 81 90 51
t 2 24 19 23 1 25 10 7 730 24 13 22
t 87 71 88 52 71 84 52 55 61 73 70 73
t 64 70 77 55 89 70 79 79 46 90 82 48
t 22 7 13 20 4 5 23 19 20 4 738 9
t 7 19 24 12 19 743 24 14 5 15 10 21
t 12 710 22 6 1 5 17 14 2 21 21 18
t 51 78 51 63 89 52 88 82 51 57 71 73
t 45 90 87 63 51 52 85 81 52 81 67 81
t 77 85 90 56 71 70 53 62 69 61 86 86
t 90 69 84 79 57 88 77 50 87 83 77 49
t 22 13 741 14 15 7 12 12 17 7 10 11
t 25 738 3 2 10 8 19 14 10 21 11 3
t 63 69 88 76 73 62 54 60 85 86 56 77
t 82 74 47 90 47 90 73 68 89 56 60 66
t 52 87 81 71 83 75 56 79 87 69 55 48
t 66 47 55 66 72 75 55 54 76 90 72 78
t 19 7 21 1 23 11 4 741 6 14 2 3
t 10 23 6 8 22 18 17 4 735 1 7 12
t 12 17 16 14 3 1 742 24 3 24 10 25
t 68 54 89 54 76 84 85 49 87 84 73 75
t 78 60 85 86 83 54 59 74 64 70 79 59
t 46 62 84 72 56 52 73 71 73 72 52 63
t 53 78 85 86 62 52 50 64 53 48 63 74
t 20 25 17 13 720 2 16 17 7 12 17 17
t 55 63 68 75 55 52 60 71 52 75 58 56
t 45 88 54 80 53 68 67 68 67 45 73 58
t 9 21 23 720 18 4 11 11 19 18 7 4
t 58 48 66 66 67 68 52 55 50 47 55 73
t 81 45 81 60 84 72 56 76 63 69 85 64
t 16 8 4 13 717 13 9 4 4 21 15 23
t 45 57 83 66 90 68 80 46 70 53 74 62
t 9 14 11 21 4 11 6 16 20 742 8 2
t 60 73 46 85 45 62 53 71 87 85 87 45
t 6 9 7 2 742 16 25 6 15 2 13 6
t 75 82 60 73 86 48 85 71 82 47 81 77
t 24 8 742 15 7 13 24 1 17 5 15 23
t 17 13 25 24 15 2 18 11 718 18 16 19
t 76 55 84 89 64 45 71 79 45 82 64 60
t 3 8 10 723 21 25 19 18 9 21 17 20
t 749 17 25 10 11 25 25 5 21 17 3 17
t 7 3 20 25 19 2 12 25 11 726 4 13
t 738 11 7 15 19 15 12 7 16 7 25 20
t 70 70 60 86 51 83 58 81 84 89 80 76
t 87 89 82 70 54 63 89 70 56 75 65 61
t 47 73 62 46 75 88 73 67 66 86 51 80
t 17 738 23 14 6 25 8 6 24 15 10 1
t 68 63 58 57 57 54 81 68 49 54 80 90
t 57 82 50 66 90 50 63 52 46 82 63 54
t 65 54 60 67 49 75 66 67 85 81 56 81
t 88 50 48 74 79 85 87 74 85 85 69 79
t 81 89 78 75 60 66 68 73 64 79 71 73
t 15 11 16 10 2 7 13 11 23 22 710 13
t 56 65 71 52 55 52 71 47 59 63 81 70
t 12 18 11 10 18 23 2 14 11 13 710 20
t 59 47 45 84 72 55 45 67 62 90 75 75
t 83 50 80 84 85 80 61 88 49 53 60 78
t 67 77 69 75 48 73 90 87 52 46 54 60
t 5 23 4 19 2 25 15 9 5 715 14 3
t 56 46 67 87 53 64 67 73 75 82 59 71
t 82 86 56 62 65 76 69 71 83 75 58 66
t 15 746 15 11 20 23 5 23 1 25 22 6
t 59 66 51 70 86 50 71 80 47 66 82 85
t 68 81 89 65 57 87 88 89 49 47 69 60
t 747 11 8 22 17 9 1 12 17 18 19 6
t 86 85 79 64 61 66 68 58 71 63 75 77
t 61 81 78 82 82 85 49 89 89 85 75 89
t 15 6 9 18 737 24 9 9 4 8 2 25
t 56 68 57 63 52 90 49 47 56 74 56 90
t 12 4 25 25 19 25 7 735 17 7 4 2
t 64 53 66 68 76 81 55 88 58 84 87 48
t 23 4 11 12 18 24 11 721 1 10 17 5
t 75 59 78 86 61 85 51 62 71 88 67 52
t 72 56 82 73 67 66 46 65 49 67 54 59
t 84 63 80 52 86 77 51 86 89 55 52 77
t 25 20 23 24 737 16 18 23 14 22 18 10
t 9 11 17 743 12 16 25 12 9 16 17 20
t 6 13 13 23 8 6 717 6 25 15 6 19
t 69 76 70 61 69 68 78 68 81 63 68 45
t 89 81 66 52 51 73 47 82 82 60 47 75
t 15 14 13 12 14 711 7 23 7 4 18 20
t 3 10 7 3 9 5 16 20 3 9 1 735
t 13 18 8 22 15 1 3 725 11 18 18 6
t 66 85 58 57 82 74 68 72 83 86 68 59
t 67 67 62 83 65 72 79 68 52 63 66 60
t 13 22 4 714 25 14 5 8 7 19 18 11
t 18 726 17 23 16 8 12 14 16 8 9 14
t 8 8 1 24 5 15 22 728 21 19 21 15
t 72 90 61 71 72 70 80 88 88 77 54 54
t 19 15 10 10 10 7 2 10 11 725 19 16
t 56 70 65 48 76 53 66 70 50 89 57 55
t 69 85 55 52 73 52 84 77 60 56 51 77
t 58 90 68 79 70 63 89 85 70 68 50 60
t 5 23 14 11 8 711 3 7 19 25 13 14
t 74 76 59 45 50 64 59 67 80 77 66 82
t 81 52 55 57 79 45 64 83 54 87 87 84
t 23 9 714 10 7 14 21 9 12 19 16 20
t 49 70 68 56 55 54 46 77 87 72 75 74
t 4 15 15 6 18 713 25 4 11 25 11 18
t 86 55 77 64 69 48 77 59 81 46 48 85
t 5 719 3 21 18 24 21 8 20 10 10 7
t 69 75 65 87 57 54 49 82 50 58 68 86
t 24 4 4 15 4 24 12 10 16 719 3 8
t 87 90 63 64 78 56 78 82 90 56 83 68
t 87 59 75 69 67 63 51 88 90 78 90 86
t 18 22 21 21 711 1 12 20 1 19 17 22
t 46 58 81 70 84 58 78 60 63 49 65 70
t 71 78 62 50 82 61 71 64 89 89 83 55
t 70 85 82 78 90 70 47 68 88 49 70 54
t 13 15 2 6 23 722 17 25 7 10 2 1
t 50 71 73 60 71 83 86 63 83 77 75 66
t 733 10 19 2 17 2 21 8 10 25 18 19
t 735 25 1 4 13 14 24 2 19 14 13 14
t 20 20 25 17 2 16 20 12 22 25 6 729
t 88 63 60 51 62 86 64 67 53 59 84 72
t 58 87 49 60 58 85 75 45 78 81 67 55
t 55 85 71 55 71 82 81 65 75 47 80 63
t 76 87 68 89 88 85 81 82 68 45 68 56
t 17 19 3 723 22 11 25 13 3 8 10 12
t 89 63 61 69 69 59 71 75 81 90 59 56
t 22 6 2 19 6 13 4 735 17 13 3 20
t 725 15 25 15 8 4 12 3 3 5 7 15
t 57 78 49 74 79 79 47 78 57 73 46 46
t 4 13 4 18 24 22 6 19 7 12 10 711
t 15 23 23 2 7 23 2 729 25 12 7 23
t 61 60 87 65 63 67 50 62 76 77 56 49
t 54 46 73 58 46 85 82 68 88 63 70 74
t 85 85 47 48 58 84 57 73 66 89 59 73
t 25 22 20 13 718 4 19 5 12 21 12 17
t 13 9 6 6 724 15 13 22 14 16 10 12
t 4 5 19 10 12 15 6 736 6 17 23 15
t 81 53 63 53 72 88 69 58 67 68 62 82
t 3 18 6 749 19 5 21 20 10 6 6 18
t 745 1 11 15 15 21 23 22 19 5 17 2
t 49 70 84 90 69 59 58 57 58 50 51 80
t 23 7 7 6 743 17 22 4 20 14 20 23
t 4 17 23 16 11 19 19 16 20 6 14 735
t 13 24 4 17 23 719 18 24 17 23 6 15
t 6 710 17 8 11 19 16 4 21 20 25 15
t 82 61 89 52 85 45 80 59 86 88 90 53
t 745 13 4 5 21 17 18 8 4 4 18 3
t 66 62 59 50 63 85 69 65 56 79 47 67
t 78 66 63 59 89 45 47 76 78 79 53 62
t 58 65 85 61 49 64 46 57 45 46 50 45
t 747 2 5 19 4 9 4 1 24 1 5 15
t 69 82 77 73 57 72 45 77 74 87 53 80
t 23 7 17 19 13 4 12 710 7 20 5 5
t 69 56 68 51 54 80 82 58 45 46 58 50
t 63 88 78 89 59 45 45 72 67 82 54 62
t 22 24 25 6 12 5 742 6 10 5 16 16
t 22 15 25 20 19 3 20 1 3 7 714 16
t 64 83 83 67 51 59 60 64 90 62 68 77
t 51 88 85 79 57 62 63 53 70 46 50 55
t 735 1 14 8 24 6 2 9 9 2 2 24
t 15 15 20 4 9 20 6 18 21 729 21 5
t 19 3 10 2 24 12 16 6 15 748 11 20
t 7 6 20 16 9 25 719 18 18 24 1 21
t 86 88 85 76 50 79 62 70 80 60 57 84
t 64 69 55 48 63 46 66 50 65 79 53 61
t 12 1 16 9 2 2 23 734 23 11 4 15
t 57 89 76 53 66 77 76 78 90 59 55 61
t 47 51 54 68 74 62 64 51 59 46 59 89
t 49 66 55 49 53 82 57 89 56 49 60 51
t 63 85 85 87 58 48 89 62 52 88 89 77
t 75 64 89 63 56 68 58 88 87 67 53 74
t 13 1 7 4 14 6 2 14 17 18 21 711
t 67 78 80 81 51 55 74 86 70 75 84 46
t 52 66 64 86 60 54 63 78 47 88 52 90
t 56 88 65 72 80 51 70 76 52 87 84 87
t 18 11 11 717 1 12 21 12 21 4 10 20
t 3 13 15 12 10 18 736 1 22 18 22 21
t 73 68 73 53 47 48 48 55 45 54 64 79
t 2 12 1 17 19 1 9 9 720 6 4 1
t 5 9 12 728 2 14 3 16 19 22 20 16
t 19 22 24 11 10 1 6 747 13 19 2 2
t 12 24 11 7 710 2 17 11 22 21 7 1
t 83 86 90 70 45 47 63 56 82 62 48 84
t 70 58 60 76 46 89 76 89 64 60 64 55
t 57 63 81 79 56 61 85 55 62 74 57 68
t 12 7 3 744 8 8 8 14 15 2 25 8
t 67 46 64 83 52 72 69 88 78 56 61 55
t 53 79 87 79 74 78 69 49 59 59 61 53
t 49 69 49 49 47 78 81 69 54 46 79 89
t 727 1 23 7 8 13 25 12 17 16 21 24
t 22 17 6 2 715 4 17 2 4 1 2 16
t 87 46 88 64 67 85 50 57 66 52 65 65
t 2 745 20 8 24 22 17 21 20 9 16 25
t 51 65 60 86 47 82 70 67 79 87 84 81
t 50 80 53 53 65 48 87 72 89 77 66 47
t 63 63 86 46 55 58 67 86 48 76 74 51
t 1 19 13 22 5 9 741 20 1 16 20 12
t 82 73 55 53 78 64 83 81 45 65 68 68
t 53 65 83 73 51 56 59 52 45 68 49 45
t 81 65 78 68 47 81 71 87 63 57 66 74
t 25 5 18 10 16 18 17 748 16 17 24 7
t 10 14 3 739 10 12 1 7 7 4 14 8
t 65 85 82 72 85 70 86 67 67 53 87 55
t 57 90 80 90 74 82 83 46 47 90 60 83
t 67 59 88 71 59 84 74 65 52 56 47 71
t 84 56 81 60 54 76 86 79 57 85 58 53
t 72 79 81 79 46 90 54 49 48 82 58 78
t 55 54 85 88 80 76 64 67 66 62 71 89
t 18 17 8 19 11 12 14 20 15 8 733 8
t 23 8 24 14 6 23 3 12 9 741 16 3
t 20 20 19 7 9 3 720 2 22 22 7 15
t 9 1 18 20 10 733 25 25 4 4 16 6
t 73 89 74 53 58 81 74 69 51 87 81 66
t 66 60 81 77 79 82 89 89 86 72 66 60
t 65 87 59 54 50 57 81 57 85 67 66 58
t 64 72 89 53 54 53 69 61 57 58 82 69
t 18 23 6 739 8 18 18 6 9 21 18 17
t 84 51 63 70 68 55 81 65 57 73 75 71
t 70 84 47 85 72 47 45 80 55 63 66 87
t 86 46 74 67 62 47 59 76 70 61 60 51
t 1 19 7 4 3 11 6 18 10 711 6 5
t 72 50 56 79 62 57 45 87 90 74 83 85
t 52 56 74 77 52 81 65 57 75 73 77 76
t 77 84 77 71 71 71 70 63 47 54 68 77
t 64 85 85 58 78 74 69 57 82 64 83 69
t 85 52 58 46 67 81 49 89 90 58 52 77
t 8 20 18 14 18 20 19 14 14 5 11 719
t 83 79 66 47 54 59 64 89 87 45 48 74
t 84 87 78 46 45 90 47 59 87 85 73 68
t 59 57 45 50 89 88 71 74 76 53 82 45
t 55 76 64 46 78 54 52 90 90 81 53 83
t 89 89 58 65 82 89 60 81 63 54 75 82
t 5 11 20 9 15 12 8 11 15 5 729 15
t 3 17 17 14 14 1 23 1 13 711 9 13
t 45 66 59 49 59 54 63 49 78 50 52 82
t 3 7 724 14 23 5 11 23 18 24 10 10
t 62 87 79 72 80 50 89 51 87 52 50 67
t 61 80 87 88 59 45 72 79 50 90 45 66
t 1 21 20 23 9 23 1 18 10 12 24 741
t 47 75 48 47 68 53 88 51 86 53 53 51
t 83 87 68 45 85 57 80 73 71 90 86 62
t 24 17 14 23 21 12 8 6 19 24 717 18
t 88 80 82 90 81 90 52 76 88 52 86 51
t 723 4 10 7 20 8 16 15 17 8 1 9
t 21 10 1 746 23 14 23 3 9 5 16 18
t 69 79 77 83 64 81 51 46 53 60 62 53
t 717 12 4 18 8 21 25 20 17 19 16 6
t 10 8 15 2 8 24 10 12 736 3 24 22
t 6 13 20 21 10 8 17 16 714 12 3 10
t 80 81 46 80 59 71 59 80 53 68 89 69
t 63 57 73 67 45 73 82 82 70 76 71 59
t 24 741 7 16 14 17 5 6 9 23 20 24
t 7 10 15 17 21 729 14 16 21 10 1 10
t 735 16 12 16 23 16 24 19 23 6 21 20
t 1 15 8 12 20 9 2 22 8 721 22 21
t 50 48 85 89 66 66 48 86 84 71 84 87
t 88 49 57 50 46 55 49 63 55 87 74 75
t 8 12 16 21 10 732 14 17 10 18 15 12
t 69 66 72 69 81 90 65 80 85 65 70 55
t 65 78 64 60 72 71 78 49 81 85 52 90
t 86 56 58 48 60 49 74 90 48 77 83 81
t 22 10 12 5 15 728 5 11 5 6 10 10
t 20 7 20 18 723 23 11 19 22 18 22 18
t 10 4 21 723 9 3 10 24 18 7 3 22
t 47 82 83 65 64 64 88 89 47 63 56 82
t 75 54 89 82 81 65 46 50 65 56 63 66
t 49 75 55 79 46 47 65 86 66 77 90 68
t 736 11 19 3 24 2 6 20 18 12 23 13
t 18 23 714 11 20 5 22 15 10 15 19 25
t 74 82 55 84 57 70 87 82 47 49 60 57
t 55 48 62 45 67 55 82 59 90 62 51 88
t 78 77 68 76 87 59 55 75 79 86 65 80
t 736 17 1 6 6 17 1 24 5 15 16 13
t 5 12 19 21 11 13 25 19 13 11 730 1
t 71 48 84 48 89 62 89 66 78 79 52 59
t 1 4 4 9 16 4 25 735 4 3 21 19
t 742 25 23 10 5 24 15 20 8 19 21 12
t 46 87 50 71 87 71 82 79 80 53 84 50
t 78 55 89 63 53 53 74 61 64 87 53 87
t 63 80 55 45 72 70 86 62 77 63 70 56
t 14 8 4 746 12 18 14 20 20 10 12 15
t 4 21 743 6 10 24 1 22 9 16 16 6
t 10 8 12 6 12 4 719 14 15 21 19 12
t 50 45 70 55 79 61 78 66 76 68 88 53
t 72 71 60 89 58 80 83 69 71 52 89 66
t 82 69 58 87 89 47 80 59 69 68 89 71
t 74 53 88 73 86 56 47 46 86 69 66 63
t 18 6 737 11 9 21 16 9 2 25 12 4
t 25 4 24 22 15 2 17 24 16 735 17 18
t 84 50 55 63 59 90 63 75 61 83 73 75
t 55 83 87 56 89 49 52 58 78 83 73 77
t 75 57 80 52 63 59 68 74 61 56 67 76
t 71 45 61 61 65 46 65 88 53 84 58 85
t 77 65 67 71 55 58 55 47 82 66 75 50
t 74 81 54 66 71 77 48 70 53 64 65 75
t 52 75 77 47 50 64 46 87 89 50 61 68
t 87 76 79 86 48 53 62 78 45 84 61 73
t 4 4 10 21 14 23 10 719 15 23 19 24
t 74 84 74 78 61 77 64 80 49 76 68 59
t 22 12 3 3 19 1 15 6 715 1 19 14
t 72 61 63 63 53 59 90 84 87 70 57 67
t 71 73 64 50 72 69 49 65 50 46 67 55
t 53 86 84 64 85 59 89 68 88 71 49 66
t 88 58 87 86 65 50 66 66 80 85 68 87
t 10 10 3 24 745 7 20 12 7 3 22 4
t 68 75 47 75 63 84 71 85 79 49 86 61
t 70 81 66 52 49 90 77 89 88 62 51 48
t 45 49 83 65 62 88 80 59 76 81 76 85
t 16 1 23 5 20 12 17 4 6 744 14 9
t 48 71 67 49 49 68 85 49 85 51 89 61
t 78 66 63 59 45 84 58 85 82 59 78 64
t 12 21 25 7 713 14 4 7 7 19 24 9
t 52 77 85 68 46 82 72 88 88 52 50 53
t 51 47 87 67 84 49 79 68 49 90 62 76
t 52 78 49 48 75 89 77 71 45 79 45 48
t 79 67 77 59 69 60 76 60 58 58 74 77
t 19 16 19 15 5 7 25 23 9 1 717 4
t 72 56 76 76 83 46 58 61 89 48 90 65
t 3 14 23 8 748 24 3 15 9 21 3 13
t 17 2 4 17 19 723 1 22 24 11 16 2
t 85 88 48 75 61 77 88 86 75 75 71 73
t 82 82 60 88 67 76 66 71 57 65 82 46
t 14 14 6 17 721 13 9 14 5 12 20 19
t 5 8 15 21 17 25 11 9 9 745 12 21
t 3 12 7 25 1 2 5 713 15 24 17 9
t 6 10 24 5 10 6 23 5 713 6 12 8
t 45 76 88 63 82 45 66 61 79 76 62 59
t 49 82 45 59 84 47 45 75 51 80 50 48
t 51 58 83 81 49 71 69 73 57 75 56 57
t 70 47 58 60 47 58 46 62 64 48 58 59
t 79 85 58 47 76 60 85 77 51 61 46 50
t 6 7 13 11 16 22 24 20 23 715 22 17
t 82 52 60 70 77 86 73 72 63 59 46 87
t 22 14 21 711 24 9 22 19 14 25 22 21
t 70 80 50 69 69 60 47 74 69 83 67 63
t 13 14 15 6 717 8 5 24 12 25 24 4
t 85 61 48 76 61 58 47 60 63 74 66 68
t 64 84 89 55 79 76 52 63 72 67 45 86
t 11 3 712 9 22 12 20 20 22 16 16 24
t 55 59 84 71 67 45 62 58 55 61 85 81
t 49 73 45 68 68 45 51 50 85 45 48 73
t 5 10 2 746 6 5 21 20 12 19 22 19
t 10 7 14 16 13 22 8 6 735 4 16 14
t 68 87 46 77 87 82 66 61 90 73 57 77
t 69 62 57 50 64 50 49 75 77 83 73 65
t 84 82 77 51 63 66 45 88 56 59 87 66
t 9 6 21 20 2 22 15 726 6 9 21 5
t 73 50 84 56 54 78 50 87 86 89 69 50
t 81 82 62 85 87 88 65 69 63 55 77 50
t 60 50 67 61 82 82 81 78 51 54 77 87
t 88 59 64 79 90 74 82 54 52 75 85 54
t 61 88 70 63 63 70 71 47 50 62 50 49
t 72 74 52 75 78 61 71 85 62 86 57 90
t 57 74 59 54 80 56 85 66 72 63 87 73
t 54 85 68 61 89 84 86 48 52 45 56 60
t 5 14 3 20 7 12 715 20 25 6 23 12
t 21 1 14 718 18 10 21 24 24 5 21 16
t 57 74 75 84 57 55 60 71 84 61 52 71
t 12 1 7 11 2 5 12 14 744 8 25 1
t 83 52 59 57 73 57 70 70 69 47 57 77
t 67 50 49 88 46 58 76 74 52 90 55 71
t 73 90 60 65 47 65 85 82 75 74 89 74
t 90 81 51 66 58 47 82 69 65 52 62 53
t 16 11 17 9 2 18 14 6 718 11 4 12
t 51 56 65 52 49 58 68 90 67 53 68 47
t 6 723 20 15 21 24 21 4 3 22 24 9
t 12 17 3 12 720 5 23 17 21 17 3 23
t 4 17 20 19 17 8 22 15 728 12 19 25
t 65 58 63 90 51 60 58 90 59 52 57 78
t 72 48 79 56 61 85 85 47 85 81 48 49
t 59 72 53 72 82 89 88 48 63 80 53 69
t 72 90 63 63 75 77 72 89 54 65 51 59
t 82 84 50 55 49 88 67 72 47 90 87 53
t 86 87 55 49 80 73 45 74 63 69 64 88
t 45 77 45 82 74 58 88 65 88 66 47 80
t 3 13 25 18 19 9 1 6 6 726 5 12
t 76 63 49 58 73 64 57 52 58 58 52 51
t 11 15 723 5 14 9 14 10 8 21 5 15
t 23 16 12 1 3 25 713 4 24 3 23 19
t 7 18 736 13 17 24 3 18 3 4 10 21
t 89 49 58 62 86 82 86 65 48 78 59 76
t 2 19 17 11 737 24 18 6 25 16 25 25
t 51 82 58 74 58 68 62 58 80 53 65 62
t 10 1 6 6 12 745 11 14 21 1 2 11
t 60 88 59 57 57 80 83 90 83 85 72 56
t 733 15 11 4 5 24 19 13 1 22 5 4
t 20 4 1 16 16 21 24 18 10 746 17 15
t 18 21 24 20 2 8 16 19 3 722 8 6
t 81 85 61 70 54 60 66 49 57 51 45 69
t 70 78 47 61 72 49 66 72 47 74 75 49
t 59 45 51 67 75 60 80 54 79 80 56 58
t 63 54 79 59 67 51 63 50 46 87 70 85
t 58 87 83 55 81 83 53 68 77 65 54 59
t 57 63 78 67 56 63 66 64 84 66 54 74
t 18 15 18 23 9 741 21 7 21 23 10 22
t 80 59 80 82 49 72 59 55 64 68 61 54
t 80 68 69 59 51 48 87 65 53 68 85 57
t 2 7 9 743 4 13 23 17 20 21 24 16
t 67 71 75 57 46 54 59 78 89 60 65 61
t 83 86 51 55 74 58 84 74 86 70 59 90
t 58 82 50 57 89 54 75 78 76 73 46 66
t 60 52 89 78 63 74 83 67 47 57 77 53
t 17 3 20 739 13 18 17 15 24 12 17 5
t 84 60 58 53 79 81 83 52 77 80 62 65
t 732 13 23 1 24 20 21 4 15 2 9 3
t 13 4 20 16 3 21 741 21 11 3 12 6
t 57 78 82 54 77 56 72 65 75 48 84 62
t 67 86 58 72 64 74 50 74 67 53 85 55
t 21 7 17 16 15 732 24 7 13 6 22 18
t 16 8 15 24 730 10 19 23 10 22 1 24
t 8 11 9 15 13 8 22 11 12 25 5 742
t 6 2 7 734 9 5 8 7 14 25 20 22
t 69 54 46 84 60 78 78 54 89 89 87 48
t 10 10 7 15 3 2 17 18 746 6 13 17
t 6 726 16 24 24 20 13 8 8 21 17 4
t 2 25 13 9 25 20 19 722 21 19 14 25
t 81 53 76 49 81 62 58 82 76 87 90 46
t 716 3 12 20 25 25 4 9 2 17 22 21
t 6 19 15 20 25 16 23 3 744 25 17 13
t 17 23 4 6 744 17 20 25 21 8 16 24
t 77 53 47 53 86 47 49 88 76 52 83 54
t 5 713 5 12 1 2 23 21 1 19 16 23
t 81 45 80 83 78 72 49 50 52 75 69 80
t 88 80 88 76 79 46 79 70 46 65 65 47
t 58 46 65 50 48 55 58 65 76 69 86 53
t 85 47 48 61 71 54 65 53 86 53 82 48
t 4 18 25 16 19 740 4 12 11 12 7 20
t 65 50 46 64 48 56 52 62 81 73 61 80
t 83 69 67 87 46 82 90 74 88 62 86 84
t 23 23 20 743 23 1 19 24 24 17 12 14
t 6 724 12 1 20 9 20 21 12 8 18 14
t 16 20 13 9 8 16 1 1 14 25 3 730
t 20 24 17 4 23 733 25 8 16 6 2 18
t 16 9 714 13 2 11 13 19 10 2 8 24
t 11 19 24 6 8 10 19 19 721 13 15 16
t 730 3 21 19 6 14 15 16 3 13 5 13
t 72 88 65 71 46 46 75 51 47 67 76 67
t 53 70 83 76 49 49 81 51 50 54 65 86
t 84 53 71 88 85 58 50 76 53 70 62 73
t 725 5 11 2 15 21 13 3 4 8 8 10
t 64 74 64 75 54 61 72 67 81 68 52 84
t 8 8 15 11 21 727 8 7 25 3 18 13
t 86 90 89 46 50 50 69 82 64 59 81 80
t 57 86 78 86 77 78 72 70 66 68 72 71
t 79 87 67 83 73 90 71 79 62 46 69 80
t 20 25 18 24 9 2 9 715 20 4 13 3
t 54 76 79 75 71 77 84 65 60 45 82 80
t 56 55 88 55 57 69 86 72 74 54 89 67
t 68 67 65 60 67 61 46 77 67 72 72 81
t 6 14 13 20 713 16 16 11 12 5 22 21
t 68 67 69 74 67 77 86 53 60 79 74 89
t 69 55 88 72 61 60 83 79 73 48 73 80
t 50 60 65 59 48 55 53 53 86 82 90 53
t 17 21 24 9 10 16 19 9 11 719 18 9
t 53 50 46 76 69 88 76 80 76 50 51 87
t 76 76 63 64 85 86 69 52 84 48 71 57
t 25 13 24 724 7 23 18 10 15 15 19 6
t 87 48 84 67 60 76 85 65 88 69 55 56
t 25 10 19 730 16 21 3 22 8 10 15 9
t 12 25 18 8 12 19 18 10 22 718 3 22
t 78 64 88 85 73 84 66 75 80 83 87 76
t 61 67 65 62 80 79 76 89 68 57 72 58
t 51 64 60 66 66 47 65 77 74 67 86 45
t 77 63 59 87 58 54 55 56 72 88 50 80
t 17 21 9 13 9 742 20 5 6 10 18 15
t 58 79 52 81 60 53 90 84 80 70 64 71
t 72 47 84 52 61 54 79 47 46 71 71 72
t 87 68 52 63 69 75 62 60 47 49 77 75
t 7 9 8 16 737 12 15 1 19 13 2 12
t 21 14 24 11 3 9 2 4 11 17 733 3
t 725 16 19 8 21 3 11 19 12 3 2 15
t 84 70 89 52 69 67 57 56 54 49 85 67
t 53 76 71 68 58 51 54 81 72 76 45 83
t 14 714 14 5 17 6 19 2 7 20 5 25
t 58 60 79 63 51 50 61 49 62 69 74 60
t 71 46 67 63 65 72 48 45 63 68 56 86
t 90 89 86 87 81 66 73 83 66 73 81 72
t 25 12 743 12 15 5 7 8 25 9 5 2
t 69 65 58 46 86 45 76 67 48 80 57 88
t 52 46 53 52 83 77 79 85 54 74 58 72
t 89 74 70 68 63 54 83 46 70 46 57 73
t 47 74 89 66 58 49 71 71 51 90 77 90
t 60 85 74 89 62 80 85 85 65 84 50 47
t 59 70 89 84 71 67 76 63 88 48 52 50
t 1 7 21 7 3 12 14 724 17 17 19 16
t 24 2 8 7 25 6 8 17 713 18 14 2
t 89 65 63 82 87 63 63 88 75 45 47 63
t 13 23 20 24 14 25 5 25 19 16 5 714
t 55 74 84 54 47 69 61 82 60 74 57 48
t 65 60 72 84 47 87 84 59 57 47 53 82
t 12 717 25 3 15 15 11 5 15 22 23 20
t 68 57 59 53 85 57 48 56 67 65 71 72
t 57 54 61 54 46 82 78 64 56 75 67 51
t 54 83 59 75 66 55 82 51 66 55 79 67
t 10 17 23 11 9 6 5 25 7 22 733 25
t 62 66 71 53 55 51 47 52 83 58 52 89
t 54 89 52 80 54 72 47 85 47 83 66 64
t 2 17 19 17 14 726 18 8 11 15 8 4
t 14 21 2 7 7 9 14 23 16 8 6 714
t 720 15 6 6 24 11 1 17 5 4 8 13
t 77 64 87 85 88 85 57 66 81 53 79 59
t 7 6 6 710 24 16 21 24 11 19 18 16
t 75 54 71 67 84 57 68 71 79 81 80 87
t 63 50 82 88 55 67 78 70 71 69 61 74
t 45 58 61 87 77 51 53 69 73 72 82 85
t 90 63 47 71 59 51 58 87 89 87 67 57
t 5 3 6 19 20 717 6 17 12 8 7 2
t 46 70 55 77 75 53 45 59 52 46 73 57
t 67 69 71 90 75 55 81 77 67 68 45 60
t 72 81 68 56 57 69 76 64 55 48 78 86
t 15 16 10 16 12 18 711 15 22 9 7 1
t 54 76 86 85 75 47 89 85 72 89 81 69
t 85 79 52 70 82 63 65 47 60 51 61 69
t 81 62 76 80 80 52 74 69 75 75 70 64
t 3 6 16 735 11 1 10 4 4 23 2 18
t 719 9 9 4 11 16 18 1 10 23 5 22
t 64 48 49 62 86 59 89 74 61 79 82 66
t 10 14 21 19 15 13 19 725 10 14 5 18
t 10 24 13 23 7 16 1 16 11 4 720 4
t 88 75 71 89 63 67 56 71 85 48 68 74
t 8 21 6 725 1 15 7 13 11 20 5 22
t 73 60 49 80 89 71 88 78 79 84 85 64
t 14 7 6 12 6 25 721 6 19 5 11 7
t 8 10 25 4 16 17 24 745 21 3 18 8
t 65 74 79 62 72 62 50 66 62 50 50 67
t 62 66 57 88 70 64 87 73 66 56 48 47
t 16 19 16 21 11 11 717 15 3 10 15 16
t 80 65 68 48 52 49 82 76 76 51 50 86
t 6 24 18 10 723 2 25 12 18 24 23 9
t 11 23 739 20 7 15 10 2 8 21 23 4
t 87 45 75 63 89 59 60 70 47 51 66 58
t 65 87 48 64 51 85 89 63 64 79 81 83
t 58 67 65 45 48 76 61 65 81 89 50 88
t 21 15 7 21 7 17 20 16 5 13 20 736
t 63 50 78 87 64 73 45 85 71 70 57 83
t 22 5 15 3 5 16 23 10 10 20 741 11
t 46 48 46 59 77 73 50 50 47 78 69 87
t 13 714 23 9 6 11 21 11 12 18 18 3
t 66 50 81 72 45 55 89 62 47 53 58 48
t 78 74 71 55 70 86 84 88 57 67 72 50
t 75 52 58 72 58 84 81 79 61 90 72 83
t 62 63 63 62 49 55 79 68 83 56 67 78
t 7 21 730 12 16 11 18 16 21 21 18 22
t 66 47 52 70 67 50 82 89 71 73 53 87
t 5 731 1 19 18 1 18 15 9 4 10 1
t 83 46 75 74 52 90 48 47 81 82 80 89
t 62 51 81 46 60 53 78 89 65 77 90 64
t 74 90 75 71 65 79 69 65 46 76 80 59
t 14 21 718 5 16 9 5 13 14 24 18 10
t 70 45 79 48 69 61 47 52 80 46 76 56
t 47 45 66 56 67 54 49 85 50 64 60 61
t 58 85 69 52 53 65 49 54 79 68 66 55
t 64 47 56 66 82 60 76 67 82 67 65 56
t 50 74 57 78 53 67 76 87 72 78 77 81
t 716 23 6 18 6 14 9 5 1 2 1 12
t 15 7 718 7 15 18 19 14 6 22 10 16
t 18 12 741 1 20 15 18 25 24 9 5 8
t 60 88 54 80 52 53 89 51 76 55 69 52
t 80 90 74 69 89 73 71 48 69 68 48 47
t 74 60 87 79 63 51 84 76 69 56 67 83
t 84 51 74 47 72 80 67 82 69 53 54 85
t 49 54 45 49 45 83 63 67 76 64 51 57
t 17 7 6 5 6 9 715 18 19 19 8 4
t 89 77 62 67 71 56 76 58 48 55 71 81
t 87 56 65 89 72 74 51 65 52 64 76 49
t 56 82 66 72 58 60 58 83 51 64 86 70
t 88 76 89 62 73 53 55 57 55 47 74 89
t 25 5 23 19 21 22 14 7 11 722 12 4
t 8 2 14 13 9 18 7 9 731 3 23 18
t 11 720 15 6 1 13 6 5 12 20 22 2
t 746 5 17 19 11 24 25 19 5 24 21 4
t 3 15 2 10 7 8 6 24 18 24 17 749
t 84 47 85 89 85 79 71 77 63 76 50 80
t 54 89 57 45 90 57 77 78 54 76 52 55
t 4 24 11 17 5 719 20 10 9 11 2 7
t 86 86 48 46 76 47 85 60 69 51 47 87
t 81 85 62 90 79 74 85 61 45 55 45 58
t 24 24 24 25 730 11 18 25 8 18 22 23
t 52 86 89 52 83 59 57 48 89 47 73 73
t 10 10 1 11 24 11 7 22 742 13 14 19
t 3 24 7 23 24 723 19 16 11 21 8 23
t 58 60 57 72 48 65 58 86 50 48 51 74
t 68 46 69 59 59 77 45 50 84 61 69 64
t 65 71 55 47 49 53 70 52 75 88 84 76
t 45 89 90 49 45 66 85 79 66 50 54 54
t 89 57 85 87 81 51 53 86 70 77 56 83
t 11 8 1 737 19 20 20 16 20 22 14 21
t 6 9 748 9 8 1 13 4 13 13 15 18
t 8 15 21 3 719 12 10 19 24 14 17 5
t 17 6 16 23 6 7 20 2 718 14 17 12
t 74 50 81 74 86 84 54 55 64 50 90 70
t 76 87 72 71 53 88 65 54 48 69 71 77
t 6 24 741 3 13 2 21 21 23 16 5 19
t 49 84 86 62 84 55 60 51 86 83 58 53
t 68 82 70 79 54 68 54 50 66 70 48 78
t 90 54 83 52 79 58 88 47 88 87 60 46
t 46 55 60 53 70 62 74 65 47 81 88 86
t 11 24 19 3 25 24 5 12 12 17 22 730
t 15 15 725 15 12 3 4 8 20 20 5 8
t 90 69 75 87 58 76 49 56 81 56 52 53
t 73 50 73 80 76 63 90 55 87 52 84 84
t 23 6 724 11 10 5 15 10 18 13 4 1
t 50 54 53 53 82 71 81 67 86 77 79 72
t 89 90 54 67 59 68 79 73 64 67 66 63
t 70 62 70 86 87 63 48 79 80 50 67 56
t 47 48 51 87 52 49 65 61 73 76 75 65
t 25 2 5 6 17 3 24 714 22 14 24 24
t 68 85 68 46 89 78 49 70 80 54 86 78
t 46 48 45 68 76 65 76 79 46 58 70 61
t 747 17 1 18 22 25 15 14 14 22 9 5
t 14 14 17 25 4 9 1 23 10 20 24 733
t 67 71 57 82 81 73 87 74 56 81 58 82
t 50 47 47 60 73 81 64 86 45 77 60 89
t 20 14 15 7 21 1 7 5 718 7 22 22
t 72 45 54 76 54 88 74 76 67 70 56 57
t 86 61 71 77 65 53 78 72 56 57 56 85
t 24 8 25 9 17 17 733 21 12 25 4 24
t 742 9 21 8 10 2 9 20 22 2 10 11
t 70 82 69 90 56 64 78 60 59 88 54 90
t 57 63 71 86 45 48 46 54 74 69 78 72
t 8 11 13 1 13 729 21 11 13 2 23 2
t 726 8 5 6 24 25 2 17 21 9 5 1
t 72 78 77 47 84 63 58 82 47 76 45 87
t 69 71 84 54 71 51 52 64 48 56 46 51
t 56 52 77 80 76 52 55 89 47 75 56 58
t 64 59 67 47 75 80 63 61 78 48 59 63
t 88 46 83 78 61 63 88 88 79 48 53 66
t 9 22 16 17 1 21 18 16 6 25 22 720
t 81 84 77 61 45 90 60 75 57 76 87 76
t 23 10 8 16 4 13 729 7 15 9 10 1
t 78 48 68 70 48 72 89 57 60 82 83 56
t 45 81 54 89 59 80 69 62 45 81 74 47
t 77 80 81 71 90 58 69 76 87 55 48 65
t 5 20 13 21 1 746 25 14 8 23 2 23
t 62 86 61 62 87 61 89 51 53 71 75 88
t 86 55 53 58 61 61 85 57 79 90 46 63
t 46 81 78 64 54 48 85 55 86 72 75 53
t 11 3 1 25 6 8 12 6 6 15 720 3
t 21 7 20 4 25 25 21 738 13 1 15 8
t 61 60 64 88 57 84 89 57 63 61 82 45
t 4 7 24 1 728 8 13 19 21 14 6 24
t 53 71 50 57 53 70 59 81 73 61 75 56
t 86 46 56 49 90 78 66 79 65 73 83 47
t 18 1 8 5 25 6 2 21 6 744 6 6
t 48 48 84 85 53 87 60 64 87 46 59 90
t 23 9 1 9 11 16 16 9 21 25 749 2
t 45 68 86 57 47 80 63 88 68 55 54 65
t 711 2 4 12 24 19 10 25 21 23 20 24
t 90 60 70 45 82 70 87 56 72 62 72 51
t 84 82 55 67 47 55 45 80 87 60 66 73
t 10 1 746 25 5 8 22 6 6 3 24 6
t 79 72 61 68 79 89 56 47 58 72 64 85
t 10 24 14 16 17 12 18 16 743 6 22 8
t 72 69 74 73 52 46 59 72 55 75 58 77
t 75 79 68 46 80 90 82 60 47 65 72 84
t 1 735 14 21 22 12 8 21 22 3 25 21
t 88 86 50 56 90 61 51 90 66 66 47 61
t 60 83 53 64 84 47 75 78 65 84 55 88
t 24 11 731 3 18 11 18 21 9 22 16 14
t 71 52 57 73 67 50 88 55 59 60 45 76
t 46 82 89 74 76 90 90 72 82 62 83 68
t 50 87 46 90 53 60 74 54 58 53 55 58
t 52 54 64 88 46 78 50 84 80 48 70 50
t 89 90 82 78 71 58 58 55 88 62 79 86
t 83 53 75 75 45 47 80 70 55 56 82 72
t 17 10 16 2 743 15 4 18 2 11 6 13
t 72 56 59 88 61 75 67 85 81 90 47 83
t 62 79 80 46 47 58 85 71 89 63 79 74
t 23 2 6 3 16 732 16 5 14 7 17 14
t 85 87 89 50 75 89 88 89 85 48 62 85
t 3 23 20 18 19 2 14 2 739 23 25 21
t 24 16 22 22 2 1 13 8 9 11 19 741
t 6 7 21 8 20 724 11 14 19 11 25 24
t 71 69 81 81 88 60 88 62 90 88 74 78
t 77 65 82 66 87 60 62 51 88 59 59 74
t 5 24 20 1 11 25 20 5 24 725 10 16
t 4 24 14 11 20 6 716 13 23 9 2 4
t 47 85 76 87 47 62 79 68 60 60 86 63
t 14 10 21 1 12 20 713 20 3 11 6 11
t 9 9 722 10 25 19 18 17 17 13 17 1
t 719 23 15 23 15 21 11 1 14 6 12 16
t 72 61 63 74 69 56 45 80 68 69 73 88
t 3 16 21 21 11 4 11 1 746 15 19 1
t 48 79 68 58 85 88 76 69 57 70 67 79
t 77 64 76 89 53 71 89 47 81 78 79 52
t 25 15 21 711 2 14 12 6 9 19 16 20
t 11 20 710 6 10 9 16 6 15 14 25 22
t 11 8 3 740 25 25 9 19 8 21 6 13
t 4 4 737 10 13 12 4 17 6 16 10 17
t 87 59 86 67 83 59 56 77 77 69 61 61
t 81 58 84 76 69 52 58 48 86 88 52 56
t 65 65 47 55 87 88 77 55 54 81 52 84
t 56 72 60 62 79 85 50 62 77 48 69 45
t 88 75 78 84 83 77 83 70 77 83 78 76
t 59 54 87 61 86 54 58 71 89 49 71 60
t 25 2 19 25 25 19 1 22 22 4 14 740
t 70 66 61 64 82 81 69 71 54 83 66 80
t 1 25 25 19 22 740 21 10 24 3 11 20
t 68 88 49 60 59 66 67 56 49 80 53 45
t 1 4 12 7 746 10 13 6 25 15 9 4
t 48 47 45 61 66 45 88 48 60 49 80 70
t 72 67 47 45 67 51 70 69 45 83 63 85
t 70 80 87 50 54 56 52 76 73 58 72 51
t 61 70 57 68 76 75 77 56 89 70 76 59
t 73 57 63 53 65 59 76 59 64 67 68 67
t 9 738 13 22 16 6 24 7 22 5 3 15
t 8 8 3 17 1 21 20 743 16 23 6 24
t 6 14 22 17 4 17 16 12 13 17 749 16
t 66 45 69 68 75 84 58 70 71 46 88 74
t 90 48 52 50 57 69 75 78 64 87 63 67
t 69 70 82 51 55 78 61 89 53 76 68 73
t 63 89 88 59 72 45 70 73 59 86 79 72
t 82 87 56 56 82 51 78 45 48 52 61 58
t 48 61 55 81 52 86 60 88 47 52 86 88
t 6 23 11 11 5 712 12 21 14 4 18 4
t 76 66 70 89 86 58 73 54 88 58 81 56
t 73 64 88 76 64 69 55 76 66 49 51 48
t 17 19 11 4 10 15 15 718 21 23 16 10
t 58 48 49 58 64 67 67 90 63 62 49 85
t 88 78 84 61 61 68 81 63 55 75 70 69
t 74 90 71 62 66 48 85 46 86 88 74 74
t 89 56 85 83 55 63 84 49 64 53 76 46
t 88 48 57 84 59 86 65 62 60 82 74 68
t 1 11 23 8 3 21 13 4 22 19 3 714
t 12 1 25 13 13 732 3 10 14 15 19 9
t 1 13 21 8 22 5 18 13 4 6 2 721
t 11 9 11 23 9 10 5 2 10 25 713 22
t 5 10 16 9 1 10 5 7 18 724 14 14
t 20 7 19 5 19 13 12 8 15 21 720 11
t 6 3 6 3 9 23 3 16 8 9 710 22
t 65 60 81 89 47 80 68 88 53 76 71 49
t 13 5 12 732 21 8 2 3 20 24 25 16
t 17 8 15 8 20 25 2 2 727 1 23 9
t 66 48 65 90 54 64 75 74 82 49 49 54
t 14 18 1 711 13 8 7 11 11 5 24 12
t 5 20 17 1 2 12 21 720 5 20 2 15
t 19 11 13 9 15 14 13 10 13 8 19 738
t 54 61 84 68 59 75 64 53 50 69 79 48
t 58 51 62 85 45 66 77 84 78 76 53 54
t 732 2 4 14 23 5 19 10 15 17 21 22
t 5 18 13 23 13 5 18 16 19 725 2 19
t 82 56 70 82 76 85 77 78 51 51 85 80
t 47 61 69 87 87 87 80 85 53 64 77 47
t 1 6 4 1 4 15 22 4 23 3 735 21
t 67 83 68 72 78 85 51 62 48 88 72 76
t 15 1 21 22 24 743 24 25 19 13 10 24
t 8 16 3 733 7 1 16 16 11 21 1 5
t 11 5 1 22 25 14 9 13 713 18 17 17
t 6 8 22 12 4 8 8 12 726 1 13 17
t 68 67 72 85 67 56 60 81 86 85 73 50
t 4 727 12 17 9 21 25 22 16 13 6 21
t 72 82 85 69 70 75 45 55 61 85 90 50
t 13 4 9 4 21 25 14 16 14 722 25 13
t 22 18 22 5 720 19 4 1 14 20 16 20
t 717 20 16 18 6 23 1 22 1 16 11 10
t 89 52 60 79 68 62 71 70 69 53 73 71
t 12 729 7 19 2 6 13 12 10 22 20 13
t 83 72 47 77 69 84 64 45 72 51 87 69
t 49 45 84 90 56 75 46 65 47 59 79 72
t 46 46 83 69 62 65 79 70 50 49 46 59
t 61 52 55 45 56 59 50 50 89 79 57 78
t 4 24 721 3 4 21 19 6 8 16 5 2
t 16 10 20 11 17 8 1 13 19 9 7 719
t 22 10 9 22 11 23 1 1 7 725 25 9
t 17 20 13 741 21 19 14 19 24 24 2 13
t 11 6 22 1 5 17 3 9 12 17 4 739
t 64 48 88 83 48 48 85 88 67 84 80 53
t 24 10 9 23 24 12 3 721 20 5 4 5
t 19 16 9 23 17 14 8 17 736 17 20 13
t 85 52 63 59 55 52 62 58 60 55 82 58
t 47 61 57 49 76 70 47 48 80 50 51 88
t 15 3 738 10 22 22 24 21 18 5 3 21
t 47 80 52 76 81 54 48 67 50 48 65 63
t 4 23 5 24 23 741 15 22 9 4 3 5
t 4 14 12 8 8 14 20 8 7 5 16 747
t 71 74 49 77 61 84 62 72 73 59 81 87
t 24 10 15 8 725 24 10 17 8 22 20 19
t 77 50 53 63 84 58 73 90 73 69 68 69
t 60 71 85 79 56 56 58 68 68 89 88 90
t 53 79 58 71 79 45 89 67 48 53 47 73
t 2 12 5 4 10 25 715 2 1 8 9 4
t 68 54 70 76 75 74 68 78 61 61 66 63
t 18 17 2 17 11 749 3 7 10 5 20 14
t 83 51 62 54 77 66 65 54 57 71 89 47
t 6 16 1 1 23 18 25 749 13 11 6 7
t 22 731 12 14 15 16 17 13 23 18 9 24
t 48 46 48 79 67 65 82 71 55 64 59 51
t 4 22 16 5 713 13 6 19 20 8 24 3
t 47 57 74 87 53 51 88 54 84 50 81 78
t 46 67 78 65 66 82 55 67 63 80 80 60
t 78 70 67 69 65 55 48 51 81 84 87 81
t 25 19 8 2 2 5 728 24 23 3 20 3
t 56 67 66 64 85 73 48 69 73 70 54 46
t 81 82 67 51 79 52 75 68 81 80 89 83
t 87 61 70 48 77 83 77 55 55 70 90 47
t 66 62 76 68 46 65 55 88 46 66 59 72
t 5 2 8 17 2 15 2 718 1 21 10 23
t 81 89 54 46 67 82 88 85 84 54 86 48
t 17 8 21 10 16 16 17 727 6 2 3 16
t 21 5 10 7 713 18 10 14 17 14 4 4
t 18 6 24 24 23 1 724 9 15 7 15 6
t 52 71 58 66 72 88 86 83 46 60 69 70
t 67 46 67 76 68 81 64 60 79 77 75 85
t 57 49 77 52 52 58 47 60 57 86 78 78
t 726 12 11 3 9 16 22 6 25 7 17 2
t 67 67 47 85 70 81 50 59 70 70 77 70
t 68 56 71 65 46 60 62 63 46 52 89 85
t 49 75 88 54 55 83 62 61 48 63 80 56
t 78 63 53 83 90 84 52 87 81 48 70 59
t 6 6 5 8 16 23 747 5 25 25 10 4
t 51 59 84 59 85 79 76 53 72 75 61 71
t 73 63 77 70 90 84 89 60 74 51 59 81
t 59 80 71 58 62 50 74 75 82 51 65 70
t 20 723 3 4 25 10 9 25 8 14 19 20
t 714 23 15 24 23 16 18 23 6 25 16 7
t 90 51 63 45 70 84 88 50 57 51 77 62
t 61 72 49 54 88 73 87 85 52 86 54 61
t 45 73 79 76 83 84 82 50 80 67 47 74
t 19 10 6 9 723 1 17 17 10 6 23 15
t 55 59 59 78 59 61 80 69 55 82 62 81
t 52 59 67 76 59 82 57 62 54 48 79 87
t 2 23 13 732 5 20 9 13 20 19 17 9
t 65 78 81 63 86 76 47 90 67 48 89 58
t 70 85 66 77 76 62 87 58 77 81 75 53
t 82 76 69 65 78 58 63 78 61 79 49 85
t 20 24 5 732 4 6 21 19 5 17 3 12
t 14 5 2 9 17 10 13 21 11 733 21 25
t 22 21 14 14 1 4 9 711 11 11 22 14
t 83 83 59 77 81 47 55 64 60 74 45 78
t 11 6 3 728 15 16 22 14 9 7 18 8
t 58 69 47 64 48 80 74 63 50 64 76 64
t 68 66 69 72 65 70 71 46 73 70 49 74
t 2 20 9 18 3 15 21 10 711 22 7 21
t 74 62 81 84 57 57 72 79 70 69 77 83
t 83 63 58 61 56 74 47 50 87 53 62 71
t 66 86 79 58 53 71 81 81 76 79 47 55
t 22 11 8 11 8 12 2 712 23 11 5 2
t 51 63 49 61 68 81 45 87 60 74 66 73
t 10 5 21 2 12 23 8 711 15 21 2 14
t 87 72 46 52 60 85 74 81 60 71 58 57
t 80 46 45 67 76 86 53 53 85 68 86 81
t 74 75 81 58 65 57 72 79 81 47 51 72
t 45 60 58 45 50 53 70 89 87 90 45 57
t 749 4 3 13 6 4 1 18 23 3 9 14
t 717 24 11 20 23 18 25 22 7 6 11 15
t 81 59 65 53 56 89 75 51 69 87 64 53
t 69 84 62 52 65 60 48 69 90 59 54 51
t 65 89 72 61 78 50 82 77 63 46 84 85
t 6 16 1 22 748 10 9 10 23 14 10 24
t 81 58 83 49 53 68 74 78 62 78 55 48
t 65 55 48 59 76 55 71 54 82 82 60 61
t 54 88 49 45 85 50 49 81 55 78 51 88
t 58 62 83 78 81 54 90 48 51 84 65 67
t 69 59 67 48 78 50 62 49 57 56 62 48
t 4 6 15 11 9 4 725 1 11 24 5 9
t 17 1 23 18 15 722 2 18 5 20 4 4
t 21 20 25 20 7 19 13 717 11 7 15 12
t 19 6 7 16 24 13 3 4 8 13 14 743
t 23 6 3 22 9 18 738 23 16 21 6 13
t 79 84 75 62 45 54 77 61 78 76 66 86
t 13 17 4 11 720 20 4 20 13 10 23 11
t 67 57 57 56 61 57 55 73 84 46 88 53
t 11 17 16 25 11 19 25 11 719 8 7 12
t 60 85 45 83 72 53 50 47 65 58 47 90
t 5 18 734 14 12 22 20 6 22 18 10 19
t 46 66 54 63 46 83 53 81 45 63 88 46
t 64 60 76 77 86 68 56 84 48 90 72 89
t 5 6 7 8 24 19 7 2 1 742 15 8
t 19 2 4 13 18 12 17 720 9 3 23 21
t 6 5 17 18 9 17 7 7 721 20 20 23
t 79 81 83 82 69 46 63 66 66 55 74 51
mb
t 79 45 58 50 79 65 64 71 78 55 66 74
t 60 77 80 83 60 63 69 60 70 66 53 86
t 87 73 61 87 51 46 74 79 46 56 70 80
t 13 22 15 23 20 5 11 14 23 734 19 5
t 54 78 63 59 47 73 53 49 59 57 67 80
t 82 89 47 63 88 78 54 79 82 49 73 68
t 51 87 87 61 49 81 81 51 81 81 51 87
t 78 57 75 61 53 89 81 57 87 63 52 51
t 86 71 71 87 49 47 90 76 78 49 58 71
t 60 46 51 73 62 78 87 82 81 70 76 60
t 83 67 86 59 69 74 60 46 87 66 90 68
t 88 57 80 89 78 80 82 58 76 46 50 72
t 64 90 71 57 67 51 79 68 53 85 80 75
t 58 57 50 72 77 77 48 68 66 48 73 67
t 14 22 10 25 8 725 25 17 7 12 8 24
t 72 88 81 66 69 63 77 73 51 45 68 75
t 67 52 56 74 67 53 79 65 68 47 58 90
t 6 21 25 11 742 23 5 17 5 12 11 20
t 20 7 9 7 25 14 13 2 749 15 8 7
t 55 70 51 69 63 81 78 47 61 53 49 89
t 85 72 79 73 83 77 78 78 71 88 88 70
t 73 90 66 77 59 56 76 70 80 52 54 82
t 45 51 56 78 51 58 90 73 54 88 75 53
t 48 59 87 53 45 54 87 50 50 59 70 83
t 53 81 90 69 55 60 83 65 46 68 82 54
t 10 15 15 4 721 2 13 17 20 18 24 12
t 4 17 7 714 9 3 25 17 23 11 21 16
t 58 72 64 61 71 65 71 56 85 76 85 52
t 5 20 11 2 10 19 25 25 24 713 19 7
t 45 70 76 67 80 88 84 60 90 69 89 46
t 59 86 59 50 60 72 65 62 55 46 88 63
t 61 60 53 54 61 81 82 75 76 85 52 70
t 47 59 90 89 74 61 88 72 50 78 50 85
t 63 61 51 83 63 52 65 56 88 74 67 47
t 74 77 79 49 63 50 46 49 80 83 83 83
t 89 82 73 48 77 73 83 46 68 76 73 53
t 710 23 7 12 8 5 24 15 18 17 11 15
t 22 25 23 22 22 14 18 6 14 9 747 3
t 21 7 716 23 16 19 5 12 3 5 8 18
t 18 9 1 6 728 2 16 9 11 14 4 21
t 15 12 11 19 20 11 726 11 9 6 8 11
t 86 73 63 73 88 55 73 45 55 72 78 89
t 74 52 64 84 51 58 61 63 80 60 49 78
t 5 748 23 20 12 25 7 7 7 25 18 9
t 19 21 17 17 724 3 13 3 13 6 23 4
t 71 56 76 71 60 82 78 84 69 74 77 68
t 1 7 17 24 11 13 11 724 24 21 19 3
t 16 16 6 11 21 13 8 11 15 716 18 16
t 68 77 74 52 86 76 52 55 78 75 63 45
t 79 81 53 81 46 51 59 56 71 47 81 68
t 58 65 53 90 87 51 71 81 51 54 90 59
t 65 47 87 47 58 66 55 50 66 69 63 47
t 25 1 14 24 17 9 7 7 733 7 2 19
t 14 6 5 24 8 19 23 20 13 16 727 3
t 71 88 73 84 64 51 79 49 90 84 70 63
t 64 45 90 81 76 65 61 61 45 86 53 59
t 23 18 21 11 18 4 17 1 15 17 25 718
t 80 77 53 46 49 64 88 78 46 78 56 52
t 49 57 51 50 85 55 58 73 61 46 85 57
t 53 65 88 79 48 76 75 89 82 52 45 68
t 59 69 59 50 86 79 54 49 51 59 67 46
t 717 21 24 4 25 23 21 4 20 19 14 2
t 3 19 24 11 1 738 7 20 1 8 15 7
t 46 64 82 46 77 47 83 53 70 83 51 87
t 75 87 62 58 59 86 73 70 75 65 87 56
t 46 58 61 59 48 69 53 82 67 50 90 45
t 73 84 55 46 86 70 57 80 62 62 74 75
t 5 719 2 4 13 15 1 3 19 17 4 22
t 61 55 58 90 80 74 87 49 65 60 69 63
t 48 83 55 83 50 48 60 55 71 64 67 54
t 81 74 51 70 56 85 78 62 51 53 67 81
t 22 8 1 15 718 5 23 21 21 20 18 14
t 20 11 23 23 11 7 24 9 16 5 746 6
t 56 51 49 67 69 80 60 54 75 72 70 85
t 75 55 66 68 79 79 76 80 66 59 51 66
t 84 68 65 64 62 53 65 50 62 56 62 83
t 89 83 61 58 59 49 89 76 61 73 61 62
t 5 6 24 18 10 19 21 21 746 8 21 21
t 81 57 78 63 53 70 70 71 81 67 58 54
t 19 747 6 7 14 10 18 23 18 25 8 19
t 11 21 19 11 2 9 2 13 8 20 723 12
t 61 67 56 78 48 57 84 77 72 56 86 55
t 2 6 3 9 8 5 7 10 18 7 714 11
t 84 89 86 70 90 90 90 47 54 64 48 75
t 1 11 14 4 8 17 718 9 19 4 4 21
t 46 80 83 58 89 72 83 67 46 48 54 72
t 16 731 12 10 9 17 6 14 5 12 11 10
t 6 7 5 1 15 719 8 20 16 7 21 1
t 86 47 50 79 61 51 79 79 56 85 86 59
t 63 51 56 48 77 74 77 53 61 54 49 68
t 16 7 25 3 12 732 3 2 10 25 5 15
t 9 21 18 7 11 4 19 18 18 4 737 11
t 74 50 45 48 76 78 58 56 60 86 73 66
t 73 46 50 68 72 58 86 56 66 63 53 86
t 11 14 19 22 5 14 17 22 20 5 715 9
t 82 79 69 66 54 51 46 64 87 85 63 52
t 66 76 61 75 76 86 87 60 59 83 59 58
t 54 45 87 75 51 85 78 90 51 84 79 63
t 69 66 51 71 88 63 89 57 55 50 82 80
t 68 71 60 67 69 86 69 46 61 50 77 69
t 86 72 74 55 83 49 73 45 69 49 46 45
t 24 9 8 20 20 2 23 718 19 11 11 2
t 72 53 88 80 77 57 49 51 68 47 74 70
t 720 13 13 15 12 5 7 3 7 3 14 6
t 57 81 76 53 88 74 66 71 87 49 66 86
t 15 720 13 2 15 19 11 20 3 15 18 1
t 5 14 14 22 17 12 742 6 18 25 19 7
t 20 14 13 10 20 15 2 16 19 711 11 14
t 24 14 5 7 21 24 15 8 4 25 742 13
t 5 25 16 21 22 2 8 723 3 10 22 20
t 64 68 56 88 54 74 83 52 81 78 48 75
t 20 14 18 11 15 721 20 18 3 12 15 6
t 1 19 23 25 745 16 5 16 21 6 22 19
t 54 50 54 85 81 55 75 59 51 88 73 61
t 73 65 64 84 61 53 63 75 49 58 64 58
t 86 82 56 63 60 64 78 90 88 48 47 70
t 72 59 58 54 54 75 74 48 70 61 76 87
t 24 16 716 5 16 14 15 18 10 7 10 12
t 52 88 68 67 48 47 88 78 55 66 68 71
t 5 13 5 13 8 10 729 4 16 1 6 7
t 21 8 3 1 6 17 12 1 725 19 21 15
t 46 69 54 48 79 63 66 71 82 65 85 67
t 19 16 24 20 2 11 731 11 17 2 1 3
t 70 79 79 57 63 60 52 55 83 59 80 55
t 53 75 48 51 60 45 60 74 49 46 83 45
t 53 81 79 71 86 66 59 59 59 88 89 58
t 5 24 11 9 12 747 7 7 24 2 4 7
t 77 66 78 61 65 87 70 80 86 83 48 82
t 47 89 48 51 71 47 50 75 59 57 51 47
t 21 10 21 7 727 17 6 20 20 1 24 17
t 10 22 8 10 20 23 3 15 10 720 4 10
t 14 16 11 2 7 22 14 10 4 737 12 2
t 19 17 4 6 12 19 9 3 741 4 9 12
t 58 45 54 58 76 88 70 59 62 53 62 68
t 11 15 13 9 17 18 713 10 20 23 18 21
t 84 85 65 66 75 72 64 89 56 62 70 79
t 25 1 3 14 14 7 23 18 19 17 736 8
t 61 81 55 46 59 58 70 59 59 52 75 73
t 83 72 51 68 74 45 54 86 51 87 72 82
t 45 87 45 53 70 73 48 81 68 54 64 57
t 80 62 62 53 75 53 48 75 51 46 90 56
t 51 80 90 52 57 86 69 65 50 62 59 50
t 64 77 89 51 85 75 90 50 65 64 81 53
t 7 727 2 10 4 23 10 13 12 3 6 9
t 80 66 90 64 59 80 50 81 63 56 48 51
t 46 87 66 46 58 80 48 61 68 69 85 72
t 69 66 75 56 70 45 81 76 83 76 82 50
t 67 49 51 79 49 69 80 88 63 55 82 48
t 23 14 21 9 729 3 16 25 1 21 11 22
t 63 45 86 63 82 49 66 73 77 59 88 77
t 90 87 51 62 70 80 79 46 61 88 46 76
t 65 83 53 84 65 69 65 83 49 70 64 90
t 49 66 83 59 73 57 53 75 79 69 60 58
t 3 8 1 17 10 25 21 22 2 714 18 10
t 58 90 81 60 85 72 88 75 90 90 58 72
t 47 90 70 47 54 63 84 51 58 75 80 70
t 71 70 74 83 68 45 71 79 57 59 74 50
t 49 64 47 67 45 45 76 59 65 73 73 87
t 76 70 90 51 89 46 64 61 63 64 45 68
t 45 79 74 48 83 82 83 73 76 53 50 78
t 55 50 90 80 82 90 59 46 89 73 71 52
t 77 60 76 82 51 46 73 63 75 67 82 46
t 16 3 18 25 12 6 24 6 735 1 21 9
t 20 15 19 25 20 729 13 19 16 23 22 3
t 85 58 65 55 65 52 68 63 45 56 54 56
t 46 66 60 48 83 82 75 88 62 82 90 55
t 77 90 49 56 79 48 73 81 85 67 50 77
t 731 4 7 21 24 3 10 2 19 2 11 25
t 85 46 68 52 86 89 45 69 81 51 58 88
t 82 75 51 73 90 79 47 48 87 52 56 72
t 88 89 69 52 75 80 86 62 67 73 68 77
t 62 51 75 54 90 46 58 62 74 73 64 47
t 21 743 1 5 3 20 1 4 18 3 16 11
t 745 18 17 7 14 24 23 19 23 2 21 18
t 63 84 89 71 63 80 46 65 83 63 88 90
t 89 56 61 61 62 53 64 60 49 53 84 78
t 51 57 58 74 53 90 85 52 65 86 80 49
t 11 1 714 13 24 2 16 4 14 9 7 7
t 76 59 51 87 68 68 60 87 49 64 73 68
t 12 21 13 7 2 736 18 16 5 16 17 18
t 712 3 25 14 3 9 17 8 3 22 7 15
t 56 46 49 81 71 86 56 53 87 57 47 76
t 75 60 69 65 69 46 46 85 67 62 76 80
t 14 9 718 25 4 23 10 21 20 8 21 16
t 81 82 54 79 52 78 79 78 87 61 77 67
t 6 3 6 736 15 5 7 11 23 13 16 10
t 77 64 90 77 66 90 86 72 70 74 63 58
t 1 9 25 12 8 6 17 11 11 24 728 10
t 46 51 65 62 60 54 54 60 89 65 61 58
t 25 9 17 2 5 735 21 14 25 3 20 10
t 6 14 20 745 13 10 9 5 21 18 16 13
t 67 72 54 69 67 83 60 51 80 88 58 55
t 90 56 78 57 52 63 72 45 61 86 77 70
t 3 23 740 14 13 16 20 18 7 21 12 17
t 21 2 9 24 7 23 12 5 722 3 11 9
t 54 53 74 79 55 51 77 52 50 54 63 56
t 13 12 21 20 17 8 16 17 25 23 743 7
t 78 79 54 61 72 60 74 85 57 45 51 51
t 18 9 15 17 11 18 734 17 3 11 4 6
t 89 88 90 45 83 50 80 63 50 48 46 63
t 16 722 5 18 9 16 7 23 7 10 14 16
t 78 47 57 64 68 69 74 88 50 81 45 55
t 24 22 8 16 16 11 722 14 13 19 5 2
t 8 20 22 4 17 20 18 21 2 18 12 720
t 78 51 78 47 80 47 85 70 81 72 56 54
t 79 77 71 87 88 50 83 54 47 71 87 67
t 47 57 61 54 77 68 68 75 48 86 64 52
t 83 52 72 86 84 63 72 70 70 60 63 88
t 25 727 18 6 8 6 1 25 2 15 2 14
t 19 18 13 18 17 14 1 21 739 6 3 6
t 15 5 22 3 14 19 22 11 6 720 21 20
t 68 64 49 60 74 86 59 83 87 65 87 53
t 3 19 1 24 23 22 19 8 18 5 20 718
t 7 3 8 9 737 22 24 2 8 25 19 2
t 23 5 734 24 10 20 17 14 1 9 8 11
t 76 80 72 90 73 47 90 72 56 61 51 89
t 88 77 52 45 68 52 48 62 45 72 73 86
t 3 4 20 2 6 724 21 2 22 11 18 3
t 76 86 47 89 52 67 87 66 46 54 89 90
t 76 69 80 57 69 61 71 80 52 68 53 88
t 46 68 79 81 47 46 81 65 78 65 47 61
t 81 88 66 72 49 85 49 82 58 80 72 73
t 1 14 20 20 20 16 746 25 7 18 22 9
t 22 8 25 11 5 5 9 17 720 6 15 1
t 80 48 61 55 72 79 78 60 86 52 54 57
t 61 48 76 89 52 84 50 86 80 81 67 87
t 64 57 50 45 82 79 60 57 82 79 58 90
t 13 15 16 16 7 16 24 11 20 19 9 716
t 46 88 46 60 64 65 56 60 89 75 66 54
t 90 82 65 87 77 82 49 65 73 62 68 90
t 79 72 55 52 84 47 82 57 81 69 64 82
t 84 53 73 76 73 60 83 82 63 87 46 87
t 65 60 63 72 89 78 47 48 72 45 57 49
t 48 65 46 49 69 48 88 52 60 50 89 46
t 715 18 8 8 8 16 5 3 7 7 15 13
t 1 24 22 1 3 1 20 719 16 7 9 8
t 65 50 63 49 53 64 66 83 48 55 83 77
t 84 87 75 82 69 74 82 54 52 81 74 56
t 55 72 57 71 72 73 59 62 68 68 84 60
t 89 84 45 73 47 80 62 90 60 86 61 69
t 67 74 89 45 69 57 77 61 60 51 69 56
t 22 738 9 2 4 4 17 1 18 11 21 1
t 1 744 19 15 19 4 17 20 11 22 16 15
t 87 52 73 53 86 77 50 55 47 62 52 54
t 60 76 83 67 83 88 49 69 73 84 68 46
t 4 24 6 714 9 22 10 8 14 1 10 9
t 62 83 55 79 87 63 71 65 47 61 55 47
t 11 15 721 16 20 4 25 18 5 15 21 24
t 56 78 56 79 60 88 47 53 84 80 78 58
t 47 84 65 47 58 67 62 64 83 53 65 62
t 21 712 6 21 25 16 6 9 6 19 3 19
t 2 21 17 6 23 15 7 743 8 17 19 20
t 56 61 84 49 88 85 51 63 82 76 80 52
t 74 51 68 49 87 88 46 87 58 58 83 88
t 81 67 90 75 53 55 57 77 77 85 61 54
t 23 16 17 8 730 21 20 8 11 12 5 8
t 56 68 88 46 67 64 77 46 80 75 48 75
t 81 61 74 90 63 49 58 56 89 89 63 84
t 12 24 1 747 4 6 10 5 14 5 17 10
t 5 24 19 14 12 17 14 19 9 18 15 736
t 82 87 86 90 86 66 59 84 52 64 90 54
t 7 6 3 7 14 16 14 720 3 5 11 25
t 18 22 19 4 4 24 6 11 2 8 716 5
t 68 67 60 47 90 64 45 74 71 54 76 49
t 83 60 90 76 74 49 62 89 65 73 51 67
t 69 74 53 78 69 47 86 53 59 49 89 58
t 80 56 79 81 77 64 77 54 89 61 77 88
t 83 47 72 56 50 66 75 67 59 73 88 57
t 54 61 68 80 89 78 47 53 54 49 82 57
t 21 5 15 12 11 24 10 7 6 9 7 712
t 4 20 17 18 19 13 21 16 5 20 19 719
t 3 17 9 9 25 11 713 11 20 15 19 12
t 68 60 69 48 57 84 88 75 47 61 84 82
t 58 52 68 90 89 66 46 85 90 90 68 70
t 65 51 78 51 81 58 51 70 52 58 49 53
t 90 84 71 72 47 46 55 80 89 76 50 48
t 86 75 82 56 79 74 45 64 89 48 61 79
t 63 81 62 55 88 50 85 78 85 65 71 60
t 25 11 18 5 9 731 23 6 5 11 14 8
t 64 58 89 86 89 58 52 64 81 51 55 82
t 57 62 50 48 84 66 56 90 80 69 60 47
t 18 18 16 1 12 20 23 747 8 13 12 12
t 54 58 69 74 82 53 63 84 85 59 56 75
t 69 63 74 53 90 51 50 84 76 64 65 72
t 69 54 53 88 45 46 87 63 87 67 78 61
t 21 6 14 21 14 7 17 4 20 722 9 5
t 24 16 714 1 10 1 4 12 20 15 25 2
t 4 724 23 13 22 3 20 18 15 8 17 3
t 81 48 90 72 74 59 83 76 52 55 89 61
t 90 84 66 54 58 56 71 76 65 84 65 81
t 52 58 71 64 87 79 82 74 47 53 89 59
t 7 24 14 23 15 8 11 20 17 3 12 743
t 88 60 84 65 89 81 88 52 78 75 49 88
t 74 47 72 83 86 56 69 74 84 46 84 80
t 13 11 8 2 19 13 23 747 3 20 3 11
t 57 63 79 72 67 59 54 89 55 57 52 80
t 71 87 84 55 53 64 50 54 50 45 73 68
t 732 5 18 5 23 22 5 15 14 8 8 11
t 20 16 21 24 19 23 3 24 24 24 732 8
t 67 72 57 89 67 83 51 63 60 87 54 54
t 61 77 66 63 49 76 76 83 56 76 80 47
t 4 712 13 18 23 10 1 17 18 25 19 24
t 11 12 25 10 21 22 16 4 14 15 9 745
t 23 17 731 16 13 6 12 16 2 1 10 13
t 89 68 55 65 74 52 77 81 57 64 80 86
t 736 2 5 24 24 1 16 17 10 7 3 25
t 71 73 48 63 55 61 75 87 62 60 88 83
t 57 82 78 80 52 85 71 88 62 62 87 66
t 9 12 739 9 15 22 1 5 11 2 11 25
t 75 72 83 62 90 76 51 74 64 49 76 89
t 67 62 78 82 72 68 60 72 49 45 59 73
t 54 82 74 53 80 74 64 89 64 57 64 49
t 72 68 60 80 64 51 56 75 67 86 45 86
t 83 74 57 46 82 62 79 70 79 61 50 53
t 70 77 52 68 75 61 50 74 60 71 60 89
t 47 68 45 80 72 85 85 86 53 66 65 78
t 76 67 84 69 69 60 83 45 74 46 71 80
t 8 8 12 15 8 14 25 20 729 20 19 24
t 73 71 79 76 46 49 66 78 86 65 73 76
t 76 87 86 47 79 68 52 55 81 77 87 67
t 58 51 55 49 69 85 83 47 76 65 65 70
t 76 83 48 59 72 88 67 80 81 64 72 70
t 77 74 60 62 68 54 51 58 71 79 65 88
t 73 79 74 82 63 85 85 51 78 68 90 81
t 85 65 57 89 53 56 65 65 77 47 64 49
t 69 75 74 53 51 90 71 90 63 69 86 55
t 46 46 50 46 81 79 78 89 85 52 55 74
t 22 22 23 17 24 717 1 5 9 9 18 4
t 8 20 10 739 15 12 14 6 3 1 20 18
t 54 63 81 77 52 88 78 90 47 82 87 81
t 13 16 7 13 11 23 712 17 14 1 2 3
t 66 53 70 51 53 73 47 73 55 77 58 79
t 86 87 79 60 58 50 58 90 47 51 66 45
t 14 13 8 5 15 13 21 10 8 19 747 17
t 6 15 5 24 19 5 12 11 15 744 8 5
t 6 17 5 14 24 21 736 16 9 17 2 20
t 17 24 730 3 7 5 24 9 24 25 23 15
t 53 75 62 67 52 66 50 59 85 77 88 85
t 20 19 22 712 21 13 25 10 21 5 20 8
t 60 62 62 52 87 64 83 48 79 56 62 76
t 83 52 85 50 49 90 71 57 51 59 46 52
t 18 24 3 16 19 7 715 17 25 17 11 15
t 10 18 14 17 20 18 734 25 1 13 22 7
t 72 70 88 72 88 71 54 49 77 50 51 58
t 11 15 10 2 11 23 4 14 14 7 17 749
t 48 87 80 80 87 79 54 83 55 80 73 80
t 76 63 83 53 78 77 60 57 75 64 77 69
t 48 73 80 61 71 84 62 55 69 86 48 83
t 14 8 1 14 20 3 8 9 16 14 724 23
t 65 63 88 59 46 64 76 60 68 61 50 58
t 14 731 5 22 24 15 22 19 5 16 9 11
t 74 88 79 58 86 65 65 64 64 68 85 81
t 5 9 743 6 7 9 24 1 11 15 12 25
t 81 45 59 68 53 48 69 82 49 89 56 47
t 70 85 66 54 47 64 71 83 49 86 77 70
t 13 5 22 24 20 2 9 20 1 714 24 9
t 58 82 89 54 77 62 67 49 54 60 61 83
t 6 25 8 20 728 21 7 7 19 20 19 14
t 25 18 3 3 1 716 14 15 2 15 9 7
t 57 88 53 72 71 50 73 53 87 70 90 51
t 57 72 82 61 54 69 46 52 59 51 57 69
t 48 45 68 84 71 87 48 84 57 64 74 83
t 14 12 4 740 10 2 12 8 21 16 22 8
t 57 56 82 77 60 46 70 63 66 76 48 79
t 79 61 69 46 79 77 60 69 61 73 77 62
t 60 70 87 80 64 67 52 84 77 62 53 49
t 88 84 57 46 83 80 72 72 45 67 77 53
t 68 69 56 76 59 66 71 76 56 82 61 75
t 739 18 21 17 17 18 16 9 5 21 18 16
t 4 18 11 7 4 5 20 9 16 20 739 16
t 25 727 4 3 20 13 20 5 5 13 15 1
t 80 58 76 63 77 58 54 74 86 49 78 83
t 6 19 12 25 10 19 14 726 19 3 15 15
t 86 76 83 67 67 64 84 58 47 60 62 69
t 69 65 88 69 78 59 67 50 77 84 68 64
t 71 68 62 48 75 70 79 87 45 62 76 79
t 47 53 63 64 52 85 87 76 72 59 47 81
t 14 20 23 17 15 739 25 10 25 8 1 2
t 49 86 82 81 74 72 62 83 69 63 81 49
t 10 21 23 14 7 7 12 7 23 729 14 14
t 80 77 72 74 79 69 89 60 59 68 87 60
t 83 52 56 45 75 48 64 49 49 75 61 77
t 46 84 65 76 84 71 81 49 51 78 89 52
t 80 78 50 49 49 87 57 70 79 81 55 76
t 72 45 78 83 67 56 54 69 47 67 62 85
t 85 80 83 66 56 76 60 88 75 83 88 79
t 77 90 60 66 59 64 73 67 61 67 63 82
t 67 90 70 76 69 84 45 53 76 57 49 61
t 10 18 24 717 5 13 19 18 1 2 17 1
t 60 45 71 64 70 70 51 61 80 68 90 64
t 21 20 17 24 19 746 1 24 1 15 14 10
t 21 4 9 735 15 15 14 12 18 15 9 24
t 72 45 50 89 79 56 84 80 69 50 77 47
t 84 87 79 63 68 64 46 65 76 65 63 83
t 23 14 24 15 726 15 16 15 21 25 24 24
t 62 88 75 69 47 54 56 88 59 87 50 83
t 64 85 82 86 79 50 56 82 49 88 66 51
t 16 8 4 7 24 6 24 6 15 17 748 25
t 74 53 79 85 87 71 61 87 87 80 71 61
t 3 7 20 4 731 3 13 25 10 12 20 4
t 56 72 73 90 57 60 85 50 48 53 75 79
t 79 74 59 65 53 83 72 62 46 65 86 85
t 7 12 728 2 7 4 10 21 4 1 5 20
t 20 2 24 1 17 734 23 6 25 7 17 21
t 64 55 80 53 54 55 46 50 80 54 57 56
t 66 84 87 69 86 45 87 65 90 51 73 75
t 55 80 46 66 77 46 56 73 71 62 77 87
t 76 65 58 83 90 57 67 72 60 64 65 77
t 15 1 3 22 4 719 7 22 21 3 3 4
t 87 86 51 82 61 48 48 80 80 59 73 60
t 89 74 69 82 76 77 71 63 86 83 65 68
t 75 79 62 61 56 54 75 53 50 70 89 66
t 8 13 21 18 1 17 744 19 12 10 23 3
t 75 65 74 63 86 56 49 59 88 67 76 59
t 48 60 75 70 70 84 72 58 77 78 90 68
t 20 8 2 6 6 9 25 1 734 22 7 6
t 65 83 82 64 72 60 52 79 77 67 47 51
t 1 14 4 16 15 22 17 6 714 11 22 21
t 64 86 74 56 75 47 85 51 55 60 85 82
t 90 68 45 87 87 87 57 56 69 52 90 66
t 86 54 57 48 78 89 82 70 57 84 68 51
t 13 8 9 23 726 22 18 5 5 4 4 4
t 47 83 87 61 55 46 57 69 58 89 77 53
t 53 79 46 48 48 78 65 66 55 68 79 50
t 78 63 61 84 85 48 48 55 64 46 79 71
t 51 78 59 84 71 62 83 54 56 72 79 89
t 76 75 84 81 85 75 55 54 71 72 80 79
t 70 84 64 81 46 83 84 86 73 90 78 57
t 83 57 82 82 72 89 76 70 59 66 90 84
t 53 56 76 82 71 75 62 61 49 84 47 75
t 45 81 83 60 78 75 48 68 74 49 46 90
t 67 53 62 69 85 89 82 90 60 58 81 53
t 23 20 24 23 22 24 12 1 725 15 7 17
t 51 90 76 80 56 78 73 59 49 90 86 81
t 87 66 84 47 76 54 47 78 75 54 72 52
t 62 55 48 62 71 79 90 85 88 58 89 54
t 22 15 6 17 9 12 19 19 19 9 722 9
t 6 11 19 4 23 1 23 734 6 7 7 25
t 75 62 71 48 90 53 51 89 57 74 87 87
t 741 18 10 20 15 12 2 14 20 17 3 12
t 23 14 9 14 730 13 20 9 6 7 7 2
t 67 62 53 88 88 90 86 88 78 90 85 74
t 10 3 1 9 5 6 15 20 16 6 743 4
t 57 87 56 66 88 71 88 55 48 57 69 50
t 65 69 67 78 70 47 86 74 58 55 86 65
t 63 70 66 46 74 46 60 74 86 64 57 73
t 1 21 11 3 10 716 5 18 6 21 22 17
t 9 2 3 22 6 11 17 10 22 1 21 749
t 63 81 59 79 59 90 52 52 87 82 56 48
t 69 74 78 65 71 60 86 45 59 90 64 58
t 85 59 75 80 81 64 74 64 89 54 90 87
t 72 48 64 57 69 83 48 53 48 74 59 68
t 53 54 79 84 61 51 50 84 55 72 75 74
t 67 48 70 60 59 54 50 78 56 53 78 69
t 16 5 20 1 12 25 17 3 16 722 25 21
t 45 83 76 84 53 81 86 74 66 75 85 59
t 21 6 9 719 18 12 20 14 21 5 13 23
t 61 85 56 61 55 67 76 67 69 75 56 56
t 734 14 21 14 8 14 10 22 14 17 15 19
t 54 60 53 70 69 81 55 55 60 58 70 55
t 741 4 19 11 20 8 19 12 22 4 10 24
t 53 47 67 57 67 84 53 85 52 84 72 57
t 50 83 70 53 82 55 61 69 46 67 54 74
t 83 49 74 67 62 76 58 45 71 81 51 85
t 74 47 48 49 61 49 53 85 53 49 56 57
t 82 78 50 89 80 68 53 60 86 75 46 46
t 11 24 9 18 11 24 3 737 4 4 13 9
t 72 87 58 80 85 60 45 67 52 61 85 73
t 90 81 65 69 75 57 87 73 60 63 88 71
t 80 74 84 50 62 66 64 47 59 87 52 75
t 81 45 57 80 82 57 82 65 83 87 84 52
t 722 6 9 4 2 12 7 18 11 19 2 13
t 22 14 17 22 24 11 21 730 15 2 2 7
t 56 51 47 75 58 45 72 47 58 76 90 71
t 2 4 713 21 4 12 4 20 11 15 25 12
t 75 58 70 83 56 75 60 85 84 61 74 62
t 78 46 60 61 89 50 86 64 49 84 69 55
t 63 59 64 84 55 59 63 86 55 60 45 63
t 12 19 10 15 716 8 15 6 15 17 19 21
t 89 48 64 47 78 83 45 69 79 49 63 70
t 23 19 4 15 9 23 1 736 1 15 11 8
t 79 59 46 52 66 66 57 61 50 52 51 45
t 72 72 82 72 68 57 65 51 80 51 57 58
t 21 22 738 16 5 17 17 18 23 5 2 5
t 56 71 47 45 63 87 65 78 82 80 64 79
t 63 68 45 70 84 87 90 47 51 72 73 90
t 86 80 55 70 63 72 90 68 58 75 88 76
t 3 15 20 748 10 11 18 24 11 3 23 6
t 1 1 2 11 18 23 23 6 749 22 20 20
t 90 45 80 61 72 77 61 64 83 74 76 59
t 74 75 83 71 86 63 81 76 83 65 52 87
t 68 63 90 66 58 76 72 55 77 62 76 73
t 22 10 23 7 18 722 25 5 1 14 18 22
t 78 72 79 80 73 51 56 83 66 58 85 72
t 719 18 5 3 16 2 2 22 10 21 21 13
t 68 49 73 52 56 61 75 87 57 72 80 72
t 64 62 76 70 77 47 70 55 60 65 76 72
t 88 88 75 72 81 63 62 72 66 59 46 81
t 25 748 2 24 10 24 22 19 8 12 25 10
t 21 13 18 12 22 13 6 13 12 22 12 733
t 2 8 6 2 3 2 23 12 4 3 8 730
t 3 22 10 23 746 19 11 23 1 7 25 16
t 61 48 80 74 90 74 64 53 62 73 61 66
t 69 69 45 48 79 47 80 57 58 54 81 56
t 16 24 17 725 14 23 21 7 2 7 22 9
t 731 15 3 22 16 24 1 16 2 6 25 20
t 77 63 51 66 89 51 48 78 54 88 89 60
t 81 61 48 77 87 89 82 64 68 60 58 59
t 21 20 12 740 5 8 12 7 8 4 16 6
t 8 11 14 17 6 5 17 17 8 14 737 9
t 57 48 58 66 61 60 77 63 84 70 58 69
t 7 5 12 5 19 21 10 21 22 748 18 4
t 12 726 8 19 22 15 16 13 4 23 18 9
t 55 57 85 60 52 90 73 86 69 50 47 77
t 75 50 89 69 55 75 67 74 66 66 48 53
t 24 9 2 22 13 18 7 1 18 23 741 17
t 54 55 59 61 46 50 73 70 79 53 88 84
t 49 70 56 69 46 83 56 88 57 78 59 90
t 23 7 3 734 9 8 1 20 17 19 3 8
t 60 89 49 83 73 65 73 83 71 71 62 56
t 81 81 65 86 69 45 62 45 62 69 66 69
t 54 47 80 77 50 61 56 71 79 74 58 46
t 56 90 88 60 50 74 72 70 54 73 46 79
t 15 5 11 17 3 11 23 719 1 23 10 9
t 84 72 62 64 82 63 62 69 76 51 75 62
t 5 738 12 9 16 3 10 11 13 16 12 3
t 76 75 65 89 63 69 53 63 80 85 60 51
t 737 25 4 22 24 20 11 4 20 15 13 3
t 77 84 83 63 71 82 71 63 56 85 90 68
t 85 69 84 57 80 71 88 65 70 67 58 88
t 14 10 1 3 25 16 12 20 14 725 15 6
t 16 736 25 15 2 8 9 5 3 15 24 23
t 61 54 86 79 56 70 62 76 66 45 50 55
t 24 16 23 9 712 7 23 7 12 19 15 15
t 66 50 46 74 47 64 71 45 85 73 54 75
t 732 22 3 17 12 24 9 22 18 12 15 23
t 75 67 69 66 66 68 51 60 68 90 65 46
t 48 66 64 45 89 82 77 63 77 73 65 69
t 6 22 745 4 14 13 6 12 6 4 2 19
t 78 60 45 67 67 65 49 67 57 89 73 66
t 17 16 734 12 4 15 25 25 11 6 15 10
t 18 22 9 6 12 4 732 3 1 21 25 12
t 72 65 53 87 54 73 77 83 60 72 55 51
t 19 4 11 3 9 15 2 9 723 20 18 12
t 20 24 8 11 11 5 7 10 746 14 25 15
t 53 71 58 73 47 83 87 77 89 85 53 58
t 13 5 721 12 19 3 12 11 23 24 12 14
t 735 15 7 14 10 8 11 3 12 3 16 25
t 68 61 75 75 68 57 82 83 74 54 46 67
t 79 78 70 88 52 50 68 73 47 53 62 48
t 20 748 11 12 21 14 25 7 21 7 21 14
t 77 72 64 72 58 50 46 46 83 60 65 66
t 7 22 711 21 15 9 2 13 7 13 16 24
t 19 25 732 11 21 11 21 10 9 6 21 25
t 14 15 4 724 22 15 5 19 10 4 24 16
t 52 50 80 88 86 67 83 89 48 78 55 84
t 5 743 23 18 11 18 21 17 25 23 24 5
t 714 11 2 3 2 11 12 13 19 4 17 24
t 54 48 46 52 67 85 61 50 73 82 70 51
t 24 13 12 20 8 713 8 9 11 14 4 8
t 8 3 20 24 5 15 11 726 11 24 21 23
t 11 4 5 1 22 17 8 7 16 21 25 741
t 70 69 67 55 83 52 75 56 52 73 76 76
t 74 75 46 73 66 55 49 65 75 49 63 45
t 25 23 25 7 19 7 4 18 25 735 17 11
t 19 15 24 731 22 13 17 14 13 16 25 11
t 61 80 59 70 50 80 68 78 75 67 59 87
t 68 51 78 71 50 79 71 85 49 79 90 72
t 63 57 74 67 89 68 53 88 61 61 58 78
t 46 45 53 66 66 64 47 74 49 54 57 73
t 19 16 23 7 16 6 15 3 18 732 24 13
t 22 717 1 7 15 19 22 17 3 15 10 23
t 17 21 18 17 6 718 8 18 11 24 12 18
t 3 1 722 18 6 24 12 7 24 7 17 22
t 10 4 16 10 22 18 5 15 2 3 10 726
t 45 86 65 64 71 56 89 71 86 47 88 52
t 749 6 22 18 24 24 1 16 23 20 18 10
t 54 71 79 74 54 68 62 90 81 61 73 52
t 86 61 69 90 59 87 81 57 81 50 59 55
t 67 55 53 86 59 75 51 73 71 57 81 62
t 8 21 20 22 23 1 721 17 5 15 16 12
t 75 51 70 82 75 59 82 81 72 82 83 48
t 66 86 45 83 45 82 80 77 78 55 46 64
t 51 78 54 87 59 61 85 85 67 84 62 59
t 15 5 18 3 738 9 21 23 6 10 6 23
t 87 85 84 55 81 70 48 48 47 90 61 58
t 66 51 66 61 79 59 71 54 82 68 77 62
t 77 72 47 55 71 80 58 88 55 86 47 75
t 89 79 65 71 76 70 84 70 47 86 90 81
t 76 75 76 70 87 77 64 46 68 48 69 65
t 49 50 48 89 60 67 61 86 51 84 78 75
t 72 63 55 57 86 55 71 86 52 47 46 57
t 52 74 60 85 49 52 84 84 45 45 53 85
t 53 78 86 71 79 56 65 67 50 76 81 76
t 45 56 54 90 48 61 54 79 45 55 83 84
t 84 51 60 61 65 76 52 88 60 62 72 57
t 54 90 73 66 68 76 80 75 77 86 57 45
t 72 70 81 73 51 67 76 51 71 70 61 52
t 75 81 54 75 88 56 71 82 65 50 87 45
t 23 7 3 15 25 6 1 23 25 715 21 8
t 69 55 52 88 68 46 52 61 48 88 69 49
t 73 53 85 62 79 62 72 61 81 62 76 73
t 21 18 11 11 10 24 725 19 14 22 21 9
t 48 45 66 51 75 74 83 53 88 74 89 63
t 58 78 89 74 75 62 87 86 85 79 82 62
t 55 58 55 73 45 77 79 80 84 77 48 59
t 86 65 78 56 53 48 46 77 66 88 69 67
t 10 17 3 24 15 712 21 23 4 21 9 24
t 13 5 1 2 19 14 8 19 718 10 24 21
t 53 77 50 68 84 63 66 64 48 46 78 73
t 71 72 61 63 69 63 52 86 79 79 67 90
t 62 81 79 89 69 76 60 56 82 64 67 55
t 46 46 70 77 81 65 77 63 61 58 70 49
t 45 48 90 46 90 59 61 89 48 70 58 74
t 62 79 58 53 76 82 89 72 55 68 87 74
t 73 50 55 79 67 49 61 53 70 54 69 75
t 77 64 90 50 47 46 72 66 84 45 59 52
t 9 730 17 25 16 11 18 11 4 3 25 22
t 58 54 57 70 87 67 58 81 63 51 75 75
t 24 12 14 14 724 18 7 19 4 15 8 9
t 9 4 18 11 2 25 5 21 23 24 722 4
t 20 2 21 13 7 5 4 20 22 4 1 719
t 60 73 65 65 79 59 89 54 52 76 83 56
t 68 57 48 83 58 45 76 88 87 64 60 54
t 47 82 65 87 74 87 61 75 85 52 72 72
t 733 5 6 2 2 18 21 24 18 3 13 17
t 46 79 85 58 58 74 49 51 46 69 66 87
t 83 72 52 82 63 76 47 70 69 46 77 46
t 54 65 75 59 53 45 53 54 89 52 59 51
t 717 22 23 21 19 5 3 2 6 11 7 17
t 16 1 23 9 11 16 15 5 712 7 5 8
t 83 74 69 85 81 58 73 80 68 70 82 63
t 20 6 2 18 4 7 11 724 17 11 11 19
t 86 88 65 68 67 77 49 72 55 45 70 89
t 84 50 74 72 53 75 52 52 62 85 75 61
t 15 11 10 11 8 6 9 20 737 18 15 19
t 19 8 8 11 730 20 11 21 13 8 10 15
t 17 21 23 14 16 19 23 6 10 21 25 721
t 75 47 72 78 78 47 84 57 68 64 56 74
t 10 6 25 17 25 23 9 2 746 21 17 5
t 45 70 78 53 54 84 90 57 65 77 85 79
t 52 77 64 45 75 58 65 72 85 53 65 75
t 45 69 45 56 55 88 65 76 68 79 83 62
t 69 63 81 58 52 54 90 62 74 71 69 57
t 5 735 7 10 19 4 6 8 2 11 14 14
t 89 69 53 80 65 56 71 59 64 75 45 60
t 6 7 14 3 4 3 9 5 738 16 2 15
t 53 51 47 79 74 49 63 67 79 89 73 50
t 10 19 17 10 4 13 731 4 6 16 21 19
t 50 75 46 82 59 47 85 67 62 49 63 52
t 88 51 53 76 81 73 77 65 48 83 78 64
t 17 7 4 5 23 10 4 8 10 731 8 19
t 14 8 11 24 1 25 19 2 729 12 25 21
t 69 56 78 74 46 64 74 65 63 58 67 77
t 5 22 13 14 15 15 13 748 10 6 15 19
t 77 64 50 60 55 65 84 84 57 79 74 73
t 60 55 81 58 64 47 83 87 85 53 73 46
t 58 69 74 70 82 63 72 51 56 75 69 69
t 49 60 61 66 70 87 81 65 61 86 60 51
t 71 56 49 90 67 51 82 64 50 57 55 76
t 86 65 63 64 89 81 51 52 63 56 70 88
t 87 71 83 71 53 50 58 58 65 68 59 67
t 54 73 50 54 65 46 73 80 67 77 57 67
t 16 18 4 747 21 13 5 16 16 12 11 14
t 55 74 83 72 53 53 50 67 62 49 58 51
t 49 50 45 83 48 59 64 72 51 90 51 59
t 16 3 20 23 4 716 16 21 1 20 14 12
t 16 7 21 18 23 9 11 24 23 2 10 745
t 90 73 52 87 61 68 81 71 79 62 46 66
t 7 18 15 11 4 17 17 25 16 25 735 10
t 62 50 85 58 66 57 75 68 47 59 51 88
t 15 4 18 3 8 6 8 1 7 4 724 7
t 51 73 81 72 55 52 48 64 50 81 82 75
t 80 58 56 81 89 72 89 87 51 53 60 50
t 12 20 24 1 9 19 2 11 4 743 5 18
t 84 60 85 46 83 56 85 84 55 50 88 63
t 90 52 56 90 71 73 87 78 88 85 84 72
t 63 46 89 59 49 48 71 58 83 53 46 87
t 83 65 80 68 48 68 84 59 73 53 82 48
t 19 11 10 15 11 17 19 22 736 12 5 22
t 6 1 746 3 15 17 10 12 16 3 10 14
t 50 57 46 62 55 78 66 90 58 66 89 83
t 17 731 8 1 19 22 10 18 19 21 21 2
t 53 68 73 82 66 87 88 49 85 75 47 57
t 45 71 49 69 49 59 87 52 68 46 71 67
t 74 59 53 84 66 70 82 63 66 66 77 77
t 82 64 74 79 89 77 62 59 82 69 52 69
t 66 49 59 83 53 72 63 46 75 74 71 55
t 84 61 88 48 49 56 54 64 71 88 67 58
t 12 11 10 7 6 11 17 14 11 4 16 731
t 65 56 71 75 70 58 66 53 51 75 77 89
t 57 54 62 51 57 81 60 47 73 85 83 83
t 56 45 89 68 77 67 65 53 63 55 52 76
t 9 16 7 2 2 12 21 710 25 24 20 12
t 8 4 10 726 18 6 23 14 13 23 19 13
t 80 65 59 70 49 66 75 51 49 60 62 60
t 23 16 5 10 11 6 13 19 714 2 12 16
t 63 50 56 55 53 75 62 73 87 57 68 70
t 75 77 59 75 88 56 90 68 60 57 47 82
t 13 12 24 12 723 6 20 10 8 20 3 17
t 88 79 49 87 67 69 77 62 80 74 71 46
t 25 11 21 25 8 9 1 12 25 1 23 716
t 76 74 48 87 61 59 81 64 81 70 69 61
t 17 2 11 19 23 15 19 719 20 18 20 7
t 81 62 85 72 77 60 47 66 78 50 54 58
t 740 3 24 12 7 20 2 16 10 4 21 25
t 82 47 74 56 62 47 77 50 81 60 52 65
t 50 46 86 79 47 81 74 50 79 60 56 78
t 20 9 4 13 731 4 24 25 9 4 22 17
t 68 89 71 73 85 65 48 51 82 76 45 56
t 80 87 48 50 81 87 89 78 67 55 85 70
t 17 14 2 13 16 2 14 10 717 3 5 10
t 50 46 55 65 47 83 89 86 79 74 60 69
t 14 2 22 22 2 737 3 15 23 15 3 7
t 7 18 18 5 15 4 9 6 719 23 13 3
t 24 5 1 1 20 16 16 23 733 3 23 1
t 89 87 65 67 57 47 67 47 85 77 88 53
t 58 47 81 60 80 49 81 60 70 85 46 72
t 5 731 7 7 13 6 12 13 21 17 17 5
t 62 67 85 66 66 75 59 90 81 70 71 52
t 20 23 3 25 25 13 731 19 2 4 24 15
t 53 61 65 83 45 49 54 63 55 53 66 65
t 8 23 13 1 6 16 19 13 3 13 723 12
t 64 82 49 49 70 60 89 79 84 84 88 74
t 49 61 54 67 49 85 76 89 73 52 53 63
t 84 59 49 88 80 58 46 89 80 65 81 56
t 55 65 75 70 66 61 71 71 74 84 63 70
t 1 1 25 6 7 3 8 10 23 715 2 4
t 65 77 78 84 60 74 72 52 78 52 51 90
t 6 8 8 6 11 20 25 21 726 17 13 11
t 65 72 83 55 67 50 61 52 60 81 52 87
t 48 73 48 64 57 50 77 83 78 46 75 70
t 67 72 62 62 67 87 77 52 58 71 73 49
t 81 88 47 77 50 84 52 55 89 55 55 76
t 60 64 67 88 79 83 76 88 53 74 76 89
t 55 80 68 66 79 86 63 67 63 46 65 74
t 63 88 59 55 69 60 45 84 80 63 74 89
t 16 13 3 13 711 5 1 19 17 5 1 8
t 87 60 55 73 48 63 84 85 74 50 89 47
t 13 15 23 19 2 735 20 6 9 9 15 24
t 18 5 2 24 10 3 6 5 15 15 749 20
t 73 78 58 72 73 90 49 82 62 69 72 52
t 15 16 16 20 1 6 724 17 8 4 1 10
t 60 59 76 84 54 84 68 87 51 59 70 79
t 77 79 48 52 46 59 51 57 50 80 86 53
t 50 75 64 60 67 86 82 86 70 79 78 55
t 65 62 63 63 87 52 55 45 81 53 85 51
t 12 6 8 17 6 4 5 10 15 722 17 19
t 86 69 67 88 47 48 55 46 59 60 83 70
t 58 83 73 50 55 53 66 47 51 85 88 71
t 71 57 81 72 87 79 60 56 55 68 70 73
t 68 53 65 61 84 52 54 85 56 53 79 54
t 24 25 12 19 2 17 23 5 9 13 8 731
t 5 16 4 10 1 12 13 11 7 7 731 13
t 67 49 74 53 90 82 82 56 76 63 46 48
t 81 60 80 84 88 89 75 85 79 60 67 83
t 85 64 47 53 85 76 56 62 67 58 45 77
t 3 723 10 6 23 19 25 11 24 7 7 4
t 63 86 45 76 84 54 70 82 72 54 87 70
t 17 23 2 23 17 1 5 4 723 20 12 8
t 48 73 54 79 63 66 89 72 66 84 62 48
t 61 90 69 71 66 80 86 51 51 45 52 49
t 66 87 88 73 62 61 64 64 72 66 61 53
t 72 66 78 77 80 70 54 57 89 71 60 79
t 86 53 61 60 50 88 82 61 55 59 48 80
t 72 53 47 73 50 51 73 53 75 78 78 85
t 56 45 49 60 85 55 50 47 88 58 56 47
t 67 84 51 81 85 70 72 75 67 74 52 51
t 45 46 54 90 65 62 61 84 82 50 58 45
t 53 85 70 84 87 82 60 60 55 67 82 76
t 75 54 57 55 83 56 61 48 79 84 57 77
t 66 78 85 69 47 72 90 53 55 56 67 70
t 20 22 25 10 7 13 11 719 22 20 5 12
t 5 5 25 1 13 23 25 22 22 732 7 16
t 55 68 90 45 67 47 49 87 65 69 59 79
t 13 15 25 8 25 4 12 19 16 5 711 18
t 21 7 23 24 2 24 7 716 24 7 19 17
t 740 21 10 13 25 3 13 7 5 20 12 22
t 12 23 3 21 7 16 22 17 749 7 3 12
t 8 21 13 22 25 22 6 14 24 723 16 14
t 63 75 50 83 53 83 85 77 64 53 77 87
t 723 2 19 22 15 19 21 4 24 3 10 11
t 4 12 8 10 14 8 6 13 4 20 711 9
t 6 1 23 732 18 25 15 2 16 21 25 25
t 3 25 1 14 24 713 13 8 18 5 21 7
t 19 22 10 9 24 17 22 14 21 8 14 734
t 66 89 89 46 60 49 60 46 62 78 65 49
t 9 749 18 15 3 23 12 11 15 18 24 23
t 64 60 56 73 83 76 64 85 68 75 72 69
t 54 51 49 80 65 89 65 48 71 86 70 85
t 16 9 24 21 19 714 8 16 21 13 21 25
t 52 45 74 85 64 80 86 90 80 63 73 87
t 47 71 56 75 84 65 49 79 50 45 68 85
t 19 1 14 17 7 4 24 8 738 2 14 15
t 53 64 76 62 50 85 47 75 88 71 85 80
t 65 79 52 68 68 49 84 82 45 65 90 80
t 2 12 8 16 25 23 743 9 2 19 5 2
t 5 2 7 9 2 7 737 17 10 16 14 10
t 58 59 45 79 73 45 74 85 85 66 90 45
t 54 82 50 90 57 84 90 58 86 49 80 73
t 19 20 731 4 5 25 14 3 24 3 20 2
t 16 4 12 4 10 22 4 3 8 20 2 712
t 73 68 80 61 74 81 54 61 47 60 46 66
t 70 67 80 50 54 51 50 68 60 90 73 70
t 80 55 64 61 73 83 84 49 65 86 70 78
t 19 5 727 16 2 22 22 19 17 14 19 16
t 51 46 47 68 74 51 82 75 73 78 72 50
t 15 11 15 23 13 13 7 14 716 12 13 18
t 69 45 56 66 56 70 81 57 80 79 61 73
t 15 23 20 24 18 22 8 19 25 19 740 2
t 10 9 5 6 22 19 13 25 10 21 730 5
t 78 86 67 79 51 81 72 84 57 58 76 75
t 87 55 90 88 77 82 79 45 67 76 65 47
t 57 80 88 54 88 56 83 47 86 58 70 54
t 16 19 728 19 25 20 6 10 2 10 1 2
t 46 88 60 53 86 64 74 50 83 73 81 79
t 63 47 67 83 65 80 87 88 62 85 52 77
t 9 3 24 22 7 9 23 18 2 23 742 22
t 72 75 67 73 82 77 62 71 52 62 69 79
t 49 70 63 63 46 89 69 53 65 60 62 55
t 13 711 22 6 20 1 1 22 15 24 4 13
t 727 20 23 13 9 17 19 15 11 16 21 3
t 70 85 56 59 73 82 46 83 68 61 66 50
t 65 76 84 47 79 56 56 73 52 50 89 46
t 79 70 69 45 50 69 48 76 51 74 83 77
t 81 82 77 70 73 66 53 63 47 59 89 81
t 23 17 725 19 2 21 1 10 1 6 3 18
t 46 76 48 81 50 46 88 83 45 68 48 85
t 65 57 49 77 48 53 54 82 66 45 53 84
t 70 75 81 83 85 79 48 73 88 53 67 56
t 11 712 13 2 6 16 24 22 10 3 11 22
t 85 70 82 58 52 76 59 47 66 48 54 53
t 52 66 50 49 70 78 67 81 54 53 77 86
t 88 62 60 60 57 55 87 77 76 79 76 59
t 6 5 13 6 16 18 21 719 20 17 6 15
t 87 90 65 84 60 59 90 78 66 85 54 46
t 68 89 62 54 65 54 49 73 65 80 85 52
t 732 18 17 3 2 22 5 9 24 21 22 19
t 14 9 8 6 5 22 2 14 14 724 4 25
t 49 60 61 79 82 75 69 50 47 69 83 67
t 49 68 73 53 88 89 84 83 81 85 59 77
t 24 714 13 22 9 12 2 24 25 18 2 25
t 18 6 15 21 725 7 1 11 4 2 8 18
t 25 8 12 19 11 741 1 19 1 3 24 9
t 22 749 10 22 15 4 2 25 8 16 18 7
t 88 84 83 86 67 58 83 71 87 81 80 63
t 17 19 740 7 18 18 11 1 17 17 21 1
t 3 16 16 3 749 19 20 24 3 11 2 15
t 67 66 61 89 81 54 89 56 76 63 81 45
t 14 6 21 5 12 19 720 17 4 19 5 21
t 736 13 24 7 18 5 20 19 15 21 9 25
t 51 70 74 76 50 62 46 79 53 78 69 90
t 56 76 46 62 69 69 62 82 66 48 54 72
t 50 51 70 45 87 57 58 55 63 66 83 82
t 8 4 14 18 2 749 19 10 23 21 25 13
t 6 713 4 20 1 5 21 1 2 21 6 11
t 74 69 47 68 66 58 70 79 58 50 76 66
t 86 63 58 73 80 58 70 68 49 55 83 86
t 8 4 25 12 14 6 8 7 18 8 6 714
t 12 2 2 7 733 1 16 2 13 7 3 16
t 75 45 50 58 64 78 49 56 79 88 45 72
t 49 50 45 57 59 60 83 82 90 87 59 65
t 63 59 52 82 71 78 77 89 73 81 84 54
t 56 62 77 58 63 69 61 70 45 71 53 90
t 90 60 65 73 85 68 46 55 89 68 55 57
t 74 73 78 47 62 55 51 76 71 61 86 66
t 62 69 70 57 57 90 74 49 55 82 74 87
t 84 72 48 89 74 52 52 83 54 76 48 82
t 67 84 66 71 79 69 65 56 72 46 57 54
t 70 55 64 77 63 51 58 88 90 72 83 46
t 10 17 23 18 7 746 2 5 24 25 13 6
t 2 741 2 15 16 2 3 17 23 6 23 15
t 19 21 20 2 6 22 749 23 3 23 8 7
t 10 23 18 19 6 16 725 14 8 3 4 13
t 83 66 67 84 78 74 52 52 77 53 74 80
t 87 56 79 67 64 58 54 84 45 51 70 85
t 78 64 48 48 76 74 47 86 61 51 56 65
t 88 58 73 49 80 74 46 76 82 52 78 71
t 14 16 15 10 10 11 18 742 12 10 9 7
t 22 726 12 8 9 25 14 24 13 17 16 14
t 62 45 80 48 75 87 65 45 78 72 58 76
t 14 18 14 5 744 1 15 2 11 3 11 7
t 17 4 746 19 25 24 11 25 8 7 18 19
t 18 12 24 727 25 20 20 3 13 1 23 14
t 5 21 25 12 17 737 1 21 9 2 10 10
t 88 81 55 53 74 46 79 76 71 78 78 46
t 86 62 61 83 79 79 48 63 59 59 54 68
t 87 72 64 74 86 55 74 62 86 75 81 86
t 23 4 14 7 10 24 6 15 7 727 10 18
t 83 52 73 88 56 88 54 76 62 51 61 61
t 11 7 12 8 9 742 19 4 22 1 25 24
t 2 18 24 717 14 16 7 17 9 22 6 15
t 48 88 86 75 77 65 89 77 77 50 56 49
t 77 85 71 76 82 84 49 70 71 55 50 57
t 45 79 89 50 62 61 55 53 53 77 73 53
t 18 4 7 14 13 8 18 10 9 737 22 21
t 82 76 49 69 76 81 72 72 54 83 71 64
t 10 13 11 23 23 21 21 22 24 6 19 712
t 25 12 8 11 18 8 724 11 3 20 13 23
t 66 51 56 73 87 51 51 86 66 83 48 69
t 80 60 83 79 62 48 89 52 72 72 77 86
t 47 61 45 62 88 82 77 81 86 58 74 48
t 45 69 83 87 61 75 54 79 82 58 55 63
t 73 50 79 49 71 87 51 71 60 78 50 66
t 21 10 10 10 23 25 20 10 735 17 4 7
t 76 72 72 74 50 80 51 55 84 74 75 75
t 4 6 14 3 13 22 21 726 4 2 21 13
t 55 87 85 59 76 52 87 75 82 68 89 65
t 74 65 83 78 82 87 55 54 56 87 60 52
t 16 8 19 22 13 9 21 17 24 8 5 736
t 16 11 7 5 742 22 1 16 11 21 3 20
t 25 18 12 22 19 17 11 11 5 22 728 5
t 87 56 71 48 80 50 84 69 74 80 69 45
t 722 9 13 8 14 6 7 15 5 14 11 18
t 71 61 48 77 83 72 63 65 83 77 70 60
t 19 17 16 10 14 11 24 25 15 742 20 2
t 66 66 46 73 56 67 77 68 67 65 81 83
t 11 16 10 710 4 21 18 10 13 20 20 5
t 49 53 72 77 72 81 68 59 62 78 64 83
t 58 50 87 70 72 49 83 78 50 60 75 50
t 78 86 58 66 51 59 71 62 90 60 70 74
t 75 49 55 85 77 70 61 59 70 66 75 46
t 23 24 3 729 19 8 25 21 25 22 10 16
t 59 86 61 65 53 48 78 50 65 52 55 67
t 9 16 14 25 714 19 8 2 5 24 5 2
t 74 66 81 64 71 72 64 88 50 58 53 47
t 73 86 87 83 83 83 64 66 78 72 90 78
t 53 68 69 62 61 72 73 82 50 76 72 45
t 80 57 75 46 45 83 65 82 53 77 72 83
t 71 77 79 50 56 79 64 45 88 78 69 58
t 46 76 50 80 87 81 69 45 74 47 58 81
t 49 56 60 89 59 45 55 63 81 89 79 58
t 21 22 21 8 18 21 5 7 743 17 14 24
t 60 45 76 73 64 82 70 83 66 81 82 54
t 23 7 8 12 10 745 23 6 17 21 12 9
t 86 54 71 74 60 51 55 52 86 57 51 82
t 66 79 64 55 69 73 83 60 50 85 83 63
t 54 70 71 73 76 53 84 88 80 73 78 60
t 60 59 53 80 80 53 52 54 66 73 54 69
t 7 5 15 5 7 749 5 13 13 20 11 2
t 87 53 76 56 49 54 67 52 80 56 48 73
t 18 8 24 740 22 20 22 6 10 12 1 20
t 75 87 67 81 52 45 86 58 77 74 79 55
t 49 57 67 67 81 69 83 63 45 84 83 65
t 20 21 3 17 12 18 14 6 733 18 3 13
t 60 89 81 56 69 73 65 61 65 89 70 87
t 16 7 728 11 6 16 19 21 9 24 2 23
t 87 89 61 63 86 57 87 45 60 52 83 62
t 3 12 713 21 8 18 4 18 3 25 16 17
t 86 90 62 84 57 75 72 86 84 65 56 57
t 4 11 4 743 22 14 21 20 20 16 22 2
t 23 24 3 17 8 7 9 4 20 17 20 714
t 74 69 48 53 71 76 65 90 85 53 83 61
t 15 15 14 717 5 9 20 4 9 13 18 2
t 63 67 86 69 78 75 58 77 50 77 48 48
t 63 75 73 89 46 75 59 56 69 50 61 61
t 85 85 66 69 85 89 66 89 76 84 89 86
t 85 86 71 85 62 57 86 45 82 76 79 51
t 51 67 76 85 48 60 58 50 65 53 57 48
t 69 82 84 58 83 89 58 52 87 64 82 61
t 59 45 67 86 81 47 55 70 45 48 84 60
t 8 11 2 14 2 24 3 719 10 6 19 11
t 19 20 724 1 2 10 5 14 14 7 2 19
t 3 14 727 3 21 7 16 6 11 8 10 7
t 19 5 20 20 16 8 5 12 727 22 2 20
t 56 73 66 76 55 85 78 90 83 90 57 74
t 59 50 62 59 79 61 46 76 80 79 51 83
t 22 20 5 13 25 22 731 25 23 18 11 3
t 10 3 17 20 25 16 13 20 15 744 21 4
t 83 57 56 73 58 63 60 75 58 79 86 76
t 20 10 734 2 21 3 15 3 7 8 18 13
t 53 74 59 85 58 88 82 47 70 64 48 48
t 15 20 724 10 15 25 11 25 9 1 18 6
t 67 50 73 50 86 77 50 79 60 84 62 57
t 90 54 77 47 66 70 46 57 62 61 79 49
t 736 9 16 4 18 1 11 19 16 8 9 15
t 23 13 24 13 24 25 18 719 7 9 22 18
t 85 77 79 75 81 87 72 75 62 54 79 71
t 65 48 54 46 73 88 75 87 61 61 55 52
t 1 18 16 10 9 10 16 20 729 12 22 12
t 52 84 66 83 75 64 70 77 54 90 65 46
t 74 80 69 69 58 47 80 58 88 73 84 77
t 89 86 55 55 76 48 48 58 73 67 61 54
t 68 46 51 68 54 84 63 70 59 83 70 65
t 55 45 85 58 73 67 72 86 80 69 46 75
t 25 11 1 15 18 18 13 1 10 747 10 22
t 57 52 78 68 61 69 89 57 53 67 58 55
t 50 48 50 65 55 65 76 86 80 65 79 60
t 49 56 79 57 88 56 83 54 66 60 76 48
t 71 57 48 82 47 87 53 78 74 70 55 64
t 82 75 90 85 71 61 58 75 77 65 85 76
t 13 1 21 25 9 10 7 19 740 5 11 5
t 65 73 51 58 78 64 68 75 45 61 78 57
t 69 90 69 86 78 72 48 84 85 48 78 68
t 65 53 81 55 87 72 52 73 64 54 52 66
t 69 67 46 81 87 58 75 73 56 80 52 53
t 18 5 6 710 10 22 11 16 6 19 15 23
t 20 6 22 15 16 8 19 20 17 15 710 5
t 83 58 85 63 54 69 64 56 55 48 60 72
t 70 46 86 83 55 83 84 87 88 56 81 72
t 68 55 54 75 63 68 88 67 59 55 86 65
t 48 82 69 46 60 50 70 65 45 76 75 57
t 727 24 21 17 4 22 16 21 13 10 4 4
t 53 71 75 66 80 88 64 76 61 78 76 71
t 80 51 56 72 88 47 59 83 47 72 87 54
t 1 16 7 10 19 15 716 15 2 19 10 11
t 85 52 90 60 53 61 67 61 84 54 88 58
t 733 14 17 2 18 3 25 15 8 9 2 24
t 53 63 48 68 54 73 59 56 51 76 90 63
t 75 85 46 81 86 45 45 53 79 70 67 75
t 76 76 76 74 51 57 68 65 51 47 62 55
t 58 61 70 52 51 84 45 48 48 61 75 50
t 48 86 57 67 64 88 51 71 72 82 90 51
t 54 80 62 77 89 88 66 77 58 58 61 45
t 14 10 2 2 10 742 21 16 22 22 11 20
t 15 21 17 11 15 3 15 18 743 13 24 4
t 90 88 66 78 48 52 62 55 48 77 82 72
t 84 61 62 67 60 63 65 85 45 80 69 83
t 86 71 64 69 76 58 88 60 73 66 74 62
t 5 23 20 12 735 5 13 22 1 18 2 1
t 83 75 86 74 73 85 74 45 53 46 72 50
t 50 78 53 86 82 83 54 63 74 45 56 62
t 736 23 17 7 10 11 9 6 10 3 14 25
t 50 57 86 66 50 84 46 49 50 70 68 80
t 85 59 52 67 61 51 66 74 58 79 67 65
t 72 83 70 48 57 63 79 74 61 72 87 69
t 17 19 25 20 21 21 20 3 24 20 749 7
t 81 77 79 57 79 83 52 65 74 84 62 48
t 78 77 72 75 47 66 77 75 49 57 85 64
t 50 58 45 79 74 52 68 46 76 80 65 79
t 67 45 64 59 64 52 89 72 90 82 73 57
t 85 59 59 64 58 52 50 85 90 85 84 59
t 64 83 55 81 57 73 71 51 58 85 58 71
t 55 86 76 68 54 86 51 59 78 82 80 56
t 80 54 46 85 61 45 64 75 71 73 77 59
t 73 65 48 73 80 87 63 90 56 58 53 73
t 47 77 72 87 81 65 65 80 79 50 84 90
t 45 74 59 50 76 62 84 61 80 73 75 55
t 20 16 716 14 14 25 20 14 25 3 24 17
t 75 72 49 62 73 54 55 48 70 68 73 57
t 58 67 64 61 56 74 80 72 83 69 73 88
t 23 711 16 12 8 8 8 1 17 24 18 24
t 90 52 51 79 54 45 74 66 68 56 48 85
t 12 729 16 7 23 16 6 16 7 4 15 18
t 55 76 84 82 47 54 60 45 84 51 66 68
t 25 21 5 14 7 3 747 14 3 3 25 1
t 60 51 46 63 69 79 89 57 46 47 71 75
t 76 57 47 72 57 74 46 77 53 53 49 66
t 6 2 22 21 746 20 8 24 22 20 9 2
t 85 47 81 85 79 56 54 61 71 89 76 54
t 63 62 61 64 68 81 71 50 59 78 65 49
t 6 14 24 730 2 16 15 6 20 5 6 8
t 60 72 46 74 65 67 83 88 64 73 48 59
t 57 76 78 81 60 72 81 73 77 86 86 64
t 22 744 16 22 6 14 8 6 16 18 16 1
t 78 77 81 65 62 62 71 73 79 71 84 69
t 7 22 11 4 1 712 13 7 13 2 5 14
t 59 45 66 45 52 52 77 56 79 60 71 87
t 56 46 49 51 64 49 84 66 70 62 54 84
t 67 58 77 70 46 49 82 84 84 85 53 66
t 65 77 45 60 77 52 56 69 57 86 76 53
t 64 56 79 52 68 54 60 69 68 53 49 90
t 16 18 8 13 20 4 11 8 743 1 20 14
t 17 11 2 8 6 14 1 7 12 25 724 14
t 15 713 11 6 5 17 6 7 2 7 13 23
t 88 60 50 87 74 75 54 67 56 73 68 58
t 15 9 20 24 2 717 20 18 3 22 16 14
t 24 24 11 5 25 22 8 17 738 1 14 24
t 6 18 7 3 748 6 23 16 19 20 22 4
t 49 46 76 55 58 86 55 88 75 53 71 63
t 713 8 8 11 15 8 14 4 5 22 4 19
t 66 66 58 73 84 84 64 52 79 60 83 65
t 85 72 89 63 89 90 51 76 50 85 62 72
t 45 59 79 85 79 56 90 85 65 67 82 46
t 81 78 53 69 80 66 77 89 74 85 67 85
t 48 52 58 69 53 76 57 77 74 65 66 87
t 54 72 49 48 73 58 86 68 82 57 83 57
t 11 2 10 19 25 14 6 12 25 739 20 16
t 87 47 63 88 53 82 58 88 65 46 48 56
t 89 61 49 66 61 88 54 45 60 54 51 53
t 87 79 72 71 67 79 65 53 76 53 88 60
t 90 49 48 73 82 90 69 67 61 66 89 76
t 90 80 86 58 57 79 50 46 90 67 79 51
t 86 45 77 68 81 58 61 64 50 51 58 61
t 25 723 25 4 24 1 11 5 10 25 21 3
t 78 62 87 69 82 80 67 79 56 82 81 62
t 14 18 19 16 20 743 15 1 19 7 2 10
t 86 46 79 59 75 66 61 49 66 55 81 63
t 21 12 16 18 17 8 10 2 12 8 735 8
t 8 20 17 23 20 18 11 2 14 19 6 718
t 73 63 64 50 79 73 68 56 68 86 70 68
t 15 1 13 16 21 4 13 14 728 15 22 18
t 9 739 12 11 13 6 13 13 24 6 21 15
t 727 12 12 4 11 15 21 14 23 7 14 8
t 48 65 80 47 62 63 56 85 86 75 75 80
t 67 71 57 59 70 64 66 69 74 75 63 74
t 48 47 82 82 78 50 68 64 90 74 57 53
t 23 23 23 17 17 4 18 12 10 19 17 729
t 17 21 16 20 10 24 22 2 11 723 6 21
t 66 45 47 76 46 51 80 69 47 55 74 74
t 60 70 89 53 68 86 51 45 77 84 60 78
t 56 70 60 50 67 65 74 68 75 68 89 85
t 66 64 56 65 90 70 51 78 90 63 67 47
t 62 81 72 59 70 78 70 77 89 57 81 48
t 21 20 724 19 9 11 6 10 18 15 13 17
t 734 5 24 7 18 20 24 24 11 3 24 22
t 71 77 73 62 80 90 79 86 79 48 81 56
t 90 51 75 56 64 81 83 78 47 60 69 84
t 66 80 85 88 51 71 88 84 48 90 50 46
t 45 73 87 90 59 66 52 46 71 68 86 78
t 89 71 90 74 60 50 55 55 57 73 52 51
t 74 45 64 60 78 86 84 61 51 64 81 51
t 79 53 78 58 52 62 62 50 81 72 75 72
t 67 60 73 85 70 59 86 54 46 51 86 74
t 61 83 63 73 48 81 65 58 79 88 66 58
t 89 53 61 56 83 87 45 63 49 47 52 49
t 84 77 71 73 48 59 57 50 66 62 66 66
t 81 82 72 52 73 85 66 88 80 73 74 65
t 17 19 16 16 712 22 23 1 1 9 7 21
t 22 13 7 7 24 1 19 4 8 14 18 718
t 17 15 3 11 3 23 10 21 7 15 722 19
t 721 17 12 15 17 5 15 15 25 7 13 23
t 85 89 65 50 77 88 62 78 61 50 63 45
t 70 68 50 60 84 71 83 60 73 57 87 66
t 72 52 53 55 46 87 58 69 83 47 86 86
t 5 14 9 11 21 8 12 2 6 747 20 13
t 65 80 83 59 48 78 83 67 67 63 80 77
t 5 2 742 20 15 13 4 7 25 23 6 12
t 79 67 87 89 78 57 63 58 51 88 83 78
t 72 46 54 69 75 69 78 62 75 89 71 77
t 25 1 725 7 16 15 4 11 23 6 5 13
t 60 64 74 82 54 57 48 54 79 86 75 86
t 62 68 64 46 58 53 45 56 87 88 74 67
t 85 88 57 47 46 61 46 71 65 51 78 58
t 84 51 83 67 73 57 61 70 79 71 80 51
t 77 64 88 55 87 72 64 57 66 49 63 83
t 20 25 741 22 7 9 10 9 5 3 22 24
t 87 51 49 65 57 82 90 71 81 75 52 82
t 61 80 47 56 80 57 60 55 72 45 58 50
t 75 65 80 50 80 75 49 81 83 88 85 46
t 52 83 75 82 53 76 47 68 83 66 75 89
t 48 70 58 90 49 58 46 74 80 60 75 75
t 77 78 77 59 48 47 81 47 76 47 68 72
t 6 743 24 4 16 24 11 1 23 11 22 18
t 80 89 57 46 77 51 46 66 57 86 50 60
t 25 14 25 22 7 2 12 711 5 22 19 4
t 12 723 11 13 24 1 22 13 1 11 15 14
t 45 68 53 50 74 86 52 61 82 47 47 90
t 740 11 6 17 7 16 21 9 4 7 25 15
t 83 85 60 60 87 69 55 70 57 50 57 56
t 77 79 63 47 48 61 60 71 57 88 90 76
t 64 87 74 67 81 78 68 74 87 48 83 71
t 80 68 57 74 69 86 88 52 55 56 79 65
t 65 85 51 52 49 55 79 61 48 54 67 74
t 11 3 12 1 7 743 25 17 3 21 20 25
t 87 49 56 51 56 85 87 78 73 75 85 46
t 51 46 58 85 53 45 82 82 86 47 84 64
t 76 66 66 61 48 45 58 79 74 64 78 48
t 8 5 21 4 15 4 19 23 21 2 714 8
t 9 9 24 2 6 4 6 23 714 6 24 1
t 17 11 11 733 9 14 11 21 6 5 11 11
t 18 14 25 2 4 712 16 21 24 10 11 13
t 22 11 23 17 2 727 10 5 18 10 4 1
t 50 57 53 85 81 88 47 67 73 75 49 72
t 53 63 85 64 88 86 62 84 74 49 73 56
t 89 79 81 82 55 81 56 86 62 50 71 49
t 74 79 78 60 85 60 54 78 60 88 47 87
t 63 77 66 75 51 57 86 89 56 46 51 73
t 73 73 64 88 53 82 86 59 74 67 68 45
t 9 5 23 733 25 17 5 6 23 10 7 16
t 59 83 50 90 68 81 68 48 87 71 52 81
t 57 86 74 72 69 54 65 60 60 53 48 85
t 5 17 6 717 2 19 5 17 20 24 5 7
t 14 25 7 3 8 1 25 13 22 13 720 5
t 4 6 743 7 14 3 17 16 14 12 12 12
t 89 85 49 64 51 72 50 55 52 53 69 57
t 51 61 89 60 64 65 84 65 54 78 69 46
t 47 72 63 77 63 60 51 79 76 68 64 65
t 4 12 1 16 24 7 9 8 9 19 8 736
t 89 48 57 50 88 48 67 78 58 89 60 74
t 1 19 714 4 13 19 4 25 14 20 20 17
t 45 64 63 81 50 54 80 60 68 54 66 81
t 87 65 45 71 54 53 55 78 61 76 63 62
t 50 87 71 90 59 62 84 74 48 51 54 68
t 51 55 65 83 72 86 72 46 88 69 53 87
t 50 80 75 78 86 47 88 90 80 53 47 82
t 23 14 8 3 4 12 20 23 21 4 748 16
t 1 19 18 4 16 18 1 3 1 3 6 720
t 70 47 52 87 66 83 62 78 81 50 53 79
t 71 65 81 59 59 90 79 70 78 81 50 81
t 73 52 73 47 84 64 70 57 77 89 57 86
t 4 17 25 17 12 17 5 18 22 1 745 4
t 50 60 65 57 52 65 47 87 74 51 56 81
t 52 83 69 80 48 68 72 53 81 60 51 55
t 1 22 13 9 14 24 7 743 14 15 19 4
t 746 16 16 25 22 3 24 10 12 1 15 18
t 12 22 717 7 14 12 9 1 25 4 20 22
t 71 52 51 69 72 49 78 58 54 80 84 88
t 19 4 15 22 22 8 5 710 6 4 11 24
t 79 83 56 75 73 50 61 89 71 47 76 85
t 5 13 8 2 21 717 15 1 3 2 18 4
t 55 85 59 52 66 72 47 54 89 82 85 65
t 50 50 70 64 68 63 73 85 47 59 60 83
t 67 53 66 78 69 69 82 50 70 64 81 58
t 82 81 55 64 80 45 55 71 45 85 61 69
t 14 6 721 4 11 11 4 16 14 22 11 24
t 12 16 15 9 5 3 19 21 2 6 731 16
t 20 24 2 1 5 18 11 12 10 10 7 744
t 71 52 61 75 79 54 75 62 78 65 64 61
t 744 1 13 3 3 8 18 1 14 15 20 24
t 8 14 1 3 6 23 3 9 25 12 12 710
t 56 52 63 83 57 68 66 57 63 51 89 50
t 47 77 88 85 85 64 73 89 55 49 64 88
t 55 59 52 88 46 83 89 85 78 80 48 88
t 15 23 8 12 21 5 15 15 2 745 24 10
t 2 21 7 20 10 8 727 23 25 23 2 12
t 86 61 63 58 50 59 54 71 54 50 66 45
t 88 49 46 60 54 59 49 88 51 76 66 75
t 48 79 52 70 49 81 54 61 64 54 53 80
t 64 79 45 85 47 68 56 82 89 70 80 72
t 74 68 46 67 46 49 81 85 69 81 59 75
t 75 72 51 71 69 81 84 66 70 47 64 45
t 68 86 75 63 82 81 85 80 55 68 73 64
t 21 19 10 17 18 7 16 15 5 717 6 11
t 62 86 53 89 77 81 55 63 50 49 68 90
t 79 59 75 87 51 71 47 64 54 86 57 64
t 25 19 14 8 19 24 4 21 15 728 19 12
t 45 69 53 85 62 61 73 87 89 46 79 78
t 51 67 68 57 54 79 87 77 50 83 55 85
t 47 51 76 74 59 60 90 85 54 71 59 80
t 16 24 20 3 5 21 10 10 7 1 742 14
t 25 9 728 24 22 17 20 23 24 20 21 14
t 12 716 13 4 10 14 16 5 22 19 14 20
t 5 16 25 9 2 733 13 10 18 3 14 21
t 53 46 76 57 57 85 65 56 73 45 82 79
t 73 85 82 55 59 67 70 55 60 45 86 81
t 74 87 52 58 82 72 85 65 90 45 85 53
t 62 81 47 62 56 76 58 59 65 56 90 74
t 74 73 57 71 85 84 51 82 61 81 58 69
t 72 84 45 46 69 85 47 75 70 63 76 83
t 23 22 6 19 7 25 23 8 744 14 24 6
t 724 8 16 19 8 6 13 9 20 10 22 22
t 9 8 21 15 3 3 6 17 16 4 727 6
t 49 80 60 85 59 62 45 86 71 69 60 87
t 9 21 24 14 24 8 20 718 9 10 21 6
t 21 6 14 11 4 15 16 13 25 737 23 14
t 66 89 61 60 89 55 46 56 45 81 75 82
t 51 79 51 48 88 52 76 54 49 68 82 87
t 15 7 719 18 16 14 7 12 11 24 16 25
t 89 45 61 54 49 64 82 56 86 89 68 71
t 10 10 717 17 4 1 5 9 2 12 14 21
t 66 76 88 90 69 58 87 81 81 50 82 50
t 67 84 64 66 88 57 86 84 77 80 72 86
t 86 78 63 59 45 89 64 61 59 53 56 77
t 10 20 17 1 7 1 23 9 3 9 20 741
t 19 15 714 7 21 19 24 24 9 25 3 10
t 75 80 48 70 64 48 89 60 58 77 65 63
t 8 22 19 726 2 1 5 24 17 22 23 16
t 68 84 60 47 73 71 50 52 58 87 73 62
t 21 3 747 16 7 6 22 14 2 24 13 12
t 79 77 69 87 76 79 76 50 83 70 77 88
t 56 59 75 66 85 59 47 59 46 46 76 67
t 66 89 51 59 68 90 46 71 58 76 76 68
t 68 58 84 55 47 81 84 45 47 81 51 58
t 3 6 9 749 12 18 9 3 10 25 9 7
t 74 84 50 68 90 45 62 63 56 79 51 85
t 56 58 61 63 69 69 58 54 82 82 73 69
t 45 53 76 69 75 49 79 86 89 90 75 53
t 67 80 81 90 71 82 58 48 67 85 61 63
t 84 47 84 82 54 51 47 72 75 55 47 62
t 68 59 48 82 71 63 81 66 52 58 65 68
t 47 89 59 46 53 84 84 57 64 81 83 80
t 63 60 49 77 60 87 53 45 55 65 81 89
t 1 16 18 5 20 23 17 13 15 722 19 23
t 88 62 64 65 61 88 53 58 82 64 78 76
t 748 1 6 1 11 25 23 4 22 15 21 19
t 72 68 60 56 51 50 65 88 79 54 84 49
t 56 88 52 62 54 63 73 83 84 67 59 62
t 90 86 71 75 65 68 62 58 61 61 75 51
t 726 11 7 25 22 12 5 6 22 21 18 8
t 6 13 24 725 11 10 13 8 25 23 21 12
t 64 89 52 80 67 77 45 72 66 79 66 79
t 61 76 57 51 58 50 77 66 50 80 68 54
t 90 65 63 55 46 82 64 69 51 65 75 87
t 13 9 714 2 22 2 2 3 10 16 24 24
t 53 79 87 80 87 64 49 74 90 52 81 84
t 63 64 53 45 66 80 47 48 59 66 85 48
t 80 46 86 65 71 69 64 73 49 58 66 49
t 82 74 90 69 64 71 81 73 55 73 65 61
t 65 78 55 45 72 59 76 49 78 61 62 79
t 57 66 90 55 80 84 60 72 86 62 46 78
t 76 52 52 52 84 79 86 86 71 87 46 53
t 78 87 46 62 78 63 73 62 49 48 80 89
t 81 78 77 54 72 47 52 80 54 65 57 87
t 56 76 61 76 73 45 64 85 52 51 53 84
t 76 88 67 79 59 72 83 47 88 67 59 78
t 10 25 12 6 24 17 13 713 17 17 23 17
t 47 49 61 83 87 75 50 80 50 49 47 46
t 69 71 76 83 67 46 67 66 59 59 89 76
t 21 12 10 22 13 14 23 23 712 21 9 1
t 4 2 21 19 4 22 25 7 12 23 22 713
t 79 50 64 52 58 90 79 45 83 63 77 57
t 78 58 81 61 60 70 86 58 65 71 60 82
t 15 12 728 24 8 7 24 21 5 15 24 23
t 65 63 82 49 49 46 80 45 47 52 69 86
t 58 83 51 72 66 71 57 76 48 48 58 78
t 58 72 60 46 71 80 50 84 51 79 73 87
t 65 71 67 65 51 70 86 49 68 81 70 82
t 56 87 67 86 63 63 73 74 62 88 60 77
t 17 22 25 4 20 19 11 13 3 14 15 729
t 70 74 48 75 52 50 49 49 66 73 55 64
t 49 78 71 64 74 70 53 76 69 88 79 50
t 90 87 80 80 89 71 45 61 71 79 55 51
t 54 74 48 83 67 57 67 56 72 59 87 53
t 741 23 3 16 5 23 3 25 2 8 23 10
t 25 6 8 5 2 735 5 17 22 12 3 14
t 56 53 79 47 49 78 56 78 85 70 77 83
t 19 9 16 16 737 10 24 17 17 12 24 18
t 89 56 66 64 56 49 88 63 49 45 76 85
t 50 76 67 78 55 55 47 83 90 69 86 58
t 7 1 24 24 743 19 5 25 25 24 2 1
t 54 66 87 82 58 60 66 81 65 57 45 69
t 78 81 70 59 59 85 71 69 73 45 57 88
t 84 81 68 62 87 69 68 72 87 87 75 51
t 81 74 72 70 64 70 52 68 74 73 69 75
t 62 51 58 53 48 82 72 89 69 62 81 85
t 65 69 46 84 48 65 88 58 88 78 58 52
t 81 67 62 64 68 78 59 55 71 47 55 81
t 67 69 70 83 68 54 59 65 50 61 57 45
t 47 46 80 70 72 46 51 45 57 47 62 77
t 23 17 24 17 14 9 1 733 10 7 24 4
t 65 77 71 60 78 80 84 76 62 66 64 75
t 86 52 78 70 53 58 74 84 48 78 90 66
t 21 14 23 19 7 21 11 9 23 21 749 3
t 5 20 2 717 2 24 15 21 11 22 21 10
t 10 3 18 4 4 10 17 9 16 15 736 3
t 3 7 16 17 3 8 13 12 16 8 739 3
t 87 67 64 63 72 52 68 76 77 81 71 50
t 86 62 88 60 64 68 66 74 85 62 76 81
t 90 57 71 53 84 75 63 73 67 56 57 79
t 14 18 24 21 15 23 23 15 7 19 1 741
t 48 77 78 77 82 85 65 79 50 51 89 62
t 10 18 16 20 11 3 19 17 721 14 21 3
t 66 76 60 49 70 55 76 65 57 79 89 90
t 60 76 88 65 80 75 84 49 90 84 48 83
t 79 73 70 51 64 79 62 86 58 73 52 78
t 66 70 60 82 76 51 58 89 65 48 63 85
t 22 24 20 16 22 15 743 22 14 4 24 13
t 60 59 84 74 85 75 73 54 56 52 89 66
t 8 721 6 18 18 14 12 22 3 2 25 21
t 56 87 89 61 84 80 77 66 53 80 45 67
t 84 63 69 50 79 82 87 45 77 90 49 89
t 73 75 50 70 83 77 72 82 59 62 49 55
t 56 60 69 48 73 54 80 46 64 56 55 63
t 1 6 11 21 9 715 10 16 2 14 20 8
t 12 20 2 23 7 4 12 15 6 745 16 18
t 61 62 55 57 72 83 64 50 68 68 47 66
t 90 90 83 51 65 74 59 70 81 76 53 76
t 88 58 55 55 79 86 67 77 78 90 84 77
t 62 48 72 51 57 76 56 58 54 81 78 75
t 68 45 85 59 74 61 78 71 80 87 90 57
t 710 22 14 23 22 9 18 8 1 14 9 11
t 24 11 22 9 22 6 5 23 5 24 25 725
t 8 20 720 17 24 22 20 2 23 7 11 8
t 47 58 58 47 76 73 76 49 80 56 45 77
t 18 2 23 7 10 3 3 17 713 12 6 3
t 54 83 78 88 73 86 73 48 49 48 71 85
t 14 4 6 24 18 15 19 24 25 723 18 19
t 82 75 75 50 63 87 84 62 48 65 81 53
t 2 17 715 18 2 18 3 25 2 9 25 5
t 14 14 19 23 14 1 731 9 6 4 5 11
t 18 20 25 21 722 6 6 7 10 15 8 19
t 59 59 72 72 55 79 78 63 56 62 70 48
t 84 53 45 70 80 50 57 90 74 85 83 65
t 57 72 80 74 89 61 85 89 48 68 54 46
t 10 21 14 21 738 2 3 19 20 19 15 25
t 82 72 54 83 60 81 74 71 78 68 76 71
t 57 79 53 69 73 60 72 67 50 63 75 57
t 18 13 14 732 7 5 14 17 8 3 9 4
t 83 73 87 50 68 56 75 83 78 73 80 81
t 15 746 24 17 13 7 13 2 13 3 6 1
t 80 62 78 65 52 73 49 76 50 73 64 73
t 60 60 77 79 75 81 70 49 66 64 82 56
t 81 85 78 90 47 60 49 55 63 65 70 52
t 46 69 74 53 69 81 79 52 57 47 85 65
t 76 56 69 72 66 83 65 88 53 73 74 56
t 58 54 68 84 77 57 70 73 86 82 73 62
t 65 64 45 85 45 51 71 78 90 52 56 84
t 78 81 74 60 76 46 71 67 48 63 77 66
t 90 63 69 48 90 66 71 84 78 60 79 47
t 54 45 58 45 46 59 63 49 72 53 62 74
t 2 13 13 10 16 9 20 13 2 731 8 25
t 12 731 17 9 9 25 2 10 6 19 13 5
t 85 68 66 70 89 78 45 61 46 63 65 59
t 16 25 1 11 9 5 4 5 714 7 3 1
t 1 18 736 22 5 9 17 13 21 11 14 3
t 7 2 20 18 736 1 10 16 7 17 8 7
t 18 8 4 22 7 12 733 17 16 24 7 24
t 82 48 57 57 50 88 67 45 87 56 69 50
t 78 58 71 66 86 56 79 57 78 58 82 64
t 85 59 66 66 60 78 84 50 67 88 47 88
t 62 53 78 62 68 86 50 73 49 48 48 65
t 16 14 22 23 719 22 1 15 4 19 13 14
t 8 21 8 22 16 5 737 18 15 1 14 9
t 86 85 54 52 45 59 49 49 46 47 58 74
t 23 17 10 16 14 1 734 22 10 19 16 15
t 12 23 7 11 21 15 6 15 15 20 8 732
t 85 69 71 47 49 64 63 54 76 79 66 73
t 79 90 51 68 68 65 72 62 51 63 73 69
t 24 722 1 4 10 8 9 15 25 25 20 22
t 82 74 61 76 81 73 59 83 65 50 48 70
t 60 86 50 67 72 61 66 51 70 82 79 60
t 56 66 72 73 72 64 83 66 48 77 90 86
t 84 62 87 84 52 75 46 69 60 66 55 89
t 59 57 62 88 51 45 83 70 50 62 52 58
t 21 4 18 4 7 15 7 23 6 2 10 742
t 19 10 3 17 6 18 16 2 1 716 21 3
t 3 21 9 25 21 14 724 10 24 3 19 5
t 85 77 50 75 65 86 81 68 81 77 80 81
t 74 58 77 74 51 55 55 59 65 47 63 88
t 55 54 47 74 87 71 50 62 56 85 66 74
t 54 71 49 45 86 90 77 57 65 76 63 77
t 20 15 22 10 22 19 22 5 748 10 9 2
t 77 86 86 63 78 60 62 45 69 65 68 64
t 17 5 17 11 23 22 13 3 728 6 23 12
t 50 80 88 53 68 72 88 60 79 51 61 89
t 81 66 61 66 60 57 81 64 52 81 68 88
t 15 715 10 10 8 19 16 9 22 9 2 14
t 64 59 88 80 82 88 51 83 76 63 74 45
t 25 16 721 16 6 14 1 19 9 18 21 25
t 742 2 12 2 13 14 21 4 10 17 4 10
t 17 21 20 12 23 24 22 738 6 22 3 6
t 16 13 22 15 24 1 19 721 13 22 6 16
t 8 6 11 24 25 713 21 5 7 19 8 15
t 64 77 87 60 45 58 47 88 74 81 57 67
t 17 11 19 10 22 15 7 11 725 11 10 1
t 82 56 59 84 54 49 55 55 56 49 65 57
t 85 70 71 88 62 61 64 79 85 68 71 51
t 68 65 64 45 68 87 45 88 70 78 57 48
t 82 48 50 74 80 61 48 46 48 81 73 59
t 75 74 56 53 45 82 54 66 58 83 64 60
t 24 3 24 18 6 21 17 2 8 723 13 15
t 15 24 8 3 16 3 7 18 6 24 725 7
t 77 48 67 60 48 59 74 45 70 57 47 58
t 10 1 723 4 13 7 25 5 16 6 25 8
t 8 16 12 2 12 25 9 731 22 15 15 15
t 67 67 76 45 50 81 72 66 49 50 54 50
t 17 22 720 12 11 21 2 10 22 25 24 2
t 71 83 80 56 70 83 78 89 78 47 87 79
t 21 23 12 21 720 4 13 18 20 12 18 17
t 77 65 89 62 80 49 45 53 80 83 90 70
t 77 55 51 90 51 77 53 76 54 78 79 79
t 14 732 3 22 10 18 1 3 9 15 4 2
t 78 47 74 90 60 78 55 57 63 62 73 59
t 7 19 1 20 2 23 746 4 3 21 7 5
t 23 11 11 13 8 17 18 733 4 1 4 18
t 13 738 2 1 14 1 6 22 24 7 4 13
t 65 77 71 89 68 57 71 78 48 56 58 80
t 25 724 16 15 23 15 2 20 9 19 14 21
t 3 10 8 749 16 6 14 11 18 25 19 8
t 83 71 70 82 74 56 49 69 77 46 79 86
t 49 63 74 78 67 48 74 65 86 83 68 61
t 82 83 69 55 61 63 59 60 54 58 59 82
t 82 52 73 85 67 73 57 51 67 45 52 55
t 18 17 3 8 1 3 17 710 17 13 17 7
t 55 80 58 56 83 63 45 70 58 84 64 59
t 76 46 79 45 66 65 88 78 68 65 46 87
t 25 15 11 11 15 15 21 17 3 16 12 714
t 54 46 80 89 79 83 59 71 77 86 61 81
t 17 14 3 5 11 14 17 5 8 7 20 732
t 4 10 10 9 734 18 14 19 16 6 24 24
t 55 49 81 59 46 79 59 55 67 61 59 70
t 63 69 88 53 80 71 58 72 67 77 75 68
t 89 79 58 59 49 75 64 65 71 89 53 58
t 65 89 77 85 72 77 74 50 67 57 82 56
t 61 77 61 72 64 45 62 56 80 48 83 86
t 57 46 75 61 82 76 55 49 67 51 55 60
t 55 49 62 69 55 51 54 64 48 53 62 50
t 53 59 61 47 51 90 83 80 82 45 61 82
t 53 64 54 85 46 69 66 86 58 56 89 49
t 67 51 79 52 63 63 75 80 57 49 53 71
t 87 63 76 66 85 84 90 67 65 88 57 46
t 18 10 4 14 18 4 24 22 8 9 13 733
t 89 58 58 49 70 47 86 50 84 80 80 55
t 10 7 714 14 10 8 18 17 12 23 1 2
t 58 82 76 74 73 88 46 86 56 61 67 80
t 63 63 74 84 79 77 79 81 66 75 90 49
t 87 49 62 89 69 65 51 65 47 60 76 73
t 56 54 56 53 76 85 56 61 49 57 45 49
t 22 18 1 716 19 17 23 1 11 13 18 23
t 78 53 84 68 73 68 47 62 46 57 81 69
t 51 54 78 56 86 47 47 85 49 63 75 74
t 12 10 20 11 13 7 18 24 8 15 728 13
t 78 53 58 66 78 61 55 80 82 67 52 50
t 5 8 25 15 24 22 18 5 715 3 16 8
t 20 4 21 19 6 11 25 16 1 18 722 1
t 82 53 65 49 56 89 90 72 53 81 80 50
t 8 15 21 3 24 24 5 24 747 3 9 24
t 90 83 84 85 50 56 49 75 53 59 70 63
t 54 48 53 77 77 89 62 73 50 55 67 74
t 71 74 69 56 50 61 48 72 81 72 75 55
t 72 62 65 51 86 51 73 90 67 89 75 45
t 3 4 9 11 22 21 16 6 18 21 732 18
t 63 58 48 84 84 86 66 57 71 63 63 88
t 4 24 10 19 22 10 7 3 16 20 736 24
t 49 75 83 63 68 51 45 64 76 55 74 66
t 50 49 59 78 82 62 50 48 57 79 90 76
t 50 79 79 60 64 45 82 65 48 84 90 85
t 24 20 10 1 22 4 20 15 18 19 19 735
t 21 8 6 749 17 19 14 10 12 18 25 12
t 63 79 78 57 85 61 60 80 52 85 79 56
t 12 14 729 12 24 20 25 20 2 4 18 11
t 7 20 21 1 6 13 25 716 21 25 17 17
t 52 64 46 60 82 54 51 89 54 45 76 49
t 81 80 56 54 86 87 79 71 46 51 55 79
t 1 11 719 12 13 6 22 20 14 7 21 5
t 11 4 21 7 3 24 12 20 2 25 12 715
t 741 13 15 6 20 2 25 4 16 22 24 15
t 728 4 10 23 17 9 15 22 9 24 12 12
t 15 13 20 1 743 13 19 19 10 3 18 22
t 1 10 17 15 6 5 20 723 11 7 5 8
t 18 20 23 11 18 740 4 8 9 19 1 1
t 730 2 25 10 25 12 15 11 19 14 15 25
t 86 59 85 79 80 73 49 66 66 68 71 75
t 77 60 85 77 90 54 73 69 86 77 64 71
t 50 81 72 53 63 79 69 74 81 62 80 46
t 62 57 80 50 88 87 82 55 77 74 90 73
t 5 6 7 5 16 17 6 14 12 743 18 1
t 60 67 47 68 58 87 79 54 86 58 68 89
t 20 18 2 17 9 5 19 711 3 7 5 2
t 61 69 72 59 49 75 58 81 71 64 48 82
t 84 47 46 65 54 46 85 75 49 64 59 57
t 48 61 46 89 86 59 74 71 51 55 87 68
t 65 49 53 70 85 55 54 85 46 83 85 69
t 46 46 58 70 75 50 83 73 83 46 50 52
t 60 89 86 61 75 48 73 48 50 53 82 45
t 19 9 11 21 19 10 17 21 3 711 5 25
t 21 4 15 20 12 18 9 15 715 2 7 10
t 19 9 6 1 9 13 9 24 716 2 12 5
t 78 46 71 67 78 62 54 86 89 83 63 81
t 68 48 69 58 59 79 88 82 76 46 84 73
t 68 75 78 78 81 83 66 56 86 67 53 54
t 4 9 710 2 25 7 23 16 14 19 7 2
t 76 55 68 66 66 81 54 45 45 65 62 47
t 733 25 25 1 14 19 16 20 16 24 7 10
t 63 79 55 80 47 69 67 55 81 59 48 74
t 1 20 18 24 720 13 14 21 2 11 25 6
t 53 60 74 54 63 73 62 78 52 51 57 76
t 46 52 74 87 60 68 84 47 75 46 82 57
t 69 82 88 53 60 89 68 83 73 46 64 86
t 51 67 71 62 65 49 61 55 74 71 55 47
t 77 79 70 63 48 51 87 83 47 66 87 70
t 78 72 68 76 83 73 55 90 61 71 76 63
t 52 58 71 45 83 52 54 66 62 73 82 65
t 6 13 4 15 10 10 2 8 19 6 16 717
t 16 20 7 5 18 725 8 17 24 4 13 5
t 84 63 55 89 50 75 61 47 85 73 46 48
t 21 20 15 21 5 21 5 19 744 4 19 20
t 6 19 13 4 1 719 7 25 18 1 2 23
t 75 65 45 54 45 88 82 60 47 62 55 74
t 2 1 13 17 14 732 5 20 23 1 20 6
t 78 50 73 73 74 62 45 62 63 52 81 61
t 57 74 46 74 52 87 81 71 48 71 77 73
t 67 60 55 86 67 52 87 90 61 70 90 45
t 67 73 47 85 60 46 62 78 79 72 72 68
t 61 54 63 49 45 73 50 58 77 67 83 80
t 49 84 84 90 69 83 88 88 69 45 72 82
t 58 89 80 85 60 51 84 82 83 90 66 47
t 66 90 73 88 70 83 70 53 61 81 65 83
t 58 63 90 85 62 76 69 84 51 50 48 70
t 76 64 70 80 70 61 51 57 46 50 52 63
t 21 2 17 11 12 22 10 1 6 19 15 741
t 74 73 53 90 48 70 63 56 64 64 83 73
t 76 77 74 71 68 75 84 47 57 61 81 57
t 69 83 81 76 60 59 61 61 47 51 81 69
t 13 15 17 18 738 3 19 25 6 6 4 12
t 14 14 8 732 15 18 6 13 8 5 17 9
t 86 62 48 63 87 76 89 80 47 78 66 86
t 19 21 17 2 12 9 25 734 17 10 11 5
t 4 10 13 13 20 18 1 9 736 22 4 16
t 2 740 16 1 14 23 4 11 24 7 10 7
t 50 62 73 57 70 87 90 68 45 64 56 62
t 83 72 49 82 53 45 79 80 63 60 75 58
t 2 18 15 1 13 14 1 5 735 15 19 25
t 45 50 73 90 57 73 59 76 88 81 86 51
t 66 86 87 90 70 72 83 60 71 76 77 45
t 80 80 90 88 58 70 71 81 73 58 72 46
t 71 52 48 87 85 66 47 90 79 63 56 72
t 82 59 82 71 88 58 53 52 69 45 70 71
t 80 66 87 51 55 71 59 63 70 81 86 76
t 10 20 1 9 23 12 18 2 722 25 16 14
t 6 8 12 735 15 6 15 1 6 17 13 20
t 15 6 1 20 1 22 7 17 23 749 24 2
t 50 46 59 76 55 76 78 87 70 52 79 72
t 45 85 63 74 77 51 49 82 63 90 79 46
t 62 53 63 80 58 55 51 55 89 73 62 54
t 20 15 12 18 5 23 2 23 4 740 18 25
t 70 89 56 77 72 71 61 63 65 87 53 85
t 61 60 89 50 57 58 46 80 53 88 83 64
t 84 52 51 45 86 77 49 68 69 56 58 80
t 84 53 71 74 77 54 49 79 85 62 81 90
t 2 22 8 19 16 710 12 15 23 20 7 18
t 49 79 47 81 79 64 83 53 67 81 61 53
t 19 11 13 22 11 2 18 19 17 24 21 740
t 52 81 61 87 79 62 85 78 55 54 46 66
t 45 46 87 77 81 87 90 68 62 71 55 83
t 10 3 24 4 22 11 13 13 19 710 25 20
t 88 53 85 72 47 75 75 50 46 85 87 54
t 7 14 732 24 3 16 5 17 12 2 11 24
t 22 4 15 21 25 18 24 23 14 13 24 723
t 65 90 68 90 89 81 54 75 66 77 89 68
t 13 16 25 16 4 717 4 9 9 3 12 11
t 69 74 54 63 88 85 58 82 80 81 66 69
t 88 77 67 70 68 51 77 76 60 82 65 87
t 1 8 8 10 2 17 735 1 12 14 25 2
t 10 23 13 2 24 5 21 9 8 17 733 6
t 20 6 24 714 14 16 21 8 5 13 10 10
t 73 69 46 72 63 67 57 90 65 53 46 68
t 23 22 22 4 19 2 9 23 11 2 727 19
t 9 2 17 2 11 17 8 1 21 6 746 9
t 12 11 23 8 25 22 9 13 1 21 741 3
t 22 12 16 22 13 13 19 723 6 2 12 24
t 48 54 79 84 65 82 79 62 86 58 46 90
t 65 46 50 69 65 63 86 66 66 50 67 49
t 4 22 5 18 11 10 2 20 714 19 22 9
t 66 88 74 57 69 56 57 77 63 56 71 61
t 90 49 70 81 65 56 76 73 81 76 64 87
t 48 90 69 63 68 54 58 86 46 56 86 47
t 5 3 3 717 7 15 10 13 11 12 13 25
t 71 78 73 49 85 90 69 60 81 55 69 69
t 21 15 17 5 18 8 5 724 1 7 4 5
t 54 68 60 56 89 85 52 51 65 57 51 76
t 21 16 731 2 5 13 12 1 23 4 21 3
t 24 24 25 8 18 724 6 9 8 15 9 10
t 54 75 54 82 87 64 77 50 78 76 82 77
t 87 77 49 86 75 59 52 46 51 67 61 69
t 6 10 25 12 6 15 10 14 711 16 17 8
t 11 12 9 19 2 20 1 17 3 2 728 25
t 70 69 77 79 88 68 55 56 81 56 78 54
t 56 68 58 45 57 74 58 70 82 82 83 89
t 2 14 20 18 11 14 21 10 748 10 10 3
t 52 63 47 66 48 84 45 66 79 79 52 87
t 734 14 4 25 9 6 16 21 24 10 3 2
t 84 55 53 56 78 71 46 54 87 76 76 46
t 719 22 25 6 4 10 15 14 15 15 7 23
t 60 79 84 55 58 90 63 87 63 57 47 90
t 21 23 15 18 19 1 21 17 712 12 25 3
t 72 74 53 82 59 47 77 83 61 57 76 50
t 85 71 81 84 52 58 62 73 60 51 52 55
t 84 51 89 83 80 56 71 65 71 83 66 54
t 12 13 11 6 6 23 24 13 18 1 747 14
t 54 62 48 69 49 64 76 69 57 72 49 47
t 62 84 53 57 83 84 55 81 56 76 77 60
t 55 56 53 76 87 51 64 71 52 55 70 66
t 714 25 4 23 16 23 16 15 19 25 16 1
t 8 2 724 17 19 10 13 1 14 10 25 2
t 62 56 69 57 67 67 76 77 72 53 53 88
t 79 46 89 55 85 64 71 62 66 78 68 84
t 5 729 22 6 12 1 22 3 15 14 21 9
t 58 55 73 80 90 83 58 64 90 87 50 87
t 68 54 47 78 45 81 51 84 86 57 45 71
t 87 53 59 67 68 71 76 64 54 74 64 47
t 59 62 61 53 82 90 62 54 60 88 79 50
t 78 65 55 50 79 89 74 76 79 53 83 59
t 69 66 89 85 73 73 87 55 80 57 85 82
t 52 49 61 86 64 51 84 86 88 83 62 54
t 49 80 60 62 67 47 80 90 60 54 71 66
t 79 64 89 69 83 59 47 86 66 51 55 54
t 23 741 14 6 15 10 8 14 23 22 5 9
t 68 88 56 88 53 53 72 76 75 61 76 51
t 19 16 13 20 2 10 1 6 12 12 729 13
t 12 24 11 2 24 9 742 5 4 18 15 16
t 23 2 10 6 718 2 11 20 8 23 12 21
t 84 89 55 79 50 49 48 62 77 51 89 50
t 61 80 80 66 82 58 73 47 73 65 77 68
t 6 6 3 24 712 9 7 3 1 1 9 25
t 84 67 67 82 77 67 71 76 57 45 68 51
t 61 53 46 57 81 67 58 81 70 48 45 59
t 52 64 86 65 54 74 79 49 49 49 90 89
t 19 4 725 1 24 16 8 19 2 21 16 15
t 17 4 10 13 735 6 21 18 16 7 2 15
t 79 59 67 76 66 69 84 69 55 78 56 64
t 20 20 17 11 8 12 17 718 23 3 10 8
t 729 11 22 22 24 19 14 11 17 15 18 20
t 52 87 71 68 67 84 75 65 70 74 45 58
t 45 75 81 47 57 66 48 76 51 58 75 48
t 57 61 76 53 62 64 48 82 61 86 90 67
t 18 9 22 15 3 25 25 745 2 20 11 6
t 67 58 62 52 62 67 46 59 78 67 53 46
t 19 10 717 13 18 9 21 1 5 1 5 13
t 7 17 13 16 10 7 10 11 5 737 16 6
t 16 15 4 3 23 742 20 1 19 18 23 16
t 2 9 24 23 14 718 24 16 8 17 6 9
t 70 87 51 57 84 81 51 63 59 71 87 65
t 88 53 47 47 87 50 86 51 84 85 56 84
t 13 18 24 18 6 22 8 21 18 734 16 9
t 74 89 75 73 74 52 45 45 60 84 76 82
t 76 58 60 67 82 54 58 54 51 56 83 45
t 60 80 69 63 55 78 80 70 64 75 67 49
t 67 89 52 72 84 61 54 62 67 61 51 78
t 68 64 89 80 77 48 71 61 64 46 78 62
t 5 9 13 24 4 8 15 3 17 733 16 2
t 58 55 74 73 87 55 58 53 54 85 66 57
t 79 60 85 51 59 81 56 77 78 53 80 52
t 72 79 81 48 47 51 88 64 51 62 76 57
t 6 14 3 7 11 19 16 8 19 25 725 1
t 74 77 80 74 51 48 84 81 51 60 79 56
t 80 59 54 59 67 65 88 65 75 53 79 70
t 58 90 87 50 45 58 65 57 59 80 48 46
t 84 77 64 71 46 71 88 63 79 60 62 90
t 78 77 46 69 64 88 78 80 55 51 49 51
t 4 734 2 10 2 5 14 16 8 8 24 10
t 15 12 24 715 24 8 1 24 4 22 6 21
t 71 69 46 71 82 55 84 51 78 60 54 87
t 18 12 11 12 5 12 18 744 15 9 3 20
t 3 6 9 712 15 22 9 17 3 24 24 4
t 58 51 58 51 52 90 78 72 70 60 53 79
t 52 88 82 89 89 70 70 78 82 46 90 85
t 64 88 53 67 73 85 84 45 69 57 69 67
t 61 45 84 48 69 78 51 78 67 85 65 90
t 81 67 86 45 82 53 76 54 76 74 78 77
t 49 49 58 90 69 71 58 82 56 85 69 50
t 17 11 8 25 732 14 4 24 16 8 10 21
t 17 13 5 2 11 16 25 18 19 743 9 2
t 1 1 4 19 9 6 8 5 15 19 13 745
t 66 71 86 76 88 81 64 60 72 55 53 45
t 11 1 3 24 10 23 16 725 20 10 2 22
t 10 21 7 18 24 723 14 25 3 16 3 20
t 66 76 72 86 61 59 81 73 62 66 54 60
t 76 68 59 66 89 66 51 51 84 72 82 54
t 727 10 20 19 17 9 24 7 2 20 20 18
t 4 736 12 23 1 25 19 12 13 1 17 2
t 17 15 726 15 16 21 11 14 7 7 14 14
t 65 86 57 49 61 54 49 52 46 82 77 85
t 743 16 9 6 12 9 10 4 5 6 2 4
t 76 45 87 46 79 80 78 84 78 47 59 82
t 13 6 23 24 13 4 24 21 6 10 710 21
t 51 68 49 69 59 63 83 61 74 54 89 49
t 7 10 2 17 2 24 15 727 2 8 7 6
t 82 77 67 83 77 84 78 61 66 58 69 59
t 80 79 78 80 59 53 70 69 51 68 85 80
t 73 57 63 46 46 69 48 83 72 64 72 88
t 58 74 73 73 48 86 75 54 46 51 52 60
t 71 66 45 69 65 82 83 52 70 45 74 81
t 15 23 725 1 8 17 6 9 25 21 15 23
t 14 3 17 19 7 22 19 730 12 23 18 8
t 10 1 10 22 723 15 19 1 7 11 9 6
t 89 89 47 80 64 57 57 62 74 89 59 57
t 83 47 87 79 58 60 71 50 78 71 81 66
t 61 65 84 52 87 55 57 60 70 89 83 53
t 51 62 83 54 81 77 47 73 59 64 60 71
t 5 13 15 6 3 24 18 4 2 21 12 711
t 58 48 56 80 82 69 88 74 54 54 77 76
t 82 86 76 83 47 69 61 75 74 48 48 69
t 18 17 1 23 12 22 717 11 2 20 9 17
t 50 85 53 77 83 55 47 65 76 87 64 60
t 711 9 19 12 19 14 1 14 22 5 15 18
t 72 62 47 70 48 65 82 70 73 51 75 77
t 3 22 17 11 3 18 10 2 735 12 15 14
t 88 63 68 78 69 65 81 86 61 45 80 64
t 13 23 4 749 3 18 10 7 21 13 21 15
t 24 8 1 19 13 5 734 16 3 22 11 8
t 61 81 58 71 54 53 54 63 64 63 47 82
t 55 54 68 49 54 74 65 79 85 68 46 57
t 48 52 51 70 85 69 64 51 87 61 73 66
t 24 17 11 5 740 18 24 8 3 4 22 21
t 56 73 57 76 50 62 83 52 72 64 72 61
t 55 81 70 69 73 82 50 75 68 90 82 55
t 51 52 88 54 85 54 83 87 84 59 56 65
t 64 61 62 45 70 50 86 61 72 73 74 49
t 12 25 19 25 15 731 24 20 15 18 11 23
t 80 75 77 88 88 47 63 85 64 82 59 63
t 737 6 17 8 21 20 11 15 2 23 22 17
t 46 47 48 70 64 48 86 85 45 47 50 67
t 2 23 19 3 7 716 17 13 12 19 17 7
t 14 5 10 17 24 8 11 16 19 12 10 733
t 59 64 59 85 57 75 78 47 61 75 69 60
t 61 78 83 47 56 89 59 77 76 87 77 45
t 9 1 16 22 6 12 18 726 20 13 6 24
t 59 57 75 76 63 55 48 47 52 74 60 80
t 80 61 59 48 88 80 87 77 47 82 76 74
t 90 81 83 63 90 65 45 58 68 79 85 65
t 50 85 79 87 62 45 48 46 60 68 60 64
t 58 73 54 85 89 64 48 60 69 85 78 49
t 46 57 53 66 79 63 49 72 79 69 45 81
t 54 87 58 87 83 83 84 51 88 63 80 58
t 732 24 25 24 18 13 20 7 23 11 2 10
t 78 58 64 71 69 67 61 73 83 82 72 52
t 17 4 6 19 4 18 3 738 8 17 3 2
t 52 49 48 87 85 76 71 66 63 74 86 90
t 7 20 9 15 12 24 17 749 2 11 18 17
t 55 63 48 78 89 71 65 61 70 67 59 72
t 69 46 46 64 75 50 69 53 57 78 51 46
t 83 65 84 54 83 62 46 56 62 67 80 88
t 9 23 1 745 16 10 4 3 24 13 13 16
t 56 65 87 84 56 54 80 90 69 78 87 59
t 51 69 47 63 89 68 53 78 89 45 84 85
t 75 82 82 61 70 53 63 78 56 67 70 66
t 81 61 60 80 74 83 88 86 72 73 77 76
t 1 23 20 710 10 24 15 8 5 4 8 10
t 59 56 54 54 63 51 60 64 59 77 70 85
t 713 17 12 20 15 6 2 11 9 6 19 8
t 86 79 51 85 75 64 70 77 71 84 68 56
t 3 24 7 12 5 10 22 13 16 744 25 6
t 64 79 73 71 71 85 86 58 89 69 75 85
t 81 80 47 68 80 86 86 65 74 72 78 84
t 84 50 58 86 59 52 73 73 48 78 66 80
t 20 718 1 4 18 12 25 12 11 17 13 11
t 90 87 84 49 60 88 70 83 46 61 71 77
t 85 89 61 62 89 78 58 80 46 67 60 88
t 3 22 24 4 7 717 23 4 4 17 1 22
t 2 23 21 715 20 4 16 3 4 19 10 18
t 52 59 81 46 62 48 67 68 78 78 58 83
t 69 61 50 71 53 85 83 83 90 76 78 82
t 89 62 76 48 54 45 63 72 84 63 45 45
t 19 9 18 5 22 739 12 3 10 16 7 23
t 8 2 718 2 11 21 7 5 9 14 11 4
t 61 73 90 88 90 67 71 77 53 51 81 69
t 18 737 15 12 3 19 6 24 1 23 22 8
t 62 86 50 77 61 56 50 86 56 46 85 86
t 54 73 68 86 46 85 87 63 73 62 61 80
t 82 57 59 85 85 46 53 58 86 61 87 67
t 80 78 84 45 89 51 87 90 65 65 90 50
t 17 21 11 3 19 23 713 21 1 24 9 23
t 62 64 79 72 49 46 71 61 62 55 88 45
t 48 52 48 76 76 79 58 70 88 84 52 56
t 11 14 2 22 14 6 1 8 10 736 19 8
t 76 63 45 73 55 52 46 87 82 90 61 59
t 18 8 749 1 10 12 9 11 14 1 9 6
t 17 24 20 17 15 12 5 12 734 17 9 16
t 69 51 68 78 80 45 47 67 68 71 49 89
t 84 51 57 90 72 72 63 73 70 80 87 45
t 19 747 3 23 23 18 1 20 4 6 23 18
t 19 15 13 18 1 3 716 25 6 23 20 16
t 3 8 23 17 7 25 726 17 1 19 8 25
t 712 20 21 23 6 22 12 18 21 11 7 15
t 58 58 61 55 83 64 64 83 84 55 48 50
t 86 89 68 60 78 66 64 55 74 47 59 58
t 82 79 82 75 53 74 63 45 65 77 77 81
t 67 76 74 49 78 50 45 74 90 78 68 55
t 84 70 80 46 84 90 48 71 60 89 54 59
t 67 84 71 87 52 80 70 67 90 75 51 47
t 54 55 48 49 57 82 52 71 90 67 67 66
t 11 14 23 720 15 2 17 3 24 5 11 10
t 73 68 84 67 60 65 65 89 87 51 66 73
t 25 732 20 12 12 3 5 25 24 8 18 19
t 8 9 4 10 16 7 25 17 721 8 25 15
t 17 727 24 9 8 17 7 15 6 21 8 25
t 5 14 4 18 6 17 16 10 748 8 7 10
t 88 83 70 72 89 82 56 89 76 89 69 51
t 56 71 54 54 65 79 84 85 72 56 89 62
t 53 50 87 77 80 56 78 63 45 80 54 50
t 79 84 79 75 74 75 60 49 76 57 66 54
t 23 22 19 735 23 10 15 21 11 9 4 12
t 64 81 46 47 56 79 87 83 78 52 54 81
t 70 57 75 49 55 85 90 65 45 73 82 77
t 24 8 2 15 21 5 733 14 20 2 3 15
t 67 77 68 61 72 69 81 80 90 89 57 46
t 77 68 84 60 64 58 82 64 51 79 78 56
t 56 49 55 82 56 52 77 62 57 61 52 54
t 51 58 55 79 73 81 84 87 47 89 90 86
t 86 62 72 54 53 53 72 50 58 90 62 89
t 19 6 14 731 17 20 21 2 3 22 9 25
t 84 82 81 70 73 76 88 81 85 55 64 79
t 748 22 19 2 14 7 21 15 7 5 1 14
t 9 9 6 11 15 2 11 2 3 9 3 723
t 68 68 61 56 66 58 73 49 61 77 64 46
t 13 2 4 20 8 748 9 19 8 6 25 5
t 54 69 52 59 69 52 47 88 53 59 70 81
t 56 51 45 60 50 77 90 83 70 47 64 61
t 75 80 72 85 66 69 77 62 86 77 63 60
t 53 73 84 83 47 54 45 52 75 62 45 80
t 5 8 2 2 724 3 25 12 17 4 16 24
t 69 66 48 56 81 85 84 86 55 69 81 85
t 65 88 80 60 79 80 45 71 67 61 45 87
t 13 17 20 11 25 736 1 4 5 3 8 20
t 80 63 77 75 73 52 57 62 69 62 45 72
t 80 76 75 49 79 62 71 51 58 47 50 85
t 9 20 18 11 734 23 22 22 24 19 17 9
t 58 81 86 84 71 81 73 48 68 88 81 49
t 87 89 65 45 51 52 61 58 72 64 73 70
t 731 24 16 24 8 12 11 14 16 6 18 9
t 46 45 61 55 55 45 67 77 68 83 89 72
t 18 16 1 737 7 4 20 13 13 5 13 4
t 72 70 58 53 49 70 55 75 49 85 57 76
t 4 14 11 726 6 12 12 19 25 21 22 23
t 66 74 65 75 79 67 72 50 73 60 72 73
t 76 71 73 62 75 59 59 89 54 85 88 59
t 8 17 25 3 25 10 11 21 6 13 734 16
t 24 6 5 16 16 19 14 2 738 21 9 24
t 89 63 87 56 58 58 79 81 48 68 78 46
t 86 89 60 54 45 52 89 49 75 64 68 47
t 20 25 25 5 21 8 18 21 10 19 14 716
t 53 71 56 60 52 78 67 86 71 81 77 45
t 63 53 48 87 66 53 86 85 80 68 45 80
t 85 48 75 54 89 55 86 89 82 57 57 55
t 2 4 712 4 18 2 12 7 14 16 16 6
t 62 73 64 85 65 51 79 88 61 55 82 89
t 5 21 22 25 10 1 740 4 20 8 20 5
t 51 54 60 50 48 88 72 88 72 64 56 69
t 81 61 79 51 77 83 48 62 62 69 46 79
t 55 78 54 86 58 57 59 53 71 60 79 48
t 18 4 3 14 17 745 23 19 23 22 24 17
t 46 84 54 57 83 69 75 72 63 68 62 64
t 71 78 55 87 65 64 55 74 51 52 53 51
t 78 85 79 89 64 80 83 57 53 56 54 90
t 13 13 10 10 22 18 23 12 747 3 13 20
t 25 8 16 13 24 4 13 732 22 2 16 24
t 89 53 90 48 81 76 79 72 82 68 48 46
t 25 712 9 19 8 24 11 2 17 1 9 6
t 46 67 83 56 63 78 61 72 54 67 70 58
t 51 57 82 78 56 47 78 75 65 70 81 47
t 55 66 68 59 46 75 48 70 57 81 47 84
t 24 11 23 5 22 18 748 24 3 25 5 6
t 54 81 61 69 75 58 58 66 82 60 72 85
t 11 14 12 723 1 17 19 24 4 6 12 1
t 54 55 86 87 71 67 47 80 47 71 55 71
t 52 82 54 51 61 62 74 58 77 63 82 59
t 56 48 63 47 50 55 83 70 83 65 55 84
t 87 81 58 65 46 61 74 45 89 85 83 52
t 17 14 18 741 24 4 4 19 15 1 21 8
t 78 52 58 57 86 63 48 47 70 61 60 64
t 10 6 12 1 8 8 5 4 23 9 16 737
t 19 16 15 24 721 15 4 14 25 13 1 7
t 714 8 14 19 19 13 9 4 15 4 11 20
t 63 82 57 90 55 90 71 62 80 50 82 45
t 79 68 45 77 55 84 80 52 67 63 64 80
t 23 21 25 9 1 14 9 21 711 9 5 13
t 15 2 2 23 9 10 19 23 5 19 21 720
t 2 12 742 4 7 8 20 3 15 11 4 22
t 23 12 14 21 717 21 18 24 23 25 14 7
t 12 25 25 715 23 3 23 7 18 15 15 14
t 59 78 76 86 76 66 64 46 82 68 89 87
t 23 25 23 5 22 4 3 734 13 17 10 22
t 16 16 2 9 22 1 10 1 16 9 2 728
t 82 79 80 88 47 70 70 69 58 64 68 71
t 51 56 76 68 58 72 66 74 45 80 53 67
t 53 48 48 69 70 84 78 50 58 58 53 66
t 77 61 69 66 61 63 88 65 51 54 65 57
t 14 3 19 13 22 7 20 20 2 717 14 15
t 13 17 8 749 8 18 18 3 24 11 3 17
t 57 56 49 67 67 50 82 64 80 70 74 49
t 73 74 72 70 48 90 62 56 57 48 51 75
t 15 24 24 13 740 8 17 2 17 19 10 11
t 54 47 81 47 66 74 75 69 46 53 56 50
t 17 3 737 6 1 16 17 23 14 1 16 2
t 80 63 81 64 61 61 66 48 85 84 60 52
t 79 52 78 58 65 81 50 67 58 70 79 75
t 22 4 2 15 724 4 12 19 6 4 8 13
t 58 84 72 54 53 83 51 58 90 70 87 73
t 20 3 4 5 12 2 25 21 736 8 1 4
t 88 76 58 51 45 81 55 71 62 70 88 60
t 65 46 90 83 56 57 72 87 58 65 90 52
t 45 76 89 74 82 88 71 77 53 48 81 71
t 8 6 15 16 10 15 21 4 3 10 1 741
t 2 21 19 23 15 713 17 20 14 1 3 1
t 1 23 13 10 17 12 23 4 14 13 741 25
t 2 24 22 13 23 2 23 24 2 16 710 21
t 88 64 46 78 83 72 67 49 69 51 66 84
t 10 23 15 24 25 23 23 23 734 5 9 10
t 60 54 75 61 76 54 71 82 54 80 77 68
t 54 46 46 51 60 64 52 61 47 87 51 46
t 72 67 84 46 75 69 55 73 66 71 53 74
t 11 15 23 22 9 12 22 23 8 730 7 2
t 9 2 18 2 15 21 742 12 1 25 13 4
t 87 58 75 61 60 47 74 71 61 83 47 57
t 20 9 25 5 14 17 732 25 4 6 25 18
t 69 88 47 87 86 89 84 77 45 55 46 50
t 49 72 84 59 72 67 62 86 45 77 77 55
t 53 70 75 74 89 60 54 84 67 54 84 58
t 60 87 54 78 85 48 57 50 84 45 57 50
t 13 17 13 18 24 13 11 16 23 718 2 20
t 84 62 86 49 89 85 66 82 51 64 80 46
t 6 16 16 19 6 732 11 16 21 17 22 23
t 13 2 25 3 24 25 22 22 1 21 741 21
t 2 19 1 23 10 22 16 24 10 733 6 14
t 77 84 55 70 84 55 69 70 55 66 74 61
t 15 14 25 714 23 19 16 22 18 11 2 18
t 7 13 24 740 21 21 6 22 8 10 20 9
t 60 83 72 45 55 84 54 84 64 49 61 81
t 4 3 21 20 8 15 1 18 1 19 733 21
t 76 72 78 86 53 80 85 78 56 63 90 52
t 82 49 68 47 75 85 72 63 78 49 73 78
t 21 20 9 16 25 5 21 1 10 718 14 25
t 7 6 17 8 15 724 12 19 9 22 20 21
t 23 6 6 4 15 3 741 14 11 7 23 18
t 46 73 81 77 67 60 85 47 78 77 46 57
t 60 74 47 69 83 65 85 51 72 67 69 89
t 23 22 12 24 718 6 6 16 10 8 20 5
t 23 8 8 735 22 10 3 22 22 8 18 13
t 72 72 67 56 78 55 80 62 74 57 50 73
t 80 59 51 88 87 56 84 60 80 63 51 48
t 5 13 24 14 4 1 7 20 725 15 8 10
t 82 67 51 47 70 57 79 49 70 79 69 66
t 54 66 45 47 68 79 89 53 79 73 66 88
t 64 84 79 57 86 71 76 89 67 46 55 61
t 19 7 745 17 16 10 8 23 5 18 2 19
t 86 85 56 79 64 71 80 51 83 70 57 75
t 81 48 74 53 53 74 83 71 90 79 54 68
t 12 16 23 19 1 9 8 720 21 5 5 24
t 20 16 725 24 23 14 16 11 2 1 6 21
t 59 87 86 85 63 54 53 89 79 73 69 66
t 13 15 2 25 1 8 16 13 9 20 11 713
t 69 82 69 50 50 46 78 66 59 46 45 78
t 5 23 7 748 12 4 15 19 4 10 5 12
t 88 58 51 51 74 71 83 67 47 82 52 73
t 52 86 57 78 56 84 75 76 57 75 47 77
t 87 73 52 68 82 54 57 89 64 73 90 62
t 11 17 13 712 21 17 2 23 5 10 22 21
t 24 23 1 8 2 746 8 15 6 11 24 24
t 20 2 7 714 18 10 21 14 4 24 9 17
t 18 10 20 19 3 13 16 20 18 15 23 739
t 78 70 75 70 65 69 59 63 58 60 83 46
t 78 85 78 47 71 88 75 86 62 51 85 61
t 89 54 66 47 62 85 48 70 45 56 90 66
t 84 86 53 66 55 84 76 73 72 48 82 83
t 77 84 76 46 67 53 57 89 87 67 76 58
t 57 55 76 61 85 69 60 67 62 73 51 59
t 67 45 79 47 86 54 88 90 70 70 90 45
t 19 3 5 4 6 1 16 20 11 736 6 18
t 80 75 59 45 67 51 71 64 59 61 69 68
t 714 14 1 19 15 7 23 5 21 18 16 23
t 8 14 12 715 18 25 9 15 21 16 23 9
t 59 86 73 60 64 73 80 75 84 90 60 61
t 11 4 18 5 10 8 23 10 23 2 9 747
t 82 76 59 80 84 71 59 87 47 54 80 59
t 50 70 54 45 74 53 49 74 57 55 80 46
t 13 14 24 4 24 711 9 24 16 1 17 11
t 49 51 54 68 47 83 80 83 86 84 74 58
t 67 90 87 83 52 88 66 87 50 64 79 78
t 17 19 16 3 2 8 15 4 19 741 22 20
t 60 62 82 75 82 76 49 67 77 59 85 58
t 90 89 51 82 46 47 45 50 55 63 63 56
t 77 50 64 85 86 74 86 62 45 61 54 76
t 12 12 15 5 25 20 20 12 17 18 744 2
t 86 48 61 86 77 71 90 54 52 88 52 73
t 70 61 65 52 45 86 68 77 86 77 86 84
t 57 50 68 50 51 70 88 51 78 75 52 86
t 10 13 739 10 3 16 25 11 6 5 18 18
t 8 7 5 1 722 16 8 18 24 8 7 21
t 21 711 2 13 13 24 8 16 3 14 22 14
t 90 62 50 69 56 67 67 67 46 62 52 51
t 15 2 21 718 20 24 6 3 6 11 18 4
t 88 70 75 78 78 56 53 47 71 82 89 62
t 7 23 1 21 16 18 9 10 7 723 15 21
t 56 81 58 68 77 85 85 81 83 67 50 71
t 17 20 13 22 11 743 5 9 21 25 16 15
t 57 87 55 81 53 90 89 65 86 50 66 60
t 48 86 68 76 73 53 52 73 50 83 53 54
t 84 45 53 69 68 68 73 63 56 55 90 59
t 87 48 75 86 67 80 81 70 78 54 48 48
t 20 12 747 22 16 6 10 16 20 20 3 13
t 56 70 71 47 69 73 49 80 51 76 83 82
t 4 5 16 23 15 6 6 22 22 19 730 17
t 18 12 10 14 719 11 24 22 21 2 23 7
t 1 21 20 10 18 21 16 18 7 3 25 747
t 12 25 17 15 11 21 23 25 4 15 722 24
t 1 19 17 5 742 7 8 12 12 23 21 5
t 14 13 9 12 22 4 16 726 24 12 3 9
t 56 82 62 65 46 51 60 76 60 74 59 82
t 54 66 46 82 51 45 67 89 83 71 45 90
t 90 71 78 58 46 73 66 47 68 54 72 69
t 8 24 7 3 18 14 20 20 18 719 20 22
t 3 736 14 25 2 4 25 24 13 10 22 7
t 79 62 56 82 61 51 60 45 64 60 69 74
t 60 73 58 81 51 45 88 58 58 84 64 59
t 89 68 69 48 77 70 69 77 68 45 68 71
t 71 88 76 68 79 47 60 81 45 74 81 71
t 2 6 11 22 10 14 19 14 713 20 25 1
t 70 86 79 81 72 85 57 79 66 56 51 45
t 86 88 59 49 58 86 85 76 87 62 67 65
t 743 18 5 12 8 8 17 15 3 10 12 25
t 2 8 9 24 10 21 11 23 23 735 1 22
t 64 48 45 46 82 51 61 90 71 80 61 60
t 5 15 5 15 13 6 8 22 737 23 22 22
t 21 18 733 5 13 25 11 1 18 1 6 23
t 24 6 721 13 20 16 25 4 5 20 10 19
t 77 51 58 73 51 55 86 64 81 74 76 67
t 17 7 2 24 21 5 12 725 9 13 5 3
t 57 67 68 50 75 51 71 89 56 55 53 90
t 72 45 47 57 57 90 84 45 57 52 77 65
t 6 2 738 22 10 7 18 22 17 17 19 7
t 62 66 69 59 57 49 86 82 81 57 81 81
t 18 6 723 15 25 9 20 24 4 9 8 11
t 90 64 47 65 66 50 52 56 88 72 56 64
t 21 21 11 22 10 20 12 19 719 2 8 5
t 74 54 76 65 85 85 63 57 69 83 72 73
t 72 46 85 74 55 77 53 56 52 68 49 87
t 73 51 85 45 70 80 76 79 77 77 58 90
t 4 17 22 21 24 7 746 16 13 24 20 10
t 11 21 13 18 3 22 3 10 22 736 18 20
t 23 24 2 16 13 19 4 722 20 12 23 16
t 56 69 52 74 69 69 74 85 90 57 87 59
t 67 66 77 83 51 86 67 66 85 89 80 62
t 18 19 1 17 2 6 10 5 721 16 13 8
t 56 71 50 90 85 68 50 75 54 64 89 58
t 23 716 17 17 20 10 22 24 6 13 18 10
t 3 24 15 22 1 4 741 21 21 9 21 14
t 66 58 56 60 66 56 71 65 69 69 55 63
t 16 9 4 745 9 15 15 16 13 23 16 3
t 55 83 64 84 72 88 49 60 66 46 68 57
t 58 59 48 85 84 74 61 48 84 75 77 54
t 47 67 86 67 69 87 46 55 56 50 54 46
t 90 47 75 76 88 54 64 82 57 56 83 85
t 5 21 19 9 9 733 11 15 21 2 20 22
t 22 10 2 2 20 12 8 728 20 23 5 15
t 83 63 68 68 86 85 89 61 87 75 81 75
t 45 86 63 49 61 73 61 76 65 80 72 63
t 52 66 63 55 75 83 50 74 53 70 56 81
t 86 76 79 73 60 59 63 72 71 51 73 45
t 89 55 47 65 69 77 56 65 48 80 80 60
t 54 77 79 75 47 51 52 66 70 90 86 67
t 7 17 723 13 14 18 23 18 6 15 7 4
t 84 47 62 48 85 57 70 61 59 74 84 63
t 8 13 24 10 734 3 5 18 13 1 14 10
t 63 89 59 47 86 69 52 74 45 70 46 67
t 14 21 1 24 14 5 720 24 15 9 21 18
t 16 18 16 1 19 6 716 9 19 16 8 4
t 59 66 46 67 90 48 83 61 77 85 46 57
t 83 63 49 49 70 61 74 53 52 72 55 83
t 88 73 71 60 85 85 52 47 78 65 47 78
t 63 85 85 66 72 55 82 58 69 88 80 57
t 22 711 16 14 23 17 14 18 4 10 16 9
t 49 70 79 54 72 50 66 65 87 60 69 65
t 56 56 67 86 87 80 63 57 48 73 74 75
t 22 13 21 20 11 714 3 9 5 13 10 9
t 7 18 14 740 11 10 11 22 7 3 10 18
t 59 90 60 77 88 52 48 55 79 56 75 47
t 47 77 58 69 58 54 64 48 55 78 79 70
t 22 1 17 747 7 3 16 12 1 6 1 15
t 63 69 46 54 52 75 75 66 78 89 72 74
t 24 1 1 12 3 1 20 25 17 725 23 15
t 78 90 68 67 74 68 88 70 54 86 71 70
t 75 57 70 72 55 74 74 50 50 76 52 45
t 52 50 85 46 55 73 77 45 69 46 55 74
t 749 13 21 13 10 23 5 11 12 22 5 15
t 716 16 10 23 13 9 4 10 12 16 20 12
t 8 2 17 6 24 13 6 4 1 21 732 7
t 7 1 22 731 12 20 5 4 22 24 18 12
t 49 62 46 77 77 80 71 55 62 69 71 75
t 90 87 66 85 84 60 69 84 79 80 85 80
t 73 83 87 89 65 59 64 85 47 49 55 72
t 69 73 53 74 48 76 85 51 68 82 49 64
t 21 5 23 719 18 1 12 23 16 5 20 9
t 10 19 6 11 4 16 23 15 14 730 14 12
t 62 58 50 90 52 60 88 82 62 50 50 81
t 13 16 1 11 741 15 18 4 2 2 5 8
t 25 12 23 2 19 16 6 17 20 21 24 731
t 65 82 72 76 84 57 62 77 74 71 77 72
t 78 72 60 45 53 65 63 64 60 60 81 60
t 5 9 24 12 4 17 14 711 5 23 12 15
t 75 70 70 90 89 70 86 54 77 64 59 69
t 23 9 18 726 24 25 23 10 11 2 9 2
t 79 86 62 77 52 87 55 55 87 69 52 78
t 22 14 19 14 17 16 17 23 744 12 6 17
t 10 23 12 24 21 743 19 22 24 18 14 11
t 7 22 21 25 5 735 1 7 23 11 18 12
t 47 78 52 46 46 52 77 69 48 65 59 76
t 66 75 57 52 52 72 83 63 50 46 86 82
t 20 5 17 3 20 3 24 17 18 18 25 744
t 78 52 75 58 55 90 62 55 51 79 51 62
t 64 69 55 66 78 69 70 88 89 80 61 46
t 50 45 86 58 58 52 78 57 50 50 52 81
t 60 71 69 61 57 69 62 71 89 46 60 88
t 6 17 16 4 719 1 11 13 25 23 13 12
t 75 81 45 55 73 85 57 66 73 58 88 76
t 79 58 63 61 77 82 83 50 66 68 67 46
t 18 24 25 7 725 24 4 4 17 24 19 12
t 77 83 54 56 71 77 68 89 75 89 52 63
t 12 17 25 8 2 15 11 16 4 24 727 22
t 60 65 55 53 73 87 85 89 68 90 78 66
t 7 4 2 24 12 1 746 23 8 17 21 3
t 72 89 85 62 65 85 64 87 51 66 83 52
t 45 74 83 53 87 82 88 68 70 56 85 47
t 7 4 7 713 9 6 13 5 24 12 24 20
t 2 18 21 19 19 11 8 19 17 13 729 17
t 21 9 4 24 9 728 3 23 3 13 1 20
t 60 49 85 77 57 90 69 48 65 70 74 46
t 51 72 67 66 61 75 90 74 48 85 46 54
t 45 76 68 79 54 57 77 90 78 61 69 56
t 89 68 69 70 89 88 49 58 67 81 47 48
t 18 2 739 8 20 25 25 7 16 23 11 18
t 76 59 74 89 59 63 90 83 74 90 52 48
t 46 86 60 76 46 75 67 88 78 83 63 56
t 75 59 58 90 78 80 49 82 84 57 67 65
t 82 58 75 73 70 67 76 83 50 61 70 79
t 73 63 52 62 50 72 51 58 70 85 85 82
t 46 55 85 51 84 65 77 75 56 54 80 51
t 68 84 64 53 50 55 73 79 83 53 70 56
t 69 55 78 48 56 59 66 82 53 61 76 89
t 82 55 77 48 45 79 78 72 73 53 49 69
t 45 56 75 71 89 45 57 74 67 63 74 84
t 45 55 60 58 89 89 50 67 65 82 52 47
t 3 3 6 24 25 8 5 16 5 740 1 5
t 10 12 24 3 22 17 728 12 8 2 25 17
t 3 746 10 2 4 1 23 21 18 19 6 23
t 17 3 6 20 728 13 25 25 13 16 7 2
t 11 21 3 11 2 20 730 22 9 9 24 13
t 82 88 82 86 85 84 56 54 73 47 59 46
t 78 51 56 84 50 77 74 76 58 58 63 60
t 8 25 5 22 749 11 4 1 10 11 11 23
t 20 16 11 24 12 7 727 6 7 21 12 1
t 47 71 71 89 53 58 54 88 58 88 76 76
t 16 8 724 19 19 1 2 21 20 19 8 16
t 58 72 58 48 88 66 77 69 79 76 81 82
t 82 85 61 80 64 73 54 51 60 64 59 58
t 21 12 21 21 21 7 9 1 8 722 15 21
t 82 85 90 63 61 77 52 60 57 73 54 83
t 24 7 24 2 25 25 14 12 714 11 18 4
t 6 15 17 19 10 722 18 19 12 5 5 21
t 77 55 87 88 70 70 59 45 71 77 82 61
t 3 23 3 14 1 9 21 13 748 5 20 20
t 8 6 744 1 11 12 3 16 19 2 14 22
t 11 23 2 19 24 11 724 14 19 23 5 5
t 1 18 1 20 6 16 18 7 727 1 3 9
t 25 21 728 18 24 19 8 6 19 15 15 19
t 729 22 22 5 11 25 17 8 2 9 19 8
t 76 62 75 74 70 47 53 71 49 57 65 50
t 6 3 19 3 25 24 7 2 14 716 3 19
t 7 14 21 25 5 10 7 733 18 1 6 11
t 69 87 51 57 76 75 66 82 75 57 51 70
t 80 57 51 69 50 50 85 55 47 53 64 60
t 13 5 19 2 20 22 19 8 6 730 11 2
t 86 54 52 59 88 85 82 55 79 54 51 62
t 68 74 78 46 84 67 86 55 57 74 63 56
t 68 45 89 81 83 69 58 82 74 64 75 90
t 9 23 6 3 24 730 21 7 8 23 24 23
t 69 83 62 51 78 62 70 67 53 56 75 78
t 20 4 742 20 21 25 25 24 19 19 23 8
t 88 78 77 62 55 56 83 65 61 45 89 67
t 46 65 84 63 67 87 61 54 71 72 70 70
t 76 71 87 52 56 57 50 88 58 78 56 64
t 80 88 54 70 54 88 57 50 79 74 78 68
t 66 58 78 83 78 50 77 84 71 84 69 50
t 74 54 70 78 69 67 54 67 63 52 53 65
t 22 17 7 8 25 16 19 3 16 20 19 718
t 66 53 54 83 69 58 45 59 74 59 84 80
t 52 83 49 52 89 72 83 89 88 82 56 62
t 16 20 13 6 14 2 711 21 12 5 19 11
t 46 47 57 47 90 59 66 50 48 69 62 69
t 3 5 20 16 5 17 6 25 1 724 10 15
t 12 11 5 16 10 19 15 21 13 746 5 15
t 12 4 11 5 7 3 6 15 16 16 17 713
t 85 47 82 72 85 79 46 48 63 51 80 61
t 55 88 66 46 68 51 45 54 48 66 84 75
t 15 12 710 3 14 10 14 21 5 12 3 17
t 87 56 62 79 52 62 57 81 69 57 58 71
t 62 54 56 55 70 56 49 51 74 71 45 47
t 87 79 87 65 89 53 68 53 65 50 81 77
t 47 48 46 75 63 72 56 70 85 56 48 53
t 64 61 56 66 83 89 72 65 80 84 50 85
t 12 3 22 10 12 2 10 11 729 22 13 9
t 47 46 53 88 53 63 48 79 70 71 89 66
t 71 66 81 84 60 83 65 79 76 67 76 68
t 45 77 77 57 51 85 48 47 49 78 81 51
t 2 2 1 23 19 22 8 10 718 6 4 17
t 45 54 64 89 87 59 73 50 53 62 46 83
t 16 728 24 11 1 19 13 18 16 2 18 13
t 20 25 17 25 716 14 9 9 16 9 17 24
t 79 46 86 87 65 68 56 48 52 63 60 78
t 746 7 18 21 10 6 24 17 1 20 8 12
t 59 68 80 74 65 45 53 62 53 71 81 55
t 11 11 19 4 16 25 733 1 9 24 2 18
t 3 1 23 14 1 6 23 12 731 10 5 22
t 1 7 24 19 22 3 5 16 1 745 5 17
t 90 76 51 51 85 50 48 60 75 61 72 79
t 88 76 54 76 86 80 65 58 74 46 82 66
t 71 56 64 63 70 48 77 87 54 69 51 48
t 25 23 1 14 19 12 19 12 7 11 6 737
t 67 56 69 75 53 82 63 61 70 62 78 82
t 80 83 74 60 60 57 55 51 54 52 68 84
t 86 54 70 74 60 84 58 84 81 81 69 73
t 17 2 18 24 11 6 17 12 23 743 9 15
t 76 54 73 86 55 68 75 45 49 66 52 87
t 48 66 72 70 76 45 45 65 74 60 62 57
t 23 5 733 7 12 7 23 19 1 5 8 15
t 13 3 4 8 22 19 4 17 18 739 2 16
t 714 2 18 16 22 3 17 19 2 4 23 14
t 50 66 54 71 86 54 86 70 55 45 88 72
t 21 12 23 721 18 16 24 7 14 1 12 18
t 1 12 11 6 21 15 22 6 726 2 17 10
t 58 80 64 70 67 59 60 68 86 54 53 82
t 66 71 50 51 48 72 61 57 82 65 74 84
t 62 66 61 51 54 55 79 49 47 64 68 56
t 11 18 15 4 8 734 1 1 9 25 5 22
t 63 65 54 57 78 46 67 76 83 65 47 81
t 23 15 23 6 17 19 3 744 23 21 12 16
t 24 23 14 14 745 9 19 13 20 5 8 12
t 77 81 66 70 49 75 48 89 83 78 87 57
t 74 73 54 55 57 62 82 56 84 70 58 56
t 2 10 4 24 20 710 23 9 10 4 16 23
t 1 21 22 12 19 747 5 8 6 12 10 12
t 67 57 76 63 75 65 85 82 63 61 59 66
t 21 4 19 21 11 15 21 14 15 730 22 1
t 75 71 89 90 90 72 62 48 47 48 84 56
t 59 61 90 74 55 80 51 59 63 82 50 79
t 71 55 84 74 53 57 58 46 50 67 72 49
t 69 56 87 59 86 66 64 56 61 89 73 72
t 45 74 53 72 62 76 76 80 75 84 65 69
t 66 78 61 47 78 80 79 62 51 51 84 63
t 68 80 82 67 45 49 88 50 60 65 58 83
t 9 17 730 20 22 23 2 11 7 11 17 20
t 54 69 62 51 90 72 79 88 76 54 52 61
t 76 83 77 68 72 77 55 57 67 49 56 64
t 14 10 727 2 12 21 7 22 9 20 15 13
t 22 24 15 5 7 7 20 11 11 3 6 735
t 76 65 84 59 56 47 50 88 73 69 45 72
t 14 18 18 18 14 6 3 9 23 22 23 726
t 56 53 50 56 45 81 46 85 87 72 85 56
t 76 83 89 71 81 72 75 49 48 58 53 61
t 9 8 18 13 738 25 22 4 7 7 3 12
t 729 11 15 12 10 19 13 5 1 5 9 24
t 17 20 6 16 23 6 3 734 1 17 13 3
t 15 743 13 14 22 24 16 20 3 12 6 4
t 22 16 1 25 4 9 9 22 722 14 12 25
t 88 84 67 75 78 85 70 89 87 63 90 51
t 2 20 19 11 9 9 5 4 732 4 7 25
t 51 85 69 69 70 54 90 86 58 78 62 71
t 66 54 69 48 68 75 69 69 46 73 52 47
t 83 69 89 71 52 59 69 66 48 78 54 61
t 23 743 10 15 10 12 14 13 5 15 14 2
t 58 83 69 76 82 57 63 47 77 59 48 64
t 56 68 59 78 55 67 62 83 60 86 90 49
t 90 58 77 50 63 52 53 84 83 45 46 58
t 58 87 72 51 60 47 57 82 75 53 62 47
t 89 57 61 82 56 49 81 86 86 89 53 85
t 22 1 25 15 16 8 16 1 25 745 22 24
t 10 10 9 8 9 734 11 18 14 1 3 4
t 58 67 69 45 62 80 69 73 73 74 74 73
t 13 737 5 16 17 9 25 14 10 25 7 5
t 17 9 12 3 9 18 22 718 25 12 20 7
t 10 7 10 17 718 2 9 1 20 14 15 15
t 17 5 20 23 4 22 10 19 16 23 742 22
t 45 85 49 90 55 77 58 48 77 46 76 52
t 71 57 46 75 77 74 67 50 48 89 66 50
t 3 1 13 20 733 14 18 2 12 13 15 17
t 54 65 56 76 64 46 79 88 90 55 71 61
t 13 18 20 7 22 8 8 1 15 726 19 15
t 54 64 86 63 88 59 59 61 65 58 53 85
t 85 57 49 71 46 71 89 60 48 70 54 55
t 7 8 24 6 1 13 18 5 715 2 4 17
t 52 83 75 76 66 60 52 88 45 50 48 71
t 4 5 12 8 738 19 18 17 6 7 6 18
t 88 45 48 73 70 70 63 64 64 78 80 62
t 16 740 14 2 3 3 4 7 17 4 17 17
t 19 8 11 10 1 1 724 4 17 6 13 16
t 16 4 5 5 10 712 24 25 11 2 5 3
t 22 12 23 6 10 742 6 7 22 7 10 18
t 47 51 90 58 58 86 71 45 74 90 65 80
t 71 57 68 87 82 81 81 78 52 48 75 88
t 16 11 18 5 9 14 2 6 725 21 8 13
t 74 46 65 73 86 90 56 47 79 73 75 83
t 64 53 78 51 53 88 65 89 48 58 60 78
t 19 22 19 9 14 7 4 7 744 22 24 20
t 15 16 15 12 14 16 4 723 5 13 18 25
t 8 19 4 22 10 25 12 7 711 3 19 19
t 56 57 70 67 71 47 48 47 49 79 74 81
t 21 8 9 4 4 7 13 10 730 16 20 2
t 68 90 70 49 68 74 72 77 68 67 64 50
t 48 60 59 61 53 56 78 70 76 75 70 68
t 81 53 90 62 61 89 67 71 67 70 76 53
t 87 51 71 57 85 59 86 83 62 60 74 61
t 58 59 52 74 58 75 69 86 84 62 74 53
t 3 16 733 23 7 6 23 24 19 21 24 6
t 47 83 81 74 82 68 78 59 46 54 80 60
t 3 745 18 11 7 22 25 13 20 23 4 19
t 55 56 61 45 82 73 58 77 61 63 84 68
t 47 65 73 73 53 83 78 83 59 50 86 72
t 70 67 61 79 49 59 53 75 62 56 72 84
t 14 730 5 3 14 21 12 13 25 2 10 4
t 51 67 64 62 71 80 79 82 79 49 50 87
t 72 85 55 62 51 59 47 77 86 61 50 55
t 19 8 13 9 17 18 18 12 25 10 5 733
t 45 59 87 66 82 48 82 46 65 71 50 75
t 90 80 48 55 68 45 59 45 55 78 51 49
t 9 25 6 5 15 21 5 747 12 13 9 21
t 731 11 6 4 2 11 3 25 2 22 8 25
t 13 14 20 10 2 4 13 1 6 20 20 724
t 66 46 64 49 82 77 87 81 65 57 46 48
t 57 87 51 71 54 52 68 87 68 51 83 68
t 2 3 22 19 11 20 19 22 14 18 20 722
t 17 725 7 16 11 18 14 9 21 8 17 21
t 70 59 57 83 49 83 52 47 75 56 78 87
t 47 63 61 89 73 81 70 79 90 88 45 73
t 47 68 88 53 63 68 77 51 76 60 67 59
t 25 6 7 715 1 11 2 17 16 21 6 16
t 10 21 740 17 1 4 12 17 7 23 10 24
t 3 1 6 12 14 6 21 15 23 719 6 14
t 48 60 76 80 63 50 49 90 58 65 45 81
t 80 82 48 45 61 81 82 53 60 60 85 77
t 81 89 81 86 80 58 55 49 73 90 59 77
t 52 87 51 62 69 77 81 78 55 54 56 80
t 15 8 3 13 15 16 15 10 10 16 10 713
t 80 77 88 65 51 85 59 63 62 81 49 70
t 84 79 64 47 68 56 88 69 85 59 71 47
t 63 81 52 82 85 53 69 62 85 51 77 65
t 78 47 90 75 89 66 79 51 87 88 66 88
t 73 46 54 77 64 51 63 85 59 49 46 90
t 72 62 78 75 56 54 82 62 65 80 80 82
t 5 19 735 9 21 22 25 24 7 2 18 14
mb
t 66 84 65 70 89 52 47 77 66 83 70 67
t 82 62 81 78 64 84 63 70 45 82 47 71
t 88 76 88 88 76 83 70 48 76 90 49 80
t 85 53 51 77 56 69 60 79 80 90 55 79
t 66 64 57 47 45 47 65 64 48 78 55 53
t 5 10 18 17 25 2 15 1 732 4 19 2
t 17 3 19 23 11 5 20 5 24 713 25 24
t 48 75 52 61 45 50 65 71 51 82 51 69
t 50 57 59 70 80 49 73 80 48 78 74 75
t 15 13 6 13 21 16 16 18 12 710 11 3
t 75 57 88 60 62 80 50 45 79 49 63 86
t 746 22 11 9 22 8 16 24 8 3 5 19
t 18 16 13 22 9 21 5 8 21 5 1 723
t 85 75 87 74 61 87 64 81 79 56 61 75
t 63 81 83 46 75 78 63 69 47 47 56 81
t 3 19 22 14 3 22 733 13 15 22 25 4
t 78 81 73 51 70 90 58 88 84 57 55 90
t 21 25 22 14 9 15 22 23 730 18 16 8
t 15 13 739 12 15 16 3 2 5 24 12 4
t 63 68 48 49 48 66 69 46 87 58 46 50
t 83 72 87 65 74 49 46 58 76 90 52 79
t 49 46 61 82 90 88 72 61 63 45 62 50
t 81 56 64 73 76 88 54 58 79 79 90 86
t 47 75 76 52 47 62 55 56 63 68 84 78
t 61 78 45 76 61 58 64 66 55 47 86 62
t 68 54 45 48 54 79 60 81 90 55 48 65
t 11 740 1 16 23 18 24 2 25 21 23 9
t 723 22 7 17 7 12 15 21 8 17 18 10
t 56 46 79 45 70 89 53 76 72 46 64 80
t 84 84 50 76 83 86 60 77 62 72 68 68
t 79 86 87 89 53 86 86 47 63 70 84 75
t 45 81 66 47 61 59 72 71 50 87 58 50
t 48 66 49 79 70 59 81 59 50 48 76 58
t 88 65 51 59 82 66 79 66 61 81 73 60
t 3 25 7 7 17 25 7 24 10 12 736 5
t 6 20 18 747 5 21 4 10 4 14 12 25
t 15 15 743 18 21 1 15 6 7 10 8 10
t 20 19 6 14 716 18 4 5 12 7 4 7
t 82 85 69 80 67 82 87 72 88 45 73 54
t 87 82 65 87 77 72 79 79 72 49 59 46
t 17 22 25 720 15 11 21 10 12 16 1 21
t 90 88 49 79 61 57 49 72 79 86 85 83
t 23 20 16 1 10 23 19 6 745 3 16 2
t 18 1 21 10 12 20 14 22 12 16 741 2
t 81 63 75 57 60 47 86 62 55 50 71 73
t 3 22 20 23 12 721 11 20 13 7 19 15
t 24 14 10 9 24 24 9 17 24 735 24 1
t 86 52 81 58 76 80 57 62 89 85 62 47
t 50 51 83 83 78 72 45 88 78 76 49 51
t 74 90 65 49 73 81 83 83 52 66 58 68
t 22 24 22 10 6 10 2 11 739 21 12 20
t 69 84 60 90 87 63 60 55 66 85 53 89
t 86 49 76 52 75 61 69 75 68 65 84 64
t 12 14 7 14 10 9 741 10 9 5 10 10
t 64 65 73 48 89 74 90 50 45 47 50 77
t 67 88 58 73 88 71 70 64 50 48 77 45
t 79 64 70 81 64 78 72 76 68 59 86 47
t 3 15 710 16 7 2 12 15 24 25 16 3
t 11 722 9 2 11 15 22 16 3 14 16 6
t 72 58 53 46 76 71 68 53 50 85 82 53
t 6 2 10 12 745 6 17 1 24 18 10 16
t 80 63 66 63 74 54 73 72 52 87 83 84
t 716 7 2 7 4 13 4 24 15 23 23 20
t 74 66 62 65 45 69 65 64 89 68 69 59
t 23 10 8 1 10 5 13 714 25 20 4 8
t 85 50 86 79 47 76 62 80 57 71 68 72
t 48 46 86 46 55 48 50 55 58 68 61 63
t 50 51 58 85 62 82 69 60 57 54 66 45
t 19 8 728 9 9 15 3 21 6 12 22 2
t 52 60 56 60 90 61 87 87 69 75 82 84
t 84 66 71 85 84 67 72 78 46 73 80 66
t 9 13 25 16 6 12 7 23 1 9 3 721
t 18 2 21 11 21 12 733 14 12 25 10 7
t 11 5 22 16 16 749 12 9 6 2 25 9
t 67 84 62 47 77 76 60 87 61 64 83 53
t 71 57 70 78 60 71 50 79 46 53 78 49
t 24 17 7 738 7 12 23 15 23 7 23 20
t 63 85 51 81 77 53 50 48 71 61 77 48
t 83 81 56 80 62 65 88 62 79 77 55 53
t 67 60 76 59 74 53 57 65 71 62 61 47
t 63 52 50 54 57 45 53 70 65 76 70 65
t 87 53 49 86 86 72 60 50 46 49 78 70
t 45 80 87 78 77 72 71 45 77 65 79 64
t 81 84 57 70 57 71 77 72 70 60 53 87
t 10 16 710 9 13 24 20 16 25 17 5 20
t 25 7 715 15 24 9 6 22 10 23 9 1
t 54 48 49 64 65 63 65 46 57 69 51 86
t 10 734 2 24 19 13 23 22 10 4 8 15
t 75 70 61 52 66 74 55 63 71 88 77 86
t 58 50 59 88 80 69 46 73 84 50 66 77
t 5 9 22 743 15 16 5 5 24 9 22 1
t 7 2 17 714 19 23 1 24 6 23 19 23
t 3 10 14 21 20 8 13 23 711 10 10 14
t 80 74 69 67 76 49 89 56 57 47 82 88
t 18 4 13 4 2 16 729 8 7 11 9 19
t 59 62 79 60 65 47 49 48 58 53 78 45
t 89 47 49 71 51 52 53 79 50 48 79 61
t 23 9 18 23 14 734 19 16 12 9 22 22
t 54 59 82 49 75 66 62 67 49 59 49 86
t 52 88 82 87 85 66 89 86 84 66 75 65
t 46 49 61 48 89 88 79 90 69 55 58 76
t 18 11 20 738 7 2 2 20 2 8 25 10
t 2 1 6 7 5 6 14 19 8 20 743 5
t 88 60 87 79 51 45 79 81 69 72 79 63
t 19 722 6 3 4 10 5 5 22 6 4 9
t 71 64 66 68 74 71 74 67 65 71 56 77
t 4 25 748 4 14 10 8 6 11 19 25 25
t 90 66 71 61 69 58 74 68 49 61 56 48
t 73 88 73 89 53 68 82 75 76 88 59 74
t 54 77 63 85 53 86 51 85 67 63 61 48
t 23 727 2 6 15 13 18 18 9 13 17 12
t 64 58 85 61 49 46 47 68 71 50 74 83
t 66 61 86 90 53 54 56 60 60 62 77 84
t 9 1 3 1 14 4 3 6 18 737 7 23
t 6 19 19 25 20 21 15 13 21 737 15 2
t 86 62 55 89 66 62 66 72 66 45 47 81
t 90 48 50 68 81 75 74 78 54 47 64 63
t 82 78 56 73 62 83 76 73 75 88 52 87
t 75 77 82 83 48 63 61 53 83 73 78 57
t 12 16 20 25 25 20 25 711 10 20 12 8
t 76 49 69 73 48 69 70 45 87 61 55 54
t 61 66 54 63 79 52 71 59 90 57 90 53
t 60 76 67 58 58 65 82 67 45 67 47 84
t 71 61 62 51 77 45 69 46 50 84 81 76
t 69 74 79 69 77 71 51 74 53 58 87 67
t 84 60 56 52 63 51 90 57 67 53 54 84
t 17 7 23 12 16 720 2 10 22 21 12 11
t 57 55 76 81 78 54 45 77 77 88 69 66
t 49 49 46 63 50 47 66 90 66 62 61 68
t 68 66 77 46 46 90 69 64 84 83 58 62
t 45 46 53 81 65 75 65 65 52 87 83 86
t 49 79 54 79 77 70 71 66 68 84 74 60
t 12 17 14 10 9 11 3 1 4 14 726 14
t 22 10 11 4 18 732 16 25 8 22 20 21
t 68 78 90 61 55 84 47 65 45 73 61 84
t 61 55 75 67 48 53 63 89 88 64 80 74
t 6 10 17 12 1 12 13 14 16 5 1 738
t 86 70 45 68 66 52 45 50 90 57 66 67
t 7 24 7 9 21 2 20 16 14 747 25 15
t 87 84 86 53 71 71 58 55 83 80 84 59
t 76 59 86 82 54 88 59 60 86 69 45 81
t 21 21 2 18 15 14 5 735 11 5 11 21
t 72 46 73 45 88 85 84 46 69 87 64 80
t 8 22 16 25 10 738 24 23 20 7 8 6
t 45 73 57 57 85 83 58 51 84 46 72 58
t 10 13 21 736 3 10 25 15 5 6 24 23
t 21 3 4 14 719 24 3 22 21 5 13 17
t 742 7 3 1 8 10 24 23 2 23 25 18
t 69 68 85 65 72 59 59 76 81 54 49 57
t 717 24 9 1 25 7 11 12 6 10 24 7
t 78 76 53 86 48 51 51 64 72 72 50 70
t 24 716 22 4 8 4 19 18 5 17 24 16
t 56 85 88 79 83 61 54 67 66 81 61 85
t 23 4 10 22 25 1 17 5 13 731 18 10
t 15 716 11 20 22 8 23 19 13 9 24 18
t 21 2 18 724 23 23 3 22 21 5 16 22
t 22 8 9 726 12 9 6 17 11 21 24 19
t 15 19 3 5 2 3 21 746 18 1 20 3
t 45 65 73 71 54 84 70 64 89 81 85 53
t 51 52 58 48 52 82 70 83 85 85 66 75
t 78 70 46 71 50 75 56 79 57 72 83 90
t 63 53 45 54 76 48 73 70 50 65 51 61
t 21 2 721 16 14 19 10 6 16 17 4 9
t 56 88 68 59 86 89 55 63 47 70 46 89
t 7 1 10 14 744 14 20 6 7 20 16 3
t 14 9 717 6 17 25 17 25 21 11 1 10
t 8 14 14 18 17 14 5 17 23 722 24 18
t 21 23 19 14 23 740 8 15 9 16 10 24
t 73 60 66 74 66 63 73 45 88 53 63 78
t 22 14 11 12 12 11 749 15 12 23 17 13
t 63 78 78 88 72 64 63 70 45 64 57 62
t 81 88 69 79 84 63 76 59 70 61 67 89
t 53 67 89 66 48 71 87 56 77 58 81 68
t 722 4 10 8 25 5 21 9 20 20 23 22
t 20 3 5 10 23 4 715 24 22 21 25 8
t 51 81 69 64 57 56 73 78 55 51 66 72
t 79 77 72 52 63 68 67 82 52 48 54 84
t 8 9 22 17 15 7 15 6 6 17 17 729
t 72 73 58 60 73 54 68 76 64 85 88 90
t 77 82 70 77 46 68 51 47 83 68 51 45
t 11 4 7 9 725 24 19 12 24 18 10 3
t 87 74 82 60 79 62 75 73 79 56 46 79
t 11 12 1 25 18 25 4 15 10 2 725 11
t 21 734 5 9 17 17 15 5 14 4 17 22
t 8 11 8 729 16 5 10 3 7 13 22 22
t 14 20 25 5 18 7 14 10 19 8 735 4
t 6 1 19 22 23 5 15 726 7 21 19 23
t 86 46 78 52 45 81 83 66 83 50 70 87
t 11 19 11 21 6 17 7 721 10 3 20 9
t 49 54 70 85 89 62 71 56 64 63 71 78
t 1 11 731 20 11 12 21 23 1 17 9 6
t 71 47 74 50 84 58 58 62 81 80 86 75
t 16 745 9 2 25 7 11 18 12 22 20 22
t 58 55 73 49 72 85 87 86 82 58 59 46
t 17 16 17 14 11 14 715 1 14 12 16 15
t 80 50 77 65 65 73 47 81 48 58 86 83
t 17 13 24 718 4 20 25 24 9 15 23 21
t 10 2 4 3 11 710 7 9 24 16 10 23
t 87 77 66 84 72 84 70 84 82 66 61 83
t 82 75 87 83 72 67 47 71 47 60 82 52
t 22 25 20 10 6 4 7 745 19 22 12 12
t 18 12 3 25 24 3 710 24 10 15 25 19
t 60 48 82 68 64 87 50 81 47 55 79 90
t 68 81 46 80 89 46 57 82 79 83 80 75
t 731 24 5 8 5 17 13 20 11 11 20 11
t 9 2 13 21 21 1 17 1 7 8 734 1
t 51 69 47 65 52 87 69 86 46 63 90 52
t 8 11 21 9 12 12 6 22 743 12 3 17
t 64 72 47 56 87 63 56 58 67 89 57 78
t 80 47 78 70 74 67 69 86 84 80 56 68
t 59 48 85 74 86 71 90 76 71 52 63 47
t 75 79 57 53 71 88 79 52 68 86 60 55
t 59 68 49 58 66 75 74 60 81 51 63 46
t 11 20 18 25 7 7 4 20 12 9 741 16
t 56 54 78 85 86 66 65 56 54 68 58 72
t 24 20 17 9 746 12 15 16 25 8 6 22
t 71 59 84 79 85 47 48 71 50 59 75 85
t 88 53 89 47 85 84 63 63 72 85 48 75
t 47 67 83 84 47 84 72 68 72 79 87 73
t 54 69 51 81 61 48 76 85 61 48 87 46
t 62 45 71 72 52 56 47 51 46 52 80 57
t 83 45 87 80 75 61 78 52 90 84 62 65
t 48 64 75 49 82 71 74 87 53 55 48 63
t 69 80 90 62 61 86 60 78 59 82 83 49
t 62 86 72 84 47 51 50 90 65 90 80 76
t 5 21 24 16 11 25 17 4 726 19 23 21
t 717 1 13 13 23 22 19 10 2 19 21 21
t 72 55 84 72 61 83 83 61 62 46 79 70
t 3 720 5 17 9 21 12 15 6 15 16 7
t 23 8 23 748 20 14 25 1 5 23 10 3
t 4 25 3 3 25 19 19 11 17 20 716 16
t 52 87 45 59 75 46 81 46 82 48 58 89
t 67 79 57 86 61 61 60 55 88 61 83 50
t 72 78 69 49 86 78 46 56 85 83 81 50
t 49 66 54 49 81 88 85 76 68 61 72 83
t 17 6 11 11 14 20 729 25 21 2 14 3
t 11 3 20 17 5 21 14 718 24 13 16 10
t 741 19 21 20 4 3 15 7 8 4 3 11
t 46 66 72 74 65 85 74 48 77 82 78 82
t 21 1 6 9 2 17 721 23 15 25 19 9
t 21 8 23 23 7 735 5 4 17 17 20 9
t 20 24 747 6 10 23 10 17 12 4 21 19
t 63 53 64 63 45 54 55 79 78 88 88 56
t 73 80 80 84 57 53 61 80 76 77 73 52
t 19 24 729 18 5 16 5 14 18 16 11 25
t 52 56 84 64 66 57 47 60 52 80 67 53
t 17 10 11 11 24 23 3 6 4 23 732 8
t 80 85 83 87 57 72 76 67 87 73 47 89
t 13 17 19 749 25 13 13 6 16 24 1 15
t 58 74 77 63 83 65 59 46 69 63 53 67
t 87 83 61 57 48 46 49 70 64 79 68 71
t 66 70 58 70 76 57 61 87 51 55 49 67
t 6 3 1 9 25 17 24 3 16 19 25 745
t 23 9 5 714 20 21 19 12 11 7 17 22
t 25 15 741 25 22 23 3 21 6 23 5 16
t 1 17 5 17 3 3 713 3 18 17 15 25
t 5 24 2 742 17 18 4 9 12 20 12 15
t 50 70 66 56 67 52 52 77 69 71 90 82
t 7 18 7 9 21 14 22 4 7 21 720 9
t 61 46 90 62 57 76 55 48 82 62 60 73
t 7 9 740 15 3 6 17 14 2 13 6 17
t 25 18 3 21 8 721 1 23 7 21 10 14
t 84 50 84 89 87 80 79 76 69 63 78 62
t 67 87 51 49 83 64 66 77 62 58 71 50
t 69 81 58 90 67 45 59 76 61 80 49 75
t 11 21 14 8 723 4 15 14 2 24 19 14
t 19 14 10 21 19 23 743 22 22 9 3 9
t 61 81 79 63 77 84 90 48 63 65 59 55
t 8 12 5 19 19 25 7 713 25 25 16 10
t 16 7 1 727 13 4 24 22 11 5 5 7
t 53 82 76 82 64 53 84 89 60 90 83 71
t 71 48 88 64 57 80 66 49 79 57 56 64
t 63 70 62 62 54 77 73 73 58 78 73 87
t 731 6 11 8 17 25 12 4 7 24 6 1
t 57 87 58 48 51 68 88 47 60 47 57 50
t 81 84 66 90 71 73 70 76 88 86 52 46
t 82 61 47 88 48 63 57 85 88 63 66 75
t 52 55 53 73 46 86 52 48 72 50 88 58
t 21 8 24 18 22 25 21 19 22 22 11 717
t 70 88 56 58 87 61 86 48 77 49 45 80
t 86 67 46 75 79 66 63 73 66 45 61 72
t 3 22 730 10 20 24 8 7 2 25 8 19
t 74 72 63 90 79 87 48 54 53 65 65 88
t 85 66 78 58 80 47 71 85 51 89 62 75
t 5 19 11 9 1 18 12 5 15 13 733 24
t 86 46 75 68 81 46 85 64 52 66 81 50
t 72 90 88 67 76 49 81 51 70 89 74 83
t 84 52 46 88 69 77 86 47 62 50 77 60
t 17 23 7 728 22 3 20 20 20 1 4 1
t 77 83 59 85 46 63 72 73 75 80 86 57
t 48 66 47 84 46 61 65 89 49 83 76 69
t 717 24 3 8 17 19 20 4 1 22 22 3
t 52 49 87 58 65 70 63 70 81 76 66 82
t 71 84 84 69 56 59 58 66 69 52 46 48
t 53 69 72 47 63 50 70 88 61 47 49 89
t 76 76 52 67 55 88 83 51 68 83 68 73
t 54 64 88 46 49 51 83 52 62 77 49 62
t 56 65 50 65 54 78 85 48 88 45 61 78
t 84 72 88 45 59 70 83 88 65 58 69 86
t 71 76 46 45 76 60 64 79 85 88 83 76
t 61 77 74 88 60 61 80 83 72 54 67 50
t 82 88 73 80 90 53 68 54 81 80 90 88
t 23 3 8 11 19 2 16 716 14 1 14 8
t 45 78 88 87 78 73 61 47 62 45 51 77
t 20 10 8 18 7 713 22 20 5 16 8 4
t 22 25 713 14 20 10 9 25 25 6 11 10
t 69 45 88 69 55 65 55 76 46 82 81 55
t 74 52 57 66 48 72 68 76 89 68 54 60
t 70 69 58 53 56 61 47 78 52 51 83 82
t 74 83 54 89 63 89 85 46 60 88 89 74
t 60 49 68 83 66 63 57 68 68 87 56 73
t 22 23 21 740 21 23 19 19 3 6 11 15
t 4 25 1 22 13 731 22 9 24 15 19 3
t 75 82 45 67 81 89 69 48 88 60 48 55
t 5 6 18 730 9 4 21 3 20 16 6 23
t 16 9 748 14 10 24 23 11 15 17 23 22
t 60 45 83 81 50 88 54 89 88 83 88 70
t 55 77 60 64 53 63 85 81 77 63 60 75
t 55 69 49 67 87 76 74 90 52 45 46 45
t 62 69 68 82 52 55 88 54 74 62 70 62
t 88 56 90 87 53 77 83 88 48 68 80 82
t 63 84 89 85 72 45 77 46 83 59 81 55
t 83 79 90 50 49 66 76 53 59 62 62 87
t 16 21 3 7 10 748 23 17 13 10 21 17
t 68 56 85 90 64 82 72 86 56 53 82 88
t 17 17 1 17 1 4 745 25 8 15 18 8
t 4 7 5 25 16 726 23 20 16 10 12 24
t 2 16 19 742 9 24 3 16 21 18 23 13
t 83 56 82 74 53 49 89 49 45 65 54 70
t 1 20 21 15 7 731 20 4 4 13 25 22
t 64 82 63 59 46 73 79 57 69 88 63 66
t 80 67 81 73 55 56 46 63 55 64 55 74
t 71 45 55 85 90 81 64 49 75 76 74 49
t 5 22 18 19 2 24 4 12 16 25 710 12
t 7 22 2 24 4 3 20 12 14 10 16 725
t 9 720 20 9 4 5 9 7 15 3 7 24
t 19 22 12 14 6 23 4 11 2 7 18 719
t 17 24 9 3 3 10 20 9 20 3 714 6
t 63 60 53 68 57 48 82 69 82 75 63 55
t 11 18 711 1 7 9 17 23 6 24 1 3
t 52 66 65 61 62 47 57 53 53 77 62 75
t 739 20 8 3 16 18 24 9 12 25 12 14
t 84 73 74 85 67 54 72 63 74 69 68 66
t 14 24 14 13 24 7 6 20 21 727 8 25
t 22 14 745 18 2 14 6 6 15 24 13 4
t 49 48 47 56 53 53 60 62 52 59 81 65
t 10 15 14 9 21 8 20 15 10 18 713 2
t 66 67 77 57 66 79 79 76 86 67 70 67
t 6 15 19 4 20 721 15 18 18 25 4 14
t 45 90 52 71 60 63 61 77 67 62 56 56
t 55 59 90 77 61 48 85 85 60 54 74 48
t 48 61 86 56 70 53 80 52 61 51 84 88
t 1 23 726 6 22 20 8 14 23 12 24 4
t 3 7 2 23 14 749 22 17 2 16 6 2
t 60 74 60 71 45 88 57 72 54 80 53 48
t 87 76 77 90 78 67 73 89 87 54 55 62
t 75 84 74 80 89 66 52 89 59 82 69 75
t 82 90 87 84 76 58 73 52 53 72 79 61
t 62 74 61 55 82 53 88 84 55 84 67 62
t 22 3 2 19 16 24 13 11 2 715 23 12
t 81 84 47 51 72 79 82 74 64 55 48 82
t 69 66 59 46 84 63 86 80 84 79 56 53
t 65 66 61 58 82 67 45 74 76 62 58 51
t 81 45 61 57 50 70 70 62 77 62 54 71
t 67 55 79 82 67 62 47 74 45 68 60 53
t 77 66 85 71 58 72 56 83 87 52 69 60
t 79 63 88 86 68 58 68 66 51 81 55 56
t 22 12 22 23 20 721 16 23 24 14 25 21
t 16 6 20 740 24 16 9 14 5 17 5 18
t 25 747 13 7 16 11 17 18 15 14 4 21
t 12 16 13 722 4 18 22 8 2 22 18 12
t 69 62 66 61 70 81 65 76 72 79 50 67
t 13 17 725 4 13 11 14 4 20 17 9 5
t 67 63 67 61 64 69 83 64 63 52 49 46
t 22 21 22 9 2 4 3 4 24 735 22 16
t 21 714 16 10 9 24 23 1 6 20 14 2
t 73 64 88 85 85 66 62 90 72 86 85 47
t 85 74 73 72 81 50 80 60 54 61 81 64
t 62 79 53 70 75 49 88 63 61 59 50 62
t 74 65 80 58 74 66 78 63 84 51 63 80
t 14 12 13 22 12 7 741 16 13 15 17 5
t 65 88 82 52 56 74 79 69 62 71 46 74
t 82 53 81 50 55 45 76 49 47 53 89 67
t 61 52 54 55 83 72 50 73 81 53 76 54
t 87 57 85 58 83 81 80 77 74 69 87 50
t 71 78 60 59 53 68 66 62 74 57 81 71
t 58 66 55 82 84 89 47 83 60 64 54 64
t 2 24 11 18 8 1 20 721 2 15 9 22
t 90 48 90 63 81 82 59 56 54 66 55 64
t 725 4 1 21 14 8 4 25 14 3 4 16
t 739 21 7 9 20 16 22 19 6 25 19 25
t 68 47 56 53 69 47 83 61 49 46 69 70
t 63 73 58 72 79 56 86 67 51 80 46 82
t 72 57 51 73 84 60 83 56 45 58 84 84
t 19 12 742 25 9 23 9 9 16 23 24 13
t 66 82 85 65 84 51 75 71 53 82 79 50
t 70 55 79 64 57 49 82 89 88 55 53 54
t 72 48 56 55 46 79 69 69 65 53 54 54
t 76 76 81 69 84 80 57 49 48 74 47 81
t 58 86 85 67 54 45 64 69 72 54 80 90
t 62 87 62 79 51 57 66 90 68 66 69 61
t 77 90 61 51 47 50 73 68 46 49 90 66
t 81 58 58 61 58 65 51 90 70 56 85 46
t 81 83 47 66 56 76 51 85 72 80 73 47
t 727 5 8 3 3 6 8 25 9 24 24 7
t 6 17 4 18 744 22 13 23 16 4 19 17
t 59 68 90 72 74 72 45 74 88 85 60 72
t 13 16 19 16 19 733 15 5 20 23 17 8
t 51 45 62 82 83 86 58 68 54 89 59 78
t 66 61 82 73 67 79 84 87 57 84 67 69
t 2 25 14 3 9 5 717 20 23 10 25 1
t 23 714 18 24 24 19 2 19 1 1 17 8
t 16 15 12 1 11 2 25 17 15 25 739 24
t 59 61 56 51 70 52 69 68 55 75 46 86
t 60 86 76 71 58 78 73 89 87 71 82 72
t 47 48 85 46 46 85 64 80 89 67 49 61
t 86 49 89 73 64 50 80 74 79 57 47 59
t 25 3 17 9 4 728 8 20 9 17 25 16
t 54 65 47 61 87 90 78 48 77 80 76 59
t 84 78 74 64 90 60 46 68 83 69 87 53
t 53 63 52 68 57 51 87 64 46 64 74 88
t 25 17 25 9 3 718 6 6 13 15 12 21
t 50 63 49 67 62 58 74 72 74 89 68 79
t 1 735 12 21 15 11 25 22 15 10 16 24
t 64 65 72 62 82 48 90 82 87 45 69 84
t 83 65 60 72 77 79 50 56 65 75 54 84
t 4 19 13 17 13 9 7 14 13 743 21 19
t 85 82 52 75 54 55 56 73 64 60 62 58
t 53 66 46 52 45 79 86 81 82 75 79 61
t 76 78 78 78 79 84 85 87 80 89 61 59
t 60 51 56 65 78 77 48 49 82 62 45 51
t 5 9 13 14 11 24 8 741 15 9 12 15
t 74 55 65 57 83 48 58 68 77 60 50 57
t 66 52 65 64 72 56 86 46 68 84 52 52
t 71 65 58 45 46 54 47 51 84 82 55 78
t 71 60 79 61 46 81 66 66 88 88 59 52
t 62 74 66 72 73 45 50 88 58 65 83 72
t 86 47 71 66 70 66 83 45 50 89 54 64
t 6 7 19 16 21 9 2 8 11 10 731 3
t 88 88 49 73 50 54 84 74 86 66 87 88
t 81 82 48 55 54 71 79 63 68 83 49 53
t 719 23 14 22 16 22 17 11 25 3 22 24
t 65 57 90 54 85 68 61 49 51 56 88 77
t 62 81 83 73 50 85 79 67 66 52 67 52
t 81 48 72 74 48 61 73 90 78 84 60 63
t 21 11 710 8 23 18 4 25 14 14 15 4
t 19 12 19 710 16 4 12 1 13 1 4 12
t 22 13 728 13 3 2 13 25 21 11 17 7
t 85 74 47 55 89 71 51 63 64 49 88 59
t 79 72 55 45 51 57 48 86 82 86 87 79
t 2 6 14 11 19 743 15 4 13 20 6 4
t 78 57 89 50 45 50 49 84 83 46 55 50
t 9 1 18 6 13 735 14 16 14 3 2 12
t 50 49 70 77 86 56 84 58 48 81 69 61
t 22 12 8 19 23 24 4 3 20 747 12 23
t 20 22 14 12 19 4 6 711 11 3 13 15
t 21 18 15 6 726 11 14 20 7 5 2 13
t 66 84 72 81 74 77 61 59 47 57 85 58
t 25 3 5 10 17 20 1 717 12 17 18 8
t 20 24 14 1 6 12 741 15 7 21 24 24
t 17 1 23 11 8 14 17 15 21 716 7 13
t 8 15 20 734 12 20 22 19 7 17 13 1
t 88 88 84 61 80 73 49 72 54 66 56 50
t 13 7 18 24 4 9 13 10 19 21 741 10
t 16 23 10 11 19 21 14 15 18 13 711 14
t 10 12 12 722 6 25 16 15 22 15 24 2
t 50 75 54 87 76 75 60 50 89 59 51 65
t 4 3 22 20 7 20 11 13 19 17 23 740
t 83 67 86 55 79 73 83 67 73 76 60 88
t 54 69 53 66 52 86 69 82 84 59 70 65
t 18 14 5 21 6 713 9 17 4 7 5 2
t 2 7 25 9 738 1 7 10 21 16 1 19
t 12 5 1 746 13 24 23 9 21 7 1 23
t 3 25 1 10 11 7 17 6 710 3 22 16
t 57 45 61 65 61 50 59 45 67 52 62 46
t 80 54 64 50 60 83 80 74 70 78 50 62
t 53 76 77 90 87 68 47 81 63 47 78 84
t 12 17 14 6 714 23 3 24 8 15 10 11
t 53 55 72 70 64 47 50 52 79 65 53 74
t 51 90 64 53 71 73 85 87 69 74 90 56
t 3 16 25 24 10 15 12 11 8 749 8 15
t 68 75 59 59 87 67 84 83 79 53 66 47
t 89 74 88 70 47 90 61 63 54 69 65 88
t 87 71 61 67 89 64 47 80 51 56 80 57
t 49 72 63 72 69 72 58 45 82 47 80 63
t 88 55 68 46 69 56 59 68 53 55 69 61
t 2 4 3 746 16 13 20 21 7 17 18 15
t 3 25 9 17 20 12 19 745 17 24 17 2
t 66 52 77 54 50 85 75 46 75 60 86 46
t 17 8 18 3 745 25 10 9 13 20 19 23
t 23 25 21 13 6 11 21 9 11 746 25 18
t 60 75 69 59 78 60 80 89 70 64 53 61
t 19 718 6 21 20 5 17 6 17 10 6 3
t 4 713 21 21 8 20 5 8 22 7 19 21
t 4 7 10 8 12 21 15 8 716 3 23 17
t 4 4 11 728 19 16 3 5 15 9 7 20
t 62 46 87 55 74 55 50 73 51 53 65 72
t 15 9 14 734 20 13 4 3 14 24 5 20
t 62 83 79 88 72 62 45 61 49 66 55 54
t 11 724 6 10 13 4 18 13 11 17 12 22
t 63 49 45 84 80 62 47 49 62 51 45 45
t 7 24 8 24 12 1 731 9 21 10 22 14
t 722 8 8 14 10 11 18 17 23 14 11 1
t 54 58 67 79 55 53 90 73 70 55 74 53
t 12 18 22 11 8 22 23 17 736 24 15 16
t 15 23 10 19 21 740 15 8 19 13 6 23
t 84 77 45 87 79 67 90 69 84 67 85 58
t 59 77 69 81 45 57 87 50 45 79 90 62
t 61 55 88 88 65 70 65 70 84 64 90 50
t 72 72 74 74 76 61 65 46 50 88 51 61
t 77 86 86 87 67 88 62 74 77 53 87 67
t 8 14 14 24 13 3 5 4 1 726 3 21
t 6 7 18 7 2 15 10 10 717 21 6 22
t 7 7 4 2 1 13 24 19 715 13 24 15
t 18 4 5 13 2 18 10 8 3 8 1 744
t 23 7 16 12 7 747 19 5 17 21 3 10
t 46 63 58 70 87 72 47 81 51 86 85 46
t 84 75 73 58 55 53 55 71 80 61 47 75
t 54 52 48 87 75 53 61 56 76 77 84 56
t 71 54 45 84 69 53 63 82 86 59 75 74
t 63 74 68 64 57 46 82 71 63 45 82 53
t 83 45 45 60 71 76 54 60 83 78 73 72
t 90 83 80 45 63 86 80 64 52 51 67 90
t 56 64 50 68 86 54 73 89 69 83 57 89
t 11 25 14 15 5 24 15 19 739 2 13 1
t 51 71 55 50 76 55 80 72 74 62 67 84
t 77 61 65 45 84 70 72 80 72 54 48 83
t 61 68 50 60 62 82 82 46 50 75 57 52
t 47 56 77 60 57 53 53 81 69 51 76 62
t 47 58 84 79 55 49 72 78 65 68 64 53
t 18 12 733 7 16 22 23 14 18 6 24 21
t 17 14 18 13 6 18 24 724 5 11 15 24
t 742 1 13 1 16 16 12 20 7 13 13 2
t 24 7 717 6 13 12 14 14 7 16 19 23
t 14 11 9 17 20 7 6 746 1 4 19 5
t 62 63 49 76 59 67 72 49 89 86 72 61
t 7 23 6 21 4 16 22 5 17 13 727 14
t 12 18 25 20 746 13 2 10 20 21 3 20
t 87 74 83 51 45 48 85 58 69 59 49 83
t 77 71 53 49 54 90 45 45 46 45 78 84
t 2 25 8 5 15 9 20 16 1 18 736 4
t 11 13 14 717 18 19 22 19 14 21 23 6
t 79 80 82 86 79 87 67 73 62 63 72 65
t 10 7 710 5 13 17 10 13 16 14 4 18
t 6 9 15 11 12 18 5 23 731 14 7 5
t 16 19 4 8 19 12 16 19 12 737 5 11
t 83 47 87 58 81 89 81 73 48 90 54 81
t 4 22 11 17 22 6 1 4 720 22 7 14
t 77 89 84 80 63 52 65 55 63 66 51 49
t 72 82 79 57 74 70 79 87 85 75 89 55
t 49 82 90 61 84 73 63 80 55 87 51 85
t 74 85 90 75 50 57 76 82 88 75 87 62
t 74 58 80 58 66 83 85 74 73 76 47 77
t 89 85 69 53 84 64 84 50 86 79 64 87
t 19 6 7 23 3 19 16 5 3 744 5 12
t 17 18 18 2 725 22 4 3 22 21 20 22
t 88 48 47 74 56 74 51 79 88 84 49 66
t 20 724 8 22 8 15 15 18 5 7 13 9
t 80 53 76 68 78 78 70 53 64 54 79 52
t 50 50 71 90 69 67 46 78 82 52 87 81
t 73 50 89 86 85 55 49 45 81 55 52 72
t 14 24 2 15 712 8 17 11 11 18 23 24
t 18 16 6 3 25 5 2 25 6 723 3 11
t 54 57 59 71 55 62 51 63 48 82 69 53
t 1 23 22 24 14 3 10 22 718 13 7 8
t 61 47 76 71 64 80 62 57 57 58 83 79
t 19 25 22 25 21 716 25 14 22 3 23 1
t 17 5 23 10 736 1 2 2 2 24 4 15
t 84 45 45 72 65 70 57 60 55 84 46 77
t 3 12 3 8 13 4 18 1 712 4 6 23
t 6 722 14 10 14 7 4 19 15 16 18 21
t 85 51 72 45 68 47 83 57 90 72 85 58
t 53 50 76 90 78 52 81 52 66 61 78 46
t 60 47 63 87 75 68 52 51 63 62 78 88
t 53 77 82 45 45 66 69 67 59 60 69 66
t 6 9 23 14 13 18 731 9 1 23 20 10
t 84 60 83 69 48 59 52 70 83 86 54 59
t 8 18 25 2 17 16 9 15 5 747 17 19
t 51 76 46 57 68 81 72 46 58 67 79 49
t 69 55 45 82 69 53 46 88 82 76 75 76
t 68 48 54 59 80 65 60 47 78 72 56 52
t 3 7 1 11 5 6 2 18 13 745 6 2
t 51 54 50 66 69 46 68 59 55 60 54 79
t 58 53 72 58 83 49 48 57 64 71 55 62
t 58 51 47 88 69 72 81 68 74 72 80 85
t 15 4 3 731 7 15 1 23 20 15 23 15
t 73 69 56 63 58 51 89 47 73 63 56 65
t 49 64 72 90 55 70 57 90 56 50 49 58
t 22 5 15 4 4 730 15 16 8 7 12 16
t 19 11 1 24 25 18 9 21 6 23 736 2
t 59 69 84 66 71 68 68 80 60 53 68 86
t 51 69 67 68 71 85 71 66 62 89 52 76
t 19 11 20 13 20 12 19 734 24 2 19 14
t 72 70 73 53 46 70 90 73 77 89 88 67
t 77 75 67 70 80 75 64 66 56 58 88 69
t 8 18 6 10 20 3 745 10 8 9 4 2
t 16 24 19 9 716 17 24 11 14 5 20 19
t 51 63 64 83 77 53 70 45 74 56 72 88
t 7 6 3 11 16 6 21 8 23 742 21 6
t 23 16 14 15 21 8 6 12 747 18 15 20
t 61 60 60 70 65 63 57 63 81 74 88 45
t 25 3 14 6 714 9 17 21 14 20 5 2
t 10 13 8 17 10 8 11 2 6 4 717 6
t 69 75 51 88 78 83 69 56 78 58 76 76
t 12 11 14 17 9 6 10 25 15 11 1 726
t 46 80 69 64 74 88 49 54 89 67 49 72
t 25 7 20 19 718 14 11 22 9 15 5 9
t 48 85 84 50 46 78 46 49 87 64 47 76
t 22 9 6 16 20 21 12 738 10 4 7 21
t 47 77 53 48 52 60 66 52 84 75 75 64
t 73 68 47 55 89 64 86 81 87 72 78 85
t 62 83 58 64 76 70 85 73 70 88 81 52
t 46 74 52 52 81 84 82 55 83 72 60 45
t 74 85 65 65 46 87 61 67 51 79 45 89
t 67 76 59 63 79 55 72 84 45 60 52 80
t 20 25 11 23 24 746 23 3 3 7 24 19
t 15 23 15 3 740 7 11 20 20 16 14 7
t 48 89 74 52 60 68 82 54 65 76 55 85
t 53 56 78 72 64 78 76 78 74 62 51 57
t 10 19 11 9 13 10 725 23 16 19 7 15
t 18 16 2 737 8 3 11 24 5 23 22 16
t 79 77 69 77 73 76 60 79 81 82 68 61
t 64 47 65 66 54 80 77 53 88 74 82 68
t 9 12 13 5 11 12 741 18 20 18 2 1
t 90 45 52 51 46 62 66 59 47 85 63 81
t 74 68 65 87 84 80 47 62 90 46 64 62
t 67 84 65 58 52 49 68 60 70 60 73 72
t 9 6 17 11 11 3 742 2 16 21 3 16
t 58 58 51 55 79 45 90 78 83 83 67 63
t 1 15 13 6 1 17 733 3 25 25 2 12
t 59 49 45 65 61 55 81 72 46 61 90 71
t 89 79 87 57 72 52 52 51 84 63 69 71
t 68 51 86 65 46 56 66 51 80 82 71 79
t 61 86 61 49 64 73 78 66 74 57 90 78
t 77 90 55 45 85 59 61 87 82 57 56 48
t 8 17 13 12 3 12 15 6 11 714 1 12
t 86 69 89 52 49 83 77 89 57 83 59 88
t 4 17 8 25 24 15 1 9 10 16 2 748
t 62 79 87 88 53 50 69 49 56 51 73 73
t 729 23 20 24 3 1 5 1 9 3 13 7
t 21 745 13 8 3 24 1 18 8 14 7 21
t 10 736 22 10 21 25 18 12 3 6 24 18
t 46 78 86 62 85 51 69 60 84 77 72 56
t 10 3 7 19 7 4 15 742 8 11 22 10
t 85 80 68 72 90 89 82 60 86 79 88 84
t 61 60 47 45 84 68 68 75 58 88 51 49
t 19 12 25 748 25 9 19 7 8 22 17 24
t 88 62 59 55 80 54 61 57 73 54 72 83
t 66 71 77 45 75 60 73 59 63 80 58 78
t 89 52 74 62 85 53 63 73 55 53 56 78
t 86 46 81 78 49 75 47 81 71 61 81 51
t 24 1 16 19 1 2 718 8 11 11 2 4
t 64 52 85 76 49 89 80 78 66 84 48 53
t 15 4 10 24 743 15 5 1 10 12 22 11
t 89 61 81 68 88 62 90 73 86 52 61 49
t 51 89 79 79 58 68 85 72 53 54 52 72
t 63 76 79 81 45 88 80 50 78 78 77 58
t 90 50 45 86 48 65 52 82 59 57 49 62
t 71 53 60 53 48 60 90 79 68 57 64 70
t 741 22 19 25 11 13 9 14 24 2 7 18
t 76 79 73 76 85 62 63 74 53 45 64 70
t 55 88 54 60 45 51 78 63 78 77 82 78
t 71 48 55 75 58 87 72 60 57 78 80 86
t 16 726 20 6 21 23 9 15 6 14 8 15
t 9 6 12 15 716 24 16 22 22 2 23 12
t 90 47 61 50 65 57 67 53 72 57 58 77
t 85 85 64 80 81 48 47 84 50 51 73 69
t 21 8 749 23 16 10 12 11 16 7 15 2
t 14 4 8 5 1 23 25 8 12 719 1 16
t 3 10 25 16 15 12 9 746 4 1 1 9
t 4 17 13 18 21 718 24 1 9 16 20 7
t 20 3 12 10 6 21 21 21 714 11 4 12
t 23 737 13 21 8 22 16 9 5 23 19 10
t 7 718 19 5 15 16 4 19 14 2 20 20
t 3 3 3 25 23 16 718 21 19 17 23 9
t 57 74 50 51 59 52 69 72 78 59 85 58
t 24 13 12 5 746 19 12 21 4 25 7 22
t 59 83 70 49 55 70 56 72 73 87 62 66
t 3 10 19 23 719 19 17 14 8 6 23 1
t 53 70 84 90 47 88 89 80 84 87 67 64
t 61 68 85 51 79 85 72 51 72 48 52 61
t 72 82 89 78 51 74 83 54 53 76 64 58
t 62 82 62 57 55 89 76 76 60 64 55 46
t 81 74 84 47 71 47 73 67 69 78 75 49
t 76 63 70 72 61 56 58 49 48 79 77 68
t 82 52 53 57 89 71 56 76 68 63 55 66
t 16 17 17 11 1 19 9 741 9 2 8 22
t 78 73 77 77 57 67 78 85 69 48 84 67
t 85 55 86 61 78 86 62 86 87 55 64 51
t 88 77 73 76 47 67 62 67 60 56 80 82
t 61 52 52 81 46 86 45 88 83 55 66 65
t 12 9 16 14 24 24 2 12 2 2 739 9
t 6 25 2 3 23 24 24 19 19 18 733 16
t 24 19 7 22 8 17 17 3 9 21 14 743
t 14 25 7 8 7 13 8 3 20 724 19 25
t 8 5 8 8 725 4 8 23 13 17 23 9
t 16 9 5 11 13 16 4 17 20 9 9 742
t 55 50 45 89 64 89 60 85 47 89 66 50
t 24 17 23 5 15 12 22 6 10 22 728 10
t 20 3 1 23 19 4 8 12 3 8 728 19
t 51 85 64 65 63 73 72 51 58 62 54 64
t 86 70 59 48 54 75 45 57 59 60 85 82
t 2 17 5 15 5 744 10 11 3 5 17 21
t 52 52 54 75 57 74 48 62 47 67 61 67
t 63 68 56 67 74 87 58 82 76 58 61 72
t 77 66 81 89 88 85 68 74 90 85 70 47
t 24 3 15 16 6 21 14 22 732 16 20 5
t 63 77 64 53 71 76 78 82 57 72 76 85
t 6 14 9 16 738 23 4 22 12 2 22 11
t 11 717 10 6 13 6 1 16 18 9 18 11
t 67 85 77 57 84 63 70 63 77 81 78 56
t 82 60 89 45 85 48 50 60 64 86 77 52
t 9 25 6 735 19 17 12 2 7 19 14 2
t 5 7 23 15 16 13 14 16 24 17 4 721
t 24 19 22 724 3 10 25 25 20 8 3 14
t 88 57 73 78 76 89 88 47 79 47 76 72
t 19 5 24 3 4 20 748 25 10 1 8 24
t 17 11 23 25 15 725 25 18 22 3 12 11
t 734 17 12 22 18 10 16 15 6 9 24 25
t 75 82 88 54 46 52 75 63 71 56 76 85
t 63 80 75 80 66 50 49 65 72 67 64 54
t 3 737 21 20 7 10 18 19 12 8 3 13
t 65 71 75 77 90 50 58 89 80 62 63 70
t 23 7 11 1 14 15 23 8 23 5 14 716
t 87 55 76 63 55 52 79 83 45 74 56 89
t 75 68 82 69 46 75 66 45 55 64 64 56
t 8 13 16 24 15 17 7 716 23 13 25 20
t 63 65 85 69 83 46 87 85 61 88 66 78
t 64 66 84 52 54 72 80 64 73 69 85 81
t 90 59 89 70 80 49 84 68 79 59 53 64
t 53 80 89 82 79 51 59 54 51 86 79 66
t 48 70 88 72 57 63 45 52 70 77 66 87
t 21 10 22 7 14 6 3 720 6 13 12 2
t 90 61 86 90 62 57 45 57 87 51 48 58
t 56 54 59 71 59 86 51 87 48 47 52 72
t 80 83 64 48 65 80 55 71 63 53 87 49
t 84 59 47 89 87 64 58 51 75 69 63 58
t 62 68 76 57 78 89 72 67 61 73 71 85
t 60 68 65 71 72 62 86 51 74 74 85 72
t 8 11 18 25 4 7 15 718 13 17 17 25
t 11 12 1 9 8 13 4 731 13 22 4 6
t 2 15 3 20 13 11 10 23 725 7 17 25
t 61 77 77 81 90 79 78 46 82 80 80 49
t 78 75 80 50 46 76 82 84 54 72 59 89
t 711 15 25 5 24 22 8 6 21 16 20 4
t 76 86 46 70 67 75 90 49 65 82 85 56
t 50 62 71 83 57 62 86 52 85 58 62 62
t 14 2 19 7 20 4 13 12 9 748 10 13
t 62 62 84 57 77 51 78 88 62 75 47 82
t 63 75 64 45 60 67 86 49 54 79 71 51
t 56 90 64 68 47 90 49 59 61 53 83 74
t 62 59 47 75 63 47 77 78 74 89 86 59
t 54 53 47 89 77 77 86 68 58 58 70 65
t 83 88 85 86 52 85 83 50 45 58 70 58
t 62 49 69 55 73 72 89 75 57 54 77 51
t 62 88 66 70 84 89 56 59 46 89 67 49
t 7 14 25 7 25 15 13 24 739 21 10 18
t 82 59 73 78 88 69 79 78 59 58 69 87
t 85 66 69 85 85 77 74 56 88 53 80 56
t 7 7 3 21 12 1 24 17 732 12 14 19
t 5 4 12 10 739 9 24 19 8 21 21 24
t 50 49 48 71 45 66 53 84 85 46 68 66
t 81 64 56 74 70 80 62 54 48 59 67 45
t 82 49 81 49 72 49 86 69 84 59 69 64
t 66 83 73 57 62 65 55 46 67 48 51 63
t 11 22 21 4 24 10 25 6 9 711 21 2
t 73 49 74 57 69 64 68 62 50 75 76 61
t 50 81 68 52 74 56 79 45 77 69 62 80
t 84 88 71 88 61 61 47 49 85 83 81 55
t 13 730 17 1 2 25 6 18 16 20 11 4
t 713 12 25 17 21 20 11 19 14 12 24 6
t 70 63 81 59 55 66 74 45 87 83 49 52
t 50 90 89 74 56 56 64 52 79 51 53 47
t 83 51 79 89 55 88 68 81 74 76 60 63
t 7 16 8 8 3 713 10 10 14 11 6 13
t 13 17 18 24 18 2 6 13 9 731 2 7
t 84 87 47 64 87 84 59 57 51 81 74 71
t 77 62 52 74 81 75 75 48 59 90 83 52
t 5 18 23 22 717 9 9 8 13 23 25 14
t 57 65 48 58 59 77 57 68 70 76 46 54
t 12 14 22 14 15 745 14 5 9 16 19 6
t 64 62 47 88 45 67 82 81 74 71 69 57
t 83 83 47 57 85 84 67 86 50 76 63 89
t 73 79 70 74 89 85 74 90 71 64 62 45
t 25 25 735 1 8 2 6 13 3 13 19 12
t 46 80 45 90 46 59 74 83 70 73 72 55
t 60 51 90 83 90 65 50 85 57 75 90 70
t 70 83 65 55 86 74 84 47 47 79 76 49
t 8 20 11 17 14 23 15 13 2 10 13 741
t 73 80 54 78 79 53 70 85 69 62 83 54
t 55 65 55 79 50 63 74 57 72 65 68 63
t 51 90 46 55 76 63 54 66 83 70 46 49
t 20 10 3 21 11 25 6 25 749 17 20 7
t 19 6 8 14 7 3 12 12 10 4 725 10
t 45 84 66 45 59 46 47 86 78 50 67 67
t 59 70 87 83 60 78 55 65 80 52 78 87
t 49 51 60 70 83 82 81 86 67 83 48 64
t 79 62 78 80 55 67 54 77 68 57 65 46
t 47 69 75 47 76 76 50 80 68 65 48 89
t 18 6 17 726 10 22 9 22 21 21 23 12
t 85 81 83 83 59 49 90 55 76 60 45 81
t 11 21 16 23 724 2 15 10 13 22 5 1
t 25 747 12 5 17 4 3 18 16 1 3 21
t 82 48 84 66 75 46 88 79 68 71 50 65
t 61 64 86 67 59 58 81 74 51 50 49 84
t 81 75 53 71 81 81 45 64 62 90 73 51
t 79 51 53 69 86 48 73 74 63 78 80 53
t 63 62 85 59 63 74 67 70 76 81 53 47
t 51 89 50 83 62 76 68 89 58 65 83 79
t 1 727 9 24 23 10 2 6 12 4 1 20
t 48 70 80 67 81 62 87 59 51 59 65 45
t 64 88 83 69 48 65 83 59 70 63 64 74
t 55 74 53 65 87 54 55 69 64 60 83 58
t 11 15 19 2 2 20 730 11 16 16 19 1
t 17 712 7 16 3 7 1 3 10 19 19 15
t 48 63 61 56 83 53 64 68 69 72 84 89
t 69 63 63 75 59 57 76 75 45 82 64 55
t 73 54 79 57 70 74 68 67 80 48 49 86
t 8 19 19 24 13 17 5 14 2 732 8 18
t 90 77 51 49 77 75 75 57 80 86 89 82
t 53 50 79 65 86 78 68 66 56 53 77 90
t 21 6 20 25 18 12 23 720 22 1 21 18
t 56 86 68 79 88 58 85 70 78 59 76 85
t 725 23 14 13 19 12 22 21 9 5 3 12
t 24 14 12 15 743 3 16 21 18 6 1 8
t 78 59 89 65 76 69 90 51 48 50 54 63
t 18 12 9 13 22 6 8 8 9 11 8 733
t 60 79 47 47 52 52 54 74 52 56 66 67
t 7 10 9 4 3 9 22 19 20 746 16 21
t 6 14 8 6 15 7 11 21 729 18 24 13
t 81 67 56 86 54 86 53 89 60 48 63 53
t 4 17 20 14 23 4 14 6 14 738 17 9
t 5 746 24 23 1 15 18 2 24 17 19 4
t 47 64 89 62 69 65 53 79 62 70 80 45
t 82 73 53 70 54 77 79 55 86 88 77 77
t 64 59 51 54 59 51 85 68 72 87 55 63
t 61 45 58 90 77 86 60 57 54 80 85 62
t 8 8 21 3 3 24 746 17 16 12 21 22
t 50 79 73 70 81 75 51 70 72 51 82 51
t 65 65 62 47 49 72 45 87 45 80 46 53
t 5 20 7 23 19 21 744 6 23 18 22 25
t 80 70 48 46 71 55 49 71 47 81 89 58
t 13 18 17 7 15 20 1 8 10 12 743 7
t 7 22 22 16 16 732 24 11 5 22 2 19
t 53 50 67 72 57 90 51 73 69 82 62 64
t 22 2 13 733 11 24 5 14 1 12 12 25
t 46 78 51 82 64 73 50 49 77 58 64 88
t 70 45 49 83 61 58 49 87 75 46 65 57
t 45 61 60 48 61 62 72 89 74 47 69 78
t 13 743 23 10 21 7 3 4 24 20 17 14
t 86 76 78 66 46 48 77 68 75 60 56 72
t 73 57 77 57 54 75 69 69 47 84 76 77
t 70 68 53 89 69 88 50 77 72 60 60 81
t 6 743 17 8 9 5 20 24 15 2 21 21
t 75 68 87 50 48 46 78 61 57 80 78 51
t 73 57 48 56 68 66 73 68 74 90 65 86
t 70 61 72 83 55 87 63 70 84 76 64 61
t 47 51 90 81 70 52 68 60 52 56 46 47
t 9 1 11 6 18 11 744 18 15 3 18 5
t 88 72 55 62 71 53 50 74 69 57 52 78
t 83 89 87 47 58 59 76 54 74 80 49 59
t 82 90 76 62 89 65 68 88 53 59 87 88
t 3 10 8 724 11 7 24 25 15 1 13 24
t 81 82 55 77 86 78 71 76 62 53 45 67
t 67 72 45 71 48 64 84 66 80 54 74 68
t 48 78 80 47 86 48 78 81 63 49 90 77
t 53 85 63 54 78 58 58 55 89 74 50 69
t 20 23 11 14 8 5 14 748 6 17 17 21
t 13 724 14 3 3 22 21 23 12 16 15 24
t 86 53 53 57 68 66 81 81 87 69 82 59
t 89 73 71 73 82 75 85 46 72 46 72 47
t 54 84 71 78 63 83 54 78 58 61 59 73
t 1 4 15 729 1 20 13 15 11 12 20 2
t 10 14 17 15 4 6 19 15 20 19 721 19
t 88 63 78 58 75 65 71 58 85 61 69 82
t 46 71 83 52 45 70 66 84 78 89 73 57
t 19 7 7 21 21 11 725 11 21 16 7 8
t 82 80 52 70 59 89 79 80 64 46 78 77
t 74 67 53 73 57 75 59 90 62 67 87 59
t 25 12 20 742 22 6 21 3 9 22 11 2
t 17 12 739 2 14 18 14 11 14 8 12 14
t 47 59 72 69 83 78 53 60 49 59 77 55
t 71 64 68 66 68 62 49 69 76 74 85 61
t 15 10 25 22 24 19 9 4 740 10 24 23
t 61 88 57 50 54 65 84 90 53 78 57 84
t 13 25 15 6 1 6 6 733 4 22 16 12
t 64 63 81 59 68 70 75 54 86 53 49 45
t 46 83 84 80 45 69 45 51 83 84 54 62
t 48 70 70 66 64 60 66 52 79 81 72 45
t 87 45 50 52 63 48 46 79 70 59 56 46
t 89 48 56 59 72 54 71 56 65 73 49 52
t 10 20 17 15 13 8 3 1 16 742 17 10
t 67 62 60 70 90 47 54 62 58 46 69 73
t 2 2 21 23 22 7 25 18 20 5 2 718
t 89 74 84 48 54 77 77 84 53 59 87 45
t 50 51 76 73 71 61 74 75 55 78 89 74
t 19 9 5 1 12 9 19 725 18 4 13 17
t 17 22 4 23 13 16 23 712 21 3 2 25
t 6 7 10 12 10 6 24 16 17 5 20 715
t 5 5 20 1 729 8 13 3 23 9 6 1
t 2 23 24 6 24 1 722 22 19 16 9 19
t 18 17 2 20 5 25 17 16 726 7 24 11
t 85 57 80 60 74 57 80 57 67 48 64 84
t 719 14 24 22 11 8 10 21 18 4 8 24
t 748 18 13 4 13 24 1 25 23 22 4 6
t 89 75 65 59 55 89 73 75 70 78 80 78
t 22 14 25 17 4 14 12 10 19 733 15 14
t 24 11 15 12 14 5 3 22 745 18 18 5
t 46 90 80 54 78 58 77 55 81 74 71 54
t 17 5 9 15 6 743 14 1 19 23 3 25
t 70 57 58 47 76 58 83 45 81 55 49 50
t 16 1 5 744 15 5 15 3 25 20 2 19
t 20 18 24 23 14 13 4 19 3 3 9 719
t 81 46 76 87 74 72 80 88 62 72 56 47
t 82 64 84 65 67 69 89 74 79 69 82 77
t 58 46 72 50 80 85 85 71 73 67 47 81
t 11 10 20 25 15 13 23 3 12 17 6 722
t 743 11 12 11 19 2 5 18 1 19 4 9
t 59 75 53 49 83 56 67 90 74 67 50 84
t 25 22 3 25 25 25 11 11 24 14 726 20
t 15 12 14 16 6 6 9 21 744 2 10 15
t 20 734 5 18 24 4 20 25 2 17 5 10
t 742 23 10 11 22 9 9 9 25 2 2 24
t 85 74 52 63 70 84 49 78 88 55 63 47
t 68 51 59 90 47 64 90 65 75 85 66 72
t 87 76 57 59 54 62 87 51 86 66 76 48
t 17 17 15 715 8 13 16 12 7 25 4 18
t 77 49 84 78 49 61 67 65 89 73 67 81
t 15 7 12 730 19 1 2 18 11 15 21 1
t 24 21 19 23 11 16 14 24 18 18 730 3
t 13 12 3 18 19 5 10 6 726 15 23 1
t 58 85 59 59 56 79 52 54 52 90 50 87
t 73 68 76 82 58 87 83 51 48 75 90 73
t 62 77 49 67 64 58 77 65 57 61 83 56
t 55 88 72 58 59 81 80 68 82 47 69 49
t 69 60 55 52 87 76 55 59 63 70 71 68
t 48 86 47 72 64 50 74 51 69 57 82 90
t 10 19 15 24 21 1 17 717 19 22 10 18
t 11 25 21 15 17 8 24 7 13 17 3 736
t 24 7 8 24 2 11 25 11 11 23 2 716
t 13 10 9 2 20 18 24 710 9 13 17 4
t 61 53 63 61 88 88 63 59 81 69 64 47
t 47 74 55 74 75 62 73 45 76 90 56 50
t 87 62 70 67 45 62 58 45 67 59 58 84
t 89 56 85 90 47 64 50 77 58 79 72 86
t 67 54 87 57 79 84 51 84 74 72 62 48
t 74 83 53 73 71 58 75 72 86 66 60 80
t 67 65 63 50 71 71 62 86 77 68 64 55
t 61 77 71 56 61 61 51 61 46 56 51 55
t 87 89 72 70 68 90 81 60 56 48 66 46
t 65 86 54 62 48 52 56 67 50 46 48 74
t 13 10 15 19 20 12 17 713 3 6 11 19
t 77 60 81 54 68 49 67 76 87 53 76 48
t 46 80 73 59 48 65 86 64 66 49 84 47
t 59 87 61 73 78 87 73 79 56 61 76 66
t 83 73 72 53 66 62 46 51 66 86 67 74
t 729 5 1 17 9 7 18 8 22 24 4 9
t 76 87 61 58 56 46 50 83 74 83 65 47
t 89 52 88 67 89 45 84 77 69 55 53 67
t 19 738 19 12 12 4 4 5 19 6 6 8
t 81 61 72 66 72 59 46 46 86 57 72 67
t 51 78 68 71 69 86 78 76 46 82 78 46
t 20 5 1 23 2 16 13 6 5 18 12 723
t 8 6 13 20 23 13 744 4 7 3 11 15
t 5 23 7 24 3 25 723 2 24 18 13 7
t 83 45 57 55 74 73 74 66 87 68 75 47
t 47 82 61 50 50 65 77 86 48 54 63 79
t 3 13 743 18 22 4 5 4 2 10 11 1
t 51 46 78 86 88 86 59 46 53 61 61 47
t 9 15 1 9 13 25 10 721 25 9 9 14
t 25 7 19 21 18 23 6 8 15 738 1 8
t 7 3 9 14 19 24 2 17 22 20 17 728
t 83 57 83 63 84 79 84 88 81 69 60 46
t 61 84 69 69 53 57 52 76 61 59 70 48
t 724 9 10 1 22 11 5 17 7 1 11 24
t 19 738 7 24 23 2 2 10 11 12 25 14
t 65 72 56 77 80 84 66 58 73 63 72 78
t 1 12 15 17 24 10 20 744 8 1 25 14
t 54 63 69 64 77 65 46 80 47 72 57 77
t 72 63 57 76 65 47 47 61 85 80 83 83
t 13 17 12 1 20 9 4 3 1 3 746 11
t 16 2 18 11 729 15 11 8 19 8 12 6
t 21 23 749 6 25 6 10 21 3 21 16 18
t 45 77 47 77 58 56 68 46 80 78 50 88
t 50 57 66 74 64 46 47 75 69 59 83 79
t 3 717 20 2 17 13 5 2 25 7 25 2
t 16 2 24 17 19 18 741 23 14 8 7 12
t 83 62 86 73 51 48 55 78 61 90 62 72
t 1 6 20 2 17 15 16 8 723 1 18 1
t 78 64 51 53 67 77 52 46 79 87 70 70
t 86 74 49 88 52 62 51 82 88 53 76 58
t 81 45 88 63 67 50 89 82 81 88 82 69
t 54 78 52 70 86 83 47 74 59 56 59 84
t 16 14 25 14 19 18 15 25 7 745 10 4
t 64 74 51 87 88 77 86 47 46 58 87 89
t 74 85 82 76 72 77 55 50 86 55 60 81
t 56 67 64 62 60 49 64 78 65 77 65 87
t 711 24 18 16 21 9 1 13 21 15 17 6
t 12 24 1 711 5 15 13 6 25 1 9 3
t 87 90 87 61 69 59 75 68 76 81 49 77
t 77 49 46 90 74 90 50 66 63 54 65 45
t 48 80 56 64 69 84 69 46 63 52 68 75
t 74 58 50 46 61 55 74 90 78 60 87 59
t 11 11 16 21 2 21 17 7 7 715 20 6
t 19 15 3 19 19 8 20 3 21 7 9 744
t 72 54 53 81 83 81 78 72 51 75 52 89
t 11 16 5 8 20 1 4 3 19 25 6 714
t 5 8 14 18 23 12 12 719 23 6 18 9
t 75 54 51 74 49 77 53 83 73 90 48 78
t 88 67 88 64 84 76 54 57 48 54 52 70
t 52 77 51 56 70 82 54 58 46 66 50 48
t 735 11 3 19 5 22 1 2 2 18 24 16
t 46 82 53 83 89 48 79 71 51 75 70 66
t 17 22 8 7 2 723 25 7 2 12 24 12
t 9 714 12 22 23 7 11 13 20 10 1 13
t 742 7 5 24 25 7 24 15 8 3 15 8
t 83 64 61 48 63 85 57 67 83 62 69 66
t 75 52 76 89 56 71 88 57 60 69 54 80
t 62 83 80 77 87 90 58 68 59 52 45 76
t 75 62 67 63 71 69 64 89 78 73 79 75
t 19 1 715 2 1 25 10 6 17 12 15 4
t 9 21 11 733 6 12 18 4 23 5 3 2
t 17 16 21 24 6 18 4 7 723 23 3 15
t 24 4 6 14 742 10 3 8 10 1 22 8
t 49 82 55 63 85 77 65 45 90 49 70 64
t 89 65 78 73 87 70 68 57 85 47 72 68
t 70 84 61 82 78 57 66 50 77 57 82 50
t 5 713 4 14 3 13 21 13 3 13 22 21
t 76 73 77 68 80 82 74 84 62 65 89 88
t 23 22 18 14 22 745 8 19 22 7 12 24
t 57 70 48 73 49 61 68 65 72 75 52 75
t 74 61 54 86 79 73 49 47 85 64 59 63
t 87 48 52 54 60 74 58 65 62 87 71 54
t 73 55 59 64 47 70 79 71 72 82 82 71
t 714 20 6 8 16 3 23 19 21 7 3 18
t 84 90 84 73 50 55 58 53 51 50 85 58
t 60 80 90 84 73 67 76 78 86 50 80 71
t 18 16 11 25 12 20 8 23 15 2 10 727
t 79 56 76 72 83 62 68 62 54 59 59 78
t 2 18 3 3 2 3 719 12 20 23 13 15
t 45 52 68 64 86 77 52 75 64 82 67 83
t 57 81 47 71 49 83 84 85 48 75 48 88
t 748 7 25 19 9 6 9 24 10 24 11 22
t 65 84 87 89 54 81 73 58 72 73 46 49
t 52 45 66 74 74 55 87 68 46 59 66 85
t 63 73 86 85 77 53 48 52 82 77 84 62
t 2 19 20 723 2 21 19 21 8 1 4 8
t 85 71 48 55 62 69 52 76 50 82 72 49
t 8 10 20 20 723 13 4 22 13 1 14 3
t 6 14 20 1 16 3 8 740 11 15 9 19
t 20 9 22 743 9 20 16 22 17 14 13 24
t 7 5 726 11 25 19 2 24 15 3 15 7
t 71 52 61 69 66 81 86 48 68 52 66 55
t 25 13 3 740 4 24 23 20 10 13 1 3
t 3 12 14 3 726 12 18 22 18 12 21 18
t 10 12 3 10 10 24 22 711 23 9 1 16
t 64 75 69 78 65 69 68 57 86 80 56 84
t 75 80 87 65 62 87 84 61 53 90 71 61
t 4 22 14 738 3 15 6 9 13 12 4 14
t 25 19 8 10 21 15 4 22 711 8 10 18
t 16 15 8 714 17 16 8 12 24 2 19 24
t 4 11 2 11 4 19 9 14 18 721 13 23
t 82 47 89 64 81 67 85 65 68 47 83 87
t 5 25 8 22 8 1 744 22 8 19 15 19
t 22 5 20 24 12 8 25 720 10 17 14 13
t 65 71 55 57 50 85 90 60 76 68 77 75
t 13 14 10 19 1 10 25 17 14 718 18 17
t 59 86 65 58 78 51 65 59 74 74 59 75
t 1 11 14 24 22 17 25 13 731 13 10 6
t 75 45 72 55 66 62 83 70 63 52 59 90
t 6 12 22 1 16 734 9 23 11 19 3 5
t 5 1 21 5 25 12 10 12 19 739 13 17
t 69 54 58 86 88 66 45 55 89 79 81 88
t 68 76 86 68 70 90 51 79 84 61 54 87
t 64 63 90 78 80 60 76 45 77 52 72 46
t 19 5 4 723 14 20 16 4 3 13 13 9
t 4 23 22 3 21 15 1 22 3 2 1 741
t 76 90 45 83 71 65 71 70 73 80 51 55
t 74 54 58 82 69 73 76 69 45 85 87 66
t 56 53 60 55 56 46 67 63 59 84 64 55
t 8 1 12 746 19 12 9 19 6 8 20 9
t 55 65 55 59 46 79 87 46 46 47 47 62
t 55 84 84 65 50 79 60 45 84 69 85 46
t 748 3 3 18 11 15 23 21 7 10 1 9
t 78 88 83 72 85 63 79 53 73 77 48 86
t 75 81 82 68 48 59 83 88 56 88 84 60
t 49 50 63 74 75 64 80 57 81 67 69 51
t 50 78 83 72 51 77 49 53 74 72 76 46
t 86 67 61 80 59 76 55 73 64 47 76 87
t 15 23 23 22 19 6 13 8 1 3 724 18
t 24 16 21 3 13 15 3 23 13 5 12 746
t 58 66 49 79 67 45 52 73 51 60 58 48
t 4 18 9 16 17 12 10 23 710 18 22 23
t 741 7 1 10 25 17 3 16 22 7 7 20
t 16 13 16 3 14 9 17 17 25 713 9 22
t 746 6 3 13 4 16 18 14 25 4 8 11
t 47 73 70 69 63 48 85 79 77 79 90 83
t 23 749 4 16 18 22 21 17 8 23 25 15
t 7 22 11 5 21 749 7 17 16 3 22 7
t 46 66 66 66 56 85 88 57 64 56 60 49
t 11 23 10 3 714 10 6 7 20 13 23 1
t 11 732 24 22 23 14 17 15 5 25 8 8
t 21 5 14 711 17 9 19 3 5 16 15 19
t 18 20 8 11 10 728 8 25 2 1 7 20
t 80 88 90 61 48 57 84 52 65 63 86 62
t 87 72 66 60 52 79 59 74 89 77 83 64
t 79 51 68 67 74 49 77 64 57 77 90 83
t 3 14 22 10 17 719 1 6 17 22 11 9
t 722 8 7 23 14 2 11 12 11 23 10 6
t 49 83 54 49 70 66 56 67 47 70 56 60
t 88 76 70 87 62 75 46 56 88 62 54 79
t 17 23 20 717 11 6 13 24 16 2 22 9
t 90 88 74 74 60 89 50 45 72 68 85 49
t 2 9 8 15 8 25 18 8 13 8 746 14
t 53 85 70 87 83 81 80 49 84 52 63 69
t 15 7 4 9 6 2 719 8 7 2 7 11
t 73 89 83 55 62 71 84 69 45 56 59 45
t 48 57 59 64 53 74 78 46 47 46 47 52
t 62 70 88 60 56 77 57 70 69 78 90 61
t 48 89 88 64 71 90 60 67 69 56 79 52
t 81 73 56 87 47 70 76 83 52 53 67 57
t 56 49 52 55 46 76 76 57 85 74 71 59
t 64 90 48 82 51 77 77 57 86 72 78 55
t 66 78 79 86 79 85 79 67 82 87 71 51
t 13 15 15 7 5 15 5 23 12 4 741 3
t 21 16 7 2 716 24 8 15 25 6 15 2
t 88 83 60 47 50 52 75 63 86 86 75 88
t 59 53 64 79 83 77 63 64 87 85 61 88
t 61 87 69 57 88 65 82 75 48 66 57 56
t 18 16 10 4 736 17 13 14 6 21 18 17
t 88 60 48 55 89 71 53 73 75 52 86 80
t 45 75 49 50 85 84 80 85 47 73 81 66
t 72 53 57 66 47 51 80 75 80 73 45 78
t 25 6 22 13 9 711 11 18 17 2 21 10
t 68 68 76 75 75 51 46 81 76 62 80 80
t 55 67 54 70 81 64 77 70 61 50 75 73
t 14 14 743 17 13 20 18 20 23 21 1 10
t 52 57 82 85 90 71 73 69 45 82 67 53
t 58 71 66 84 58 71 86 70 84 82 63 45
t 3 746 1 23 24 9 12 13 7 25 7 8
t 69 73 53 61 90 63 76 62 84 80 88 53
t 45 58 62 45 56 48 66 59 65 82 69 84
t 47 75 65 75 68 85 83 81 66 45 70 52
t 51 64 58 74 85 68 66 46 67 78 79 45
t 47 90 82 56 46 62 68 89 87 46 74 67
t 57 56 84 55 62 64 60 70 65 73 79 54
t 20 9 8 10 7 18 11 7 13 23 748 19
t 53 63 56 83 67 65 85 84 76 62 80 86
t 74 71 48 85 45 72 56 61 55 76 59 73
t 69 54 86 74 63 77 68 54 61 53 50 51
t 52 45 73 70 86 75 75 55 63 79 82 74
t 73 47 53 66 72 75 51 88 68 71 56 81
t 49 69 45 64 51 68 89 50 49 80 82 88
t 84 85 51 77 89 52 56 54 59 75 89 53
t 82 83 54 79 82 61 49 64 51 87 75 55
t 90 47 51 62 47 50 57 84 81 80 50 74
t 47 87 84 55 48 50 69 78 86 87 48 70
t 90 76 80 58 89 48 83 49 74 45 58 53
t 57 48 81 52 90 49 60 87 81 77 75 73
t 68 67 76 87 58 87 88 60 50 52 64 78
t 1 7 3 7 15 721 17 21 14 3 11 9
t 18 23 7 21 2 11 20 22 13 732 22 15
t 2 16 742 8 22 25 11 4 8 9 16 1
t 51 81 60 60 86 56 46 55 66 82 88 85
t 8 14 14 7 19 21 25 5 722 2 23 6
t 79 85 73 54 68 68 71 67 61 86 65 62
t 77 59 52 62 59 47 55 61 84 70 61 83
t 5 6 5 19 8 17 732 6 23 17 4 15
t 13 9 727 1 19 13 12 6 8 21 3 21
t 17 5 8 25 1 734 15 23 17 7 15 15
t 748 23 13 13 7 8 6 19 17 7 6 13
t 3 724 18 14 12 23 25 19 18 10 10 21
t 737 21 16 13 1 18 9 22 15 23 12 14
t 73 67 77 58 65 52 77 47 45 54 52 78
t 81 53 50 69 88 74 84 49 51 68 55 75
t 14 6 22 9 14 10 724 25 24 24 15 12
t 49 55 68 45 48 59 67 53 63 76 65 90
t 1 746 7 12 17 4 15 6 23 16 3 17
t 23 17 21 722 5 15 19 5 18 8 13 8
t 47 59 73 47 45 47 89 70 57 89 76 89
t 23 4 18 1 23 22 10 25 25 25 12 723
t 11 19 22 14 19 17 16 15 10 25 5 743
t 67 82 72 78 56 45 70 88 89 71 57 90
t 51 67 70 67 83 59 52 85 79 68 76 55
t 52 56 82 72 74 74 85 49 45 88 62 59
t 20 5 16 17 22 713 3 2 16 1 5 11
t 4 1 11 736 25 8 7 10 20 11 13 10
t 13 14 11 8 8 2 2 6 733 2 21 24
t 4 4 24 4 3 21 5 3 10 737 9 2
t 19 711 17 20 10 5 16 6 4 20 18 25
t 68 55 87 70 63 70 89 65 73 57 67 81
t 82 86 88 74 84 83 86 54 45 62 48 70
t 14 5 25 24 20 13 719 20 22 2 5 18
t 10 1 15 749 24 2 20 21 10 8 11 5
t 54 69 79 78 54 66 49 45 55 67 76 66
t 72 82 67 49 61 56 46 47 78 51 49 60
t 80 88 59 49 55 50 82 73 57 54 80 62
t 14 8 21 3 713 21 22 3 22 4 22 16
t 58 54 64 61 61 58 71 58 74 67 85 64
t 740 23 20 6 15 1 5 2 15 14 23 12
t 82 52 50 61 56 60 66 68 59 54 61 83
t 73 83 48 69 55 71 75 66 65 50 89 72
t 21 15 1 24 21 1 19 24 13 732 3 10
t 68 54 71 68 52 72 46 61 70 55 56 56
t 56 63 46 79 46 75 81 68 64 88 69 79
t 48 48 71 49 54 73 58 86 69 48 61 62
t 50 59 53 53 80 81 50 60 49 76 58 70
t 74 48 53 87 45 83 87 66 54 71 46 49
t 2 11 17 10 16 1 10 9 16 725 15 3
t 16 15 12 18 10 12 22 23 724 3 5 15
t 50 77 45 75 78 73 90 71 86 83 74 83
t 18 733 14 15 21 7 3 6 21 10 22 11
t 743 9 24 5 20 6 17 12 19 8 16 22
t 84 46 51 74 86 60 64 69 45 84 73 64
t 56 83 46 69 89 52 84 55 55 78 50 58
t 74 64 59 66 52 84 67 54 74 57 88 76
t 54 69 53 66 86 47 81 57 66 89 74 61
t 72 69 55 75 65 51 75 61 55 89 58 59
t 84 85 84 79 76 56 64 49 53 75 60 79
t 45 70 90 84 73 68 61 78 60 53 78 60
t 16 8 25 740 5 9 4 24 20 8 7 4
t 62 59 73 53 76 79 76 49 56 70 58 49
t 25 742 20 3 13 19 19 16 22 19 4 21
t 22 15 9 7 4 15 749 1 18 12 25 20
t 70 71 79 79 59 65 73 89 71 66 74 66
t 69 74 57 83 82 85 54 82 75 58 89 85
t 54 52 60 45 76 89 87 55 71 84 89 79
t 15 22 5 9 23 14 727 15 22 1 19 12
t 1 726 20 8 5 5 1 18 18 21 15 9
t 71 86 71 86 54 50 75 63 53 51 68 87
t 5 17 18 17 16 1 12 4 7 729 14 20
t 71 53 81 70 60 83 82 83 61 80 87 68
t 66 83 50 57 65 62 76 68 86 64 51 62
t 57 49 79 49 57 61 69 70 78 74 75 84
t 48 83 69 63 83 63 52 77 81 72 75 54
t 69 63 46 65 57 73 66 70 68 71 66 62
t 55 84 90 47 47 49 84 48 58 51 53 73
t 82 76 54 52 51 51 76 59 67 46 87 70
t 49 68 83 90 86 45 88 81 61 55 62 88
t 49 49 56 62 70 48 88 59 68 55 48 83
t 58 68 84 70 61 65 68 48 48 53 47 81
t 13 1 12 18 14 8 19 10 24 15 6 749
t 85 62 75 51 68 68 62 77 63 52 57 62
t 11 9 17 4 2 13 19 17 7 738 13 12
t 10 6 7 8 10 19 741 22 12 9 8 12
t 79 69 50 82 53 60 46 54 77 88 67 49
t 22 25 25 23 7 728 4 18 19 17 6 21
t 748 1 5 10 3 1 1 13 10 8 18 10
t 9 742 14 17 11 9 3 21 15 2 6 5
t 77 48 75 83 47 70 62 87 72 53 90 89
t 21 7 22 6 23 710 18 7 23 9 17 20
t 45 74 70 56 73 77 83 60 68 46 79 83
t 16 20 17 7 3 8 3 15 18 3 25 710
t 77 55 89 56 45 71 49 83 57 69 81 72
t 5 5 7 21 728 19 22 6 18 25 9 17
t 16 25 2 12 3 7 4 16 7 7 714 4
t 74 46 65 46 74 46 46 61 72 74 47 66
t 49 79 48 76 78 78 83 49 68 71 49 45
t 22 24 6 11 3 15 7 17 743 12 10 23
t 19 7 21 10 21 11 20 2 728 9 25 22
t 2 15 2 12 19 24 23 720 23 9 7 21
t 77 80 47 66 49 88 85 50 80 79 62 65
t 78 45 88 46 88 47 90 50 86 83 69 73
t 80 76 48 77 45 52 45 87 67 64 87 54
t 48 78 84 55 47 67 54 81 80 52 63 62
t 57 52 68 45 55 76 81 68 65 49 46 49
t 69 80 52 68 53 90 71 70 67 70 85 83
t 13 14 17 17 22 15 18 19 20 14 12 729
t 50 62 59 67 49 64 89 59 69 49 48 65
t 77 66 79 72 86 47 86 56 73 54 76 59
t 25 18 4 16 3 7 5 6 17 19 722 24
t 13 12 21 18 7 10 12 7 24 12 720 23
t 65 54 84 90 90 78 83 54 61 73 59 68
t 6 9 16 8 24 3 12 714 13 19 7 24
t 69 52 68 77 66 52 56 52 48 82 51 72
t 19 17 710 24 1 8 2 12 3 17 22 13
t 87 58 83 76 76 66 82 53 56 45 68 67
t 71 74 57 45 87 52 46 62 53 64 77 53
t 59 64 76 69 86 77 67 53 74 74 64 62
t 58 49 63 56 59 62 63 82 54 55 88 71
t 75 84 62 53 62 58 55 81 68 64 53 62
t 12 4 3 8 5 20 13 13 2 18 18 716
t 11 730 3 1 2 12 10 13 19 13 2 20
t 65 72 72 82 51 65 57 69 69 73 61 80
t 12 21 5 20 717 25 1 18 2 9 3 16
t 71 62 89 47 90 81 82 80 90 76 76 89
t 4 17 7 15 8 15 12 7 6 721 13 23
t 71 56 87 75 85 62 80 68 64 64 82 45
t 75 84 61 52 45 64 79 86 87 56 65 45
t 13 12 722 1 5 12 4 8 24 25 9 20
t 8 13 18 24 12 23 18 5 730 15 24 24
t 48 81 46 67 46 77 75 67 67 48 58 48
t 76 48 84 51 71 77 80 64 65 59 81 54
t 71 63 46 74 83 49 63 73 72 58 72 77
t 50 74 68 71 82 73 71 50 51 52 46 60
t 66 82 55 79 75 90 83 67 79 69 49 67
t 51 86 64 82 56 51 53 65 51 46 66 84
t 64 72 54 84 86 77 88 82 61 78 45 85
t 54 46 49 46 59 59 66 80 88 55 68 66
t 60 60 55 89 70 45 48 82 49 58 61 47
t 11 14 16 24 19 11 13 21 719 9 15 11
t 16 22 11 25 9 15 734 6 21 9 2 18
t 25 7 742 8 22 1 13 9 3 16 2 19
t 51 73 76 72 78 71 45 78 48 64 66 83
t 59 78 87 86 77 51 86 78 46 60 66 87
t 49 72 70 77 51 74 84 68 62 69 86 55
t 19 14 720 17 5 25 4 8 9 24 4 19
t 57 76 52 90 48 48 76 68 86 73 70 87
t 77 76 72 78 51 79 46 55 73 45 78 85
t 77 48 45 87 86 89 47 82 68 84 70 69
t 71 54 67 56 69 70 72 45 89 55 75 46
t 16 13 9 716 10 17 3 3 9 17 1 12
t 9 14 7 10 749 14 25 9 12 8 12 17
t 69 51 63 70 69 85 89 57 48 47 73 66
t 52 59 87 61 62 58 85 75 63 47 54 80
t 84 77 49 52 65 87 79 56 82 72 76 58
t 54 84 70 47 75 70 57 47 56 53 71 89
t 70 77 53 58 78 50 55 49 68 81 69 62
t 4 8 19 17 723 17 19 9 14 18 1 1
t 64 65 89 85 64 50 56 58 59 64 78 53
t 67 48 62 53 48 49 68 52 77 66 51 89
t 52 49 62 88 86 53 50 66 68 72 73 59
t 86 56 68 80 64 79 45 49 63 78 84 88
t 48 74 84 90 59 46 56 46 71 49 62 68
t 50 89 70 51 70 69 60 74 71 65 84 89
t 64 47 73 72 62 50 56 74 89 83 50 73
t 21 9 3 7 21 10 19 1 6 13 747 22
t 60 82 70 89 83 78 58 88 80 84 56 85
t 69 87 60 82 47 79 71 76 51 45 64 54
t 2 23 739 4 10 16 10 12 17 13 9 4
t 20 727 14 8 2 19 18 13 20 3 4 7
t 48 79 54 86 45 50 80 87 74 57 55 62
t 55 61 89 62 57 52 51 55 56 83 52 52
t 70 66 70 45 62 84 49 57 77 67 80 71
t 66 53 52 68 49 84 83 64 64 86 49 59
t 47 88 68 59 81 84 86 55 51 45 61 66
t 63 79 88 57 78 83 70 88 86 75 56 70
t 4 12 1 2 21 4 16 12 21 12 712 11
t 70 45 82 69 63 63 71 55 57 80 52 57
t 63 85 70 56 53 49 63 46 71 50 59 70
t 7 13 2 23 19 8 713 5 14 10 12 18
t 24 7 1 16 10 4 20 726 12 23 16 16
t 12 17 731 2 16 17 23 19 4 14 10 16
t 60 72 68 78 46 52 63 90 77 62 87 67
t 61 61 89 46 85 49 63 59 71 60 57 45
t 718 23 22 17 12 12 23 4 2 19 1 23
t 20 23 21 22 14 746 25 17 1 25 5 8
t 54 48 88 71 89 47 89 47 84 64 88 79
t 46 48 88 58 71 85 52 72 54 46 48 64
t 79 89 76 52 62 89 58 68 79 77 89 57
t 22 8 24 721 23 8 12 17 21 11 8 3
t 65 49 52 61 63 46 72 69 81 81 54 70
t 60 83 49 74 55 50 62 74 54 51 73 80
t 5 17 6 1 14 6 710 21 18 24 22 15
t 8 16 23 8 13 1 24 741 15 22 6 12
t 7 16 13 24 3 17 23 19 17 10 729 15
t 5 8 2 10 728 19 15 5 11 2 17 19
t 85 48 62 57 83 71 66 80 89 81 68 57
t 84 78 83 63 87 62 87 47 62 74 63 56
t 69 81 63 66 47 69 81 77 82 81 47 51
t 49 72 47 55 72 50 84 84 81 76 51 69
t 76 72 59 84 74 87 49 64 77 50 79 54
t 51 88 77 70 68 55 61 83 63 56 53 53
t 10 8 725 11 11 10 14 12 6 24 12 3
t 73 73 47 89 79 88 62 56 86 86 71 68
t 62 58 71 70 60 89 76 62 49 60 60 75
t 73 58 58 55 50 67 52 52 49 52 57 51
t 6 13 22 728 5 10 12 7 14 3 11 22
t 88 46 58 73 52 79 71 87 45 85 87 64
t 67 88 76 56 54 61 85 77 45 60 50 57
t 58 55 55 88 62 72 58 68 49 58 49 74
t 2 18 19 23 9 1 23 6 3 727 21 16
t 45 82 78 53 48 65 63 50 55 59 53 61
t 16 11 20 15 25 745 8 17 17 15 2 12
t 70 45 49 76 72 66 88 75 63 74 79 90
t 17 2 6 9 14 4 12 730 11 9 22 11
t 79 63 66 62 84 85 82 85 53 60 71 71
t 89 83 53 89 69 69 56 67 79 54 80 47
t 82 55 80 54 66 82 72 58 55 70 88 86
t 90 64 80 84 89 65 73 51 69 68 80 68
t 50 58 75 51 47 77 58 53 88 66 53 78
t 84 61 55 55 73 47 90 87 47 56 84 81
t 25 7 21 6 7 7 732 19 24 25 19 9
t 82 76 66 62 49 55 73 77 89 61 90 79
t 71 62 67 61 78 72 76 50 75 68 60 57
t 13 745 23 18 21 18 22 9 1 18 5 7
t 85 52 46 71 58 65 89 68 79 59 88 63
t 46 75 57 69 89 56 66 83 52 79 70 54
t 12 12 1 724 3 22 9 24 9 4 24 13
t 56 68 57 45 81 72 80 65 79 89 57 47
t 16 727 3 4 3 17 14 16 19 13 24 9
t 6 21 16 25 6 7 743 9 25 19 19 4
t 76 64 77 71 67 67 62 47 85 50 73 63
t 18 1 3 4 1 5 749 21 17 21 11 8
t 12 1 12 15 15 714 5 1 12 7 14 12
t 11 7 4 715 18 17 9 2 22 16 7 10
t 72 74 64 74 66 56 84 49 75 59 73 81
t 81 90 62 79 55 48 79 51 83 81 56 49
t 75 57 52 85 79 55 56 80 75 61 87 62
t 54 85 69 55 82 70 64 57 52 55 69 77
t 84 47 54 54 65 60 60 75 46 78 63 60
t 21 24 12 4 17 18 7 21 9 7 11 727
t 51 63 76 85 87 73 74 75 54 64 83 75
t 23 24 19 7 712 14 19 9 6 4 4 3
t 68 48 78 67 82 53 78 53 79 48 65 54
t 16 11 1 21 11 749 17 11 3 4 6 12
t 87 63 81 84 89 69 83 51 88 81 65 52
t 81 59 45 71 48 65 56 71 57 78 49 80
t 83 70 51 77 64 62 51 71 89 83 65 57
t 16 4 15 1 20 12 19 19 4 21 20 745
t 83 85 60 49 81 51 60 60 75 68 45 61
t 87 82 47 77 49 60 55 78 48 61 85 54
t 3 11 14 735 1 17 19 15 25 17 2 25
t 6 729 12 6 10 17 19 5 4 14 3 5
t 60 49 60 90 84 85 77 89 74 51 72 58
t 48 66 75 67 82 57 45 60 58 49 72 71
t 66 52 48 87 78 67 73 90 47 60 77 71
t 68 87 78 73 76 83 73 51 78 45 73 80
t 65 88 62 75 66 77 51 50 86 50 89 52
t 66 49 64 89 58 57 84 58 45 69 86 80
t 89 70 74 83 75 78 90 52 86 86 75 69
t 83 56 83 73 85 70 74 72 84 66 63 87
t 19 4 8 722 13 9 10 7 23 23 13 17
t 87 62 46 61 73 53 73 66 59 84 77 65
t 748 14 19 15 13 5 15 13 18 17 14 20
t 68 88 65 67 79 77 76 74 71 57 53 58
t 23 22 15 718 14 4 12 4 21 5 4 7
t 46 48 58 79 64 47 60 85 77 77 75 54
t 13 5 2 20 21 734 6 16 24 19 6 8
t 85 69 84 89 48 54 63 45 90 48 60 76
t 60 53 78 79 73 47 87 58 48 58 50 55
t 1 8 10 12 25 23 17 712 5 24 23 8
t 15 20 24 19 723 19 9 23 11 7 4 17
t 20 10 13 9 737 24 17 6 4 9 6 9
t 87 79 75 64 61 56 45 48 88 66 62 54
t 20 18 2 2 21 735 1 21 19 25 8 24
t 82 55 85 84 49 56 82 45 59 68 86 80
t 21 21 24 23 6 25 14 17 3 741 18 18
t 67 46 53 49 66 60 72 88 48 61 62 70
t 4 16 10 735 8 18 8 22 8 21 9 21
t 71 51 65 46 52 59 55 45 58 81 65 56
t 13 1 22 13 17 23 11 729 22 7 9 22
t 5 3 18 21 22 5 23 11 25 9 718 15
t 50 82 75 53 47 90 70 77 63 87 56 62
t 55 84 77 68 81 75 72 49 84 74 49 90
t 21 16 13 8 9 3 9 16 18 8 17 736
t 15 13 3 13 7 25 10 11 6 742 1 5
t 4 2 25 19 11 744 2 23 10 22 16 14
t 55 86 46 46 48 45 48 82 71 56 70 89
t 69 48 89 78 75 74 50 63 58 67 74 57
t 10 746 23 17 14 13 1 25 10 3 10 14
t 85 71 78 78 70 82 58 82 68 68 75 52
t 80 53 56 67 48 47 74 82 48 51 82 50
t 45 55 56 55 77 74 62 89 79 53 80 55
t 70 58 88 87 86 80 65 52 87 84 52 70
t 87 74 80 87 54 75 45 54 89 68 55 89
t 49 45 68 47 88 76 66 68 74 81 83 81
t 14 24 9 10 13 22 19 20 1 4 22 725
t 22 24 5 21 23 1 711 7 24 9 8 24
t 85 59 55 78 73 72 80 51 71 63 70 72
t 48 58 63 59 48 86 58 58 83 46 88 61
t 84 53 49 77 69 68 56 46 70 74 74 86
t 67 85 68 66 70 77 79 87 48 86 88 86
t 9 737 17 2 13 1 18 21 25 25 10 24
t 76 76 74 50 67 52 88 77 90 89 69 65
t 25 17 11 8 2 9 4 18 2 4 18 731
t 12 20 6 13 14 20 749 23 14 25 23 23
t 23 716 14 20 17 12 25 21 9 23 7 15
t 80 72 56 86 86 45 80 88 48 48 80 47
t 82 72 55 75 88 82 51 72 61 80 70 70
t 73 49 58 54 50 68 70 84 51 84 67 82
t 76 78 76 56 62 65 90 55 86 89 81 47
t 71 75 83 78 58 55 79 53 72 45 66 66
t 70 75 52 65 75 82 82 55 72 46 85 49
t 23 16 14 15 6 10 16 744 3 7 23 22
t 64 54 79 78 52 88 49 72 83 53 86 77
t 64 46 61 76 59 89 84 75 45 67 86 85
t 12 6 1 741 7 7 8 13 7 24 22 18
t 23 12 8 5 2 7 3 11 18 738 16 13
t 1 23 4 2 742 19 5 4 21 23 7 11
t 59 90 89 80 69 73 49 90 76 45 82 62
t 81 62 83 65 63 56 47 75 64 56 86 76
t 62 90 66 72 54 49 49 78 86 84 49 76
t 20 25 5 24 3 7 3 6 14 21 748 17
t 62 90 49 48 84 87 86 49 90 56 64 52
t 79 66 57 82 62 83 56 69 51 64 89 79
t 71 56 52 83 84 56 77 67 55 59 60 61
t 62 86 57 90 79 64 76 73 85 81 62 78
t 21 9 4 11 22 734 12 8 20 2 22 25
t 54 64 90 63 71 47 52 88 52 78 60 84
t 59 57 49 51 50 78 90 71 90 51 55 84
t 59 59 64 50 77 73 64 72 46 52 80 55
t 15 2 23 11 15 11 7 18 713 20 14 22
t 725 25 20 17 7 13 14 1 18 21 20 10
t 24 17 738 15 24 8 24 15 19 18 14 14
t 2 7 23 15 736 19 18 20 20 16 12 15
t 64 55 89 58 85 82 80 57 79 54 87 82
t 63 67 88 56 71 52 47 58 55 69 61 67
t 84 46 59 80 56 65 88 60 82 66 71 50
t 52 64 84 79 74 54 66 62 82 48 60 64
t 7 18 734 10 17 5 18 14 20 19 23 5
t 20 9 729 19 9 23 17 3 8 11 12 8
t 23 11 11 732 6 18 16 20 20 21 9 12
t 6 8 3 3 15 11 727 25 2 1 6 22
t 83 54 52 82 48 51 75 64 45 59 69 89
t 61 82 83 66 62 80 72 74 62 90 54 86
t 747 2 21 6 20 17 24 24 4 11 14 12
t 74 73 77 76 74 86 49 90 52 90 82 60
t 7 24 7 16 18 740 18 23 6 11 4 15
t 10 10 25 711 7 22 16 23 24 22 5 24
t 11 11 13 8 2 731 16 20 24 9 2 21
t 85 70 49 64 82 84 45 50 66 59 49 61
t 11 4 21 11 20 14 17 1 2 4 3 733
t 3 13 7 15 25 21 13 10 8 725 25 5
t 55 47 55 51 79 82 77 85 83 78 90 45
t 83 81 81 69 88 51 77 62 76 57 73 82
t 57 50 67 76 46 66 53 51 69 89 49 59
t 88 75 78 79 69 52 61 46 73 49 82 82
t 76 48 47 60 72 70 47 63 69 50 66 60
t 86 85 72 69 82 86 67 78 62 67 46 54
t 74 84 68 50 55 73 81 57 62 47 76 62
t 22 11 10 9 17 4 18 19 22 6 725 18
t 54 71 75 85 65 78 63 55 65 60 48 60
t 54 62 76 53 45 89 49 85 71 63 87 63
t 75 80 80 74 72 67 45 53 57 87 60 77
t 18 5 729 17 22 22 11 15 13 25 8 14
t 77 68 87 61 81 71 62 78 56 85 65 73
t 47 73 47 60 82 54 74 63 65 58 71 71
t 16 18 8 16 8 740 23 14 9 4 5 17
t 76 67 51 71 62 81 79 54 87 68 45 71
t 21 8 22 9 5 17 5 19 747 17 7 15
t 79 80 76 60 82 53 79 56 60 45 65 62
t 69 55 58 76 66 86 51 67 60 52 76 64
t 22 12 5 5 737 13 14 3 24 23 3 15
t 9 17 18 14 22 25 8 14 24 14 711 15
t 62 85 50 84 86 82 79 74 67 77 66 66
t 72 59 62 54 68 83 78 47 81 46 83 47
t 62 74 82 81 75 64 72 46 70 66 76 57
t 76 55 76 52 81 90 57 67 58 46 56 49
t 71 50 60 67 53 75 52 54 90 52 48 87
t 8 6 732 4 5 19 8 8 10 13 13 22
t 11 2 4 20 10 19 21 11 23 5 712 18
t 4 2 13 740 7 17 20 19 17 18 9 13
t 84 72 60 69 76 84 72 64 81 83 84 48
t 68 73 54 85 47 57 71 86 67 49 50 45
t 49 87 60 60 54 45 86 76 66 72 88 69
t 52 47 82 79 51 52 70 76 59 84 78 80
t 88 61 64 84 47 66 85 85 81 60 55 66
t 21 721 23 16 5 8 14 5 12 10 1 17
t 53 67 60 85 78 61 65 77 57 50 47 49
t 58 48 70 52 81 80 79 53 54 70 65 67
t 56 48 75 52 89 78 78 74 47 47 66 77
t 15 2 24 4 18 739 5 24 6 13 10 24
t 78 54 66 51 47 77 87 80 73 72 50 55
t 3 1 9 5 12 743 21 8 14 19 14 3
t 728 3 5 17 12 18 15 2 10 16 5 5
t 2 3 21 10 18 10 18 23 736 23 13 24
t 72 45 77 74 77 45 64 76 46 85 78 76
t 82 84 81 79 67 46 55 83 61 83 55 87
t 18 15 16 1 20 7 9 720 24 3 3 22
t 6 17 1 723 18 25 20 2 25 24 2 1
t 7 24 2 8 19 20 733 25 8 2 18 15
t 79 75 55 76 88 52 53 49 59 67 82 75
t 68 79 47 59 46 48 74 85 49 68 81 78
t 79 74 79 77 48 90 48 67 50 80 89 53
t 53 88 75 59 75 67 60 72 77 83 58 83
t 75 53 45 57 57 78 73 64 69 71 47 51
t 81 80 81 54 64 83 81 77 80 60 85 58
t 58 74 73 65 62 73 77 87 88 67 82 47
t 15 11 1 6 6 25 18 748 14 21 14 7
t 2 3 13 1 11 7 7 4 722 21 23 3
t 63 82 77 89 85 86 67 60 68 45 58 51
t 88 50 49 86 53 50 67 48 62 78 57 80
t 2 8 18 4 14 9 13 20 20 718 7 23
t 1 20 9 5 15 5 717 4 18 7 5 13
t 87 75 64 52 50 89 65 68 52 88 85 62
t 70 63 53 54 54 67 45 45 89 61 61 72
t 83 54 71 65 47 69 64 73 66 77 49 90
t 64 58 85 60 71 66 59 80 74 76 70 66
t 71 89 53 46 84 71 74 75 90 45 59 63
t 52 73 54 62 81 60 54 50 79 45 71 90
t 16 15 728 6 9 9 3 14 25 1 20 20
t 85 90 87 85 79 67 73 48 67 50 45 76
t 16 9 3 1 16 1 19 714 15 22 11 5
t 17 23 711 11 14 12 8 13 12 11 2 3
t 9 5 6 7 18 11 15 6 20 5 24 715
t 64 71 57 70 53 53 51 70 90 51 52 85
t 1 2 9 4 1 12 6 7 1 22 725 14
t 83 45 66 52 81 70 56 65 88 61 60 49
t 71 61 63 75 51 77 84 60 56 67 46 50
t 64 54 48 83 89 76 87 59 90 84 56 71
t 23 19 8 5 16 24 722 21 9 12 22 10
t 62 46 79 66 54 65 57 80 67 51 63 52
t 49 88 78 76 68 59 64 66 84 55 86 87
t 84 53 54 88 74 69 60 75 66 46 64 75
t 22 3 9 8 11 23 6 713 9 16 20 14
t 90 62 59 48 70 90 61 55 55 64 59 47
t 81 71 58 59 61 73 82 84 90 65 83 90
t 64 78 58 78 49 82 87 56 46 75 68 75
t 18 3 2 739 2 1 10 5 1 16 6 8
t 84 61 60 58 84 83 83 55 54 84 81 90
t 3 13 13 7 726 12 2 13 20 12 20 19
t 49 46 45 60 56 59 68 54 48 53 82 81
t 9 11 5 24 746 21 16 13 3 3 24 15
t 2 13 17 12 724 16 4 12 6 5 22 21
t 14 21 1 16 2 25 15 6 5 15 712 19
t 47 71 69 58 68 82 80 67 86 64 86 57
t 46 64 74 61 54 81 69 83 69 57 66 65
t 56 49 55 79 87 67 53 59 46 46 63 50
t 61 82 76 90 89 60 80 50 48 49 65 66
t 69 73 45 47 88 54 45 85 57 76 76 55
t 3 10 13 16 15 16 10 726 1 12 6 7
t 52 48 47 87 74 63 65 75 57 69 80 83
t 74 52 73 63 56 86 56 89 76 85 75 56
t 88 71 86 45 71 56 81 84 67 66 51 61
t 69 58 49 83 81 66 50 87 71 86 70 61
t 88 47 59 58 71 83 77 80 78 83 45 48
t 85 62 45 47 69 79 75 89 75 62 58 73
t 53 87 72 47 79 82 64 76 71 86 57 57
t 62 72 71 60 45 49 49 66 62 46 62 47
t 25 10 20 19 12 5 10 734 14 23 10 19
t 23 22 13 15 13 18 16 18 20 16 730 9
t 70 71 49 64 84 62 88 60 78 63 50 55
t 74 66 68 84 57 72 90 78 67 47 84 83
t 72 61 71 62 83 71 66 48 46 59 77 80
t 81 84 53 50 52 51 58 48 70 57 69 80
t 1 20 719 16 13 17 9 23 22 20 23 5
t 10 8 14 5 2 20 727 8 16 10 10 22
t 9 16 6 17 16 25 23 16 731 23 25 5
t 45 73 87 50 62 77 87 80 61 57 89 46
t 56 48 57 56 80 57 46 48 86 56 52 49
t 11 24 3 25 5 25 20 11 728 5 15 1
t 22 24 17 20 2 9 718 1 14 24 8 2
t 77 85 58 63 66 62 75 88 69 90 57 60
t 25 21 16 25 10 18 15 4 711 18 20 6
t 46 46 85 68 68 74 46 50 78 80 59 79
t 89 80 64 66 56 83 64 88 47 73 71 78
t 68 49 76 47 65 76 47 83 82 51 73 49
t 59 89 83 52 89 70 52 86 50 56 72 87
t 8 21 1 19 13 19 15 23 9 15 727 22
t 16 6 744 10 15 18 4 13 5 8 17 16
t 48 89 74 52 74 87 72 51 79 85 66 82
t 22 4 15 11 9 3 15 741 17 6 9 13
t 84 75 52 60 49 45 79 64 73 69 87 66
t 13 11 11 3 16 7 16 4 5 15 728 11
t 15 7 732 9 20 19 3 9 16 2 3 19
t 74 89 53 67 77 85 69 63 55 84 84 56
t 21 20 10 13 726 6 9 17 22 24 19 8
t 23 21 20 22 7 716 1 12 12 3 15 4
t 745 24 7 12 14 7 3 15 15 18 14 3
t 48 79 54 58 64 54 46 64 87 45 90 81
t 22 10 13 6 6 15 740 9 12 25 11 6
t 69 76 77 81 69 57 89 80 53 56 47 83
t 2 12 16 729 24 18 4 25 7 4 4 5
t 8 17 21 12 18 16 3 16 23 9 5 738
t 50 86 73 83 63 58 58 88 67 83 64 68
t 47 89 73 83 64 47 45 55 66 74 69 47
t 68 46 57 65 63 58 78 56 77 66 65 65
t 81 83 56 49 72 65 67 69 78 84 62 64
t 48 49 48 57 73 51 64 70 64 65 70 57
t 48 53 87 69 56 90 71 49 50 72 53 72
t 84 66 86 70 66 61 55 90 76 54 50 71
t 2 6 14 15 13 11 1 9 720 24 19 21
t 53 64 52 50 46 54 52 69 58 46 57 52
t 59 84 51 51 52 72 53 57 61 73 61 90
t 76 89 59 63 63 55 89 80 74 85 63 61
t 71 50 63 55 77 89 60 83 88 66 67 54
t 5 724 21 18 8 3 22 25 20 15 13 25
t 18 4 1 1 12 15 25 722 23 19 8 6
t 22 10 713 17 25 23 15 16 1 20 20 16
t 86 55 49 67 61 81 61 53 74 82 75 58
t 54 56 66 46 84 50 77 86 73 72 60 72
t 24 18 7 6 23 11 25 6 14 22 15 712
t 85 80 71 80 53 87 60 71 64 55 51 89
t 23 14 4 17 4 3 10 11 731 25 25 9
t 60 82 64 52 70 54 55 49 66 53 58 70
t 20 22 9 23 24 9 14 20 24 4 730 16
t 5 17 7 22 2 740 5 18 8 2 18 25
t 69 77 79 85 81 54 82 57 53 90 83 73
t 4 24 15 19 8 17 12 11 22 13 740 4
t 70 52 45 57 84 55 89 84 61 77 66 68
t 6 18 6 16 21 19 725 10 5 22 7 24
t 1 12 9 12 13 6 6 5 724 21 4 8
t 45 84 83 57 87 65 68 79 47 64 83 76
t 53 67 74 66 45 58 61 58 86 48 68 86
t 9 743 13 18 17 4 2 7 15 24 19 6
t 9 7 5 19 22 4 1 25 21 10 715 10
t 65 60 80 67 52 66 85 49 76 86 77 50
t 67 50 51 58 67 86 69 59 84 90 50 54
t 69 63 48 54 68 81 74 50 90 79 71 61
t 15 18 731 2 1 7 6 22 12 10 16 2
t 84 64 67 49 47 76 73 80 90 60 58 88
t 58 63 51 71 72 70 66 88 85 71 48 63
t 82 79 66 59 58 72 88 55 55 71 50 46
t 86 70 47 71 53 58 66 61 48 80 76 73
t 10 744 13 12 25 13 24 19 13 19 13 7
t 715 4 16 23 6 4 4 1 11 1 25 24
t 81 61 62 75 65 59 50 69 74 47 49 65
t 13 17 24 748 1 10 12 16 1 19 16 25
t 62 46 62 62 63 48 74 64 53 69 64 51
t 47 74 53 57 47 55 79 79 63 53 67 73
t 48 65 54 51 58 85 72 84 66 48 83 69
t 24 13 739 11 25 3 1 4 10 18 8 19
t 6 21 716 8 4 23 20 17 6 1 13 22
t 83 87 56 59 73 57 90 50 46 54 77 74
t 51 54 77 66 83 48 80 64 73 81 51 55
t 66 58 52 57 60 58 75 87 46 64 81 89
t 65 79 76 47 82 87 46 79 73 66 49 81
t 19 722 1 24 13 11 18 11 20 10 4 24
t 59 88 74 54 49 72 90 87 55 46 70 63
t 69 82 51 58 46 89 62 71 69 87 75 86
t 76 57 84 48 64 73 86 67 75 50 48 61
t 723 10 21 12 24 6 2 12 16 9 14 4
t 10 24 7 19 18 733 6 6 12 12 2 20
t 68 57 52 56 89 51 87 56 52 48 64 75
t 45 51 75 52 65 64 48 57 61 54 90 70
t 9 12 19 17 14 12 19 20 11 14 2 714
t 23 7 749 13 1 2 6 2 4 3 24 5
t 21 6 24 2 711 23 5 22 15 3 5 11
t 73 45 72 76 46 80 49 80 51 57 89 80
t 74 47 70 80 69 61 45 81 55 70 46 86
t 63 78 80 87 49 56 63 56 67 88 63 51
t 46 58 78 88 74 72 83 57 47 55 88 89
t 82 56 84 81 76 60 79 58 50 77 82 90
t 81 68 47 77 87 59 54 86 50 53 82 78
t 49 77 75 58 84 80 75 74 49 67 68 73
t 70 74 48 87 45 66 54 76 69 62 74 70
t 46 58 55 53 47 90 52 45 78 88 85 59
t 2 21 12 17 9 7 14 13 729 2 19 2
t 78 85 63 86 52 87 53 55 54 90 62 66
t 83 60 77 66 59 87 53 63 80 68 71 73
t 5 18 23 14 8 8 5 20 19 728 22 16
t 50 49 67 77 67 82 90 55 50 86 89 83
t 53 53 64 69 90 81 81 57 80 83 90 63
t 82 84 62 62 48 52 53 56 50 76 45 70
t 80 49 82 70 81 74 83 60 56 71 51 80
t 56 61 64 53 64 76 63 64 88 53 50 45
t 60 46 70 60 57 74 88 64 56 79 90 70
t 85 83 55 86 86 82 69 64 85 47 55 51
t 50 85 53 59 83 77 74 59 63 83 87 53
t 15 10 20 15 16 6 4 9 10 20 745 18
t 88 62 51 68 83 45 66 73 60 66 45 84
t 47 63 46 71 51 46 66 66 53 90 76 78
t 59 70 79 82 82 57 60 90 47 53 88 53
t 76 83 55 69 49 81 45 66 87 54 82 70
t 12 3 14 14 11 8 2 9 20 20 745 6
t 89 77 70 82 82 58 49 86 78 50 70 68
t 68 51 86 85 82 55 71 53 86 81 49 53
t 24 16 9 10 14 24 1 17 3 714 3 14
t 75 81 70 80 83 64 72 88 83 58 70 80
t 46 64 55 59 90 72 54 47 71 90 76 72
t 3 15 11 5 1 8 17 741 11 18 6 4
t 65 85 54 53 74 79 66 79 69 86 63 68
t 22 24 16 19 1 749 4 16 3 16 22 25
t 20 8 20 20 19 2 10 22 716 14 8 11
t 59 70 51 69 55 72 49 58 55 50 65 73
t 48 82 83 50 79 83 64 69 82 78 56 82
t 6 23 7 9 17 16 18 6 9 749 16 22
t 5 3 8 14 744 2 22 9 6 17 5 11
t 72 83 58 71 81 51 63 47 49 58 45 64
t 83 87 63 52 82 82 54 90 56 51 63 47
t 81 45 52 86 68 88 49 69 85 89 51 67
t 13 6 25 5 22 8 736 9 18 20 15 24
t 80 77 74 78 79 67 80 50 50 65 66 69
t 1 23 21 748 1 24 13 3 16 7 8 24
t 64 84 75 74 90 70 79 77 73 62 57 67
t 68 45 60 55 46 87 84 60 68 70 54 54
t 2 13 6 23 23 9 10 20 7 24 25 713
t 9 18 15 3 23 8 730 5 7 24 11 25
t 66 48 63 63 49 75 56 77 69 49 54 90
t 90 85 67 48 49 46 89 71 75 56 79 52
t 4 23 3 13 24 5 17 18 21 10 3 716
t 718 23 8 11 2 8 1 20 18 1 14 12
t 10 16 20 16 7 5 4 6 4 12 6 721
t 4 1 18 16 23 15 20 23 4 24 747 19
t 79 49 73 82 50 53 74 56 54 87 88 79
t 87 46 80 84 89 73 75 60 59 73 90 73
t 13 21 23 22 3 22 2 19 3 23 735 1
t 71 62 86 59 83 85 71 77 76 57 76 62
t 10 741 8 14 22 13 16 13 12 21 15 10
t 57 70 82 85 50 60 47 52 89 78 54 85
t 51 74 90 90 46 72 45 48 56 83 49 59
t 16 2 13 5 19 717 22 15 14 22 15 4
t 53 81 57 49 46 50 80 69 47 60 84 75
t 65 53 81 54 65 45 63 69 50 83 63 85
t 15 1 11 8 3 17 13 16 8 12 25 741
t 12 24 24 17 739 16 22 25 16 20 1 22
t 18 6 5 21 7 18 3 724 16 10 19 1
t 20 23 732 12 6 16 15 25 3 4 14 3
t 1 736 9 8 1 6 6 14 10 23 3 20
t 48 90 77 81 87 89 66 53 82 50 75 45
t 51 48 76 54 84 71 45 62 57 45 75 87
t 15 2 20 18 17 16 17 19 9 720 22 4
t 71 89 69 81 46 48 64 79 85 89 50 45
t 50 86 82 86 65 52 62 72 45 89 85 65
t 18 21 16 743 25 1 1 20 12 2 15 12
t 45 63 90 72 68 55 80 75 68 47 78 76
t 22 18 22 3 12 15 5 15 742 23 2 19
t 25 20 6 20 4 17 13 735 19 25 11 19
t 85 51 65 80 79 46 58 83 51 58 64 86
t 7 6 9 11 726 12 11 15 2 24 10 12
t 68 87 58 54 89 62 48 49 57 80 85 49
t 74 59 81 52 77 82 45 49 52 61 45 57
t 24 18 22 25 2 20 16 2 25 740 12 24
t 21 5 16 4 20 25 715 9 15 16 20 5
t 75 79 83 51 63 74 71 72 65 61 51 48
t 73 79 81 63 76 84 73 63 57 84 70 69
t 50 63 46 83 64 61 89 63 81 65 86 75
t 75 49 64 70 59 81 72 90 72 56 60 59
t 50 56 68 49 46 62 48 87 53 61 63 64
t 12 2 14 12 3 10 8 10 712 24 20 24
t 4 739 23 24 3 21 8 7 8 19 25 7
t 725 15 25 19 5 24 17 20 4 8 6 10
t 6 730 7 10 4 13 14 4 11 22 22 13
t 11 726 13 21 3 18 4 18 2 13 20 17
t 17 15 741 17 10 5 25 2 20 5 5 7
t 84 46 90 59 59 73 68 55 69 53 84 66
t 19 12 23 17 17 714 25 15 15 22 14 6
t 85 78 47 75 49 50 60 60 60 69 64 90
t 17 1 23 11 8 2 11 15 13 712 6 19
t 58 59 87 84 90 76 89 70 85 80 79 71
t 48 73 83 52 79 71 55 81 71 79 74 87
t 22 17 21 7 720 13 11 11 4 3 8 25
t 47 45 46 90 83 81 82 66 63 75 81 53
t 63 73 69 52 59 62 63 58 80 51 50 84
t 20 12 13 7 25 12 23 714 3 16 3 1
t 18 21 734 22 23 10 17 15 11 16 8 1
t 68 48 61 86 85 80 61 77 65 51 49 81
t 72 52 61 78 73 72 47 86 83 49 64 67
t 4 24 20 16 18 3 745 6 21 14 19 23
t 84 63 89 90 73 88 72 74 64 68 76 64
t 66 75 54 54 67 84 78 75 45 77 88 54
t 88 72 55 45 74 45 84 45 50 54 89 79
t 22 7 25 20 3 23 18 748 19 21 9 11
t 45 48 87 53 49 63 84 45 73 86 66 84
t 59 84 72 70 79 66 84 75 73 60 83 52
t 61 76 75 45 81 75 85 64 50 46 86 80
t 3 9 9 20 738 2 12 18 8 7 12 19
t 738 5 15 14 5 12 20 4 16 24 22 19
t 49 89 79 61 77 50 75 75 48 55 51 73
t 55 59 66 48 55 51 81 84 55 54 77 71
t 60 90 64 84 65 83 88 53 54 88 61 72
t 84 61 67 73 55 79 52 54 70 49 59 60
t 23 24 13 729 4 21 14 19 5 22 20 3
t 18 1 24 744 10 13 13 17 11 9 19 18
t 67 67 62 61 71 73 75 67 74 83 45 77
t 71 48 67 77 46 85 73 59 61 48 63 84
t 710 22 11 18 2 25 2 19 15 10 20 11
t 25 25 10 12 12 25 24 19 9 730 15 25
t 11 4 10 10 21 17 739 10 16 8 16 19
t 22 21 21 9 21 15 6 9 2 20 25 724
t 3 11 6 744 13 23 10 10 8 4 5 4
t 74 61 51 89 52 64 75 57 67 50 83 69
t 48 59 67 69 82 89 52 52 75 67 87 78
t 83 79 58 72 86 75 64 59 69 76 85 68
t 70 52 69 46 54 50 81 82 85 75 82 57
t 10 15 2 5 15 25 8 14 13 24 20 712
t 49 76 85 71 69 52 83 88 60 70 77 70
t 21 19 14 17 17 19 25 5 712 7 9 13
t 10 11 12 25 724 11 21 2 24 5 2 13
t 77 77 88 53 69 80 68 66 56 68 70 51
t 67 45 80 50 69 46 56 45 87 54 49 81
t 72 67 81 46 48 52 47 83 60 68 66 49
t 89 65 45 81 62 88 69 64 89 77 86 63
t 7 4 15 16 741 23 19 6 12 17 16 22
t 86 61 66 52 61 89 88 63 80 76 71 68
t 21 15 11 1 8 1 6 6 25 726 6 1
t 64 59 45 48 76 72 65 64 82 61 68 65
t 68 62 75 88 66 61 52 83 83 84 50 90
t 1 24 13 1 16 1 2 19 23 22 17 728
t 77 89 55 78 66 49 55 62 80 74 72 79
t 20 23 21 1 736 25 15 7 20 24 17 9
t 14 14 24 3 14 17 25 717 11 17 7 22
t 61 60 81 70 62 54 82 86 82 58 85 70
t 59 45 82 67 74 46 87 79 74 64 48 71
t 11 23 19 24 5 2 24 25 749 11 17 6
t 76 77 53 55 77 79 86 47 68 51 69 77
t 15 2 24 7 14 14 13 9 9 7 711 12
t 65 71 50 69 52 66 76 65 53 65 89 74
t 84 85 85 82 89 58 58 68 47 50 54 50
t 6 10 19 22 717 20 11 18 17 13 6 6
t 19 9 18 23 13 25 718 13 19 8 25 9
t 49 89 49 51 50 59 85 58 58 89 56 58
t 14 17 8 12 9 712 1 11 23 22 24 21
t 83 75 63 80 68 58 86 57 85 53 52 82
t 14 15 1 22 8 22 2 711 19 3 14 20
t 23 1 14 17 3 724 17 21 19 3 1 1
t 88 78 86 58 55 72 52 75 73 83 81 51
t 70 83 81 85 69 66 76 73 57 69 86 45
t 20 9 3 15 8 8 23 1 712 10 7 21
t 22 746 13 17 16 1 18 24 16 17 16 25
t 73 87 70 46 76 75 53 86 48 75 78 78
t 6 14 10 11 10 19 25 16 11 726 22 2
t 81 60 50 51 63 77 81 53 47 70 73 54
t 56 87 84 89 78 47 63 83 79 88 64 62
t 79 63 86 83 46 54 84 60 84 81 77 88
t 10 18 10 21 20 12 6 2 15 23 712 5
t 4 23 713 21 7 1 9 8 12 7 1 1
t 72 69 47 63 48 50 69 80 54 85 79 78
t 85 61 62 90 54 58 62 73 72 67 85 49
t 46 67 87 79 77 56 79 77 48 48 64 85
t 3 6 13 16 24 9 15 15 11 747 7 10
t 58 85 85 67 79 76 57 61 53 88 58 68
t 7 14 14 3 12 5 4 2 714 24 10 1
t 80 76 58 69 83 58 87 88 82 48 74 84
t 70 88 65 53 73 89 49 62 48 64 45 45
t 710 6 13 4 19 5 10 24 23 9 15 14
t 7 8 12 1 19 1 15 4 16 730 18 7
t 19 23 739 16 12 9 8 20 10 6 4 13
t 62 65 72 45 55 74 60 77 59 52 66 57
t 23 15 22 15 18 737 19 5 14 5 14 1
t 25 13 10 2 25 8 22 741 7 19 23 17
t 48 50 52 87 63 80 65 86 74 49 78 83
t 24 21 13 8 18 6 25 13 17 7 17 731
t 3 8 23 6 25 19 17 1 1 740 25 20
t 45 67 52 67 83 84 90 90 81 62 76 46
t 8 2 17 22 3 1 4 730 22 2 16 2
t 61 64 89 71 51 48 49 71 85 48 87 62
t 18 18 6 712 8 7 15 24 18 13 7 13
t 15 17 6 735 2 9 5 25 4 14 19 11
t 3 22 7 20 17 730 15 1 16 8 6 17
t 77 75 51 71 71 48 69 88 63 64 73 59
t 69 84 71 46 51 61 73 59 76 87 85 70
t 63 61 75 67 54 63 80 75 79 66 77 48
t 60 66 48 51 82 78 80 73 45 79 76 57
t 21 18 19 711 11 4 6 17 15 7 1 25
t 48 77 47 48 78 74 46 45 86 79 68 77
t 53 64 55 64 48 62 61 71 81 89 84 86
t 65 77 75 70 61 64 80 48 89 53 63 49
t 23 1 24 720 8 21 4 17 22 7 4 8
t 53 51 49 84 80 89 65 51 86 45 56 63
t 48 66 60 56 82 68 86 51 69 60 70 76
t 6 15 17 22 23 14 8 20 14 719 13 18
t 76 70 64 56 86 50 70 84 62 46 74 81
t 75 85 51 71 60 64 86 54 66 68 76 78
t 66 73 77 55 63 78 74 81 61 61 69 46
t 57 86 67 79 77 60 66 50 86 61 60 84
t 89 85 62 46 75 87 88 69 81 46 72 45
t 25 21 10 15 18 19 15 21 741 8 15 7
t 59 87 59 64 82 78 70 59 68 61 46 78
t 83 90 74 52 58 75 84 71 88 68 73 58
t 15 25 20 5 8 13 5 722 25 5 12 12
t 9 14 716 15 9 1 9 18 16 12 13 8
t 20 15 12 15 14 7 12 22 4 10 743 13
t 21 15 25 5 19 20 724 16 3 12 3 13
t 47 51 61 72 89 46 77 51 61 76 66 81
t 6 8 18 741 9 22 11 13 16 25 25 22
t 57 45 82 81 46 60 84 87 50 70 85 78
t 2 13 21 13 2 3 738 23 22 10 21 13
t 2 11 17 13 18 7 5 21 23 9 720 1
t 59 73 53 45 78 59 71 56 58 73 69 87
t 20 3 18 18 20 726 15 15 14 19 14 16
t 82 67 79 61 54 46 60 66 77 75 73 63
t 65 74 48 71 78 69 59 84 65 87 80 89
t 55 49 64 71 51 52 50 63 55 84 65 63
t 64 69 48 63 56 50 86 51 48 72 68 82
t 8 17 15 17 19 24 16 740 21 16 20 1
t 5 9 8 12 18 1 19 20 11 726 16 17
t 15 8 23 741 19 15 7 9 3 13 23 8
t 17 17 17 3 15 20 3 717 1 5 3 18
t 14 10 5 21 7 24 11 5 15 4 745 18
t 77 59 84 53 47 79 54 84 75 86 68 56
t 13 7 5 19 10 739 7 22 8 19 15 12
t 75 60 67 55 46 45 49 75 61 90 51 84
t 87 54 45 83 45 58 78 87 86 76 82 70
t 66 77 64 75 48 48 77 83 54 56 78 83
t 89 81 69 88 60 65 61 67 74 89 55 77
t 18 9 8 15 4 2 23 17 13 4 5 735
t 86 45 57 59 83 79 70 47 68 47 59 61
t 5 12 8 10 19 727 4 7 1 10 21 4
t 53 74 80 67 85 48 47 80 58 68 66 73
t 11 14 7 17 1 2 17 725 1 15 21 8
t 60 76 78 87 45 85 65 56 83 71 51 78
t 66 71 53 75 49 71 82 62 46 53 63 57
t 50 48 80 55 49 53 66 54 79 74 54 71
t 46 72 82 45 80 85 50 60 73 71 56 71
t 88 84 53 79 60 90 84 59 53 70 61 58
t 80 73 64 63 66 66 72 72 64 58 59 77
t 4 2 8 9 22 24 729 7 13 23 23 8
t 74 54 56 85 73 82 48 54 53 46 62 49
t 84 66 63 72 86 78 47 55 62 62 47 83
t 4 8 2 5 19 12 17 1 20 719 17 21
t 14 10 12 13 22 3 13 10 739 10 6 23
t 88 67 72 46 89 76 50 56 89 62 46 54
t 17 8 21 4 729 24 13 10 1 14 8 15
t 90 47 78 56 73 70 83 90 45 78 72 89
t 12 15 22 12 9 17 2 18 1 717 18 11
t 54 52 61 64 58 90 88 86 84 76 60 74
t 56 83 57 75 49 70 65 65 70 78 75 54
t 83 55 45 79 79 89 62 58 71 83 50 45
t 20 23 9 14 13 1 19 20 5 732 10 21
t 45 71 46 88 75 74 67 87 55 73 83 50
t 63 74 71 82 90 73 52 76 77 87 85 55
t 85 74 47 58 86 78 61 83 50 59 70 79
t 25 2 2 24 13 13 9 12 749 11 5 5
t 76 52 83 46 67 66 65 46 83 77 56 66
t 88 77 73 81 73 56 82 73 46 75 77 74
t 24 19 20 747 2 12 7 2 19 16 4 14
t 11 744 23 18 12 19 12 25 2 24 23 16
t 50 86 52 85 47 83 75 72 47 60 80 51
t 1 14 18 12 2 20 22 715 9 4 24 5
t 74 62 76 79 66 50 90 64 50 49 88 90
t 4 14 15 13 1 1 5 10 20 743 11 12
t 90 45 59 86 83 55 80 54 86 52 56 53
t 723 24 19 21 17 15 7 13 16 7 18 20
t 58 45 85 86 76 59 67 70 87 86 87 82
t 74 54 50 83 54 77 77 52 49 58 57 50
t 77 88 58 54 68 58 66 70 45 55 55 89
t 86 60 87 62 90 73 74 77 84 76 86 60
t 733 8 19 19 1 12 10 15 14 20 24 12
t 55 82 65 45 89 69 79 83 83 45 50 63
t 23 714 25 23 18 17 1 23 22 9 20 17
t 69 54 56 60 68 52 60 55 57 88 83 52
t 60 67 86 84 51 46 46 77 68 88 45 55
t 74 87 73 69 58 75 79 68 66 47 89 78
t 7 19 729 8 3 10 15 20 11 10 9 11
t 70 75 83 58 52 79 80 67 82 80 52 62
t 19 13 2 20 24 737 18 23 20 12 25 9
t 20 13 6 23 9 13 6 9 11 19 17 739
t 14 15 5 16 711 23 19 11 2 3 9 7
t 10 19 748 14 13 5 9 5 25 8 18 2
t 18 18 4 5 12 12 18 17 7 15 744 14
t 67 85 79 49 52 64 66 59 50 78 50 68
t 75 54 54 89 55 85 62 72 65 71 89 57
t 88 73 74 79 85 64 85 63 65 67 59 64
t 85 68 73 89 56 89 75 45 48 58 63 63
t 14 11 3 25 2 10 11 14 730 9 24 22
t 75 86 70 55 77 48 46 85 79 81 69 79
t 7 13 18 22 749 7 25 23 20 13 21 8
t 14 712 1 18 5 21 3 7 12 21 8 18
t 24 10 10 18 16 739 11 1 4 13 7 9
t 68 75 51 90 73 72 63 82 48 59 58 59
t 8 5 22 1 9 22 16 7 16 3 3 721
t 55 50 86 61 70 81 79 66 52 90 64 45
t 85 75 52 56 57 82 71 48 72 87 75 45
t 20 3 13 9 18 719 19 3 20 24 4 20
t 52 88 82 89 85 75 54 86 78 86 88 80
t 19 5 714 4 2 9 3 23 4 25 14 9
t 75 55 45 58 79 68 83 53 65 56 45 86
t 58 60 49 73 79 72 53 87 64 75 47 53
t 78 69 76 76 53 85 62 82 72 71 46 80
t 57 56 54 58 70 66 70 87 70 81 83 86
t 12 8 713 20 25 20 13 7 4 8 20 3
t 70 52 90 78 54 67 75 76 87 47 71 80
t 50 46 60 82 87 86 77 63 69 77 68 89
t 8 17 15 5 13 3 25 1 20 18 19 713
t 89 55 45 71 50 82 48 70 47 54 86 79
t 57 86 84 85 54 70 51 58 77 84 49 77
t 714 15 22 17 22 8 22 21 6 4 23 10
t 61 53 57 85 86 64 63 51 71 75 80 74
t 82 47 87 84 45 45 59 47 90 59 58 77
t 6 11 11 9 8 10 14 10 3 19 726 9
t 17 22 733 9 1 4 1 9 8 3 6 17
t 80 81 61 74 74 64 71 70 89 89 85 86
t 89 86 64 66 77 56 76 67 85 90 68 54
t 57 78 82 57 50 85 79 49 63 84 59 63
t 70 83 54 72 48 60 46 50 52 81 60 48
t 25 19 16 11 18 2 9 15 11 718 19 4
t 56 90 90 68 64 61 53 49 49 54 88 76
t 90 86 89 63 50 75 82 54 56 67 48 64
t 83 56 59 55 83 89 59 52 67 88 45 76
t 25 11 6 12 25 1 17 8 4 23 735 6
t 47 55 62 76 72 65 58 63 63 57 65 81
t 90 88 67 46 66 74 62 51 81 64 74 71
t 82 77 54 69 68 59 51 55 74 84 61 67
t 83 77 45 86 63 89 60 75 77 86 51 50
t 88 48 60 89 60 62 70 89 60 55 78 75
t 21 737 6 19 4 2 10 10 24 6 22 3
t 81 46 67 53 45 56 75 73 69 87 87 47
t 63 89 83 58 82 90 81 70 81 65 77 73
t 47 88 72 89 83 85 49 64 76 76 45 82
t 80 88 45 87 78 48 63 52 83 51 90 85
t 68 60 78 83 60 67 77 88 48 60 75 81
t 8 11 740 17 17 8 16 13 18 17 23 17
t 76 70 88 62 86 46 63 87 77 48 89 89
t 50 74 49 61 68 63 52 61 55 67 71 83
t 3 723 16 21 13 10 16 19 8 11 8 20
t 52 69 57 59 60 59 64 53 65 73 65 84
t 74 49 81 76 70 55 60 51 76 87 89 89
t 48 71 57 70 58 47 51 60 55 65 46 45
t 89 71 75 64 63 49 58 87 77 62 73 64
t 81 73 49 56 57 82 82 52 69 62 59 80
t 58 56 66 49 89 90 73 52 63 87 84 67
t 88 77 48 50 55 76 74 57 61 83 57 63
t 2 717 22 11 8 7 20 25 25 12 12 1
t 72 79 68 80 79 77 53 76 61 71 53 51
t 738 20 6 19 18 14 8 20 9 16 22 3
t 82 90 60 82 48 70 80 71 83 67 51 45
t 78 57 67 73 68 54 84 48 48 83 59 74
t 48 67 87 70 81 49 48 87 88 87 51 50
t 81 89 77 80 45 63 82 65 48 82 53 52
t 70 66 80 51 59 77 47 65 82 55 52 55
t 69 59 62 81 73 63 57 65 70 63 90 60
t 69 45 81 63 59 54 66 81 84 49 51 46
t 78 71 63 65 46 60 81 84 71 57 49 73
t 72 73 81 87 73 49 88 60 69 66 64 46
t 6 14 25 17 743 10 4 24 9 24 6 25
t 3 14 22 19 21 10 24 4 17 716 24 9
t 12 10 17 18 749 12 19 25 13 15 17 24
t 72 77 51 77 84 85 61 64 68 90 61 58
t 4 12 23 24 728 9 22 5 3 18 3 24
t 15 735 4 1 23 13 17 22 10 6 23 12
t 81 81 67 79 83 65 53 83 45 48 68 90
t 87 79 70 49 82 78 82 63 81 71 67 65
t 9 18 5 19 9 17 4 23 15 7 710 23
t 76 75 74 49 79 75 55 54 58 61 50 50
t 22 2 7 3 9 12 1 8 3 729 7 3
t 47 65 77 81 70 72 47 45 85 72 77 70
t 52 58 61 54 90 68 70 81 70 77 76 74
t 5 13 7 7 14 25 8 17 9 747 2 7
t 82 52 55 52 78 83 61 58 54 67 87 63
t 6 21 14 19 22 16 17 4 720 23 17 4
t 60 83 65 68 75 83 76 77 84 51 67 78
t 62 55 72 82 52 68 69 90 88 84 60 89
t 58 73 69 83 87 58 87 87 89 70 71 89
t 3 9 12 6 13 738 9 24 17 15 24 25
t 68 62 55 63 64 73 50 45 45 49 53 68
t 24 12 6 4 25 24 713 10 13 1 23 16
t 15 15 14 20 24 19 741 6 24 15 8 1
t 59 54 82 90 89 88 63 63 75 75 66 48
t 87 73 64 79 62 63 49 65 83 87 75 77
t 11 1 20 16 22 715 22 1 18 7 15 17
t 71 47 62 48 55 78 66 88 77 67 72 79
t 24 721 9 10 2 21 18 17 15 21 17 2
t 78 48 66 56 54 90 86 83 72 75 80 76
t 24 15 17 728 7 23 3 23 8 18 9 14
t 69 85 67 75 48 64 77 53 45 56 62 75
t 4 23 19 16 14 714 23 7 13 23 12 17
t 83 62 70 51 56 46 71 76 49 58 66 61
t 6 742 12 22 20 1 18 18 16 15 13 3
t 73 53 58 73 72 59 62 85 75 74 61 69
t 58 48 53 80 78 82 73 66 54 52 74 79
t 67 59 85 89 70 64 73 69 85 45 89 59
t 24 6 4 23 7 5 25 12 749 23 22 21
t 84 90 60 63 50 80 90 69 84 60 76 67
t 6 5 749 14 15 16 2 14 16 25 10 17
t 25 740 7 15 10 10 12 12 14 14 20 9
t 89 65 62 46 58 50 58 52 54 64 85 71
t 51 72 46 77 70 81 71 79 82 47 60 90
t 11 712 25 5 24 4 7 22 15 1 2 17
t 17 4 3 12 742 15 7 4 14 23 12 19
t 18 6 3 23 732 9 10 10 13 23 8 15
t 85 55 80 60 58 73 48 78 72 61 83 58
t 66 46 60 65 76 73 46 74 84 47 76 52
t 64 50 78 85 74 45 65 57 47 45 64 88
t 8 731 24 23 15 3 20 1 22 13 16 12
t 87 74 46 49 64 46 59 48 68 73 51 87
t 72 63 72 52 87 56 82 66 82 53 47 48
t 76 46 56 66 54 53 53 77 50 75 47 60
t 67 58 66 59 56 52 68 45 64 57 70 76
t 11 13 4 15 8 9 12 12 5 14 6 738
t 82 48 67 70 87 88 57 62 55 70 72 83
t 87 75 71 84 46 87 65 81 71 60 48 74
t 5 14 13 8 14 18 13 12 19 736 4 20
t 75 77 58 78 54 76 85 56 64 80 54 85
t 49 57 73 62 88 49 46 85 74 85 47 77
t 45 57 86 81 72 54 47 76 89 56 56 48
t 741 2 7 15 22 23 15 21 2 7 25 13
t 57 86 87 49 55 72 45 47 57 86 65 49
t 74 90 83 88 75 74 87 63 47 88 64 80
t 10 711 23 24 20 1 24 8 16 1 5 15
t 4 15 710 15 3 9 3 10 21 13 12 25
t 15 21 18 3 1 21 11 5 16 20 4 729
t 16 11 741 12 7 22 9 14 20 18 8 23
t 72 65 53 52 49 80 71 70 46 70 85 72
t 78 89 89 68 49 73 85 59 81 51 77 48
t 7 14 21 7 2 710 17 21 9 24 16 8
t 8 23 12 1 25 716 24 11 11 10 18 17
t 50 61 82 84 82 62 70 75 45 69 69 64
t 1 13 3 20 4 20 25 3 6 749 7 12
t 52 59 61 67 85 50 67 60 47 66 60 82
t 15 718 16 11 19 5 10 4 9 11 10 7
t 17 7 7 7 17 722 15 25 9 6 23 10
t 53 88 59 51 73 45 73 57 87 58 45 65
t 59 90 68 67 70 66 76 53 85 90 76 84
t 57 67 68 83 66 80 47 58 71 73 69 74
t 10 15 10 20 16 712 19 3 24 13 10 22
t 45 58 90 77 86 59 82 50 69 80 82 64
t 12 24 3 23 21 719 2 11 4 19 8 10
t 81 58 48 49 78 74 67 52 51 76 45 65
t 6 15 5 25 23 5 3 6 12 749 5 24
t 739 1 10 16 6 1 14 23 20 10 12 22
t 21 25 8 747 17 17 13 8 6 24 21 4
t 8 2 10 12 739 11 6 19 10 4 15 20
t 5 7 20 16 11 14 7 19 21 18 16 731
t 56 72 54 58 56 87 88 79 88 56 63 74
t 20 16 8 20 726 11 22 5 23 2 4 18
t 15 7 710 9 15 2 9 8 16 8 18 22
t 62 51 72 85 57 62 66 74 86 64 52 83
t 80 54 46 46 76 89 86 54 55 55 64 52
t 67 57 46 70 62 80 71 81 67 52 57 50
t 20 731 21 14 7 22 5 17 6 14 2 10
t 84 67 63 57 54 69 84 59 51 72 60 74
t 55 82 87 52 45 85 78 71 87 86 68 46
t 17 18 8 25 1 7 13 10 731 1 25 8
t 72 45 47 68 57 47 89 85 72 65 51 55
t 45 88 78 86 59 89 48 63 87 45 53 84
t 5 23 8 9 21 2 724 11 15 1 22 14
t 10 2 2 10 7 12 7 20 4 743 16 21
t 72 54 74 55 67 77 72 52 67 73 46 76
t 740 11 20 11 18 24 23 13 16 7 10 23
t 60 82 90 63 78 47 75 72 82 45 74 74
t 1 16 15 3 14 11 748 18 16 11 4 14
t 6 12 18 20 727 13 18 17 6 15 12 9
t 14 11 23 9 18 3 2 730 19 7 14 23
t 45 77 54 81 73 60 50 53 73 74 60 89
t 14 714 24 3 7 14 23 22 10 17 1 25
t 6 5 18 1 22 15 15 23 8 14 713 18
t 60 61 81 45 85 73 62 83 64 45 49 50
t 63 74 74 46 46 90 82 54 67 61 68 49
t 61 49 86 56 90 61 62 64 73 69 55 69
t 60 82 85 66 76 77 49 72 69 68 75 61
t 74 89 59 89 84 66 61 54 82 56 84 80
t 25 743 4 13 4 13 2 18 6 8 14 18
t 2 15 18 12 10 20 739 2 17 8 1 23
t 45 69 84 87 85 88 65 49 73 51 86 75
t 45 57 64 82 71 69 52 79 45 49 84 58
t 73 77 46 45 54 47 72 79 82 56 88 78
t 7 23 17 6 3 10 22 13 14 725 8 16
t 56 82 57 88 65 62 87 81 46 56 86 59
t 6 11 5 25 10 25 738 2 8 17 8 13
t 3 18 6 23 10 743 6 7 25 23 22 22
t 60 83 84 67 48 79 63 75 47 76 84 75
t 76 56 58 54 75 79 79 77 49 78 57 63
t 88 49 47 60 76 48 73 46 85 86 76 58
t 51 75 48 81 70 63 59 63 81 51 86 51
t 73 52 70 53 84 63 52 49 66 46 87 59
t 65 73 52 81 73 48 54 72 59 83 51 71
t 10 710 1 23 12 5 10 12 2 10 24 3
t 51 83 78 69 65 78 71 68 85 89 69 63
t 45 56 87 80 76 51 76 77 74 59 52 82
t 62 71 54 74 89 59 79 89 78 48 71 63
t 89 51 45 54 60 89 66 81 68 80 56 75
t 10 3 741 5 17 15 23 2 12 6 7 21
t 22 19 22 6 2 12 733 6 1 13 7 3
t 73 73 80 79 80 83 67 53 79 84 74 54
t 75 53 66 83 55 48 57 68 51 88 61 46
t 65 61 90 56 69 80 61 58 46 51 66 77
t 23 744 23 6 10 20 12 21 14 15 14 23
t 18 729 3 8 14 8 25 5 11 6 3 16
t 25 14 10 1 12 21 21 7 16 16 739 9
t 10 22 10 24 714 3 16 25 2 5 21 2
t 15 8 2 11 2 24 729 25 20 6 10 8
t 21 18 22 12 5 17 9 14 8 2 729 19
t 90 85 61 59 71 76 63 56 83 63 82 84
t 81 53 69 56 82 65 62 78 80 84 68 79
t 74 54 67 68 58 79 63 71 55 49 62 63
t 20 20 5 712 15 10 10 14 21 10 18 24
t 18 13 9 3 10 4 738 11 13 24 3 22
t 80 53 49 65 84 51 62 90 74 73 64 66
t 21 9 21 16 7 21 17 7 735 21 5 13
t 11 7 24 7 20 1 20 724 25 9 23 23
t 64 66 54 50 57 72 82 85 67 57 63 76
t 77 85 62 62 51 54 52 45 90 60 89 78
t 12 18 19 14 16 21 6 730 11 2 19 11
t 86 85 63 48 65 76 53 59 86 56 85 47
t 5 734 1 8 13 25 23 25 5 10 24 22
t 9 720 6 16 5 1 3 9 1 13 3 12
t 4 11 20 11 14 730 17 20 1 12 18 19
t 57 78 70 86 89 62 55 50 59 61 58 55
t 23 24 9 10 25 15 747 3 19 25 17 14
t 84 89 82 85 69 84 45 48 78 83 80 78
t 67 73 56 85 84 79 79 60 48 52 89 57
t 2 4 18 10 25 18 18 711 7 9 10 12
t 739 11 20 15 12 20 7 21 4 16 16 24
t 47 52 72 51 72 73 56 83 63 82 71 88
t 3 14 2 3 7 15 7 21 9 725 9 14
t 78 86 53 52 71 55 51 51 63 75 78 83
t 85 78 65 69 46 79 76 64 55 85 61 67
t 3 23 7 17 21 11 3 20 11 17 727 4
t 48 57 63 77 87 69 74 51 75 55 64 62
t 77 87 54 67 64 47 67 52 56 62 69 87
t 7 6 2 25 17 8 8 726 3 4 6 2
t 20 7 25 22 15 739 17 3 7 20 14 24
t 66 57 70 76 67 53 83 66 71 73 68 85
t 18 6 3 19 8 24 742 15 18 23 17 1
t 21 11 11 740 6 3 19 9 25 22 11 23
t 24 720 19 9 6 8 11 3 21 22 8 3
t 57 87 58 78 56 73 76 47 86 69 60 61
t 49 61 49 50 48 46 53 78 47 86 66 85
t 68 67 89 58 49 85 53 56 67 50 47 90
t 56 58 80 73 72 66 59 55 81 57 56 50
t 56 51 49 71 82 45 89 50 83 63 75 64
t 64 48 48 82 52 80 80 89 75 79 56 75
t 5 22 1 15 19 738 10 19 1 14 13 17
t 16 718 15 11 15 3 5 17 12 13 21 15
t 45 69 75 83 68 85 50 49 68 85 84 63
t 6 2 2 16 10 24 20 4 4 21 730 11
t 84 63 59 70 68 62 76 86 65 46 85 67
t 25 9 710 25 20 23 2 4 2 13 22 9
t 69 48 90 67 82 48 71 62 49 66 71 66
t 62 53 87 74 84 54 72 69 52 53 79 64
t 23 738 21 10 20 15 4 4 4 21 14 25
t 18 19 22 22 2 3 21 21 12 17 24 741
t 48 79 45 70 88 62 57 89 55 86 63 89
t 10 7 16 2 722 16 6 23 14 15 12 25
t 20 10 1 18 8 22 11 7 4 722 4 24
t 48 86 68 45 59 61 86 76 78 65 76 52
t 1 6 15 742 2 20 5 9 3 6 6 18
t 63 64 47 90 65 66 80 62 89 80 75 67
t 79 74 62 77 66 79 84 70 74 81 77 52
t 46 86 82 68 89 70 61 55 88 50 53 46
t 55 47 70 50 50 53 72 70 83 53 75 60
t 89 54 82 56 56 45 73 67 69 59 49 68
t 47 55 55 58 55 87 57 59 80 67 70 82
t 65 52 57 72 51 80 88 74 67 77 58 87
t 59 73 58 48 64 65 84 77 63 88 66 64
t 81 87 69 46 73 56 52 73 72 49 62 65
t 736 13 16 8 24 10 9 19 9 14 12 6
t 65 78 59 74 70 61 47 83 62 58 50 76
t 73 70 81 53 53 88 72 69 52 80 57 80
t 53 58 89 57 65 64 84 61 79 70 82 74
t 64 46 88 67 86 67 87 72 47 79 60 89
t 60 64 73 51 84 55 65 82 78 87 67 79
t 45 49 57 51 51 83 48 61 53 62 61 76
t 51 46 69 69 90 65 70 88 62 88 63 77
t 3 16 18 24 2 18 7 2 12 2 18 743
t 60 51 69 83 60 64 87 75 61 47 68 60
t 5 6 8 9 734 6 6 9 19 3 24 17
t 13 6 10 19 13 20 747 12 5 13 6 21
t 18 6 737 16 24 6 11 1 9 17 7 24
t 80 62 76 65 77 75 78 45 54 62 46 84
t 80 50 63 70 73 88 90 76 69 67 58 69
t 730 23 11 12 11 2 3 1 24 9 20 18
t 63 63 49 54 90 73 62 63 72 62 59 52
t 65 80 86 75 77 82 74 81 68 47 56 46
t 59 57 52 81 74 54 78 86 47 45 87 51
t 88 55 85 67 60 60 57 74 53 55 67 49
t 60 63 77 49 48 58 56 48 89 71 69 55
t 60 54 68 68 70 89 82 66 62 65 60 53
t 47 62 81 64 87 60 48 49 90 86 60 70
t 3 7 13 25 20 22 17 5 17 19 22 728
t 88 75 87 55 89 70 61 63 64 51 63 81
t 88 84 74 55 60 64 61 76 87 55 88 66
t 82 57 76 81 49 77 59 64 50 76 50 77
t 733 14 6 19 16 18 22 6 3 25 22 1
t 11 7 24 11 24 11 12 16 9 15 741 25
t 82 70 84 63 71 46 64 81 85 75 67 58
t 51 60 74 80 62 65 88 90 54 73 55 86
t 71 65 80 83 68 46 71 65 89 61 75 63
t 15 5 16 9 2 744 7 13 13 7 24 6
t 67 57 83 52 77 65 84 78 62 71 81 52
t 17 10 12 9 15 25 16 735 3 8 13 10
t 51 81 66 48 90 63 81 53 74 75 46 82
t 81 45 73 60 68 79 90 68 80 55 90 56
t 732 5 25 15 5 7 1 17 6 3 21 19
t 20 17 720 10 12 4 2 17 10 8 10 5
t 69 65 83 59 59 45 77 71 55 57 81 46
t 49 63 90 46 57 56 82 68 56 86 73 78
t 78 72 45 86 61 90 87 73 90 69 65 76
t 58 83 76 51 48 80 90 52 62 88 88 45
t 53 61 69 61 89 46 88 78 78 85 84 89
t 12 20 19 7 11 22 9 20 712 17 17 19
t 57 57 84 50 60 48 71 49 56 61 76 73
t 57 65 82 51 53 69 75 63 54 90 64 76
t 89 55 69 90 60 64 78 75 86 77 56 63
t 60 51 64 64 77 56 62 75 69 49 87 46
t 71 54 60 81 88 69 84 77 53 55 86 58
t 5 17 25 3 13 18 5 14 17 10 736 1
t 79 49 68 66 47 68 52 60 61 69 49 60
t 9 4 7 9 14 15 711 10 7 25 23 15
t 86 62 57 47 80 71 89 45 63 70 56 88
t 15 17 14 718 7 17 14 15 20 13 4 22
t 50 54 71 48 88 66 49 51 70 77 55 89
t 87 70 51 77 65 46 90 83 74 61 51 54
t 84 75 85 65 60 53 45 48 88 45 58 80
t 85 75 58 89 78 45 82 52 79 45 62 82
t 5 16 1 19 722 4 6 20 2 24 3 6
t 24 1 13 3 7 14 16 12 20 12 741 12
t 90 83 62 53 75 56 70 64 76 48 54 60
t 5 1 20 746 1 3 25 10 13 11 17 12
t 8 16 748 11 25 8 10 18 6 8 14 1
t 8 740 2 15 11 21 16 17 10 6 18 11
t 47 79 64 56 74 62 86 86 75 88 58 85
t 68 88 66 58 81 68 58 85 50 77 55 48
t 16 22 8 20 11 8 739 13 16 21 17 9
t 48 90 90 47 87 47 79 48 58 67 82 59
t 86 86 76 76 65 66 79 50 80 88 90 47
t 57 64 61 64 57 62 64 78 61 46 69 49
t 57 74 61 85 77 55 57 80 67 53 69 73
t 73 56 71 61 61 51 90 79 75 48 51 53
t 81 70 53 65 62 49 68 49 85 82 83 48
t 5 7 24 1 5 10 7 13 744 5 18 15
t 57 79 67 90 80 54 82 64 49 85 85 60
t 8 10 7 2 5 9 8 21 11 25 748 14
t 47 65 61 56 85 49 48 72 84 51 50 71
t 49 83 54 59 74 84 76 69 79 75 53 46
t 78 54 79 77 70 84 63 84 62 51 81 66
t 78 60 67 73 82 89 58 49 73 60 87 90
t 45 74 79 65 61 85 45 77 85 80 81 65
t 60 48 84 57 81 78 49 60 50 45 68 79
t 53 70 71 69 45 62 61 74 57 80 66 72
t 11 3 14 12 8 1 6 25 733 24 5 6
t 9 5 7 8 749 14 25 9 17 6 6 25
t 54 88 62 65 53 71 71 54 69 85 62 89
t 17 18 11 9 1 743 17 19 22 13 23 2
t 69 85 77 70 77 69 49 69 54 90 87 81
t 81 45 59 79 46 69 64 53 77 50 85 70
t 18 17 5 8 15 17 9 20 737 13 21 19
t 18 8 17 11 19 20 712 6 10 6 11 21
mb
t 74 57 53 88 60 67 59 49 90 70 60 85
t 82 51 85 66 79 75 53 66 72 51 80 88
t 12 12 4 2 19 7 6 21 717 23 24 20
t 2 21 10 18 22 19 15 725 19 7 19 21
t 79 55 62 90 70 68 89 80 45 47 60 72
t 66 77 85 90 82 88 62 90 53 50 81 85
t 47 51 48 77 77 83 53 69 60 89 74 48
t 54 50 71 80 57 60 56 64 49 81 65 70
t 6 2 3 4 724 25 17 5 21 5 6 13
t 21 11 3 721 4 4 14 6 20 15 5 8
t 83 64 57 56 65 57 47 51 66 50 76 80
t 88 67 84 75 67 71 82 54 76 72 49 63
t 13 9 21 13 731 23 4 10 10 14 15 25
t 73 79 47 84 85 68 65 83 63 71 67 72
t 67 87 78 66 54 63 57 54 75 51 62 79
t 7 6 24 12 6 722 17 21 12 13 25 4
t 78 51 79 71 73 62 49 55 57 81 59 62
t 48 76 90 52 52 89 88 83 66 70 76 71
t 90 76 64 87 65 54 54 86 48 80 67 63
t 17 9 17 22 9 722 11 10 25 25 14 8
t 76 73 57 64 84 84 50 66 68 54 90 72
t 58 60 83 66 46 80 90 87 63 77 81 62
t 45 66 67 62 49 55 89 76 62 58 88 65
t 6 21 3 4 5 5 722 14 6 21 2 11
t 45 51 79 60 55 47 88 70 55 65 68 66
t 85 58 80 85 69 49 52 74 90 82 56 85
t 79 46 75 81 82 45 88 54 85 52 75 60
t 89 82 73 51 52 47 50 55 83 82 45 67
t 730 2 12 4 2 22 2 11 21 23 17 13
t 18 3 21 18 6 2 19 12 22 13 13 726
t 12 17 25 10 715 2 20 20 24 10 23 2
t 74 82 59 52 59 50 56 71 46 62 89 73
t 61 66 79 49 46 71 47 81 83 73 77 58
t 22 20 12 5 711 14 9 9 2 24 20 6
t 61 89 79 48 83 89 68 78 88 79 51 55
t 52 66 46 49 56 67 72 56 56 76 75 65
t 719 13 12 24 7 8 12 21 25 20 13 18
t 55 59 61 87 82 47 69 50 46 71 78 66
t 73 86 65 78 89 74 66 70 73 82 83 76
t 12 12 3 6 732 12 24 3 20 24 2 7
t 15 22 21 4 4 15 24 711 19 3 14 23
t 7 19 734 23 13 4 16 16 17 10 22 18
t 53 71 64 58 62 89 52 59 53 76 90 87
t 67 74 59 65 90 64 85 73 66 84 69 67
t 58 47 83 48 84 47 64 55 62 46 60 63
t 2 7 7 6 23 16 4 17 9 736 9 21
t 14 3 24 727 10 15 13 14 3 12 7 16
t 1 15 713 25 1 9 6 9 18 12 14 3
t 73 71 61 50 59 84 84 57 56 53 80 61
t 4 1 24 24 22 15 19 14 23 11 15 726
t 25 1 25 730 12 15 24 18 14 11 14 14
t 45 79 61 78 66 60 60 46 49 80 58 58
t 55 77 64 81 59 45 79 59 85 87 65 87
t 7 12 5 18 10 9 16 728 3 22 7 10
t 8 736 2 15 17 16 15 5 15 25 6 22
t 87 71 66 68 70 68 64 53 47 50 53 84
t 82 61 52 83 74 48 48 88 54 68 62 75
t 22 9 15 19 17 10 5 25 5 737 23 23
t 85 64 61 71 77 68 46 50 59 80 69 87
t 53 65 62 70 47 86 72 80 62 55 56 61
t 83 48 50 59 45 72 77 83 61 76 85 56
t 88 61 62 76 81 90 68 61 87 70 74 57
t 82 66 74 71 52 46 53 88 88 79 75 49
t 712 23 13 7 11 16 4 22 5 10 21 22
t 24 14 18 23 16 21 12 1 2 19 746 10
t 64 62 55 84 61 76 70 77 90 80 86 83
t 59 67 47 52 50 71 60 72 63 47 73 46
t 46 49 55 82 50 88 55 54 52 71 79 62
t 13 25 17 7 20 724 20 12 14 12 17 9
t 45 60 72 90 52 88 69 56 72 64 67 88
t 4 716 10 8 20 18 7 14 13 19 21 18
t 81 69 90 50 62 69 49 65 70 58 51 83
t 70 69 64 46 60 59 54 87 78 66 50 72
t 89 89 80 65 52 81 83 80 54 61 50 70
t 73 83 90 79 48 58 67 73 59 59 61 90
t 4 24 720 11 1 2 9 3 11 17 17 11
t 71 60 77 61 52 90 90 88 65 60 53 51
t 15 18 4 16 23 14 8 7 9 21 747 3
t 53 81 51 68 90 53 67 66 56 56 66 46
t 70 54 47 59 45 71 60 74 57 54 79 84
t 23 24 3 24 24 1 24 17 4 6 717 9
t 50 78 86 75 76 85 46 83 48 56 52 72
t 87 49 46 78 86 76 89 56 85 87 58 85
t 69 52 55 62 61 90 78 46 65 55 80 54
t 9 2 16 2 8 738 11 12 19 16 9 22
t 25 7 17 17 24 11 23 18 713 17 16 8
t 63 46 71 62 74 90 63 58 72 83 85 61
t 89 81 64 78 52 82 78 73 78 87 70 79
t 7 18 11 9 2 24 25 4 734 4 6 5
t 63 46 88 64 88 50 88 90 56 85 71 80
t 46 68 73 90 49 63 45 78 52 88 77 70
t 22 6 16 10 736 17 4 12 8 8 7 16
t 21 17 20 25 20 747 6 15 15 12 18 10
t 9 4 20 21 25 15 10 2 733 5 2 14
t 47 65 75 64 49 62 63 88 47 69 60 66
t 75 45 87 74 84 62 50 78 84 86 62 53
t 59 56 49 72 68 88 57 87 54 77 89 89
t 5 733 2 15 2 11 21 2 9 8 22 2
t 45 75 61 64 55 49 74 51 80 58 57 75
t 52 90 86 54 52 61 62 87 62 81 78 67
t 68 50 67 69 66 79 69 68 81 58 86 72
t 69 57 84 59 46 79 78 68 81 89 45 88
t 17 2 14 8 728 22 7 11 12 13 14 6
t 80 74 56 84 80 72 56 86 74 58 77 87
t 17 24 3 12 21 8 11 12 21 711 20 16
t 64 45 83 74 86 63 73 67 73 84 67 74
t 6 11 2 21 7 6 23 12 4 745 6 10
t 57 48 50 65 74 75 63 61 71 45 58 70
t 79 49 78 81 65 81 77 64 83 54 77 90
t 3 713 1 2 18 14 18 1 1 6 14 18
t 73 84 80 83 66 68 70 75 78 89 54 53
t 74 82 72 52 87 90 54 79 76 65 88 49
t 5 19 23 19 23 736 10 3 9 12 10 2
t 60 77 83 61 46 78 72 45 69 65 78 66
t 10 18 4 18 9 13 20 2 20 747 4 11
t 17 19 22 18 3 5 7 732 12 19 4 20
t 53 71 46 62 61 89 84 54 67 87 55 70
t 55 88 57 52 61 85 61 86 52 84 73 76
t 5 25 12 19 20 730 25 18 11 25 16 23
t 4 9 10 18 13 740 11 12 25 2 17 7
t 75 83 65 87 45 69 58 49 86 45 54 77
t 54 48 62 50 89 51 48 79 62 65 78 51
t 90 84 60 84 79 49 49 63 52 85 51 80
t 61 59 64 81 71 68 47 70 63 80 85 48
t 80 56 64 52 66 48 75 81 69 49 76 73
t 17 17 16 5 14 24 1 7 11 3 23 741
t 12 17 10 19 15 1 743 4 7 16 20 19
t 58 84 51 69 63 70 55 48 62 49 65 52
t 51 58 60 83 83 71 56 88 50 46 65 47
t 52 55 54 62 51 86 89 47 84 56 62 53
t 3 19 17 11 17 2 5 13 9 746 23 17
t 67 89 45 54 70 72 56 68 56 73 56 69
t 77 77 67 86 57 87 79 75 67 56 77 65
t 50 78 55 51 68 83 45 89 69 78 60 49
t 81 71 64 66 74 83 89 55 57 56 48 72
t 71 53 58 89 80 52 67 72 49 45 47 79
t 7 4 2 18 711 13 1 24 4 11 10 14
t 57 64 56 90 51 83 53 84 70 66 89 71
t 3 21 16 13 2 734 10 5 16 11 19 13
t 15 7 8 729 13 18 18 9 4 14 10 6
t 11 16 5 11 21 1 12 4 718 8 17 2
t 4 10 4 747 22 8 14 5 20 11 8 14
t 66 61 88 78 62 74 55 53 88 81 64 50
t 3 17 714 20 4 18 25 18 24 12 24 10
t 14 16 2 7 16 727 7 4 21 20 6 20
t 80 81 46 48 54 73 66 77 49 62 83 83
t 15 14 5 1 4 21 12 25 15 717 18 25
t 4 11 720 12 21 23 21 3 8 7 20 7
t 58 69 87 86 89 70 49 80 76 55 71 58
t 24 19 13 744 3 18 10 9 23 2 21 1
t 15 11 18 4 13 19 23 739 9 13 4 18
t 22 20 18 10 25 4 718 7 7 22 12 6
t 79 73 60 74 49 48 89 67 55 52 89 56
t 81 68 80 88 64 52 66 89 75 63 74 84
t 57 45 87 77 61 80 62 54 76 49 52 79
t 13 15 7 20 13 715 8 25 6 9 16 8
t 25 17 13 23 8 714 1 8 23 17 14 21
t 8 12 5 3 13 9 16 2 21 729 11 4
t 74 62 74 74 88 86 85 56 73 64 65 49
t 6 25 25 15 739 14 24 15 15 1 17 7
t 25 8 19 10 22 9 18 746 1 4 5 3
t 74 87 88 53 53 78 90 66 85 51 78 47
t 47 51 87 83 62 50 90 62 89 59 67 82
t 25 21 2 2 22 3 11 15 19 14 710 25
t 53 46 69 50 84 55 49 46 77 78 45 86
t 55 84 88 56 89 62 77 80 73 51 75 51
t 62 87 62 86 47 57 63 89 54 50 74 68
t 58 78 81 61 84 63 48 84 50 86 52 50
t 6 8 16 3 16 1 12 10 19 16 749 25
t 62 56 45 88 65 45 69 85 64 52 86 84
t 1 7 18 13 13 22 23 738 4 7 5 22
t 13 8 19 22 5 727 12 22 14 25 18 22
t 87 61 67 90 70 84 77 53 71 56 89 63
t 19 744 20 19 3 21 24 2 21 3 13 9
t 86 59 84 83 65 86 54 53 45 46 84 76
t 24 23 7 11 12 10 20 15 11 742 16 23
t 87 52 74 90 86 45 72 70 66 69 57 75
t 3 4 15 23 19 13 23 3 730 4 23 4
t 1 1 714 15 22 11 23 8 15 22 16 22
t 84 74 68 85 88 61 59 61 88 65 63 45
t 86 68 58 49 59 57 50 76 46 81 52 87
t 79 53 89 59 60 48 77 83 71 75 73 53
t 47 53 63 61 70 53 88 73 55 59 52 48
t 90 80 62 78 80 76 47 52 46 68 54 52
t 90 68 74 65 55 70 66 64 75 67 54 60
t 48 49 59 83 55 59 84 87 51 72 63 68
t 66 80 51 51 82 74 46 87 71 74 53 57
t 11 19 6 16 11 14 11 727 18 9 1 10
t 90 52 69 46 58 69 79 75 58 62 80 76
t 14 6 18 4 9 22 2 714 21 1 25 11
t 15 15 2 22 15 14 22 2 6 19 741 11
t 2 18 15 19 15 6 19 8 727 25 5 11
t 8 720 14 5 22 17 22 17 5 18 4 6
t 45 78 82 46 53 83 69 79 45 63 81 49
t 62 85 85 64 72 46 66 62 87 74 78 58
t 69 62 88 51 55 86 62 78 57 54 86 83
t 65 60 47 81 75 75 46 84 87 61 50 75
t 56 69 56 68 77 54 80 53 61 51 65 51
t 82 48 50 50 62 77 90 56 56 50 68 68
t 85 72 88 53 70 66 64 62 64 88 87 77
t 57 83 83 81 53 48 72 67 71 78 64 90
t 81 80 64 84 50 64 81 69 75 50 46 72
t 81 47 82 72 77 65 59 82 73 84 48 84
t 67 70 74 50 68 84 77 65 57 78 57 72
t 716 1 17 18 16 6 23 2 25 14 8 4
t 1 14 1 13 735 9 8 9 22 24 24 9
t 9 2 710 2 23 18 6 5 10 15 14 8
t 67 66 86 52 54 76 66 50 62 77 51 83
t 75 57 66 58 58 57 72 54 65 72 50 62
t 2 15 12 17 13 18 13 1 25 16 724 18
t 1 25 3 13 12 11 3 16 720 11 22 17
t 11 6 20 5 13 3 735 1 5 2 24 21
t 83 60 80 50 72 68 55 67 77 78 48 61
t 56 54 48 52 63 81 45 62 51 75 54 76
t 70 75 85 54 74 71 76 49 69 77 73 62
t 85 60 71 46 50 61 84 72 56 59 55 72
t 10 741 13 19 15 5 4 5 25 13 6 20
t 60 81 61 51 83 53 67 62 82 72 89 86
t 8 3 2 719 16 17 16 21 24 13 16 11
t 5 3 1 4 5 10 1 16 18 4 715 19
t 68 70 80 56 70 77 83 49 69 65 78 56
t 22 22 7 6 24 16 6 713 11 22 16 5
t 77 81 67 77 70 46 85 82 72 45 65 85
t 8 5 23 23 2 18 20 2 13 743 10 21
t 47 82 58 63 62 65 85 87 74 85 84 86
t 82 62 47 52 70 80 82 58 76 78 64 67
t 63 72 73 54 46 89 46 63 65 46 74 82
t 17 10 15 14 3 3 5 13 24 718 20 19
t 59 85 72 53 73 60 89 64 48 46 57 63
t 70 71 49 77 52 73 50 87 57 56 48 46
t 12 14 2 4 2 14 9 8 16 19 3 732
t 11 7 735 17 12 13 21 12 22 22 20 2
t 25 9 15 10 1 6 740 10 9 18 12 4
t 87 59 68 81 68 54 63 79 48 80 83 51
t 62 49 63 85 76 68 72 74 52 75 49 67
t 22 8 23 14 16 17 13 22 16 15 733 1
t 58 72 83 76 82 54 51 51 56 81 54 64
t 85 46 79 77 88 62 52 45 86 90 77 83
t 90 77 87 56 49 87 73 85 46 46 78 60
t 13 8 11 22 7 22 717 4 1 10 13 19
t 82 83 54 77 84 66 72 88 46 56 65 78
t 80 70 49 90 84 90 61 54 67 59 63 68
t 73 74 70 68 89 80 79 83 55 85 74 64
t 12 16 23 735 20 13 2 20 16 5 13 18
t 84 46 85 80 65 64 58 52 64 64 68 82
t 88 51 47 46 53 64 56 61 68 50 76 67
t 45 49 73 63 65 76 82 50 61 68 58 54
t 14 13 18 8 13 4 14 23 19 3 3 731
t 49 51 66 78 65 64 75 70 51 84 61 45
t 7 22 21 15 11 20 12 3 20 25 24 734
t 75 65 69 61 50 88 69 61 66 52 68 75
t 9 24 22 10 25 711 3 1 7 15 22 6
t 46 79 82 59 82 69 50 76 71 85 51 47
t 89 50 58 73 78 79 52 48 63 59 83 48
t 712 23 6 4 17 23 21 4 4 1 25 2
t 67 60 76 80 49 84 78 50 58 51 89 86
t 76 70 59 76 56 48 64 63 70 50 64 82
t 49 87 86 53 60 46 82 51 73 70 71 77
t 77 52 53 82 81 67 78 59 77 84 72 86
t 23 724 22 17 14 4 7 3 12 22 12 12
t 84 49 73 49 60 73 81 57 57 54 85 57
t 2 1 24 19 12 17 9 21 18 730 21 24
t 17 9 1 17 711 23 12 9 9 9 7 15
t 76 46 84 52 48 89 75 73 45 79 72 47
t 61 59 84 52 76 89 55 81 54 58 69 45
t 46 60 58 89 66 64 64 70 68 49 57 73
t 58 55 76 56 62 61 74 77 74 68 64 68
t 18 10 9 22 23 1 7 735 12 22 8 1
t 48 81 66 90 48 61 47 54 85 68 45 75
t 81 77 68 87 75 77 73 56 84 75 57 56
t 11 1 24 25 15 19 24 15 22 4 7 726
t 7 16 718 14 2 6 4 23 5 4 8 15
t 24 20 9 16 21 3 12 21 18 740 7 11
t 52 62 56 75 75 60 74 47 63 83 72 87
t 53 77 85 75 62 47 66 78 48 54 65 80
t 67 49 87 83 78 79 55 67 64 57 72 69
t 10 16 2 25 744 11 21 17 10 19 20 21
t 58 64 67 89 45 69 58 70 60 47 90 62
t 63 85 68 70 55 72 82 54 50 48 68 67
t 86 60 67 74 80 54 76 51 51 72 81 86
t 54 47 83 72 72 71 68 80 79 83 85 80
t 749 8 21 2 7 20 7 21 3 4 16 22
t 77 56 59 55 69 82 86 63 68 87 86 59
t 46 69 57 77 82 62 55 80 80 47 88 71
t 80 47 80 66 50 76 85 75 66 86 82 85
t 22 743 14 18 11 12 18 7 12 24 11 11
t 66 59 60 63 49 87 85 75 48 85 81 85
t 65 78 62 57 45 87 85 55 73 56 89 82
t 22 7 716 5 10 24 4 1 22 12 12 25
t 56 82 82 72 58 90 77 78 59 87 85 48
t 64 84 64 49 72 72 50 89 50 79 45 79
t 46 46 71 59 52 80 47 59 77 70 57 73
t 12 13 18 738 16 11 4 16 2 2 7 4
t 49 45 63 87 47 85 87 77 86 62 59 53
t 88 71 55 69 68 62 86 58 58 84 70 50
t 67 58 82 69 69 48 80 74 71 61 46 50
t 2 22 24 20 4 14 5 18 718 24 2 11
t 14 13 12 13 738 9 9 5 2 15 5 24
t 25 9 3 3 6 724 19 7 13 21 12 11
t 51 50 72 86 84 77 69 69 72 73 70 55
t 22 15 16 10 13 15 11 7 17 11 11 739
t 20 9 16 2 20 12 17 714 15 9 8 8
t 48 63 81 45 56 68 60 72 82 85 52 53
t 4 24 20 13 13 2 12 12 11 725 19 9
t 58 76 52 77 49 76 88 65 53 54 63 66
t 3 11 21 2 19 25 14 6 1 712 6 16
t 85 68 58 83 81 86 75 68 90 82 59 48
t 45 48 78 56 59 90 67 69 80 54 83 48
t 89 79 77 87 45 55 47 84 68 58 54 59
t 88 72 85 65 56 89 64 89 53 89 59 53
t 50 82 66 82 77 73 50 74 85 59 62 81
t 73 51 82 85 66 88 79 65 69 84 86 85
t 13 5 5 22 7 19 24 720 21 18 13 19
t 75 53 67 77 81 59 50 87 78 89 66 87
t 731 23 7 9 13 19 25 17 12 12 13 5
t 729 25 2 12 20 16 4 3 14 2 15 6
t 18 25 19 8 10 21 20 16 23 739 5 2
t 67 74 80 57 57 53 67 62 82 47 48 69
t 86 63 60 69 73 59 74 58 67 72 67 68
t 63 60 75 79 82 65 45 86 48 76 82 72
t 744 8 17 9 2 8 10 20 11 25 11 10
t 5 21 25 23 14 14 3 2 3 17 733 19
t 55 54 67 47 61 46 79 76 46 70 84 65
t 22 12 24 21 19 16 6 716 13 12 10 14
t 6 19 18 8 15 11 2 720 11 25 6 20
t 5 733 2 23 24 13 19 23 24 6 9 7
t 7 21 5 710 7 15 12 13 1 19 22 19
t 45 65 88 86 89 69 76 70 82 58 73 61
t 8 7 17 5 10 19 24 8 720 12 5 3
t 2 7 710 20 15 7 1 4 18 19 22 5
t 21 12 18 18 6 24 737 16 19 15 13 17
t 74 56 55 54 84 58 71 85 69 56 70 73
t 47 51 71 46 85 56 57 81 63 78 51 70
t 72 85 79 89 45 77 74 74 80 63 89 72
t 58 63 72 70 64 67 70 90 70 87 85 73
t 69 47 51 88 46 73 66 86 45 74 69 75
t 3 24 734 24 4 8 3 10 20 11 8 24
t 12 2 22 7 15 13 19 14 12 749 16 14
t 16 18 2 745 8 16 14 3 12 17 12 22
t 71 84 46 57 54 88 81 68 69 68 68 66
t 11 14 6 3 24 5 14 19 11 14 8 712
t 24 13 4 12 23 3 713 20 16 12 7 4
t 46 86 45 54 81 83 78 59 45 67 50 81
t 77 86 82 50 82 57 86 58 56 68 66 49
t 53 77 55 66 66 69 59 77 69 79 89 63
t 90 74 71 55 75 79 82 90 46 69 74 73
t 12 18 713 5 10 5 4 9 2 6 14 12
t 84 87 59 57 82 52 88 68 89 52 87 50
t 54 75 86 65 74 90 70 56 52 66 56 84
t 7 1 20 20 23 711 20 7 2 15 10 14
t 79 90 77 64 86 86 47 54 71 58 67 58
t 11 18 11 2 20 5 16 10 744 15 15 15
t 57 60 79 67 68 55 53 76 45 62 87 77
t 72 72 74 66 72 75 47 69 49 57 69 64
t 8 12 749 13 1 21 9 9 25 15 24 7
t 47 68 55 77 89 73 77 78 66 68 51 48
t 12 740 19 8 24 17 18 6 11 13 18 25
t 22 16 17 21 9 711 22 10 13 2 11 21
t 12 13 4 15 25 7 3 17 21 11 7 739
t 65 87 82 74 68 54 53 59 59 81 48 84
t 3 24 5 17 18 16 736 8 25 8 9 22
t 720 19 23 2 14 17 8 12 4 5 14 14
t 16 13 18 5 10 23 712 11 16 10 7 5
t 66 52 52 68 77 81 81 68 68 72 76 85
t 23 20 16 20 10 6 8 5 746 11 11 10
t 56 79 59 65 54 72 86 61 66 83 90 63
t 5 15 13 24 12 5 18 16 1 10 736 24
t 3 21 12 24 3 24 22 24 23 2 713 8
t 50 63 59 75 76 47 63 48 68 76 85 81
t 74 57 69 85 68 48 88 84 76 68 59 59
t 73 64 81 70 62 78 77 55 50 73 66 58
t 77 72 68 77 71 71 53 81 49 71 64 74
t 72 59 86 85 47 70 69 86 84 63 58 53
t 84 50 63 69 46 85 88 48 77 70 63 54
t 74 56 74 82 60 69 78 86 69 50 69 64
t 64 66 87 62 68 80 61 74 56 50 49 50
t 74 80 53 50 69 87 63 50 73 63 90 77
t 69 71 67 67 75 61 53 90 69 89 87 68
t 76 64 69 59 47 51 61 65 60 83 74 88
t 70 53 66 89 49 51 49 78 59 89 59 61
t 19 4 14 13 10 14 4 15 25 711 24 20
t 14 10 7 11 12 24 18 20 9 731 17 9
t 18 20 10 24 23 3 735 1 15 14 7 6
t 15 7 25 9 14 16 735 7 4 4 17 15
t 63 65 87 67 64 86 51 82 75 50 65 59
t 81 71 65 86 46 79 74 88 55 73 77 66
t 65 53 47 67 60 78 87 90 77 62 80 68
t 87 61 73 59 79 71 54 70 62 67 71 74
t 11 6 15 1 720 22 7 14 23 21 12 17
t 64 63 51 69 63 75 58 71 53 53 82 63
t 1 22 21 7 19 9 1 13 15 720 22 16
t 10 16 737 8 17 13 9 24 14 1 18 23
t 2 3 11 21 24 23 22 4 7 1 5 721
t 19 10 17 16 11 7 3 25 1 7 22 730
t 18 3 8 14 14 9 737 6 16 1 12 11
t 6 17 710 5 18 20 9 1 25 21 13 22
t 9 21 24 24 724 14 15 5 24 14 1 20
t 1 22 23 5 2 12 7 23 1 714 11 6
t 46 70 45 63 45 52 85 47 63 53 65 67
t 72 75 89 48 81 83 57 51 79 67 84 77
t 58 69 58 80 71 79 69 64 77 81 51 80
t 22 13 23 18 9 9 3 19 710 21 18 17
t 87 81 73 61 72 55 45 63 53 50 78 62
t 7 14 7 718 10 10 15 5 19 24 16 24
t 25 732 9 13 25 1 22 13 10 25 6 1
t 65 48 55 47 63 73 67 64 90 76 75 53
t 81 66 62 52 80 86 59 56 65 61 73 51
t 56 62 58 82 85 88 48 81 77 61 74 87
t 13 10 17 5 4 15 723 8 25 18 21 21
t 89 60 76 74 73 60 51 79 63 60 60 49
t 45 59 53 66 45 54 51 74 82 86 53 76
t 45 71 71 66 72 79 60 67 87 73 89 73
t 76 71 88 81 84 84 47 65 87 70 61 52
t 73 50 47 45 61 55 72 90 61 69 89 59
t 86 53 83 80 82 77 89 59 69 75 74 59
t 48 82 73 47 56 88 88 53 89 86 61 77
t 5 4 1 2 10 749 25 10 20 1 8 13
t 80 75 47 82 90 51 80 48 75 81 70 69
t 88 62 65 54 67 86 61 81 76 86 48 79
t 56 80 74 52 77 84 45 73 86 84 81 85
t 51 56 65 81 50 55 79 78 57 48 85 45
t 53 81 67 53 75 75 45 46 69 50 46 84
t 70 71 70 72 55 77 62 48 77 84 48 58
t 60 88 54 70 85 87 71 70 46 75 73 70
t 72 87 86 79 55 49 48 62 87 64 50 88
t 5 12 24 14 8 25 17 736 17 21 19 18
t 710 15 2 16 9 1 23 10 10 12 20 17
t 1 12 6 6 9 4 8 6 13 728 1 3
t 6 19 712 24 4 24 7 15 14 16 24 2
t 53 78 70 59 90 74 83 84 70 53 84 78
t 25 24 18 25 13 8 6 729 3 24 15 20
t 76 61 79 82 62 46 82 49 65 58 85 48
t 62 83 80 52 59 61 83 83 55 71 77 87
t 25 15 21 4 16 18 713 5 11 17 10 6
t 71 71 83 55 57 70 71 75 86 49 50 68
t 11 5 24 20 713 2 17 1 22 11 5 22
t 14 12 10 8 2 10 712 15 21 16 17 16
t 725 4 23 25 5 12 18 14 20 4 22 3
t 11 25 6 7 5 16 25 720 9 23 17 18
t 90 51 54 85 55 83 46 57 68 61 82 84
t 48 69 72 45 85 49 70 52 83 62 83 47
t 16 10 11 25 4 25 14 7 714 25 16 20
t 17 15 13 11 13 22 13 9 1 16 24 717
t 18 2 722 14 1 14 21 11 8 21 13 18
t 52 82 74 79 86 73 60 80 82 62 89 70
t 1 20 714 11 20 16 4 10 5 15 24 13
t 67 85 86 71 85 78 65 52 75 50 83 50
t 57 75 73 78 78 48 58 47 88 80 52 60
t 8 17 20 9 1 740 2 1 6 14 9 11
t 68 67 82 84 50 58 64 81 53 86 78 48
t 88 51 62 75 60 58 58 72 54 89 71 48
t 49 88 64 61 80 78 57 69 90 49 54 69
t 86 77 68 90 68 79 57 89 51 80 89 73
t 86 80 52 74 56 50 58 65 58 55 81 86
t 66 80 79 73 45 70 89 47 70 74 77 90
t 87 71 61 73 70 82 55 47 52 65 52 72
t 60 54 56 65 79 56 59 49 79 55 77 89
t 50 49 50 68 45 58 56 49 77 52 69 55
t 85 48 64 45 68 51 45 55 49 85 48 59
t 62 49 69 84 45 85 87 88 65 72 51 72
t 51 56 60 60 75 60 69 62 60 66 54 45
t 722 1 5 24 14 24 22 9 19 19 16 14
t 737 25 6 23 16 10 8 8 12 17 13 22
t 77 64 46 59 84 71 90 76 88 56 63 84
t 4 8 6 5 5 14 10 13 21 736 3 4
t 71 69 73 81 63 68 73 61 62 50 73 59
t 85 80 64 45 54 76 76 74 71 81 89 72
t 71 48 86 88 48 70 52 85 66 50 56 55
t 65 63 52 74 77 62 88 79 68 73 71 55
t 86 63 75 62 64 82 82 77 59 73 75 79
t 65 67 83 48 62 84 68 67 45 51 47 48
t 74 57 76 64 84 61 81 83 57 81 88 62
t 76 82 48 77 85 83 64 79 87 52 48 72
t 63 52 54 58 60 59 71 61 88 65 84 67
t 46 57 82 47 72 46 48 59 46 57 80 65
t 12 19 18 13 10 3 8 2 12 6 723 17
t 54 87 50 75 61 77 88 72 85 55 82 59
t 54 88 47 59 58 51 47 82 85 46 64 87
t 52 45 89 53 77 68 86 67 45 83 85 90
t 20 5 16 15 6 719 16 12 12 12 23 9
t 22 17 20 20 17 16 25 9 2 14 9 727
t 47 58 75 47 59 90 79 66 56 46 63 71
t 4 7 4 8 5 14 4 711 14 14 7 6
t 8 18 21 23 736 23 18 11 5 16 22 5
t 23 7 25 22 23 9 10 4 9 740 11 14
t 25 22 2 14 6 4 742 8 16 11 23 23
t 736 18 19 18 10 2 8 2 24 23 17 25
t 15 7 9 4 4 8 6 6 13 5 712 20
t 12 24 3 1 16 9 4 12 25 22 3 713
t 8 23 4 9 743 8 19 11 25 6 25 22
t 83 58 75 45 84 87 67 88 87 68 45 47
t 85 80 45 48 84 74 87 69 52 82 51 74
t 728 8 3 25 12 22 20 22 22 8 20 5
t 88 79 63 48 82 66 83 63 50 74 89 69
t 74 46 82 81 56 85 72 69 82 81 64 58
t 76 54 85 71 82 57 59 62 71 63 65 75
t 11 9 743 14 16 22 20 18 1 2 12 9
t 2 10 19 12 14 9 730 24 16 2 5 2
t 86 50 89 80 82 53 71 62 66 60 89 64
t 6 15 722 23 1 3 14 23 2 3 4 14
t 4 17 18 19 12 5 15 734 6 5 3 18
t 65 85 49 64 47 81 58 69 82 68 78 75
t 87 88 63 53 60 88 72 47 78 61 72 47
t 71 56 60 76 71 71 59 79 53 86 86 78
t 61 82 50 86 85 69 64 79 88 88 75 70
t 736 12 9 4 11 4 18 9 6 23 14 21
t 52 75 55 83 64 81 72 78 52 62 57 77
t 88 87 90 54 65 63 85 73 46 75 80 84
t 13 9 20 23 10 3 9 738 2 22 17 20
t 24 740 1 10 22 10 21 20 17 13 24 5
t 83 77 90 84 74 46 85 80 52 68 68 79
t 75 73 87 84 62 70 65 67 80 50 48 74
t 74 49 56 55 49 50 55 60 53 46 64 77
t 4 2 4 4 25 12 16 24 6 8 20 723
t 23 17 23 1 24 742 6 13 20 25 16 10
t 12 8 22 24 13 5 15 16 16 18 711 2
t 82 61 75 63 46 75 86 51 56 83 80 55
t 11 2 10 11 14 9 23 2 20 6 721 3
t 47 65 82 54 47 52 80 90 65 68 81 70
t 2 18 2 17 15 748 24 3 5 7 14 10
t 9 15 738 23 4 20 5 1 13 6 18 15
t 81 70 74 68 71 81 64 49 72 63 70 61
t 2 13 3 23 10 3 21 15 19 18 16 725
t 745 4 5 10 11 9 20 21 7 8 10 20
t 64 60 65 65 51 48 49 62 68 49 89 64
t 16 7 22 4 24 24 721 22 25 12 4 23
t 63 85 89 72 58 52 84 70 58 61 60 47
t 69 76 61 66 83 80 85 50 56 58 85 54
t 47 87 50 53 60 83 53 50 77 89 58 46
t 64 57 84 47 68 88 58 82 63 84 84 83
t 5 8 1 25 19 23 18 720 6 5 10 3
t 75 61 84 86 68 48 77 89 52 73 84 80
t 65 87 84 80 59 87 45 86 63 87 67 49
t 3 4 17 8 23 12 24 18 9 2 711 24
t 46 89 52 85 85 50 82 79 65 69 67 55
t 76 45 73 47 69 79 58 90 85 49 58 51
t 66 80 76 87 74 86 77 87 72 53 63 58
t 23 15 9 12 25 22 741 4 1 13 10 9
t 89 65 77 61 63 50 55 88 90 49 49 68
t 87 72 46 47 55 84 85 64 83 50 65 71
t 70 85 49 58 48 68 45 82 64 69 79 76
t 749 17 17 21 13 17 21 1 8 6 3 4
t 1 727 22 6 18 14 19 20 1 22 16 1
t 23 7 24 11 22 21 14 2 21 19 727 15
t 60 48 47 80 83 55 77 79 70 75 50 69
t 25 1 24 2 19 8 9 9 11 10 9 725
t 66 71 53 62 74 87 66 74 90 48 77 86
t 75 74 49 53 80 78 55 55 67 74 66 45
t 18 3 1 20 14 13 715 3 12 24 10 1
t 45 72 75 50 87 45 88 56 82 54 80 74
t 81 53 72 69 88 72 61 47 80 63 66 47
t 23 4 742 7 10 5 14 2 22 5 3 10
t 66 58 66 67 79 86 78 70 82 85 84 86
t 744 22 5 2 5 19 3 24 16 19 4 3
t 10 5 3 724 4 24 9 14 23 11 22 1
t 14 5 16 14 10 9 19 731 20 14 14 12
t 54 52 89 85 48 62 59 47 63 76 90 51
t 8 19 736 3 14 14 24 4 14 10 10 22
t 72 52 58 68 59 78 74 66 59 79 60 80
t 16 11 15 22 23 3 5 21 4 18 721 5
t 83 64 59 53 62 79 72 84 76 50 70 55
t 67 60 48 61 77 80 70 52 90 46 82 90
t 80 84 85 53 58 52 88 87 54 80 73 45
t 16 15 18 19 721 19 3 5 11 20 18 13
t 66 85 84 89 87 64 80 72 47 57 72 48
t 62 65 47 87 67 66 52 45 69 45 85 61
t 1 17 21 20 24 7 6 12 727 22 19 20
t 10 12 19 22 3 20 17 15 737 18 5 14
t 72 63 45 83 58 76 80 79 77 78 71 82
t 725 2 12 16 4 7 21 20 7 19 7 19
t 14 3 15 3 14 14 734 25 4 11 19 21
t 53 73 86 61 89 79 51 75 64 76 54 55
t 52 45 77 47 56 55 80 86 70 63 82 67
t 2 14 8 721 9 3 6 17 3 22 3 17
t 51 83 52 54 81 65 65 74 72 76 74 85
t 50 65 90 83 46 52 72 57 50 71 68 66
t 7 7 11 16 18 3 17 7 1 16 16 744
t 53 77 90 64 59 52 74 67 51 72 90 81
t 89 68 76 60 75 56 87 87 58 76 64 50
t 10 9 10 18 17 15 7 18 3 6 15 728
t 19 22 7 10 16 4 1 722 21 8 9 15
t 46 60 55 79 80 48 86 49 73 77 46 46
t 53 86 49 77 66 75 50 61 62 51 71 73
t 51 57 75 53 84 80 50 62 45 77 73 53
t 15 24 4 13 21 5 10 10 5 7 749 16
t 735 21 24 23 15 16 1 17 14 9 11 3
t 70 66 54 81 63 72 51 52 89 59 66 77
t 75 79 72 49 67 75 75 79 72 67 48 86
t 17 726 10 17 13 2 3 18 22 4 5 3
t 728 4 21 1 1 18 24 10 12 23 22 18
t 14 25 20 16 25 12 15 15 11 17 743 5
t 12 22 16 18 10 6 15 717 8 18 8 17
t 77 59 76 62 80 63 64 65 64 77 66 89
t 22 728 25 16 9 18 14 20 4 16 9 6
t 68 56 67 47 64 53 68 78 56 77 45 81
t 59 74 56 80 78 46 47 59 52 70 82 88
t 60 51 52 70 81 63 83 74 73 60 87 69
t 11 740 9 14 10 12 25 5 13 12 16 23
t 14 6 7 719 22 6 10 1 11 21 7 17
t 84 88 63 47 82 81 67 54 52 61 59 77
t 55 89 50 59 82 56 66 59 70 84 52 70
t 47 71 75 56 50 60 79 72 79 73 81 49
t 59 78 45 49 49 73 59 77 74 73 83 66
t 10 20 22 17 18 742 11 4 8 23 4 23
t 24 743 3 8 2 15 6 18 18 7 5 21
t 90 57 48 50 50 66 74 90 48 70 55 71
t 9 3 18 16 723 14 1 21 20 2 8 17
t 20 10 22 4 7 5 25 22 8 22 19 745
t 57 86 74 87 61 87 52 88 81 83 63 47
t 82 80 59 49 52 73 71 64 48 45 83 63
t 80 57 70 58 66 78 59 62 53 55 66 80
t 67 65 89 51 71 54 87 82 47 56 51 84
t 6 13 19 18 17 5 9 24 3 740 21 4
t 79 79 63 66 87 81 55 76 71 85 54 49
t 17 726 21 6 3 19 11 24 4 14 21 8
t 10 20 6 2 1 7 17 8 13 23 12 721
t 15 7 6 24 9 1 22 735 4 7 14 4
t 81 70 83 50 53 88 50 59 80 74 82 84
t 12 4 8 8 19 728 18 7 8 20 10 10
t 17 19 5 17 24 1 23 3 18 14 9 732
t 58 86 85 54 49 57 47 65 85 81 57 71
t 18 15 7 12 16 16 11 9 1 12 9 748
t 86 70 55 89 56 48 90 89 85 78 51 58
t 21 10 13 12 14 7 13 3 728 15 24 18
t 56 73 57 85 67 72 71 75 47 62 68 68
t 18 23 9 18 11 14 19 731 13 15 3 25
t 725 23 11 23 10 12 6 10 14 5 24 25
t 48 80 83 85 73 45 84 88 70 68 53 89
t 21 9 22 15 1 10 741 20 25 19 6 20
t 75 76 65 56 49 53 62 69 48 72 58 56
t 61 72 85 51 71 86 48 87 71 45 79 86
t 1 4 720 8 4 1 16 11 6 22 22 21
t 63 49 53 84 55 53 53 63 57 75 49 54
t 60 86 89 82 47 65 62 64 48 62 75 78
t 1 8 21 6 8 25 24 16 25 9 10 735
t 15 21 719 18 9 17 12 20 13 7 19 10
t 50 74 50 83 79 84 82 65 52 90 76 82
t 54 54 67 81 70 65 88 90 46 86 71 72
t 22 9 17 17 711 5 19 18 17 18 23 7
t 62 72 58 88 62 77 52 68 55 84 48 80
t 22 9 21 25 725 13 17 25 8 9 25 14
t 62 53 61 48 64 74 71 54 73 47 48 69
t 15 24 9 2 8 22 1 3 724 24 8 14
t 64 72 68 70 74 65 68 51 73 61 48 71
t 45 45 78 81 81 62 83 80 68 88 83 68
t 62 50 77 65 85 54 81 77 57 69 73 80
t 66 84 80 65 80 56 80 90 45 73 61 88
t 55 87 83 63 64 75 64 52 70 86 87 81
t 46 89 90 73 55 55 51 45 80 62 87 58
t 21 14 21 5 18 11 15 23 4 732 12 16
t 90 68 59 70 74 76 66 56 57 64 77 68
t 83 64 74 79 51 55 75 90 75 65 82 59
t 51 70 66 45 61 77 82 83 48 45 66 58
t 88 90 77 82 73 88 67 79 68 76 63 62
t 63 83 73 56 69 89 49 68 68 78 52 68
t 46 45 80 77 59 52 85 54 53 52 70 64
t 63 72 79 46 64 55 68 68 89 88 45 64
t 10 14 3 13 13 17 22 9 721 11 1 17
t 80 82 61 78 52 83 88 84 73 67 68 62
t 1 7 10 8 24 11 8 720 11 7 16 1
t 89 48 50 90 83 63 61 79 63 80 70 65
t 66 73 63 55 51 74 78 62 60 69 83 62
t 71 80 56 78 61 90 54 87 87 88 57 45
t 83 68 56 48 59 86 59 56 85 85 61 73
t 62 64 80 81 59 63 46 56 81 88 86 68
t 71 88 54 67 73 78 74 52 87 71 57 85
t 8 731 25 24 23 4 17 25 14 8 11 13
t 12 2 22 24 20 13 23 724 10 21 12 20
t 22 21 10 14 724 1 19 18 9 23 20 14
t 49 86 45 45 48 49 87 70 74 90 46 78
t 4 13 732 1 6 4 11 19 20 22 24 9
t 60 64 69 46 50 69 62 60 87 66 78 56
t 58 89 84 72 90 61 79 49 49 51 45 64
t 20 719 19 15 1 13 24 23 17 10 20 8
t 2 739 1 10 13 19 22 7 21 25 24 11
t 89 58 46 80 51 83 80 89 85 87 58 83
t 49 81 81 53 48 56 45 65 66 72 62 74
t 17 3 15 23 11 25 23 7 18 3 17 739
t 51 77 49 53 55 76 72 56 74 59 88 64
t 82 74 52 60 45 73 57 52 66 87 77 78
t 80 73 61 66 53 86 65 48 77 48 59 70
t 74 68 55 66 83 83 86 83 86 56 61 64
t 23 2 15 24 20 15 7 22 13 7 733 15
t 17 9 25 18 17 7 13 12 23 25 23 715
t 56 59 51 68 84 88 53 71 48 66 46 83
t 70 87 52 81 77 71 84 56 88 63 81 53
t 53 83 46 53 84 55 54 75 45 51 85 68
t 54 51 68 88 67 50 67 75 90 86 46 90
t 88 62 53 50 48 90 55 73 60 47 81 51
t 66 54 76 63 72 82 50 88 63 86 58 89
t 9 3 745 22 1 18 4 25 1 14 10 3
t 84 89 59 68 87 60 46 50 55 56 47 82
t 79 90 52 64 82 49 56 88 82 58 79 51
t 50 67 86 56 82 51 45 80 68 62 61 70
t 47 59 57 65 78 53 90 62 70 75 64 51
t 58 86 86 87 88 61 74 76 89 51 48 75
t 86 83 56 51 58 82 51 54 51 73 79 83
t 719 11 12 17 7 13 3 4 19 14 9 23
t 11 3 6 724 16 7 13 4 12 24 11 9
t 49 77 81 81 56 71 88 51 81 84 71 79
t 19 8 25 23 5 17 9 13 14 719 13 19
t 13 6 20 18 3 736 24 7 22 11 25 21
t 719 13 15 12 5 3 20 16 2 1 14 17
t 81 56 45 79 57 73 50 64 86 66 51 62
t 69 69 86 60 70 75 82 86 90 79 90 66
t 65 53 75 78 72 74 49 68 76 46 85 51
t 7 16 21 717 2 3 22 11 10 4 14 5
t 53 79 78 90 73 65 49 55 71 50 87 51
t 24 12 22 1 8 10 14 742 19 10 7 7
t 85 55 76 74 45 47 56 47 87 82 65 70
t 57 47 72 51 89 74 70 48 49 74 51 90
t 69 87 73 62 48 82 73 47 90 58 57 54
t 53 55 77 47 82 48 68 82 48 56 52 74
t 67 86 77 70 71 66 89 74 71 62 62 67
t 14 12 5 5 1 16 11 20 10 4 3 747
t 12 11 21 16 710 22 9 6 10 6 23 7
t 720 22 15 10 16 22 25 15 15 11 24 3
t 58 69 54 76 59 69 46 49 85 88 54 81
t 726 23 22 17 23 4 15 24 19 15 17 16
t 3 731 7 15 22 3 3 15 6 9 15 7
t 5 1 19 8 10 10 13 14 14 722 7 2
t 4 14 21 5 739 9 25 4 20 3 18 9
t 45 86 56 78 75 46 77 63 89 81 75 87
t 78 78 69 70 74 67 47 89 84 72 48 68
t 745 1 20 13 22 15 6 9 22 18 7 3
t 16 8 15 14 19 1 9 2 727 6 6 23
t 25 10 12 11 7 3 16 23 23 1 11 713
t 84 46 51 82 49 86 63 81 81 71 85 57
t 14 21 730 17 24 19 4 21 4 25 12 24
t 13 25 19 742 5 17 13 17 6 16 4 16
t 89 71 66 74 67 53 74 76 86 72 85 64
t 80 68 88 48 89 68 55 81 54 48 75 61
t 72 63 48 57 61 60 50 84 63 83 69 50
t 76 53 56 67 75 47 86 80 87 61 90 72
t 12 14 19 20 19 6 23 710 1 15 4 2
t 67 87 77 62 70 54 57 68 77 62 48 86
t 61 65 76 45 82 79 78 71 53 73 77 73
t 1 15 1 16 15 8 749 17 11 5 2 24
t 51 57 47 86 56 60 68 63 52 88 70 87
t 73 56 86 70 66 56 71 77 74 61 63 59
t 24 9 710 23 2 24 15 24 18 9 13 8
t 63 90 59 78 66 87 66 79 70 60 77 80
t 12 7 20 18 3 745 3 18 13 13 9 20
t 45 65 75 56 55 83 49 72 74 50 52 62
t 46 59 58 62 51 66 85 45 47 90 58 80
t 18 17 6 16 9 2 6 23 23 10 712 10
t 18 11 722 15 5 8 23 16 5 12 16 21
t 90 68 62 77 86 80 50 55 61 49 69 56
t 90 72 58 59 79 77 76 47 51 62 63 66
t 25 23 5 11 18 715 12 21 13 20 19 2
t 19 21 5 21 16 8 22 717 25 23 4 21
t 48 48 46 78 54 89 60 62 87 63 60 63
t 68 46 51 46 80 68 71 75 77 48 59 83
t 77 76 60 59 87 59 54 75 73 60 49 82
t 45 52 66 46 76 68 70 68 71 76 84 50
t 19 19 22 15 17 21 3 736 6 14 25 19
t 15 715 13 24 17 25 13 10 14 23 25 1
t 14 19 21 718 6 7 1 4 21 20 14 6
t 22 16 4 16 25 25 12 1 747 21 11 23
t 49 53 68 48 45 77 49 81 89 53 83 87
t 85 62 74 78 78 65 47 47 73 83 62 75
t 52 62 64 47 62 59 48 52 82 53 66 51
t 25 6 22 14 16 13 25 22 728 3 5 1
t 68 65 69 89 64 75 85 64 84 75 56 87
t 13 22 16 1 1 11 9 1 12 24 25 728
t 80 75 48 75 58 65 86 59 69 71 86 73
t 90 81 83 45 54 56 86 78 62 57 52 63
t 13 3 24 15 4 21 10 23 715 14 7 13
t 74 53 47 49 73 78 75 65 67 45 56 66
t 66 83 59 46 69 78 85 52 82 50 73 81
t 66 59 89 77 70 74 53 61 45 71 72 71
t 70 77 51 50 54 79 80 79 69 65 62 76
t 2 25 25 8 7 734 24 11 14 9 1 9
t 15 4 3 10 1 729 6 18 15 12 5 17
t 46 68 69 66 58 78 64 57 71 61 76 50
t 23 3 14 726 9 7 5 24 19 20 16 15
t 64 85 78 76 49 82 73 59 77 47 45 73
t 52 72 70 82 55 57 50 58 86 64 54 59
t 730 3 25 6 22 8 23 20 5 3 17 6
t 8 25 9 10 16 716 18 19 13 5 25 19
t 60 62 90 66 84 89 45 77 77 55 82 67
t 7 11 20 8 9 17 10 25 1 7 737 18
t 7 14 719 8 16 4 20 21 10 11 14 8
t 4 9 4 740 22 8 9 3 21 7 1 13
t 64 85 52 70 85 87 55 69 75 73 50 55
t 70 87 68 57 75 71 70 88 69 65 71 80
t 57 81 68 79 79 76 54 47 83 47 57 69
t 82 80 60 66 85 82 62 70 90 64 58 84
t 64 56 65 56 85 84 53 77 49 64 83 76
t 7 8 23 1 21 9 25 8 15 2 4 743
t 68 88 54 52 56 53 49 85 70 84 67 66
t 729 7 25 1 23 1 16 18 10 20 10 25
t 21 24 15 23 17 4 24 740 3 5 6 23
t 18 15 14 13 7 25 18 24 6 723 7 20
t 68 84 60 46 83 58 63 74 49 85 61 53
t 3 9 18 12 719 7 24 12 1 10 17 6
t 15 24 24 23 1 8 13 19 12 19 15 713
t 25 8 20 6 18 11 9 11 729 8 16 20
t 52 71 73 84 75 67 57 51 53 69 65 54
t 47 83 59 65 56 90 51 61 57 90 67 85
t 15 15 24 24 6 15 13 710 16 25 7 4
t 56 79 57 59 64 89 70 61 88 57 85 57
t 71 54 60 66 56 77 76 57 88 49 70 89
t 70 74 53 77 81 86 63 64 63 47 45 88
t 24 4 741 24 7 3 7 3 6 16 17 17
t 60 60 86 89 89 58 83 68 67 63 69 85
t 22 5 4 713 22 11 20 19 20 23 10 25
t 65 72 55 63 53 78 84 85 85 47 50 77
t 5 3 13 18 10 10 19 735 3 5 19 5
t 739 21 15 16 19 4 4 13 21 6 24 1
t 5 25 744 8 12 5 19 3 22 2 4 13
t 13 20 23 22 719 19 7 18 7 9 25 17
t 63 67 74 54 76 62 68 78 63 66 55 90
t 45 60 81 75 62 90 68 66 57 55 45 51
t 2 8 20 18 18 10 16 6 716 15 14 25
t 51 85 89 86 82 50 89 76 51 72 82 64
t 66 69 59 64 90 75 80 53 46 51 68 66
t 60 49 74 64 62 48 79 90 82 75 65 61
t 15 4 25 15 2 23 17 12 711 9 2 25
t 56 85 86 78 83 86 84 63 53 84 60 70
t 21 9 2 15 4 25 19 1 20 11 727 10
t 9 24 22 17 17 18 17 11 8 20 23 722
t 72 70 79 66 46 47 67 53 51 54 86 80
t 79 55 65 56 89 54 55 66 48 82 81 47
t 17 11 8 10 2 717 10 24 13 20 15 9
t 23 16 4 22 10 24 726 10 9 8 7 17
t 79 71 73 81 79 88 84 73 47 70 50 46
t 50 58 70 87 45 53 52 83 48 78 83 49
t 74 80 59 49 53 72 46 66 86 77 71 80
t 74 78 90 51 51 69 59 80 68 90 68 80
t 87 82 85 51 72 55 72 75 75 56 55 62
t 57 52 59 63 63 66 52 73 84 45 63 57
t 45 87 84 75 82 78 50 54 56 68 58 70
t 732 8 16 8 14 24 12 11 9 3 10 2
t 1 4 25 9 21 5 17 6 5 735 20 17
t 84 55 76 62 66 65 51 90 60 73 45 72
t 64 49 70 72 72 60 81 59 84 90 78 78
t 58 51 67 65 57 56 69 60 49 86 50 76
t 45 54 60 87 61 87 78 64 84 73 87 46
t 73 61 79 80 79 80 86 63 49 86 48 58
t 64 64 69 63 46 78 82 50 83 82 85 61
t 65 77 45 51 64 47 71 62 72 65 89 77
t 17 25 4 4 8 10 12 2 741 23 20 2
t 3 18 746 13 10 3 17 7 17 9 23 16
t 748 23 5 17 5 15 13 23 14 25 24 4
t 70 63 49 65 62 54 67 75 81 51 55 61
t 56 68 54 84 90 79 60 89 80 81 83 69
t 21 1 738 8 21 13 6 13 7 9 9 24
t 2 7 18 21 3 1 25 20 17 11 710 18
t 20 20 6 14 715 3 1 4 14 13 21 12
t 12 15 10 24 19 11 20 19 11 4 20 729
t 70 47 84 84 74 85 45 88 75 51 63 86
t 3 18 8 13 10 21 9 25 12 715 22 5
t 24 20 18 12 14 745 23 13 24 23 17 8
t 80 47 68 55 82 73 50 71 52 89 55 54
t 7 15 14 24 14 722 7 20 22 12 5 9
t 20 18 17 20 8 16 719 2 13 1 23 24
t 2 1 8 6 3 14 723 16 6 20 1 16
t 741 23 20 15 25 6 21 25 7 19 23 23
t 58 60 52 78 87 56 68 86 49 71 53 71
t 50 80 61 72 68 53 82 89 87 90 60 51
t 14 14 22 16 20 5 22 4 7 10 19 730
t 56 83 75 87 46 60 86 61 83 49 61 87
t 22 15 14 8 11 10 6 10 12 23 6 746
t 59 84 68 61 55 65 83 46 54 63 69 83
t 86 53 83 87 61 81 47 82 63 49 55 50
t 9 5 15 2 2 14 8 10 726 10 8 9
t 88 66 56 57 67 60 73 86 73 52 57 74
t 17 7 11 4 12 713 4 7 10 24 17 7
t 66 66 56 50 56 49 80 46 64 58 60 75
t 6 4 15 22 17 17 22 12 8 710 9 20
t 741 3 9 19 24 22 5 16 5 4 1 3
t 65 90 88 77 64 52 79 54 54 90 80 79
t 23 2 14 18 749 13 9 2 21 12 5 15
t 20 9 22 741 18 2 16 24 15 14 19 22
t 50 49 64 51 74 54 74 85 73 66 82 55
t 45 59 83 81 88 69 85 55 70 46 62 90
t 25 15 5 5 19 744 25 20 19 11 23 23
t 78 79 83 51 60 87 50 56 70 72 53 72
t 24 12 22 24 18 739 10 12 22 21 24 4
t 21 5 7 24 18 745 2 14 12 22 22 18
t 21 10 5 15 17 21 4 19 2 18 740 10
t 4 18 3 24 17 14 1 25 13 727 13 19
t 5 24 25 15 23 25 18 5 16 11 739 21
t 55 58 72 76 76 84 81 90 57 61 72 85
t 50 79 46 63 53 78 56 51 80 79 61 89
t 12 15 20 24 2 8 5 18 3 1 713 22
t 89 87 60 65 88 71 82 79 58 63 81 70
t 55 69 74 73 71 58 61 45 51 83 49 53
t 75 83 83 47 78 76 54 73 45 86 88 56
t 86 71 77 75 85 59 64 81 54 67 80 61
t 6 733 13 4 12 15 6 23 12 7 10 21
t 90 61 46 80 85 46 66 63 47 46 55 85
t 11 25 17 18 14 17 13 716 6 1 2 15
t 72 84 51 63 45 79 47 45 55 60 48 61
t 5 720 4 4 16 24 22 23 18 25 23 18
t 46 68 87 62 81 59 75 61 60 82 57 50
t 7 9 14 21 4 25 6 719 14 16 18 1
t 76 66 84 72 70 51 52 80 54 70 45 89
t 80 60 60 72 55 68 87 45 76 85 57 80
t 72 84 50 74 64 80 53 89 46 47 87 50
t 53 48 81 86 71 53 45 67 85 52 60 82
t 67 88 53 90 81 51 70 78 86 45 58 66
t 85 62 51 55 48 89 49 68 79 61 45 57
t 24 728 18 5 11 19 21 14 18 20 22 2
t 5 11 4 21 16 8 740 21 6 25 13 16
t 20 20 6 744 21 4 11 25 9 11 24 23
t 11 15 7 25 11 10 20 732 12 23 12 20
t 60 69 79 46 71 57 84 54 83 47 73 54
t 51 78 78 49 79 45 88 72 67 67 47 58
t 53 79 87 52 85 87 87 88 63 78 59 52
t 6 3 720 19 19 3 9 13 11 19 4 11
t 65 74 83 77 80 68 76 54 85 69 58 76
t 87 70 45 72 84 48 63 68 64 81 58 60
t 17 4 18 10 12 7 729 21 20 10 14 16
t 50 63 54 54 81 45 56 61 61 73 74 64
t 71 68 90 80 80 87 55 75 53 65 57 88
t 23 17 744 10 8 2 12 6 13 24 24 23
t 69 59 67 62 83 76 84 86 49 66 80 60
t 54 75 56 76 45 79 76 67 58 78 56 84
t 22 11 10 14 720 11 6 6 5 3 4 5
t 90 90 54 71 90 73 77 60 80 53 66 79
t 20 19 4 7 3 3 15 7 3 1 714 5
t 64 57 79 69 59 53 81 78 73 57 54 81
t 24 8 19 18 4 748 7 21 1 25 5 20
t 62 82 67 60 86 60 66 68 57 59 61 72
t 64 84 54 47 64 47 59 69 52 90 87 72
t 89 66 79 48 82 56 67 46 88 78 51 81
t 47 46 53 83 52 83 87 66 67 77 55 83
t 75 62 60 82 72 67 64 61 57 62 89 54
t 76 51 77 72 69 68 83 63 81 65 46 47
t 52 53 60 67 46 64 73 56 64 60 60 71
t 79 85 51 54 66 67 49 81 51 46 69 64
t 79 89 55 79 52 56 64 72 50 87 89 74
t 58 54 61 50 65 81 46 77 57 78 89 72
t 80 77 78 79 81 62 50 64 55 78 78 69
t 52 71 65 69 45 78 68 66 45 84 77 58
t 25 11 13 20 15 24 19 2 20 23 734 19
t 730 19 23 14 14 13 19 6 19 6 15 23
t 83 58 74 47 58 47 77 78 87 64 46 90
t 78 79 87 47 71 54 90 51 73 65 48 84
t 76 57 89 66 48 59 48 68 65 79 72 80
t 3 2 8 2 10 16 728 7 15 1 3 20
t 14 11 734 22 1 1 23 4 22 23 8 25
t 77 53 76 58 51 67 60 79 71 62 64 67
t 12 739 21 13 16 9 15 20 20 6 18 2
t 54 64 72 80 90 62 53 87 74 66 49 70
t 87 67 82 56 70 54 65 70 79 88 76 52
t 87 74 76 58 75 74 68 50 66 79 83 51
t 48 71 73 86 52 90 61 78 79 82 78 87
t 82 79 54 68 48 87 63 61 46 80 74 48
t 8 3 9 9 5 736 11 14 5 9 22 23
t 3 15 741 15 18 10 22 7 1 24 16 20
t 76 87 53 82 59 77 72 51 78 53 68 63
t 9 20 1 22 12 20 17 12 13 733 24 2
t 7 5 7 15 717 10 3 13 1 25 20 8
t 13 24 13 7 18 7 714 20 17 2 19 3
t 69 81 68 54 74 46 54 82 50 61 55 57
t 69 57 70 76 47 55 86 63 66 74 66 79
t 25 12 6 17 4 729 21 3 14 4 15 4
t 89 57 58 49 52 79 85 85 57 88 63 55
t 22 16 24 8 18 17 23 25 10 18 16 735
t 58 53 63 60 68 47 60 71 48 48 59 59
t 55 90 56 49 73 59 79 73 50 81 48 71
t 6 13 716 16 11 1 9 2 11 21 1 9
t 59 62 47 56 74 58 67 55 52 83 75 57
t 66 88 78 71 65 90 67 67 48 89 65 86
t 81 68 60 74 73 47 52 54 72 60 89 87
t 56 62 79 50 47 73 52 45 78 83 90 65
t 60 69 89 68 79 56 57 52 50 90 77 50
t 72 77 78 71 51 60 55 78 67 48 84 89
t 737 7 4 1 2 16 24 5 16 15 4 11
t 65 67 70 52 55 89 89 79 57 64 83 85
t 50 64 69 74 58 82 85 53 76 82 78 84
t 58 65 68 59 80 70 74 57 45 67 45 72
t 50 72 90 89 76 72 87 85 49 84 55 49
t 12 15 15 15 742 17 25 25 7 17 15 21
t 59 61 80 61 57 61 82 90 82 55 59 46
t 73 60 88 46 81 54 53 72 83 81 48 78
t 9 19 745 18 8 12 6 2 7 6 23 24
t 6 23 13 7 12 9 728 7 8 11 19 25
t 23 747 13 3 24 19 11 21 2 8 15 22
t 25 20 15 24 10 7 7 18 20 712 23 22
t 46 72 61 54 80 83 54 89 68 83 84 66
t 66 48 82 60 79 84 67 63 76 78 58 55
t 17 18 14 8 11 11 3 718 22 1 5 1
t 47 75 48 48 67 87 90 81 61 47 75 64
t 70 79 86 86 63 56 52 76 66 88 83 64
t 736 11 9 3 1 13 10 17 15 12 22 10
t 80 90 57 77 73 50 66 60 66 78 45 46
t 70 50 45 60 52 88 75 51 81 65 75 82
t 78 59 51 58 66 46 87 48 81 80 77 78
t 89 62 54 90 55 63 82 82 77 68 47 81
t 77 70 87 65 66 66 74 70 88 57 61 51
t 90 59 88 90 81 76 64 85 81 72 74 80
t 90 84 45 48 62 52 75 56 78 89 46 65
t 68 75 62 87 51 57 58 61 49 46 56 50
t 87 64 89 63 71 62 74 64 90 52 79 70
t 66 86 87 62 48 80 49 75 64 48 80 90
t 15 13 14 1 7 3 11 23 1 716 2 8
t 718 12 12 13 24 3 11 7 10 9 12 17
t 80 81 46 88 81 48 56 88 57 75 88 90
t 79 60 73 78 48 86 73 77 77 90 47 62
t 3 13 9 743 10 3 17 19 15 4 20 9
t 89 75 75 82 56 67 65 79 70 66 80 81
t 46 72 88 52 74 58 53 88 73 76 57 61
t 87 70 53 64 53 62 52 90 49 47 74 58
t 69 48 73 62 86 62 47 60 50 77 86 89
t 59 54 77 89 85 54 69 62 54 66 72 76
t 63 74 79 85 85 68 57 63 62 83 68 77
t 57 55 84 64 49 76 49 61 67 51 88 50
t 3 9 715 16 16 22 20 17 23 17 25 11
t 60 50 53 48 50 62 71 52 81 56 80 73
t 60 76 70 83 83 89 73 79 62 49 65 52
t 51 52 90 77 70 64 57 50 72 71 89 84
t 62 54 87 88 82 71 70 45 50 90 60 51
t 13 8 1 6 15 20 14 23 738 6 5 2
t 4 8 712 9 8 4 16 1 3 24 16 13
t 68 57 77 53 48 59 83 74 59 88 85 50
t 53 85 63 86 66 46 58 87 61 60 57 51
t 16 20 12 10 13 21 21 17 711 10 9 3
t 68 88 76 70 88 68 90 47 81 54 81 52
t 56 46 90 70 59 67 90 71 70 79 57 90
t 88 53 62 74 74 73 66 86 69 84 50 75
t 84 72 62 58 84 84 85 56 53 70 81 52
t 45 67 75 51 80 78 52 58 61 51 55 62
t 16 5 9 743 5 2 6 22 9 4 19 7
t 67 77 56 77 58 49 79 71 70 61 66 71
t 18 22 20 19 17 748 9 23 25 9 23 21
t 62 59 66 64 49 85 63 54 60 48 49 77
t 734 24 12 21 8 17 24 10 25 4 20 9
t 8 25 734 9 6 11 20 14 10 15 22 15
t 59 63 51 58 71 88 81 61 90 59 60 80
t 19 14 1 727 17 10 23 4 3 16 23 6
t 87 47 69 47 81 89 82 57 90 62 76 46
t 2 12 17 3 21 19 15 743 5 21 8 20
t 58 57 76 51 87 80 79 67 52 75 68 83
t 16 741 16 15 5 12 10 16 4 21 9 6
t 1 9 6 1 18 731 19 6 1 15 25 8
t 59 79 79 47 64 57 61 57 51 78 64 50
t 63 81 79 58 46 66 89 46 79 69 83 46
t 8 22 1 25 4 25 9 1 13 16 24 746
t 49 56 60 72 58 75 66 86 50 62 88 46
t 719 16 14 16 5 23 1 22 15 21 14 24
t 45 48 75 67 73 53 73 79 59 46 77 47
t 67 82 89 81 63 59 50 47 58 90 71 74
t 12 8 3 10 8 14 14 20 2 22 747 2
t 10 732 8 17 9 9 2 14 1 5 17 7
t 24 11 10 2 22 1 15 17 23 743 17 20
t 5 17 23 25 1 19 12 6 24 727 8 17
t 82 90 77 73 72 83 52 47 59 69 87 73
t 81 46 65 50 62 90 68 53 48 58 59 65
t 83 45 57 55 74 71 52 56 81 60 47 53
t 61 77 54 49 49 55 83 57 51 51 65 56
t 24 1 24 1 747 7 8 12 21 22 11 4
t 72 47 48 51 66 74 85 88 85 80 62 64
t 14 4 5 2 13 14 5 716 12 8 7 7
t 76 57 48 75 89 75 62 57 68 64 75 46
t 83 60 90 78 76 73 66 56 58 85 78 59
t 79 51 77 64 52 55 52 82 60 53 85 72
t 25 741 23 17 16 11 12 12 11 15 10 6
t 84 52 46 85 81 69 73 51 61 74 58 80
t 85 85 73 65 66 51 73 64 63 73 46 47
t 61 47 82 63 46 57 66 62 73 83 59 54
t 89 45 52 49 52 84 59 87 59 87 46 70
t 72 76 79 82 74 67 82 49 86 75 48 88
t 75 46 49 48 60 88 54 60 86 53 79 89
t 80 83 54 65 66 66 57 82 68 50 74 90
t 84 63 61 81 47 46 62 45 49 45 80 75
t 24 9 8 10 16 5 1 23 736 1 14 2
t 69 52 72 77 55 55 67 90 66 62 86 66
t 11 10 15 19 24 21 22 10 15 25 713 25
t 73 47 80 53 84 66 45 51 79 62 81 49
t 24 21 19 12 6 5 24 22 11 743 1 21
t 12 4 4 14 22 24 20 13 24 18 713 2
t 52 73 90 51 79 70 46 71 60 64 65 90
t 72 78 47 59 70 88 71 48 67 73 57 78
t 67 67 46 50 49 58 83 47 58 78 72 66
t 60 60 62 56 71 68 90 84 51 45 71 58
t 63 65 85 46 64 73 71 82 69 71 48 60
t 10 11 11 8 6 20 24 19 3 16 720 23
t 2 2 13 10 10 20 716 19 13 20 22 5
t 45 77 65 77 61 73 75 51 80 79 61 87
t 9 12 1 24 23 8 8 744 19 17 8 24
t 22 15 10 4 732 1 24 9 25 17 21 15
t 12 8 19 16 12 8 17 9 24 14 745 16
t 9 18 8 8 1 14 9 16 736 6 4 12
t 2 11 6 7 15 19 12 1 5 12 24 718
t 57 86 58 76 45 55 62 74 54 68 51 53
t 61 89 77 77 54 51 88 58 57 80 79 71
t 81 58 68 64 71 71 82 61 81 64 67 45
t 53 76 62 48 46 45 74 78 87 85 72 54
t 68 51 56 82 71 89 86 48 89 73 68 73
t 83 76 65 61 56 67 54 77 84 66 67 60
t 52 89 49 73 45 65 78 69 68 81 70 88
t 89 62 46 69 78 86 89 63 49 58 74 76
t 89 56 53 87 46 53 64 80 57 78 71 76
t 48 82 83 58 70 63 66 78 71 76 86 66
t 77 82 48 83 50 73 50 84 48 89 57 68
t 64 46 85 63 69 60 45 47 53 89 78 48
t 66 83 84 85 66 73 81 76 80 61 45 63
t 88 56 62 49 87 69 78 55 76 88 89 55
t 65 66 46 85 82 57 48 63 90 73 74 80
t 45 63 70 83 75 63 79 51 90 89 70 75
t 48 77 72 82 46 50 71 78 77 58 60 74
t 72 82 65 69 84 50 65 48 72 63 85 67
t 19 1 6 12 10 18 24 16 8 21 13 742
t 14 716 13 22 9 11 8 23 15 19 18 13
t 74 82 50 58 75 66 47 51 54 61 65 90
t 79 66 80 47 77 63 67 69 62 46 81 84
t 9 14 3 7 3 8 6 9 17 15 22 716
t 53 80 65 76 75 84 75 49 82 57 74 79
t 65 50 47 80 45 67 67 81 69 45 88 56
t 7 17 24 11 23 2 4 4 11 719 2 8
t 45 75 51 90 58 80 81 77 52 71 78 77
t 80 62 78 57 54 59 58 77 89 53 78 69
t 23 22 22 23 23 14 729 23 3 5 11 23
t 85 83 55 66 77 71 61 57 59 57 83 54
t 23 16 15 10 17 8 4 731 24 1 3 10
t 17 13 6 9 22 743 1 10 2 23 5 16
t 21 6 14 2 17 6 22 735 1 14 1 3
t 19 16 12 19 7 20 713 9 1 23 17 23
t 22 12 9 18 16 22 4 723 9 24 10 23
t 7 16 3 4 6 14 715 15 2 6 10 14
t 82 84 59 55 52 53 84 71 49 78 81 56
t 77 64 49 59 85 48 86 82 59 77 69 46
t 85 63 81 58 80 67 49 68 49 69 61 81
t 58 69 53 52 67 64 62 65 62 70 54 64
t 62 84 48 46 86 76 90 57 64 88 56 47
t 58 70 85 81 56 72 84 88 51 73 86 73
t 4 5 12 23 18 3 20 3 9 736 11 14
t 14 22 25 18 3 20 25 2 7 16 713 5
t 47 88 48 88 49 51 88 77 70 77 83 66
t 8 13 3 25 20 15 9 18 716 9 25 16
t 69 67 71 58 90 69 62 45 76 58 47 64
t 17 1 22 16 18 735 18 18 11 11 21 25
t 86 85 63 82 88 86 62 49 49 79 66 87
t 45 82 87 77 65 46 90 60 74 53 57 89
t 10 19 19 734 16 16 8 3 4 5 3 5
t 9 735 12 4 12 17 7 16 11 18 13 8
t 82 55 88 61 48 68 52 88 82 75 89 47
t 55 59 52 83 66 83 45 65 57 58 77 48
t 58 61 57 58 86 80 83 84 48 80 84 47
t 46 51 88 55 84 51 86 58 87 79 60 46
t 85 79 81 83 52 46 85 57 80 78 49 85
t 86 84 81 54 60 69 55 49 72 59 85 88
t 24 9 21 14 20 8 14 22 25 22 723 18
t 55 56 58 63 77 86 65 50 50 53 53 80
t 14 719 3 15 4 19 20 21 19 2 4 3
t 24 2 20 6 20 12 9 2 739 5 8 12
t 22 23 23 15 17 22 11 7 15 16 6 723
t 76 54 72 89 61 70 81 75 86 88 69 59
t 4 4 11 16 10 23 4 15 11 744 18 4
t 19 24 23 9 18 22 4 13 3 745 17 12
t 52 77 57 86 76 74 51 88 83 62 61 59
t 49 49 84 73 45 82 53 71 57 62 50 76
t 87 76 55 81 89 80 86 84 49 68 60 61
t 78 52 59 86 89 86 77 49 66 51 82 56
t 51 48 87 50 62 62 90 73 90 81 50 77
t 67 77 61 86 69 83 73 75 52 77 53 83
t 25 4 723 16 7 7 20 24 6 3 22 17
t 25 6 9 724 22 3 1 6 4 18 25 25
t 57 86 84 57 56 82 68 46 72 53 53 76
t 54 67 76 75 72 75 55 85 66 62 46 60
t 11 5 1 23 25 5 19 734 14 22 23 10
t 23 19 24 729 13 5 1 25 2 11 22 3
t 16 22 20 4 2 12 11 14 5 16 13 728
t 51 85 84 65 75 77 81 58 55 59 60 79
t 77 79 67 68 88 54 56 69 58 60 59 46
t 11 15 7 735 5 21 21 6 10 3 11 7
t 76 83 87 64 45 46 87 87 45 71 81 47
t 90 73 84 70 87 62 76 81 62 47 64 90
t 77 81 51 83 77 66 55 58 76 76 66 51
t 47 48 51 54 85 60 81 46 56 78 57 48
t 79 63 47 65 89 62 83 60 64 49 57 76
t 7 16 15 21 8 10 728 13 1 9 16 19
t 18 6 17 2 4 21 6 14 25 1 740 12
t 60 50 84 50 56 60 56 90 54 62 80 53
t 1 17 13 19 16 3 16 17 746 7 15 25
t 24 15 711 9 4 2 24 5 4 7 11 5
t 48 45 89 59 67 71 79 70 69 51 45 52
t 45 65 76 57 77 69 82 52 58 81 63 49
t 86 82 53 85 48 49 69 87 79 82 60 54
t 12 2 1 14 2 22 16 4 17 6 749 25
t 76 77 52 89 67 70 76 80 65 58 78 56
t 20 15 24 9 23 17 710 6 1 2 14 20
t 52 78 76 68 51 57 76 67 84 61 46 68
t 17 712 7 18 13 17 13 1 13 18 15 17
t 70 69 70 76 59 80 67 59 60 56 68 70
t 23 10 20 743 1 18 6 6 9 14 15 6
t 80 81 61 46 79 77 67 86 70 88 47 48
t 21 15 13 6 21 8 1 24 7 710 2 7
t 60 59 63 70 55 49 50 81 79 70 60 83
t 21 11 8 19 20 2 745 14 4 25 7 12
t 1 22 11 19 723 23 25 16 9 3 23 21
t 2 25 5 12 16 3 7 21 18 741 2 19
t 85 59 71 58 84 84 89 51 56 81 71 70
t 69 66 64 50 68 81 66 59 62 78 54 81
t 86 74 77 85 67 86 80 55 54 57 53 67
t 2 732 8 7 22 20 21 17 17 8 21 13
t 80 87 68 83 61 85 67 81 48 79 80 68
t 720 13 1 4 4 9 7 11 25 13 24 1
t 56 81 58 70 49 77 58 46 48 69 52 67
t 61 77 47 89 68 87 72 75 84 54 58 74
t 732 11 6 22 5 22 24 24 12 7 1 6
t 54 51 45 80 54 45 75 74 78 60 64 86
t 3 24 24 1 3 8 22 742 10 11 8 13
t 718 13 17 22 8 13 6 3 7 23 10 11
t 47 89 89 85 82 79 78 66 73 78 70 52
t 71 55 75 84 89 72 63 53 56 75 51 62
t 48 66 68 81 61 75 55 50 57 54 70 84
t 55 64 72 54 46 63 72 90 67 76 63 77
t 79 65 47 80 79 48 74 86 49 89 62 87
t 3 15 18 714 4 19 15 18 17 11 17 25
t 70 70 74 70 81 70 86 48 47 78 71 56
t 20 6 19 21 13 3 16 18 12 20 23 720
t 17 21 17 6 24 740 10 1 3 18 3 14
t 83 56 67 52 64 57 83 85 45 63 73 86
t 21 23 8 738 2 7 23 4 8 5 22 19
t 3 4 21 14 710 4 10 1 13 3 1 4
t 17 17 5 728 2 6 22 13 1 2 17 5
t 52 62 57 80 55 63 46 48 67 75 90 78
t 74 64 55 89 83 82 77 53 52 57 70 90
t 46 71 77 87 76 59 51 54 82 47 67 89
t 13 7 9 14 729 4 10 2 3 19 20 11
t 83 60 48 54 63 47 55 56 82 90 47 62
t 22 732 18 25 3 1 18 6 22 2 20 3
t 62 83 84 62 81 69 71 60 45 78 89 55
t 75 79 58 81 82 75 72 74 90 56 62 53
t 54 76 56 52 75 80 81 48 90 82 51 83
t 21 24 2 3 15 741 24 16 13 8 12 22
t 84 53 77 50 54 50 71 72 54 82 62 85
t 50 74 46 64 88 61 55 57 55 82 46 69
t 57 63 63 90 58 48 49 48 57 58 71 67
t 21 13 15 23 741 21 21 18 18 24 4 5
t 75 74 88 48 86 88 62 65 78 75 73 51
t 7 735 16 6 18 9 18 14 18 16 14 22
t 5 6 4 2 18 2 3 22 1 9 724 9
t 18 19 22 723 3 15 22 7 1 24 1 2
t 25 20 15 10 2 20 732 17 9 1 8 9
t 62 84 68 77 51 82 53 58 90 60 70 85
t 10 722 13 17 1 13 2 23 13 11 6 17
t 53 86 89 49 54 88 80 63 71 85 82 84
t 15 9 15 14 25 24 3 9 1 24 22 744
t 74 85 61 56 86 78 81 50 67 73 75 62
t 13 20 14 20 18 25 22 4 19 10 712 2
t 52 82 50 55 47 83 68 72 90 67 57 48
t 14 21 19 7 25 22 24 14 13 10 733 6
t 82 76 79 66 58 90 62 64 54 54 54 48
t 57 70 54 48 76 82 72 82 90 79 90 82
t 21 10 23 20 12 15 5 717 23 22 12 1
t 60 87 63 71 90 61 45 55 60 47 54 45
t 25 8 2 16 14 20 9 14 10 18 15 748
t 85 54 74 79 73 58 69 49 46 51 76 58
t 20 15 5 8 17 748 14 17 17 9 12 17
t 24 23 743 11 6 5 17 12 21 20 24 13
t 86 54 50 45 85 58 45 65 45 79 81 75
t 7 10 18 20 4 13 24 25 23 744 15 9
t 6 16 24 18 15 18 19 1 8 718 10 24
t 63 74 75 55 74 72 51 55 89 86 45 51
t 22 11 11 25 15 18 15 18 8 733 1 18
t 80 64 86 73 47 77 67 58 58 65 48 86
t 16 18 20 736 12 16 8 13 8 25 12 17
t 47 65 88 51 86 62 77 64 90 67 84 79
t 1 733 23 4 6 10 15 2 13 11 6 15
t 73 81 81 77 48 85 60 64 66 67 87 78
t 83 76 60 81 46 65 75 80 62 81 85 52
t 75 76 45 66 56 79 48 62 66 45 48 77
t 66 60 56 67 56 90 58 74 57 66 48 83
t 58 52 73 52 74 56 73 62 90 73 52 59
t 81 46 68 58 53 76 78 65 62 79 89 71
t 721 23 3 1 22 6 20 3 19 1 20 15
t 88 57 86 70 84 57 56 65 64 51 57 73
t 82 87 56 74 60 81 57 81 56 61 89 46
t 72 84 64 86 88 81 85 46 90 76 62 73
t 6 10 2 9 10 21 21 7 15 4 748 6
t 63 89 47 71 87 74 56 57 75 77 53 53
t 18 17 16 21 6 8 731 7 7 19 22 13
t 82 76 56 52 84 60 78 73 67 61 66 52
t 21 20 7 6 19 735 25 9 23 2 4 20
t 55 86 53 64 78 71 49 84 67 45 54 83
t 48 53 47 85 60 87 83 82 78 90 85 81
t 5 11 744 13 25 5 14 7 19 16 20 19
t 61 76 59 74 77 53 70 88 86 61 76 85
t 21 747 3 12 23 17 2 19 8 3 12 5
t 68 77 86 78 88 82 85 69 77 72 87 71
t 78 77 81 81 80 46 48 52 67 50 70 58
t 67 60 47 89 80 83 46 62 45 52 79 67
t 59 68 88 52 47 65 67 89 45 69 61 88
t 20 728 8 19 1 8 14 23 20 11 11 24
t 61 60 87 45 59 71 55 69 48 80 75 45
t 21 1 4 14 19 15 747 9 21 12 21 1
t 85 81 46 64 87 82 89 81 67 63 48 81
t 77 65 90 51 51 54 77 64 61 82 76 51
t 81 77 65 62 50 87 78 68 82 46 47 88
t 6 12 13 12 9 13 19 13 16 717 10 23
t 46 54 67 83 76 70 75 47 65 50 70 62
t 8 732 14 11 15 13 24 4 4 8 24 8
t 68 52 54 46 83 59 57 77 61 85 54 86
t 56 71 85 86 74 58 49 55 74 49 77 57
t 61 52 89 88 81 90 70 49 49 74 83 47
t 53 58 76 66 52 85 69 76 80 69 82 70
t 7 20 4 17 736 12 4 9 13 3 10 8
t 3 12 6 12 12 9 16 25 6 1 4 715
t 51 60 67 85 55 53 76 66 71 79 52 49
t 7 19 6 11 22 11 21 11 6 18 745 5
t 9 10 13 2 13 1 740 17 8 22 7 16
t 54 51 51 57 56 47 69 58 82 54 86 70
t 76 45 63 66 63 52 59 68 62 45 64 74
t 25 14 1 17 711 11 13 11 23 3 4 10
t 54 45 83 66 74 59 64 54 65 82 48 59
t 52 66 71 59 72 75 57 56 65 53 60 77
t 46 48 89 46 47 74 69 71 89 80 55 61
t 83 68 63 81 84 89 87 86 58 61 66 77
t 48 47 64 47 70 76 87 77 59 50 64 80
t 87 87 48 82 86 84 52 52 66 72 57 57
t 85 46 87 48 83 65 59 87 54 46 84 46
t 11 3 12 18 21 24 24 8 733 21 3 14
t 23 21 19 25 3 13 10 4 726 2 17 11
t 78 63 72 56 89 85 78 86 87 79 85 56
t 72 49 59 80 89 65 51 46 47 58 85 54
t 14 10 7 2 6 14 9 14 24 2 720 14
t 61 69 72 49 71 89 56 69 86 63 88 45
t 20 24 16 16 6 19 6 2 21 717 15 10
t 6 12 11 3 14 10 8 16 18 20 25 734
t 3 14 17 719 12 4 1 1 9 13 1 3
t 5 17 7 4 21 18 2 736 20 4 3 22
t 66 46 45 50 83 66 89 53 80 90 56 51
t 8 744 5 15 6 23 3 23 5 10 11 5
t 18 3 2 10 5 8 735 3 20 13 4 1
t 2 14 16 16 716 13 4 8 1 9 10 15
t 85 45 66 84 51 46 72 78 59 47 45 85
t 73 83 86 60 86 58 66 74 54 45 86 65
t 74 85 55 45 52 49 45 47 82 61 72 90
t 70 55 48 58 68 64 60 85 73 59 52 76
t 74 47 65 63 90 54 73 67 81 59 58 50
t 23 5 17 24 3 11 13 5 723 21 15 12
t 58 76 72 55 61 73 71 75 45 54 90 46
t 6 4 1 727 20 12 4 19 14 25 1 7
t 81 58 45 71 83 90 59 79 88 82 47 46
t 90 80 73 57 60 79 47 56 76 49 88 80
t 22 729 1 2 24 3 4 18 19 21 19 19
t 45 52 66 86 66 45 56 79 71 72 63 49
t 90 85 71 66 86 75 55 78 52 78 54 67
t 86 69 73 46 73 83 47 72 81 78 66 86
t 20 19 8 14 19 8 12 11 19 12 5 747
t 66 52 56 47 87 48 66 60 82 81 56 50
t 54 68 58 48 46 84 49 87 50 54 84 61
t 61 69 87 46 59 74 81 76 59 54 79 89
t 3 23 746 4 9 2 8 4 25 15 22 18
t 87 75 60 67 90 72 50 73 72 84 85 63
t 67 89 54 90 75 85 55 65 46 54 66 58
t 87 73 71 51 88 54 86 60 59 47 51 77
t 49 54 49 81 47 60 80 56 71 67 51 52
t 18 16 1 14 719 20 7 16 7 20 12 15
t 7 21 17 11 17 6 713 15 18 16 17 17
t 21 12 717 1 22 6 6 23 21 20 2 18
t 25 13 9 25 9 18 22 8 23 747 6 23
t 13 3 721 1 21 11 4 5 15 11 10 5
t 13 15 11 743 9 12 25 15 8 2 14 15
t 60 86 55 75 48 64 89 63 75 74 49 60
t 80 57 74 47 64 53 61 90 45 86 66 56
t 24 10 22 15 8 22 20 16 1 712 8 22
t 733 25 13 14 2 5 21 4 6 5 16 4
t 724 25 23 6 4 16 4 21 21 19 15 16
t 71 88 66 87 54 64 49 82 87 56 66 54
t 11 6 14 11 5 9 718 24 18 2 10 16
t 54 76 69 71 45 74 57 75 72 57 83 61
t 24 737 12 12 21 22 6 3 5 20 16 6
t 88 69 80 83 65 66 65 67 65 78 59 62
t 12 715 10 5 16 9 22 16 17 21 16 11
t 58 75 51 83 63 54 72 54 82 84 73 55
t 63 73 75 56 77 46 72 45 89 83 56 88
t 78 47 49 75 64 60 59 89 68 53 48 55
t 25 15 10 24 14 12 739 20 9 25 25 5
t 25 738 11 19 7 15 22 21 18 22 22 20
t 80 73 74 71 90 63 82 49 87 86 78 87
t 50 54 78 76 64 84 63 59 80 89 56 64
t 56 75 71 64 66 49 53 55 56 68 47 80
t 50 50 82 82 62 45 87 61 56 57 51 63
t 74 50 48 89 62 89 88 45 89 68 51 82
t 4 4 12 14 23 20 14 8 22 2 10 713
t 12 14 24 3 3 21 2 22 737 12 5 22
t 14 13 1 746 25 13 8 20 22 4 2 9
t 72 87 74 54 77 75 66 56 78 75 55 52
t 14 23 22 1 24 22 6 19 4 727 13 23
t 67 47 77 65 81 46 84 89 61 70 50 51
t 64 73 85 77 70 75 62 77 80 78 89 58
t 90 64 63 78 50 81 51 90 84 65 52 73
t 12 20 6 739 8 8 8 21 9 19 7 3
t 8 23 7 2 11 12 16 23 10 20 19 748
t 64 73 89 56 48 71 88 75 81 53 85 76
t 23 9 11 15 11 3 23 18 24 724 24 16
t 6 1 23 715 14 5 3 2 19 7 9 4
t 83 68 59 52 71 81 55 86 53 57 76 85
t 11 738 11 4 15 20 15 5 25 21 3 13
t 12 8 25 16 16 4 2 9 749 7 8 5
t 49 72 59 71 89 49 50 66 72 90 77 49
t 81 59 89 69 86 45 73 70 49 75 57 83
t 50 47 55 50 87 61 69 45 63 50 59 65
t 12 16 2 11 17 23 24 10 6 1 12 749
t 17 2 7 11 7 4 16 3 14 6 713 23
t 732 18 4 21 22 7 2 7 8 4 6 17
t 46 48 63 62 75 55 52 66 46 78 45 80
t 726 4 4 17 9 16 21 3 2 5 19 10
t 21 8 3 9 16 2 23 7 19 5 3 734
t 21 5 4 2 735 11 9 7 13 13 2 4
t 20 20 13 15 19 13 22 4 2 714 24 22
t 45 46 59 79 51 68 82 87 90 60 62 46
t 79 61 49 66 56 52 56 72 53 50 47 86
t 740 6 11 22 6 7 2 15 3 15 12 15
t 68 60 64 80 54 86 55 57 81 70 69 73
t 48 49 89 79 88 53 88 87 85 86 57 71
t 82 57 88 80 83 45 45 77 75 76 59 48
t 80 88 67 84 82 64 49 45 60 59 71 60
t 25 22 25 7 4 8 13 721 8 9 3 23
t 10 2 11 712 15 20 6 13 19 18 1 11
t 90 60 66 61 84 71 49 47 59 83 85 85
t 24 10 5 11 16 20 8 3 12 728 22 4
t 23 9 711 3 6 19 5 22 20 6 12 19
t 52 79 78 66 71 70 78 78 74 59 54 79
t 18 11 5 21 14 24 1 6 16 14 15 719
t 71 64 69 87 49 67 90 83 48 63 54 51
t 17 2 24 2 24 3 7 730 2 19 23 9
t 54 70 48 74 69 69 69 79 82 84 83 68
t 75 52 45 70 64 61 61 53 63 50 49 57
t 60 90 74 88 83 77 57 76 89 84 65 71
t 3 3 12 718 2 7 24 20 15 13 20 18
t 12 21 19 12 20 724 3 18 11 2 6 10
t 49 65 75 54 90 73 85 62 82 47 46 65
t 72 77 56 47 47 89 72 52 77 46 56 79
t 21 1 12 12 14 2 21 20 11 11 736 11
t 78 56 73 78 59 51 72 59 65 57 58 85
t 4 2 15 13 9 3 25 733 23 7 10 20
t 14 3 8 12 13 23 13 16 710 7 6 21
t 57 50 63 62 56 67 45 52 58 87 76 68
t 20 728 4 5 21 14 22 18 25 25 17 9
t 82 90 90 48 61 59 55 48 69 71 54 63
t 4 3 19 715 7 3 14 6 10 9 20 20
t 729 18 9 12 17 1 4 19 1 23 23 6
t 14 21 13 3 719 8 1 20 18 5 12 24
t 24 2 14 8 4 747 14 12 7 9 1 11
t 54 86 66 55 55 80 79 70 80 80 68 57
t 15 22 17 7 24 23 735 11 12 3 6 19
t 53 59 60 89 53 85 68 78 56 71 56 52
t 57 63 52 57 90 89 63 49 78 49 49 57
t 3 13 14 13 20 5 17 2 717 18 18 5
t 2 3 18 12 3 6 9 24 22 21 18 714
t 58 78 46 51 73 67 68 78 63 81 59 68
t 78 89 59 50 50 61 88 69 54 47 74 77
t 17 13 17 10 5 1 9 7 16 744 24 17
t 85 89 54 72 51 82 80 58 73 76 77 63
t 59 79 47 57 48 90 79 54 59 49 59 85
t 77 46 47 45 76 61 53 72 70 46 53 54
t 6 22 20 720 21 13 15 16 20 25 6 22
t 14 23 4 9 16 10 9 21 9 7 14 742
t 71 56 48 48 51 50 49 57 69 81 58 67
t 67 78 72 47 75 73 66 69 60 65 76 76
t 11 5 18 11 5 16 19 19 4 9 20 728
t 24 9 7 9 16 21 15 731 19 16 16 11
t 2 15 15 16 20 1 736 24 14 7 17 18
t 75 64 83 65 52 61 76 67 52 86 50 65
t 14 17 24 1 14 1 25 1 717 13 16 11
t 51 74 88 71 78 58 68 82 48 54 63 84
t 69 61 56 57 80 83 76 85 69 90 49 59
t 51 55 86 76 79 54 52 85 79 85 75 65
t 61 47 46 80 65 76 63 46 54 80 85 62
t 55 78 58 85 79 49 47 68 65 76 50 81
t 25 14 749 15 22 23 14 23 13 24 4 12
t 66 87 54 76 64 89 52 67 59 80 75 86
t 73 67 70 87 74 63 48 74 63 59 72 88
t 90 89 81 58 67 78 89 78 82 46 48 52
t 60 56 68 83 53 63 88 76 77 90 71 46
t 23 25 5 18 7 14 10 14 714 15 24 7
t 47 72 66 87 84 47 66 54 84 76 82 79
t 22 23 3 9 8 25 11 16 2 6 1 732
t 80 82 66 54 49 52 80 79 63 90 47 45
t 5 18 19 3 9 5 717 16 2 6 16 25
t 733 8 9 23 14 14 6 22 14 16 5 20
t 51 90 68 88 53 87 87 49 84 87 81 78
t 88 85 85 53 90 63 88 72 72 68 57 83
t 20 20 12 4 731 19 1 22 11 4 7 13
t 15 722 17 21 12 13 1 4 18 23 21 8
t 21 13 11 11 723 7 4 14 11 22 1 23
t 73 69 85 77 64 86 85 74 89 81 84 85
t 87 50 65 88 70 61 69 50 76 69 74 53
t 83 87 69 49 69 58 49 56 50 47 80 53
t 54 79 83 56 87 74 59 64 45 45 56 77
t 72 78 45 66 82 71 50 76 88 47 52 85
t 46 57 48 56 51 63 70 83 67 86 69 86
t 90 57 79 78 84 66 60 68 59 79 79 59
t 18 19 8 7 3 714 6 3 25 2 5 11
t 12 18 11 22 20 17 8 23 19 25 731 20
t 52 65 69 74 55 72 74 87 55 60 86 67
t 12 25 25 23 5 721 1 13 16 6 9 9
t 54 87 90 52 66 79 65 84 67 73 69 88
t 17 21 17 17 8 25 2 1 22 6 10 728
t 22 5 725 23 18 6 21 4 24 18 17 18
t 8 4 748 8 8 21 24 8 12 23 21 25
t 77 85 51 77 49 56 50 64 85 49 59 56
t 58 50 53 80 69 65 82 49 68 66 69 55
t 76 47 57 86 81 86 77 76 59 75 88 72
t 15 15 13 736 15 9 17 7 17 5 12 3
t 73 66 81 56 48 73 77 49 88 68 74 55
t 78 60 56 69 55 50 62 80 70 70 70 55
t 7 748 17 6 8 15 18 15 6 18 18 24
t 61 86 63 87 83 66 79 71 58 63 57 67
t 25 9 12 3 2 12 13 18 7 1 737 11
t 68 62 62 83 51 46 67 78 79 90 53 86
t 71 48 45 84 53 82 81 53 55 82 90 55
t 78 48 50 55 66 79 59 68 80 76 74 69
t 56 64 66 60 72 82 67 73 85 70 51 58
t 76 78 72 52 68 77 52 76 64 70 79 81
t 77 70 46 57 68 57 65 49 78 68 89 73
t 78 64 87 80 87 45 53 71 70 58 51 77
t 50 66 77 80 86 72 50 60 65 73 54 81
t 51 46 55 54 85 78 53 59 86 85 45 80
t 11 17 19 714 25 20 5 15 16 1 7 14
t 3 8 741 18 19 14 25 25 1 24 11 25
t 25 4 21 10 5 9 9 711 10 1 24 23
t 71 60 46 80 47 76 55 84 86 90 63 79
t 18 4 13 9 23 20 2 11 711 17 21 21
t 71 65 56 59 64 62 62 85 54 65 60 71
t 25 24 11 16 735 24 4 12 19 3 13 20
t 20 3 9 729 13 22 1 16 25 6 1 19
t 15 19 14 734 16 18 11 21 8 16 19 15
t 10 14 12 24 11 23 14 20 24 714 12 3
t 7 10 19 23 21 734 4 2 25 17 9 13
t 86 63 67 71 64 53 49 82 50 62 85 60
t 76 66 83 79 48 51 54 65 51 74 62 56
t 48 87 55 56 62 68 60 73 84 57 75 81
t 19 17 19 19 3 722 22 10 5 14 7 15
t 21 22 25 11 22 17 8 3 5 2 726 20
t 22 8 8 10 5 6 19 24 21 1 20 733
t 63 89 69 88 88 85 56 51 64 64 58 62
t 45 72 79 68 45 62 85 77 71 87 66 68
t 51 59 67 88 64 65 60 79 61 53 50 65
t 50 61 72 53 80 87 65 62 66 85 50 50
t 14 25 9 3 3 25 19 6 9 14 2 738
t 8 21 16 25 9 6 9 741 19 15 9 3
t 52 89 88 75 66 83 49 81 90 69 87 51
t 741 13 11 1 8 24 5 21 3 1 25 2
t 47 73 84 59 88 47 75 52 83 84 72 55
t 51 90 83 78 78 63 68 74 85 82 88 80
t 67 57 73 55 84 58 59 48 56 70 82 76
t 86 77 52 65 78 71 63 90 51 66 45 51
t 75 57 71 48 72 70 76 85 66 70 57 60
t 60 59 76 75 53 72 84 80 55 71 62 45
t 75 66 46 87 81 47 57 63 81 83 72 59
t 61 63 46 61 60 64 88 53 58 61 78 48
t 46 67 77 88 57 83 77 61 61 72 60 63
t 84 66 49 79 75 83 68 71 88 87 49 66
t 85 66 76 66 65 85 70 56 54 53 67 77
t 712 25 19 12 19 15 12 7 14 3 17 2
t 45 80 88 81 81 81 81 56 84 85 70 83
t 21 25 712 18 19 15 4 5 23 4 5 18
t 6 25 4 8 2 5 23 739 10 12 4 16
t 9 6 14 4 18 5 17 749 2 21 5 16
t 3 729 4 21 2 21 12 16 16 21 16 8
t 1 10 23 1 7 4 7 16 4 11 24 735
t 20 14 13 17 5 8 17 10 740 14 17 21
t 79 79 76 89 45 80 71 61 47 58 56 60
t 23 13 25 10 1 25 6 743 24 13 23 13
t 73 64 48 75 81 88 65 64 71 69 67 55
t 75 47 69 45 46 86 73 68 76 80 78 72
t 48 90 45 59 62 71 46 85 75 77 48 46
t 78 54 53 45 76 45 57 72 90 79 85 67
t 64 56 47 51 58 87 51 50 47 53 52 64
t 86 78 54 75 50 83 65 70 51 83 55 80
t 81 52 46 76 62 70 59 73 83 45 61 65
t 45 75 65 49 73 74 49 88 59 89 72 60
t 79 57 65 77 63 90 58 63 66 69 47 49
t 72 79 46 50 51 50 76 85 74 58 74 83
t 19 6 1 22 731 1 1 16 20 19 11 17
t 54 64 55 89 69 56 46 60 78 58 89 46
t 47 56 61 80 55 47 47 69 80 53 79 87
t 88 83 85 77 81 45 66 71 52 67 74 88
t 66 63 50 56 75 76 71 48 59 74 72 50
t 85 80 81 87 72 61 76 75 52 52 69 83
t 51 61 78 67 64 84 65 66 83 67 71 79
t 84 71 47 58 55 46 46 46 56 48 62 86
t 21 18 9 3 12 18 6 21 746 7 22 1
t 22 12 7 6 21 736 6 15 2 24 13 6
t 47 47 56 47 53 88 85 60 52 64 55 49
t 88 55 62 55 57 90 71 60 62 54 79 82
t 84 76 64 72 70 85 51 59 83 61 45 85
t 6 4 21 14 25 14 723 8 9 10 11 23
t 18 4 4 3 13 5 6 1 746 6 21 13
t 63 54 67 57 85 62 58 70 79 55 71 76
t 7 14 4 717 13 6 16 21 3 15 22 25
t 45 66 57 64 73 73 53 46 46 53 62 54
t 4 2 15 4 21 11 730 8 21 17 17 20
t 13 15 2 16 14 713 25 8 19 17 14 20
t 1 18 20 3 12 7 2 4 25 3 726 22
t 84 82 71 80 89 57 88 47 83 75 47 50
t 60 88 82 73 89 45 72 47 74 53 70 70
t 83 70 46 76 61 78 76 83 81 47 79 52
t 67 49 63 59 71 64 49 61 49 66 51 48
t 81 52 82 67 71 56 47 46 85 50 64 88
t 71 76 60 68 83 74 66 63 56 62 90 85
t 4 18 13 7 9 17 735 21 10 17 16 15
t 74 67 57 73 51 46 76 48 48 59 80 51
t 90 84 85 51 90 50 48 52 69 52 67 90
t 74 55 74 50 47 67 74 65 72 54 61 79
t 16 25 21 9 24 18 8 710 24 19 25 7
t 10 20 10 23 8 3 22 3 23 13 718 7
t 48 53 73 71 69 82 75 62 54 84 47 88
t 58 86 89 89 45 63 90 77 63 57 59 57
t 23 727 14 13 21 13 7 9 24 24 15 18
t 80 48 74 60 77 62 65 48 59 53 63 45
t 74 58 56 45 48 75 80 78 58 72 68 72
t 48 54 70 50 87 62 59 68 86 48 71 46
t 63 45 80 75 82 55 68 70 53 85 53 74
t 64 76 66 85 66 60 74 71 87 80 71 78
t 60 89 67 51 90 57 48 71 70 68 69 62
t 48 72 82 75 56 73 62 73 83 47 64 90
t 80 61 73 52 51 65 72 67 50 54 66 47
t 13 13 17 1 12 17 16 2 12 11 1 734
t 46 67 68 78 49 79 70 50 50 46 64 86
t 81 58 53 56 81 61 53 67 90 51 45 77
t 8 18 21 25 13 20 5 3 13 11 14 747
t 6 22 5 11 5 23 20 729 2 5 6 8
t 46 90 58 53 87 52 57 63 81 72 55 78
t 737 6 6 20 3 4 25 2 22 15 15 16
t 722 2 3 9 5 2 18 18 24 3 8 8
t 747 8 13 18 4 7 23 13 8 23 15 11
t 71 87 74 78 68 87 68 59 74 63 69 79
t 69 53 49 51 70 45 90 90 84 73 77 90
t 47 84 65 54 71 84 56 57 81 70 45 88
t 17 7 19 8 740 14 12 7 1 24 4 5
t 9 20 12 4 3 744 10 11 20 2 23 22
t 738 17 22 5 4 11 15 22 9 20 3 12
t 78 85 65 48 85 47 60 46 84 63 50 56
t 20 24 21 3 5 10 16 740 4 25 4 8
t 56 75 86 78 51 66 70 68 78 74 64 60
t 3 21 17 16 18 25 1 741 12 12 10 20
t 14 10 724 1 10 6 18 13 2 7 22 6
t 60 76 88 53 54 58 59 67 72 67 64 67
t 60 59 81 87 69 87 56 81 58 71 84 52
t 722 2 17 22 17 19 20 15 1 9 23 14
t 15 19 7 723 10 11 7 20 6 14 22 6
t 68 60 74 47 78 51 61 85 68 75 89 73
t 23 742 9 6 15 23 1 20 16 17 14 25
t 61 70 55 65 86 66 79 66 64 56 68 54
t 4 14 11 5 4 3 12 24 20 724 8 23
t 67 82 75 57 67 50 87 67 86 85 75 52
t 74 69 83 48 63 59 71 90 51 83 62 67
t 87 45 72 49 82 90 51 69 67 70 86 57
t 5 16 8 8 22 2 18 17 6 10 7 734
t 76 75 71 57 51 83 78 55 58 80 78 57
t 85 78 56 66 47 80 54 77 88 81 73 47
t 80 82 89 82 90 80 47 69 78 47 50 90
t 80 57 90 66 79 75 70 65 81 83 71 52
t 90 66 46 48 90 84 49 60 73 62 58 73
t 73 60 67 80 75 74 75 74 65 59 76 90
t 85 87 59 72 78 88 70 51 90 68 58 54
t 11 15 730 15 10 11 21 7 4 25 6 5
t 72 69 59 59 89 51 77 48 66 50 63 77
t 23 24 20 1 1 3 4 735 16 24 9 12
t 1 749 22 19 4 4 20 18 16 10 24 25
t 52 70 83 63 70 82 70 64 89 80 51 57
t 74 65 68 59 73 81 79 57 49 78 58 55
t 48 69 67 49 88 69 62 50 87 56 80 64
t 80 55 71 73 48 75 72 54 74 80 78 54
t 7 23 12 2 734 21 15 2 4 17 16 5
t 7 21 13 4 1 12 5 15 736 7 18 5
t 51 86 69 49 62 53 46 58 64 51 71 70
t 56 60 88 46 50 75 74 78 55 67 81 76
t 80 67 57 82 47 89 89 55 49 77 79 88
t 47 87 69 71 67 47 59 48 55 53 60 82
t 63 49 86 79 55 86 73 68 46 64 50 89
t 58 64 47 85 68 49 51 67 75 63 89 50
t 82 58 87 88 64 88 84 64 55 78 85 57
t 19 20 24 11 5 19 23 10 747 15 19 8
t 14 12 7 7 15 23 20 21 14 730 3 20
t 25 17 5 16 24 2 14 727 20 2 10 25
t 2 8 25 12 23 11 23 17 25 7 14 724
t 83 65 72 49 66 45 74 57 71 79 82 82
t 79 67 61 88 45 53 61 61 67 84 69 71
t 8 13 13 20 1 4 10 14 9 746 19 2
t 25 2 25 19 15 8 24 10 16 17 19 735
t 66 63 89 66 68 49 87 56 89 88 82 68
t 7 23 2 15 15 6 5 4 22 12 725 6
t 15 2 724 15 22 20 19 14 14 2 14 23
t 83 85 72 71 51 87 67 83 77 56 81 63
t 25 735 3 12 25 8 17 21 22 19 21 7
t 62 81 63 48 75 82 86 66 84 90 65 60
t 17 17 8 18 18 726 15 24 9 25 17 16
t 72 90 83 61 46 46 69 53 75 69 87 67
t 77 70 87 48 63 81 73 53 79 77 84 90
t 89 50 61 57 81 67 46 53 62 48 64 64
t 58 57 63 46 87 53 56 56 67 64 83 65
t 22 2 717 1 9 20 2 16 2 15 22 13
t 3 5 18 6 25 10 13 723 4 15 3 9
t 3 17 15 9 20 8 15 19 9 740 1 8
t 90 90 69 56 55 59 70 63 59 80 54 68
t 23 1 738 2 6 24 19 15 24 9 16 8
t 83 48 70 47 88 60 77 79 45 58 49 77
t 76 75 58 58 56 90 72 80 55 69 76 73
t 53 46 84 82 51 55 75 57 70 53 73 81
t 14 6 3 8 3 16 14 1 719 5 1 7
t 4 16 11 22 4 15 10 6 12 3 15 739
t 18 5 15 8 13 25 745 24 18 7 19 22
t 25 22 7 1 17 11 18 1 5 13 746 1
t 72 86 87 70 84 67 76 77 65 82 80 57
t 12 13 24 13 19 10 18 725 12 22 3 20
t 78 73 49 82 87 67 82 87 47 80 45 54
t 63 56 76 62 57 58 74 77 84 50 60 53
t 59 53 63 65 72 63 71 90 89 53 64 52
t 68 72 80 76 60 48 86 76 90 48 54 62
t 52 79 53 81 67 70 57 86 68 55 47 85
t 11 16 19 25 11 738 7 25 6 10 25 7
t 74 85 61 66 86 81 87 63 63 54 55 45
t 73 88 71 77 81 78 76 53 81 86 68 84
t 62 54 65 72 59 61 52 80 90 45 52 66
t 13 20 24 19 4 22 740 16 21 12 18 12
t 58 68 67 86 73 72 72 73 51 47 69 46
t 62 74 77 48 55 54 87 49 57 87 70 46
t 45 78 58 64 72 88 65 56 55 84 60 82
t 21 15 6 713 11 15 21 20 3 19 16 13
t 4 22 7 6 726 15 15 22 5 20 20 8
t 25 21 18 22 23 22 21 1 738 1 21 4
t 90 71 51 89 54 84 55 86 62 49 74 76
t 53 86 49 88 88 64 89 64 65 82 84 65
t 11 13 723 15 7 8 2 14 17 16 2 8
t 63 83 89 77 77 76 58 55 58 75 79 71
t 87 51 53 90 56 52 69 79 57 83 83 59
t 16 12 11 740 12 5 6 1 5 15 6 10
t 23 736 15 8 17 3 2 12 25 9 23 25
t 45 46 84 63 71 90 90 90 84 45 68 48
t 68 87 73 52 77 52 45 82 68 75 88 45
t 47 78 72 52 68 54 86 69 48 45 80 76
t 81 51 74 79 77 74 81 53 50 56 50 60
t 63 90 49 72 79 65 47 58 53 76 46 85
t 83 71 89 75 54 47 56 74 52 51 69 76
t 71 59 58 72 57 89 80 75 88 85 83 53
t 8 748 1 18 18 14 7 25 10 23 13 19
t 50 68 86 89 48 51 55 90 59 81 86 82
t 53 55 77 55 70 74 86 76 48 46 61 73
t 66 66 75 80 52 78 84 51 64 88 63 86
t 69 87 76 51 63 65 87 78 88 61 81 46
t 48 68 74 69 56 79 70 52 46 72 54 49
t 78 49 66 47 70 69 68 74 58 54 60 76
t 4 16 15 6 2 20 11 17 3 13 716 1
t 90 75 89 83 51 71 77 85 80 53 78 54
t 22 13 4 25 735 18 14 3 4 5 8 2
t 74 64 90 71 68 88 66 54 86 74 82 82
t 9 21 20 5 13 1 7 25 20 1 9 717
t 86 72 86 74 87 79 87 49 53 70 72 78
t 67 69 50 52 67 76 53 78 58 50 49 72
t 69 65 81 49 51 67 76 48 65 55 72 79
t 75 80 82 58 63 86 85 82 58 83 80 56
t 716 20 9 13 5 5 9 14 24 20 20 4
t 14 16 21 4 16 21 8 16 10 721 24 16
t 13 25 740 16 12 13 8 16 24 19 10 7
t 25 14 17 10 11 728 20 18 14 11 22 12
t 53 89 86 76 69 45 65 78 59 64 45 71
t 9 18 24 730 13 10 16 18 11 16 9 9
t 16 22 17 1 18 4 12 17 15 6 738 22
t 736 2 13 22 10 23 10 8 20 10 17 16
t 76 62 77 64 62 51 76 70 86 49 45 45
t 17 18 1 23 3 25 6 3 24 10 724 8
t 74 78 88 56 60 73 48 69 82 57 85 78
t 7 4 18 5 7 8 726 23 12 6 16 11
t 76 85 70 45 45 90 81 54 57 78 55 52
t 52 56 51 59 54 56 82 65 59 54 86 83
t 19 13 24 5 18 21 728 11 15 1 6 11
t 84 73 79 55 64 55 69 89 82 76 88 51
t 77 49 70 55 46 74 56 89 56 90 87 56
t 64 55 71 83 75 66 45 86 73 84 65 86
t 59 68 56 88 84 85 61 51 60 89 59 62
t 11 5 18 7 13 1 13 10 19 6 736 2
t 46 48 51 67 72 58 63 90 46 87 79 67
t 7 7 21 22 3 2 9 748 7 19 16 17
t 62 61 84 80 90 61 80 64 57 76 45 83
t 21 18 23 5 16 8 746 19 22 12 2 11
t 21 732 13 16 24 3 5 12 1 12 1 5
t 730 1 5 18 7 7 18 19 1 22 16 19
t 10 5 745 4 17 24 2 11 11 20 1 13
t 90 48 52 86 83 61 70 79 84 58 46 76
t 19 23 5 14 8 1 6 17 10 19 726 7
t 50 90 48 90 74 63 75 54 60 80 86 48
t 81 72 68 85 81 77 66 67 82 66 55 85
t 14 732 1 17 3 4 19 16 18 4 6 1
t 67 58 67 65 89 90 45 73 66 74 61 46
t 62 54 81 46 89 74 84 71 59 80 48 88
t 24 14 11 23 22 22 14 18 25 13 17 732
t 71 47 58 73 63 60 79 53 71 69 58 64
t 80 80 90 57 67 54 89 75 75 69 58 75
t 6 2 724 12 9 19 5 18 20 15 10 23
t 716 2 12 12 13 17 18 22 2 20 15 1
t 58 73 62 79 70 82 70 75 83 70 89 87
t 15 729 24 15 16 4 2 18 21 21 10 14
t 12 5 18 21 2 725 22 11 9 2 4 22
t 23 727 12 15 19 16 21 3 18 24 14 2
t 86 45 84 73 52 79 89 64 74 47 72 85
t 15 736 10 1 8 21 2 3 5 5 6 7
t 720 10 15 13 25 18 24 12 9 19 22 23
t 12 10 722 7 19 6 1 11 19 22 17 6
t 16 19 8 12 10 9 3 13 6 718 21 11
t 79 70 65 56 83 84 69 57 45 54 71 78
t 2 21 3 17 5 18 6 13 9 730 24 8
t 21 25 3 14 19 4 19 19 731 9 7 8
t 24 14 736 16 13 24 15 4 25 24 3 21
t 7 12 720 7 23 11 21 12 20 13 9 7
t 46 61 56 50 76 82 54 61 47 77 49 81
t 5 11 1 20 25 22 23 1 723 22 17 3
t 51 70 86 53 75 69 53 57 89 74 76 75
t 76 80 54 85 86 73 73 62 48 86 76 83
t 60 78 85 59 69 46 65 46 58 73 56 60
t 64 90 76 80 84 74 51 60 49 87 79 72
t 86 70 87 57 51 81 62 57 74 75 84 65
t 24 1 15 17 21 1 24 15 22 25 722 9
t 45 47 53 64 81 55 48 77 48 56 46 53
t 17 11 13 21 2 4 1 5 22 25 14 738
t 14 11 21 5 6 19 4 16 10 13 15 745
t 15 733 12 12 2 19 13 19 9 12 13 7
t 58 74 61 65 71 52 85 60 88 81 87 83
t 23 6 24 23 6 19 9 20 727 7 25 3
t 7 24 3 17 3 14 741 14 11 5 18 12
t 15 21 10 11 1 25 722 18 4 1 14 3
t 13 18 4 22 24 7 13 722 21 24 7 13
t 54 52 66 72 46 81 47 83 83 89 63 61
t 14 7 11 16 23 11 1 3 18 4 722 19
t 75 87 46 80 81 90 87 82 46 89 71 76
t 56 62 58 76 62 45 76 75 52 64 67 48
t 2 4 5 21 7 20 2 18 742 25 23 21
t 76 72 90 81 56 69 61 54 73 73 73 89
t 56 88 46 63 81 60 71 70 74 83 85 49
t 64 69 48 59 69 53 62 90 56 53 63 58
t 23 18 24 22 711 15 1 13 9 10 21 18
t 12 23 722 18 6 9 21 2 4 7 25 4
t 70 61 90 72 64 54 63 57 82 68 78 53
t 9 4 22 14 24 23 6 727 23 7 20 1
t 12 3 16 12 16 6 724 4 20 7 4 8
t 88 68 87 78 68 60 47 75 87 61 70 61
t 82 87 65 78 52 59 55 90 90 74 63 62
t 61 50 65 81 61 45 47 53 77 90 90 86
t 71 65 83 55 76 88 56 53 68 65 75 55
t 82 76 59 49 68 83 66 69 52 55 88 79
t 70 88 64 65 52 74 67 71 87 48 48 84
t 48 86 53 48 62 86 71 75 73 48 47 64
t 10 25 17 13 719 22 1 15 24 21 19 8
t 59 81 48 52 78 77 46 85 87 50 69 56
t 8 722 12 17 6 6 4 18 5 18 25 1
t 81 71 82 78 78 60 68 89 51 52 57 51
t 9 726 3 15 20 19 12 8 9 24 2 18
t 51 75 49 78 60 69 51 67 73 89 59 45
t 53 74 57 48 64 68 73 48 90 72 52 68
t 735 2 1 1 23 1 19 19 17 5 10 9
t 84 52 88 76 84 73 57 51 74 45 72 56
t 83 71 78 66 59 79 47 79 60 66 55 71
t 45 62 49 62 58 56 63 58 70 83 84 83
t 90 82 82 63 48 78 55 47 47 74 64 84
t 15 721 19 22 4 11 7 22 17 5 24 3
t 56 53 89 60 81 72 84 84 62 47 90 63
t 71 54 70 67 56 90 87 83 89 46 82 80
t 74 64 52 70 48 90 90 50 59 53 58 66
t 22 20 4 17 8 10 24 21 23 10 16 746
t 7 20 746 8 1 1 23 16 8 19 11 16
t 7 20 19 12 21 2 19 1 725 5 8 9
t 90 89 86 69 76 52 64 85 77 52 62 46
t 12 13 12 8 11 11 3 14 7 2 13 724
t 14 6 11 8 15 4 2 25 6 5 18 726
t 71 90 63 49 86 84 54 90 48 81 52 53
t 62 90 85 76 50 46 87 72 62 77 46 69
t 12 9 10 21 718 22 22 10 22 18 4 21
t 88 80 66 69 62 52 81 89 55 66 87 79
t 73 89 46 79 72 79 78 74 86 51 73 80
t 13 4 6 14 6 25 19 22 15 732 10 25
t 73 78 80 69 59 69 57 63 89 87 46 72
t 77 65 78 78 59 83 87 89 81 45 90 66
t 69 67 49 61 66 89 63 85 82 58 62 50
t 6 17 18 15 1 23 715 18 3 17 17 21
t 60 47 67 81 78 53 87 55 58 57 49 48
t 720 14 15 7 15 25 19 14 1 22 18 12
t 65 67 74 84 78 55 47 72 46 72 81 48
t 14 23 14 13 22 24 716 21 20 18 3 25
t 57 80 57 65 45 85 85 69 89 60 90 49
t 77 80 80 72 72 54 71 72 72 59 67 49
t 9 20 18 24 19 8 10 24 19 749 18 11
t 60 64 69 58 57 54 78 74 75 71 78 67
t 90 57 67 60 77 59 65 59 62 49 56 62
t 8 20 9 3 11 749 15 3 6 10 4 3
t 45 65 81 80 76 52 48 64 80 58 66 53
t 84 65 72 53 77 73 67 67 74 65 48 85
t 57 50 69 69 56 62 79 73 48 83 55 84
t 45 81 65 58 72 76 89 90 52 78 57 49
t 80 58 50 87 83 87 62 62 54 81 78 59
t 60 82 69 75 53 78 57 58 72 56 50 88
t 55 88 64 55 48 62 57 81 85 80 80 52
t 72 73 53 53 63 55 76 90 75 56 79 83
t 2 9 7 18 22 7 11 2 6 734 14 20
t 50 90 45 73 75 66 89 65 65 51 73 55
t 62 84 72 52 69 77 79 82 59 63 73 81
t 66 58 68 57 79 57 87 84 73 50 64 89
t 1 1 725 18 18 9 25 5 10 25 13 6
t 22 9 24 713 20 15 18 24 7 3 12 24
t 69 82 74 74 84 45 50 85 47 58 67 46
t 63 58 66 89 64 77 67 77 69 68 51 69
t 21 719 16 20 21 9 22 20 15 12 14 13
t 24 23 8 21 13 24 24 19 11 16 10 749
t 78 50 63 71 58 63 66 78 63 51 58 58
t 24 749 16 24 25 22 1 9 20 18 19 13
t 70 84 60 77 59 62 71 80 49 52 53 81
t 73 88 72 78 47 57 58 78 62 48 81 47
t 47 79 78 85 79 82 57 77 57 63 57 57
t 78 58 50 68 60 63 53 73 49 76 54 76
t 18 6 5 25 9 14 18 1 9 16 717 22
t 80 54 52 67 61 82 56 54 68 63 81 49
t 48 53 67 79 86 78 51 66 54 64 73 81
t 13 1 10 21 18 4 9 711 21 15 24 13
t 24 12 6 9 11 4 19 19 25 24 4 734
t 25 4 6 728 18 21 8 18 1 15 2 10
t 63 74 67 75 88 68 62 62 53 46 60 76
t 22 743 6 2 2 24 16 8 8 19 15 10
t 20 7 25 9 742 11 14 18 23 11 13 21
t 2 17 2 20 22 2 735 5 18 10 15 13
t 10 748 10 24 13 7 17 18 23 13 16 20
t 20 25 4 1 24 10 24 1 742 18 22 18
t 56 60 77 59 86 65 57 83 68 57 75 70
t 51 63 65 51 47 61 83 45 88 88 84 82
t 77 52 73 77 78 73 53 51 65 88 54 51
t 60 47 60 58 71 50 55 58 52 90 72 73
t 54 69 77 88 73 77 55 62 87 76 85 80
t 12 713 22 8 10 4 22 23 8 8 18 3
t 79 63 56 58 46 76 57 58 75 85 79 49
t 23 16 10 10 715 24 12 22 20 25 25 6
t 81 47 88 63 89 47 54 61 59 59 62 82
t 3 19 13 11 15 9 11 22 15 733 9 4
t 6 5 13 23 9 25 5 23 18 712 5 16
t 56 58 48 62 61 49 68 46 66 65 47 56
t 22 16 9 13 15 22 7 15 15 14 738 15
t 86 45 68 45 86 83 80 55 89 78 76 45
t 5 4 21 8 3 15 1 18 20 12 732 3
t 54 85 66 68 67 64 83 84 75 89 63 56
t 14 23 19 6 9 16 12 19 20 3 2 730
t 47 86 47 69 48 83 84 58 89 90 46 53
t 23 21 24 17 729 10 21 8 18 1 20 19
t 24 22 17 6 21 11 1 2 18 742 19 23
t 5 18 9 11 730 9 24 11 22 4 18 3
t 12 11 15 7 16 12 22 19 23 19 11 743
t 6 7 2 15 23 4 18 14 8 19 748 20
t 75 54 59 85 83 87 62 80 90 79 88 77
t 68 84 51 63 83 79 62 83 77 76 80 71
t 19 13 7 3 4 9 719 12 4 24 21 1
t 54 51 58 79 68 86 76 58 69 73 79 45
t 10 14 16 6 748 4 15 20 13 14 9 1
t 3 2 740 13 6 9 1 3 11 13 7 5
t 79 62 83 52 79 73 57 58 63 49 53 77
t 50 72 71 58 90 66 74 51 66 75 65 58
t 89 49 56 74 89 63 51 52 56 79 50 72
t 85 78 76 51 49 59 81 53 83 57 53 48
t 69 80 67 86 71 80 87 84 77 63 85 55
t 86 86 82 84 87 46 81 88 46 75 58 74
t 21 24 11 11 5 10 7 4 19 729 18 7
t 53 83 54 89 76 47 72 87 85 75 71 58
t 83 80 80 62 72 61 72 72 58 60 86 85
t 16 20 12 7 731 10 7 3 9 13 24 24
t 84 62 60 45 57 85 88 48 55 46 88 59
t 66 88 65 72 57 87 70 46 82 81 68 89
t 62 53 62 64 77 53 56 61 64 78 48 89
t 62 48 90 88 75 47 83 82 70 73 46 72
t 62 66 57 61 53 73 81 87 66 52 45 88
t 62 55 77 74 82 82 84 86 76 85 66 75
t 69 46 90 75 71 82 58 51 58 58 82 54
t 22 20 12 8 729 17 25 4 5 16 19 16
t 12 21 6 15 8 19 6 1 10 1 716 6
t 2 15 20 12 9 710 16 22 15 19 14 16
t 82 67 54 72 48 54 68 87 46 78 55 53
t 8 9 9 23 20 19 19 739 10 1 22 15
t 74 55 87 49 85 62 60 89 64 78 45 89
t 88 87 56 45 64 55 72 50 74 51 65 83
t 46 83 76 62 66 62 64 60 88 80 72 88
t 16 21 8 22 8 5 2 738 10 21 3 3
t 70 56 80 82 54 75 89 76 75 79 85 57
t 22 15 21 720 11 19 7 7 1 2 9 1
t 55 63 69 45 75 70 89 74 54 68 69 90
t 75 90 78 67 68 49 79 47 76 52 74 72
t 65 87 76 58 55 66 64 90 56 49 80 49
t 24 11 11 8 22 16 731 18 15 17 16 3
t 22 3 10 14 8 10 2 713 15 19 20 20
t 745 2 18 9 2 13 11 15 14 23 17 23
t 52 59 87 63 89 67 90 84 50 52 69 62
t 59 79 76 66 46 47 56 59 84 49 76 61
t 60 62 70 76 63 63 84 52 73 81 57 45
t 76 89 55 52 47 62 51 68 59 59 75 68
t 90 53 83 89 59 89 75 72 47 48 75 66
t 25 3 18 5 8 745 16 11 21 21 8 5
t 69 69 74 79 78 46 67 88 62 52 70 68
t 8 13 16 3 21 8 10 23 12 18 744 18
t 17 11 9 24 719 20 24 10 1 1 3 3
t 63 83 48 59 56 62 76 46 59 87 45 56
t 64 54 49 68 78 60 73 51 60 83 86 60
t 747 12 16 22 7 19 3 9 15 12 5 20
t 46 63 52 69 76 86 79 51 84 68 71 82
t 17 18 6 24 17 13 7 3 745 8 10 25
t 1 22 6 744 19 19 11 5 6 24 20 1
t 69 59 47 67 87 82 67 75 70 84 66 60
t 87 66 69 65 81 72 78 45 83 84 80 50
t 47 69 79 68 81 46 63 59 67 54 60 80
t 75 59 80 70 46 70 89 55 55 81 83 71
t 53 61 90 70 71 87 59 73 51 46 68 83
t 25 19 720 10 9 15 23 24 7 21 16 15
t 47 77 84 61 88 76 70 69 53 62 54 72
t 14 15 20 726 9 4 19 21 23 20 23 17
t 52 54 71 62 67 59 81 87 76 78 70 51
t 723 17 11 12 22 21 15 23 13 20 4 24
t 67 90 85 64 79 48 90 55 88 50 62 63
t 25 11 10 9 20 712 25 9 24 13 17 23
t 88 87 58 47 76 46 48 83 78 58 50 56
t 83 73 58 90 62 57 61 48 54 47 86 71
t 80 80 86 56 72 85 60 59 51 80 47 53
t 45 53 89 63 86 81 57 86 56 66 81 54
t 81 90 86 58 73 78 48 66 71 89 66 73
t 53 73 87 65 46 72 60 70 87 87 77 76
t 85 90 63 86 85 54 72 72 65 45 70 47
t 71 77 63 58 55 50 84 83 49 87 71 89
t 13 14 725 16 18 11 18 12 21 15 8 24
t 18 2 9 715 10 4 13 24 18 22 2 23
t 11 7 22 2 25 5 721 15 25 8 5 2
t 7 8 3 23 11 21 10 1 738 14 5 12
t 58 62 82 73 81 77 88 55 72 52 68 51
t 2 24 12 5 21 7 10 745 1 20 18 7
t 6 13 3 13 23 24 715 11 10 7 15 2
t 82 60 82 54 89 53 90 67 48 84 71 50
t 17 1 4 6 24 20 8 4 4 10 724 4
t 15 6 747 9 12 14 17 11 17 9 15 21
t 5 25 738 15 9 19 20 18 25 25 2 4
t 5 2 21 22 18 10 10 19 23 728 2 9
t 15 25 5 714 5 10 11 6 18 5 3 10
t 15 20 12 12 5 23 728 23 6 4 25 16
t 18 1 9 1 24 23 25 11 734 1 3 11
t 61 88 56 88 62 55 74 55 88 73 65 82
t 80 89 67 80 55 60 50 89 79 45 76 46
t 10 5 10 22 22 7 8 11 13 746 16 23
t 58 50 88 85 66 77 71 80 86 54 60 82
t 72 66 53 67 87 73 50 53 70 86 83 65
t 20 711 6 10 12 17 18 5 14 12 23 12
t 59 87 45 50 50 65 60 56 66 75 54 49
t 79 48 48 82 81 65 76 77 84 88 89 76
t 23 1 4 6 24 2 9 726 24 21 23 14
t 13 745 14 13 15 15 22 22 20 12 9 4
t 1 13 19 10 22 14 25 4 3 14 3 728
t 1 19 4 7 14 19 3 21 24 20 724 22
t 89 45 75 63 70 69 55 50 70 80 70 54
t 83 70 53 51 54 86 65 86 87 86 51 67
t 50 69 50 58 71 76 70 58 54 71 84 45
t 72 80 53 69 58 61 78 64 68 54 62 57
t 2 20 731 14 14 12 18 17 13 16 20 7
t 63 61 81 62 47 54 48 90 55 82 53 70
t 56 90 52 70 54 65 89 85 48 80 58 71
t 85 56 90 90 47 67 84 74 73 77 85 78
t 75 86 88 45 81 52 54 76 46 46 64 77
t 84 86 86 59 46 56 85 81 48 50 61 60
t 21 23 25 14 18 1 23 20 24 3 3 730
t 63 77 64 50 80 75 52 50 81 50 66 50
t 72 52 58 75 48 86 83 86 57 73 60 81
t 25 24 16 19 13 12 19 734 21 1 20 5
t 6 17 8 20 12 746 13 13 23 1 15 11
t 14 19 20 9 1 10 24 12 15 2 713 10
t 50 74 66 86 72 57 83 81 83 51 77 90
t 25 18 10 22 14 16 14 731 16 10 4 20
t 47 63 59 72 59 54 82 76 50 46 78 65
t 13 22 725 17 6 17 16 23 23 19 22 9
t 46 81 65 67 83 81 69 87 64 58 76 80
t 89 90 89 89 51 81 56 52 64 83 85 63
t 11 10 6 6 22 7 5 10 3 749 7 2
t 61 64 63 55 80 54 48 68 90 80 83 77
t 12 22 10 3 10 24 22 8 24 22 23 742
t 24 2 1 13 3 735 7 8 4 8 19 22
t 50 54 61 74 76 66 81 63 82 47 64 75
t 88 80 73 75 54 88 57 86 81 74 60 46
t 56 85 59 69 88 65 73 82 66 72 70 90
t 23 9 8 20 5 6 6 25 14 728 19 8
t 84 62 80 89 60 71 83 86 85 78 78 53
t 51 55 46 77 79 58 52 73 89 88 80 88
t 21 5 25 18 7 12 2 14 9 20 6 728
t 82 64 79 88 84 60 82 54 58 74 49 51
t 86 83 64 64 50 47 51 61 82 47 68 87
t 89 52 62 51 67 66 45 59 61 63 77 87
t 82 50 49 66 64 59 48 53 64 88 90 71
t 49 79 77 74 78 81 65 86 67 63 89 61
t 82 55 90 60 48 58 80 46 87 68 65 80
t 721 21 4 1 19 21 17 24 14 20 8 13
t 712 2 24 22 21 16 5 12 23 3 8 21
t 62 86 73 71 53 58 90 75 79 53 58 51
t 59 87 84 74 45 87 83 88 50 53 54 79
t 63 52 81 86 85 82 75 60 48 87 87 78
t 68 55 88 46 52 60 77 83 54 66 86 78
t 24 19 6 20 21 10 25 5 19 715 8 15
t 730 7 4 12 24 10 23 10 17 2 6 12
t 59 80 79 78 57 47 89 68 45 79 54 56
t 46 86 90 83 51 55 83 86 67 60 62 46
t 68 73 52 85 49 63 49 61 59 77 53 83
t 20 13 6 14 24 4 16 10 747 8 6 17
t 58 75 58 80 48 63 74 73 80 49 86 78
t 1 22 8 726 3 7 25 21 4 15 17 5
t 7 2 25 745 19 17 5 21 14 7 23 25
t 69 64 45 62 61 62 75 82 48 63 68 67
t 57 74 52 72 74 65 56 82 74 66 84 54
t 66 62 79 65 85 78 66 86 45 80 82 48
t 67 72 77 59 59 60 66 60 84 76 57 46
t 78 83 88 63 55 61 60 86 62 59 70 86
t 85 83 53 55 68 45 68 76 48 78 58 66
t 717 23 25 3 1 6 16 23 3 19 19 11
t 85 53 65 64 62 47 85 77 74 55 65 78
t 19 17 5 8 25 12 16 11 12 2 725 16
t 7 719 8 15 6 22 21 20 7 7 6 2
t 59 65 88 49 53 72 69 87 53 52 58 58
t 50 56 82 88 77 72 78 64 58 61 64 66
t 21 8 22 15 17 5 20 12 19 16 749 9
t 70 54 51 70 83 65 64 86 79 85 73 50
t 78 85 63 46 67 90 70 53 71 49 80 61
t 725 14 1 10 18 8 12 15 3 3 15 15
t 74 63 83 50 46 88 54 46 76 87 77 76
t 85 60 86 90 64 71 47 54 50 63 80 80
t 71 69 78 50 46 65 71 46 60 79 84 75
t 50 56 51 57 66 46 67 66 46 83 71 64
t 53 54 75 58 52 75 77 60 45 45 56 81
t 20 9 10 12 20 19 7 737 19 7 13 21
t 51 63 56 87 85 84 53 51 59 90 85 82
t 80 71 63 47 54 69 89 72 81 65 85 53
t 11 1 13 11 20 17 11 14 16 17 21 714
t 21 6 21 728 11 21 23 21 2 1 20 12
t 86 61 63 73 79 53 64 51 86 76 83 57
t 4 5 12 17 16 11 720 5 12 20 20 7
t 70 67 48 57 81 85 54 54 65 55 59 57
t 733 20 22 23 5 22 6 8 18 12 14 19
t 8 13 21 11 16 729 9 19 19 7 14 18
t 58 82 74 71 49 60 49 52 68 87 81 68
t 85 45 63 83 80 54 61 65 89 75 73 49
t 12 9 10 8 8 6 21 22 7 16 5 739
t 15 12 23 13 4 25 744 15 4 16 20 1
t 53 79 74 52 86 71 59 80 73 74 76 84
t 12 745 3 23 6 9 2 16 23 4 11 14
t 16 22 4 21 5 16 20 2 710 16 12 16
t 80 60 65 53 87 90 67 60 54 64 88 80
t 50 75 89 88 66 85 65 83 76 79 88 72
t 24 735 11 15 16 13 24 12 17 21 2 22
t 79 50 70 46 74 89 56 69 72 81 61 47
t 54 62 60 63 45 69 64 80 68 72 83 45
t 51 70 76 61 51 55 56 52 52 88 50 55
t 18 19 10 23 20 12 12 12 725 3 21 11
t 4 16 1 5 23 22 19 24 14 9 15 740
t 15 17 21 6 12 23 1 22 13 710 10 10
t 50 46 48 56 53 68 73 77 73 45 88 82
t 8 11 24 20 13 13 13 722 11 19 5 24
t 8 5 25 12 723 19 16 24 9 3 15 19
t 13 6 710 1 9 5 23 15 11 1 23 3
t 19 19 25 5 10 3 18 746 4 18 7 11
t 728 23 11 23 16 19 5 3 11 21 15 6
t 64 73 68 87 78 52 65 72 72 55 65 79
t 69 72 62 52 82 50 66 74 53 80 57 45
t 22 12 23 5 12 17 3 13 12 18 4 724
t 78 87 59 87 47 89 54 49 78 50 83 57
t 22 729 21 3 22 13 18 16 19 17 13 13
t 55 51 59 54 52 52 70 63 67 89 45 73
t 8 10 5 9 17 4 8 711 7 10 4 10
t 49 87 84 59 47 51 72 63 48 78 46 53
t 20 15 12 15 22 10 740 24 17 23 19 17
t 77 56 50 54 90 55 73 63 55 77 48 84
t 54 64 76 80 86 64 72 53 59 89 65 65
t 70 89 76 60 79 47 74 83 72 88 81 57
t 17 20 1 742 16 22 11 1 20 10 18 19
t 72 77 46 49 76 70 75 80 85 66 71 73
t 1 3 23 13 10 1 4 18 23 5 718 24
t 7 3 18 8 14 4 13 739 11 8 17 12
t 64 79 64 63 67 59 77 66 68 81 59 70
t 67 73 61 81 77 55 47 87 72 88 75 79
t 75 87 64 61 45 81 65 71 73 90 63 55
t 62 66 63 56 88 65 83 78 58 70 60 54
t 6 14 9 15 18 19 7 23 732 16 9 15
t 72 68 56 58 90 70 75 64 85 46 78 85
t 86 45 48 61 80 51 70 89 82 60 75 49
t 15 24 17 15 14 9 741 4 20 19 2 8
t 19 10 8 5 17 18 2 5 726 15 9 8
t 51 82 67 85 74 68 76 75 45 75 74 90
t 63 50 51 88 62 56 47 53 74 54 63 68
t 20 4 9 8 22 20 20 725 15 13 18 22
t 23 20 745 13 21 6 10 3 5 6 12 17
t 10 21 15 749 16 5 4 23 6 1 22 22
t 21 22 15 17 724 18 9 14 23 4 17 8
t 65 86 73 70 89 60 69 49 84 51 52 46
t 57 55 49 66 62 52 72 86 63 65 81 48
t 5 23 3 12 6 17 3 23 730 25 15 22
t 17 14 22 11 8 17 10 10 735 22 7 5
t 15 25 9 5 24 13 4 733 13 20 21 15
t 56 63 54 87 45 63 72 88 89 60 89 71
t 20 19 14 16 3 723 16 24 14 12 20 24
t 67 74 69 64 49 45 88 58 51 89 75 84
t 58 89 60 74 83 68 82 56 73 77 87 51
t 88 48 74 87 53 69 63 46 56 68 48 48
t 89 71 77 78 53 64 83 60 60 73 70 47
t 726 14 21 13 19 17 5 1 9 21 7 14
t 80 57 47 68 45 71 50 58 57 47 76 80
t 59 76 70 85 74 46 82 71 58 58 47 48
t 64 67 90 73 74 47 70 86 71 58 85 86
t 7 16 18 735 11 7 23 2 25 18 6 2
t 10 13 725 10 19 7 18 21 15 12 8 15
t 64 90 90 51 84 50 61 72 86 76 73 78
t 71 80 83 48 62 59 54 67 84 51 50 56
t 59 61 46 65 73 77 85 68 48 70 81 62
t 87 77 84 83 86 46 51 48 48 53 46 89
t 75 77 55 66 50 76 57 63 80 62 69 50
t 90 77 89 83 66 51 53 66 77 86 50 59
t 15 10 747 25 18 2 15 15 23 21 10 21
t 15 4 13 24 19 718 14 4 24 11 17 19
t 62 48 87 47 46 47 77 89 66 56 82 46
t 10 10 722 12 19 5 20 2 8 3 15 15
t 82 60 76 76 53 53 80 88 62 64 64 70
t 46 52 70 83 58 60 73 71 56 79 70 62
t 24 23 21 1 716 12 23 2 20 10 6 2
t 57 61 88 63 50 61 76 49 49 78 67 52
t 12 13 5 8 16 7 748 17 25 24 7 21
t 69 90 78 75 45 80 88 80 67 86 69 71
t 25 3 15 20 19 8 21 15 2 747 5 11
t 741 5 22 1 24 24 3 8 5 19 14 13
t 18 25 10 14 20 743 7 9 7 19 5 18
t 52 56 87 86 76 58 57 49 52 46 76 55
t 58 50 84 86 51 53 52 85 81 58 80 88
t 90 83 85 82 59 48 52 87 50 79 73 89
t 66 82 82 69 87 58 58 52 68 80 87 62
t 4 23 19 18 25 11 11 737 18 13 1 19
t 12 24 14 10 7 4 22 15 1 7 711 20
t 24 25 13 7 7 714 22 1 9 3 10 11
t 69 72 69 64 58 74 66 66 60 54 65 47
t 67 85 58 46 66 47 49 53 80 68 64 76
t 69 89 81 68 61 46 77 88 77 70 53 69
t 65 78 50 70 82 62 78 77 83 75 73 53
t 18 744 3 23 6 7 13 24 20 11 15 17
t 25 11 23 10 5 12 25 4 1 5 2 732
t 60 48 77 67 68 45 76 76 84 58 90 48
t 64 46 76 77 68 83 87 78 64 60 79 60
t 58 47 55 46 47 53 87 67 45 77 63 65
t 82 77 84 80 66 48 78 47 72 82 79 59
t 61 79 59 85 55 46 52 82 45 80 75 76
t 87 71 62 52 51 52 60 72 48 49 46 63
t 60 85 57 82 51 89 58 51 67 67 57 76
t 66 87 77 58 65 88 79 52 73 61 82 46
t 80 82 78 75 86 86 54 68 59 64 46 72
t 52 82 69 49 61 87 77 75 60 47 69 61
t 17 18 12 9 23 6 25 17 23 721 15 3
t 25 9 742 14 15 2 10 22 22 20 16 22
t 55 74 80 52 73 64 80 63 60 73 75 70
t 7 716 13 9 17 5 23 12 15 2 17 7
t 734 1 19 25 2 12 23 14 9 11 17 24
t 7 4 17 12 3 6 13 24 725 11 8 11
t 52 50 47 89 53 47 51 83 56 56 48 59
t 51 84 63 78 58 75 57 56 73 68 59 48
t 46 70 67 58 65 50 77 73 46 87 54 75
t 64 80 77 84 62 59 88 60 67 54 90 82
t 2 11 15 4 712 20 21 17 17 24 1 25
t 58 57 79 68 58 87 52 47 59 59 69 67
t 13 15 739 4 3 17 21 4 20 17 5 18
t 51 88 66 88 53 56 50 76 54 52 78 87
t 11 21 5 734 3 14 17 3 4 10 11 3
t 73 62 46 77 59 77 77 50 75 62 57 65
t 21 12 10 729 3 13 6 23 21 8 12 25
t 54 53 64 52 57 66 64 58 69 68 81 61
t 25 6 9 718 18 18 14 16 14 11 20 4
t 19 16 741 25 1 16 17 14 1 4 2 6
t 8 1 710 2 4 19 11 17 6 4 14 11
t 7 726 2 20 6 18 8 19 22 3 4 5
t 66 89 46 59 53 74 50 51 89 66 74 55
t 735 7 1 15 13 11 14 6 13 13 5 14
t 4 14 18 8 7 18 22 11 17 11 13 744
t 9 6 8 5 9 18 5 710 17 23 23 22
t 76 85 47 85 86 81 68 56 54 47 70 84
t 8 15 20 21 12 14 16 11 735 9 3 7
t 17 710 2 16 24 22 13 18 2 22 16 22
t 79 61 83 54 86 70 60 63 88 48 53 52
t 66 79 56 60 79 55 69 87 64 73 58 70
t 67 89 52 86 73 76 73 78 67 69 54 58
t 721 13 3 10 22 22 8 3 23 21 10 17
t 62 84 64 60 69 85 73 65 50 55 88 58
t 25 17 12 24 8 11 25 3 11 9 23 734
t 718 19 1 8 11 13 21 16 16 21 13 22
t 68 50 47 70 80 64 90 64 77 74 56 49
t 5 24 10 11 741 11 4 11 1 19 1 19
t 11 15 20 21 12 23 18 16 14 20 734 15
t 89 50 90 81 86 68 78 62 71 57 64 55
t 24 7 24 14 23 24 23 1 2 748 24 15
t 24 23 15 15 16 8 721 2 13 18 1 22
t 88 64 69 86 75 61 85 81 53 75 76 50
t 10 18 11 10 2 14 19 737 8 16 21 24
t 5 24 17 1 8 12 722 12 15 14 14 20
t 77 75 45 48 76 76 48 56 55 60 46 86
t 54 65 49 57 60 82 70 81 54 68 45 61
t 8 6 6 8 5 14 13 12 6 18 727 2
t 14 12 13 17 13 22 4 13 8 22 720 4
t 86 84 76 73 52 50 73 59 73 63 46 88
t 80 68 89 58 63 46 72 61 89 54 51 89
t 87 45 51 72 79 72 79 86 83 65 62 89
t 19 11 4 3 12 744 2 15 14 21 13 11
t 25 5 16 18 7 21 20 24 11 11 4 717
t 8 23 14 18 25 5 19 6 10 8 722 18
t 12 19 19 24 717 6 2 20 21 3 9 18
t 83 64 57 64 88 83 48 74 83 77 79 54
t 76 81 81 88 83 58 45 76 84 63 72 73
t 60 76 63 69 76 57 75 84 64 77 75 53
t 80 84 59 80 62 65 53 85 70 70 45 47
t 49 67 63 86 84 56 75 59 58 49 54 49
t 744 17 18 24 11 14 14 3 11 18 7 5
t 57 87 49 87 77 56 84 67 54 84 54 78
t 63 80 72 81 58 50 86 86 50 90 46 85
t 72 60 54 87 49 45 73 69 69 51 89 58
t 57 70 88 53 77 78 59 54 86 80 71 65
t 22 1 6 6 20 12 9 12 720 21 7 21
t 85 50 54 59 71 69 66 61 63 86 53 61
t 88 74 67 57 82 52 72 82 51 52 77 63
t 1 11 6 15 712 7 19 13 16 9 24 8
t 55 61 79 58 48 46 58 52 49 81 52 80
t 90 48 65 48 89 71 48 65 78 78 77 65
t 79 51 87 53 75 65 90 60 86 52 52 49
t 17 20 6 21 23 24 10 17 2 22 722 2
t 21 2 16 24 10 17 20 717 8 11 10 11
t 83 84 90 58 49 78 55 78 59 67 55 86
t 7 738 21 17 7 6 15 9 19 5 13 22
t 20 18 20 24 23 15 10 6 5 18 2 710
t 10 18 12 749 19 13 17 3 13 22 11 18
t 17 15 8 19 748 2 12 12 6 1 21 23
t 53 76 76 51 73 75 45 64 63 87 89 45
t 14 8 8 14 7 13 3 14 11 742 23 2
t 7 19 1 13 16 17 5 17 5 4 725 8
t 47 65 65 89 65 50 65 75 87 89 58 82
t 23 8 5 10 21 9 7 18 5 16 4 717
t 12 4 13 19 25 15 13 23 16 14 14 710
t 66 85 53 66 75 71 81 64 77 58 61 60
t 56 68 58 55 45 56 46 72 66 47 86 57
t 45 63 82 85 82 46 71 48 84 62 81 67
t 58 78 66 57 71 76 60 58 73 65 69 66
t 6 21 15 16 9 7 16 11 713 12 18 17
t 22 14 21 10 24 7 17 16 725 24 1 12
t 55 72 81 83 52 82 64 82 60 45 79 72
t 72 87 81 70 83 48 82 45 76 78 88 74
t 71 87 86 82 68 57 75 73 54 88 68 77
t 84 69 80 53 82 63 76 55 83 63 73 66
t 5 5 5 19 17 23 3 17 25 721 6 2
t 47 72 54 66 84 71 77 69 76 55 77 45
t 53 54 65 85 53 62 47 88 89 58 89 46
t 23 15 6 14 17 5 6 25 6 8 18 730
t 12 22 18 15 21 3 1 746 22 3 9 24
t 15 9 19 740 17 3 2 6 24 3 21 21
t 1 728 12 10 16 21 19 2 15 10 7 20
t 82 74 59 87 48 55 71 69 65 71 65 56
t 740 14 23 22 11 25 11 4 5 14 20 9
t 72 70 71 61 45 50 49 83 57 89 81 71
t 89 51 65 46 61 83 82 84 50 67 67 80
t 6 20 6 21 8 13 16 739 9 8 13 10
t 18 10 15 24 11 13 14 16 13 730 20 22
t 90 78 79 86 78 46 47 60 65 84 67 81
t 64 62 47 55 70 66 87 87 80 65 48 65
t 90 63 53 63 48 77 53 49 67 60 47 59
t 68 65 77 90 68 69 81 77 87 82 47 57
t 16 737 18 14 10 21 22 13 14 5 18 23
t 82 68 53 87 81 49 67 54 57 63 45 73
t 45 89 74 52 62 86 81 77 89 60 51 55
t 18 745 9 15 4 9 24 12 15 21 9 11
t 23 1 731 4 9 21 16 17 4 16 7 13
t 72 89 73 45 67 77 82 80 57 77 49 66
t 58 52 49 65 83 52 84 55 47 49 80 55
t 19 743 3 15 7 4 22 21 23 7 15 17
t 66 72 83 63 58 79 52 55 61 69 47 64
t 10 13 18 12 24 12 24 17 14 17 1 722
t 1 1 3 734 18 24 15 17 22 22 11 21
t 25 17 18 6 23 25 11 15 710 6 5 4
t 58 62 89 52 55 51 62 53 85 78 47 66
t 8 724 8 9 22 5 12 5 25 9 22 3
t 70 56 64 58 82 69 82 51 67 59 61 76
t 66 48 52 53 66 79 64 85 59 69 85 64
t 76 78 82 63 52 51 47 56 71 48 76 51
t 3 22 6 18 16 14 21 4 8 13 17 743
t 13 22 10 6 6 7 21 21 14 738 5 19
t 85 52 67 84 84 86 47 72 55 67 86 62
t 72 61 74 90 51 86 53 73 67 87 56 48
t 55 61 78 88 48 54 54 45 52 75 86 83
t 72 55 66 69 78 62 50 75 75 58 54 49
t 71 71 78 65 77 87 81 78 83 82 60 49
t 55 74 82 55 48 61 53 46 69 82 82 89
t 72 77 85 65 70 63 56 59 70 46 56 82
t 14 18 3 6 18 17 1 7 9 16 741 18
t 68 84 58 69 63 64 46 81 50 77 59 61
t 21 23 4 5 25 6 5 22 18 740 19 16
t 52 46 62 55 53 45 78 70 90 45 66 76
t 58 77 88 52 56 65 55 84 84 88 63 62
t 48 64 75 89 79 90 89 67 89 49 83 75
t 8 17 23 19 15 3 13 11 15 742 24 25
t 748 5 9 17 9 2 9 16 19 20 8 4
t 23 1 4 3 1 20 6 1 6 738 11 4
t 55 58 62 68 84 52 49 46 58 61 78 66
t 22 741 9 2 10 6 10 19 20 7 2 5
t 3 11 23 722 4 2 17 9 9 19 8 8
t 15 2 714 10 5 17 6 24 15 11 11 24
t 83 87 86 58 68 53 47 59 65 89 61 57
t 733 7 14 17 20 6 15 22 1 25 4 23
t 83 58 79 49 45 87 85 57 45 60 56 87
t 77 83 83 72 80 56 61 63 80 90 54 55
t 72 80 77 66 66 50 87 59 77 73 86 77
t 81 84 62 68 57 85 69 75 72 84 69 45
mb
t 19 11 9 19 731 10 4 4 10 16 17 22
t 78 80 80 57 81 90 49 67 72 77 46 48
t 48 67 65 60 58 49 80 77 77 62 55 85
t 5 5 5 25 25 25 9 4 12 15 4 723
t 76 76 48 46 62 61 89 46 74 84 72 73
t 17 22 21 10 6 25 2 23 716 12 22 1
t 68 72 62 84 70 80 53 60 51 83 66 63
t 64 63 57 67 88 74 86 79 68 63 78 85
t 47 80 46 78 71 78 68 52 90 68 62 54
t 80 89 57 57 46 76 81 89 68 46 56 53
t 719 10 5 17 1 19 19 7 6 25 9 21
t 64 49 63 57 67 73 46 79 55 63 57 63
t 725 5 24 16 16 10 5 23 18 24 8 24
t 18 17 23 13 20 20 22 2 733 2 13 22
t 15 2 9 22 16 13 12 25 10 718 23 20
t 49 55 58 71 73 57 67 89 59 79 76 65
t 17 23 11 19 24 12 25 12 722 11 6 14
t 20 2 728 24 16 11 5 20 6 17 19 19
t 23 3 5 1 25 21 7 20 23 5 712 13
t 14 18 6 23 17 11 25 10 18 733 16 7
t 16 7 16 748 23 21 20 23 16 17 22 20
t 9 25 1 10 14 726 13 14 12 9 12 11
t 58 45 72 62 74 76 86 86 75 61 86 82
t 20 18 12 12 1 20 19 11 17 20 714 22
t 14 17 23 7 13 6 13 713 18 22 7 11
t 13 4 745 11 22 18 21 14 24 19 8 22
t 58 60 70 86 68 84 79 85 75 49 68 55
t 54 65 68 46 86 83 49 58 49 81 89 53
t 60 57 75 46 64 64 52 80 73 49 87 66
t 11 9 25 11 1 8 14 11 24 749 15 1
t 90 54 62 46 72 89 64 59 83 81 48 51
t 84 56 70 84 57 58 69 54 82 86 52 87
t 9 11 1 9 23 13 21 731 22 13 8 15
t 71 70 48 74 64 74 65 70 52 70 90 76
t 63 55 84 81 86 45 57 79 65 55 86 53
t 9 25 6 12 11 9 4 728 8 3 14 4
t 66 52 53 53 85 90 89 87 72 78 51 46
t 88 68 65 45 56 86 65 61 85 77 84 81
t 56 49 53 79 79 69 75 90 77 59 56 89
t 55 66 56 53 90 81 65 56 46 69 48 78
t 90 84 63 79 67 57 47 67 88 59 58 79
t 58 55 46 67 59 55 84 60 66 56 46 67
t 743 1 10 11 14 24 4 14 8 17 7 12
t 56 74 54 56 75 85 57 90 60 84 54 59
t 75 68 89 66 68 55 84 79 63 63 52 55
t 78 51 63 82 90 87 46 83 66 63 56 89
t 76 49 60 90 52 85 71 48 83 48 60 45
t 18 23 19 12 15 2 6 1 739 12 9 23
t 716 14 18 18 5 3 21 4 1 25 17 1
t 83 68 86 56 73 72 71 83 62 69 47 53
t 87 90 52 65 45 86 74 80 89 60 67 78
t 730 17 18 10 25 3 14 6 12 23 16 8
t 66 86 62 90 87 52 82 45 58 55 53 88
t 59 67 59 62 49 81 49 69 90 62 45 74
t 55 74 79 88 60 86 52 58 58 88 55 82
t 54 81 84 80 72 56 49 86 85 49 68 90
t 53 66 54 49 57 61 54 61 84 89 70 53
t 79 83 60 66 75 77 50 67 89 46 49 52
t 68 52 51 83 87 45 90 83 56 77 71 76
t 67 62 46 90 75 47 47 77 73 50 73 45
t 65 71 62 62 45 49 89 68 49 73 74 73
t 18 22 7 7 3 10 17 20 10 25 712 19
t 75 75 51 89 53 66 85 73 54 90 52 69
t 12 22 23 5 11 24 726 1 12 22 9 10
t 45 78 85 71 63 57 87 78 79 76 59 49
t 89 49 66 64 66 75 83 52 51 74 77 78
t 18 9 22 19 14 716 9 14 22 23 21 18
t 49 62 49 65 56 46 48 75 45 74 90 51
t 61 51 87 86 46 62 70 80 45 63 86 76
t 23 22 12 17 2 4 16 16 1 5 716 10
t 11 18 24 5 13 7 713 24 7 4 16 2
t 84 61 71 77 48 69 73 45 83 70 73 76
t 20 8 6 16 19 6 11 729 24 8 8 1
t 61 77 66 58 90 79 72 48 55 76 49 56
t 22 17 17 717 13 20 19 11 16 3 16 9
t 23 14 24 2 17 710 25 16 8 14 23 6
t 22 13 17 20 10 719 19 6 12 25 21 1
t 70 85 50 53 56 65 59 59 65 54 48 56
t 46 68 72 74 56 54 77 59 73 55 84 61
t 71 65 81 71 76 49 76 85 80 58 52 52
t 59 81 82 80 59 47 55 84 57 54 71 74
t 733 21 21 22 6 2 3 6 4 4 5 9
t 5 9 1 2 1 22 13 21 23 10 727 23
t 73 53 70 68 84 68 55 50 80 67 90 73
t 77 79 58 60 49 67 87 87 56 56 71 73
t 67 89 66 57 76 53 54 46 52 57 73 81
t 727 6 10 12 23 21 20 6 16 2 12 19
t 53 69 79 85 46 70 77 77 80 56 89 59
t 748 7 14 3 11 24 3 22 25 2 3 24
t 25 20 4 22 732 10 21 13 5 1 16 20
t 51 67 52 67 79 52 85 47 72 50 74 55
t 73 86 72 71 59 66 61 65 85 58 74 53
t 47 59 72 74 48 53 59 54 84 61 66 48
t 49 51 76 87 81 46 57 73 67 69 58 45
t 69 51 80 82 69 67 85 59 56 58 61 56
t 89 84 53 68 46 63 59 60 72 47 83 85
t 3 21 12 22 11 3 719 17 13 7 2 7
t 59 51 77 72 55 59 56 63 66 73 87 81
t 13 20 3 17 20 17 12 719 18 11 13 7
t 66 72 54 87 82 57 46 82 70 48 78 90
t 87 73 63 58 70 73 64 83 88 66 64 47
t 63 80 82 71 62 49 72 73 60 64 78 73
t 4 10 22 25 17 4 1 19 24 710 23 3
t 83 45 47 45 79 87 47 48 81 80 73 66
t 1 24 15 719 2 4 20 9 19 12 7 2
t 65 63 78 82 88 50 61 46 52 47 76 59
t 710 17 23 15 15 12 25 16 19 7 24 17
t 74 51 69 71 77 87 74 73 67 88 49 71
t 76 60 56 48 64 73 56 85 46 58 51 47
t 21 16 714 9 1 3 22 19 6 9 25 18
t 55 56 49 75 85 58 70 69 57 83 53 66
t 48 48 58 80 72 62 61 88 57 49 58 90
t 72 74 79 84 52 64 84 45 55 68 74 46
t 90 87 71 64 61 54 87 79 84 54 88 47
t 60 52 85 88 86 90 85 60 87 48 76 77
t 48 75 61 74 46 81 56 80 57 83 55 57
t 12 2 23 726 7 5 14 1 7 5 11 14
t 76 62 75 90 78 81 86 67 82 65 80 87
t 79 65 66 51 83 55 72 61 64 77 58 82
t 78 64 48 89 83 80 80 68 46 79 68 65
t 70 55 66 45 57 89 86 73 85 88 53 58
t 47 56 68 76 84 61 66 84 63 82 79 66
t 11 7 722 21 21 4 1 8 16 12 14 5
t 16 1 14 13 18 18 3 14 13 14 729 13
t 85 62 85 76 50 78 51 47 53 47 79 84
t 78 80 65 59 84 57 78 50 54 67 62 82
t 4 5 15 746 12 3 23 5 18 13 17 21
t 49 76 73 81 59 88 54 58 80 63 69 62
t 74 71 67 88 83 73 50 57 68 64 70 71
t 22 3 12 11 14 720 6 16 24 9 4 1
t 82 53 50 83 50 48 56 73 58 65 85 46
t 17 21 9 7 12 718 4 14 8 22 18 13
t 63 75 74 55 72 64 55 67 67 63 73 86
t 9 22 728 10 23 20 14 12 12 4 13 1
t 89 53 84 84 84 55 49 88 84 49 88 47
t 721 9 24 22 20 21 12 22 18 3 15 16
t 56 71 74 70 75 48 89 87 87 60 60 62
t 60 86 74 52 71 63 79 78 50 45 76 87
t 48 83 53 85 65 71 71 90 61 78 81 52
t 85 62 58 57 84 60 71 50 57 49 82 79
t 45 56 67 67 57 79 79 66 77 86 63 90
t 53 64 82 80 88 64 88 49 45 57 90 62
t 742 11 9 20 8 9 10 22 8 1 20 15
t 21 20 10 6 7 3 3 18 24 7 716 14
t 77 82 45 71 74 86 62 86 72 71 61 64
t 61 76 50 73 70 50 85 54 54 68 45 85
t 8 8 14 20 15 24 4 14 19 723 7 11
t 23 6 13 1 10 12 11 7 713 9 8 25
t 82 89 58 52 49 45 53 73 68 73 60 46
t 5 15 11 1 18 7 10 24 20 712 23 18
t 22 7 17 8 17 9 13 12 21 727 1 5
t 17 8 20 2 25 16 5 12 726 14 20 11
t 83 65 81 83 55 45 84 50 71 66 49 71
t 713 15 18 12 7 10 22 3 16 1 21 3
t 45 75 46 83 56 62 78 86 65 55 60 63
t 70 57 69 49 55 70 68 56 55 48 52 57
t 58 80 48 60 83 75 87 80 56 88 77 48
t 67 51 79 54 72 57 82 85 80 64 66 56
t 20 10 23 2 18 13 20 22 23 724 12 4
t 70 65 64 85 72 83 54 73 51 45 83 67
t 46 81 51 47 66 45 86 54 71 65 82 46
t 50 72 60 47 78 61 57 53 55 85 48 46
t 47 46 83 64 46 84 69 73 66 77 64 79
t 46 55 74 90 63 60 88 62 48 54 49 67
t 79 69 80 61 50 78 83 70 66 66 57 85
t 16 22 19 15 4 740 25 16 9 15 18 24
t 12 14 16 8 2 13 14 8 23 745 11 6
t 88 83 82 74 86 90 81 50 51 52 48 84
t 19 12 8 20 4 25 2 3 749 23 16 12
t 12 731 17 9 23 21 23 12 6 22 22 14
t 1 7 12 11 6 15 17 13 5 13 742 15
t 63 59 54 88 90 66 65 50 75 49 74 51
t 717 23 10 22 3 1 13 23 17 16 10 18
t 87 76 85 90 89 69 53 65 61 70 69 57
t 7 8 11 6 3 743 5 12 22 4 8 8
t 49 73 75 89 86 75 56 58 56 58 49 77
t 722 4 1 2 21 12 21 21 11 7 14 4
t 1 20 25 22 22 738 24 13 5 1 25 16
t 70 90 89 55 48 84 53 69 47 69 60 88
t 72 67 74 76 62 69 69 57 79 50 87 70
t 58 60 82 46 52 87 71 51 53 71 69 87
t 12 21 15 14 17 22 7 11 5 1 9 721
t 46 47 78 69 58 89 62 61 69 79 66 73
t 73 70 48 77 46 77 85 68 45 90 70 45
t 78 69 55 64 84 59 77 84 55 71 53 70
t 24 19 21 10 24 22 6 711 11 23 14 9
t 87 66 49 85 71 82 76 46 86 81 77 60
t 74 83 53 56 87 50 63 73 59 80 45 52
t 717 7 3 3 9 24 5 23 6 16 14 21
t 69 65 45 90 55 57 88 52 53 87 59 49
t 1 18 15 14 13 731 22 2 23 9 3 19
t 1 724 3 23 23 13 15 4 1 6 17 5
t 13 2 744 17 12 5 12 13 11 15 14 11
t 55 85 49 56 80 61 73 88 64 80 48 52
t 61 72 68 89 54 58 67 70 62 60 57 67
t 2 20 11 24 13 17 11 15 2 12 726 20
t 20 4 7 19 17 17 725 4 19 12 8 8
t 76 69 59 83 78 56 70 60 75 67 83 53
t 83 48 73 76 51 66 62 90 46 82 72 83
t 18 5 8 15 11 17 10 715 21 3 8 21
t 61 82 69 80 88 63 70 82 81 51 54 59
t 56 52 76 85 45 83 66 55 61 59 84 75
t 80 85 48 54 45 76 48 87 58 75 49 72
t 58 74 86 54 76 90 67 84 67 63 89 48
t 4 14 12 6 8 17 748 1 16 5 17 6
t 2 17 16 21 22 18 1 4 2 731 4 16
t 2 4 13 6 12 21 1 14 2 20 4 738
t 16 9 22 20 717 17 19 5 15 22 16 22
t 17 14 16 1 734 18 22 9 7 1 13 5
t 3 14 5 724 4 23 8 21 9 21 13 7
t 25 13 8 3 1 1 12 14 24 5 736 17
t 77 78 79 47 68 47 46 81 78 58 68 45
t 3 10 20 11 13 722 19 21 2 25 20 14
t 78 77 51 51 79 80 70 71 68 66 54 70
t 2 6 3 16 25 7 3 21 10 730 9 10
t 51 76 59 88 77 64 54 69 90 82 75 58
t 4 3 8 7 11 12 12 22 1 742 2 2
t 90 74 59 66 50 84 65 62 90 62 56 61
t 59 64 64 47 69 50 77 72 65 46 51 60
t 76 46 86 71 69 74 49 87 84 83 50 84
t 54 49 70 68 70 48 47 58 47 66 53 66
t 5 16 5 742 21 23 22 25 6 21 23 14
t 65 51 65 82 66 79 50 58 69 80 57 64
t 83 45 47 65 70 52 87 51 72 86 47 48
t 72 58 86 57 59 71 80 67 89 76 82 73
t 78 58 47 50 61 64 81 56 63 69 70 47
t 87 75 80 80 75 63 50 57 75 84 51 74
t 3 2 24 5 7 21 12 740 5 20 15 4
t 12 3 12 24 20 1 15 16 15 9 25 727
t 51 46 72 67 72 58 66 66 69 77 55 87
t 71 48 74 50 53 69 68 69 83 59 59 52
t 86 79 89 69 72 56 64 45 61 90 59 83
t 739 1 17 2 19 9 7 12 4 5 18 18
t 19 6 20 16 17 8 19 20 11 19 722 12
t 9 12 21 16 727 25 15 16 6 25 24 7
t 11 15 17 5 13 7 12 25 15 14 726 24
t 4 14 6 12 7 14 25 10 22 12 22 748
t 14 8 1 22 19 15 25 19 727 21 6 3
t 23 8 21 16 19 12 4 12 733 23 21 1
t 60 63 52 69 61 64 66 57 65 73 72 82
t 85 49 76 77 84 84 58 87 75 85 56 71
t 47 87 79 67 63 78 73 81 62 55 79 71
t 62 64 50 63 46 77 66 84 56 45 77 74
t 67 51 83 86 68 49 89 52 55 82 68 63
t 18 11 10 17 6 13 1 22 5 14 740 19
t 22 25 17 22 5 4 17 15 20 19 23 743
t 50 56 76 72 75 67 55 74 60 55 70 74
t 25 8 13 4 3 24 15 21 1 20 9 717
t 80 46 58 63 71 45 87 51 90 90 85 65
t 14 23 18 16 1 7 14 1 18 741 3 10
t 64 72 90 79 53 80 60 86 86 71 86 46
t 76 84 79 68 83 84 58 55 71 59 83 50
t 14 727 4 11 4 13 25 7 16 9 7 16
t 47 54 87 52 55 72 78 89 63 48 83 49
t 49 76 71 58 57 54 79 65 78 82 70 76
t 52 90 89 90 64 51 90 60 52 87 88 46
t 16 745 16 18 3 17 17 18 6 5 9 16
t 25 723 7 18 25 24 19 7 22 2 4 12
t 717 17 14 6 9 8 25 17 7 21 25 17
t 84 71 60 52 83 55 76 57 77 87 89 67
t 83 59 74 54 81 57 61 68 64 46 56 89
t 12 25 710 10 10 7 16 21 16 24 12 25
t 52 78 61 82 90 48 60 55 78 76 51 79
t 13 4 17 10 6 13 7 8 6 11 739 24
t 12 7 11 748 2 6 17 19 12 21 7 7
t 15 7 2 11 2 24 4 10 3 6 734 2
t 77 46 84 48 55 84 90 63 46 77 86 57
t 20 2 25 9 713 12 6 6 19 10 19 22
t 67 55 64 47 59 68 62 60 81 78 48 54
t 72 76 72 50 84 86 80 49 50 75 46 55
t 15 8 11 25 21 11 10 14 11 8 714 18
t 48 51 69 56 80 72 68 87 75 65 84 75
t 6 23 7 3 25 23 19 5 4 24 1 734
t 722 1 10 17 5 16 15 13 2 19 13 12
t 88 54 61 65 63 74 50 71 72 75 45 71
t 83 48 55 56 59 50 63 74 64 71 60 84
t 66 77 65 69 63 81 87 77 88 46 57 48
t 72 74 75 90 80 78 66 76 69 61 72 77
t 2 8 6 19 11 13 16 15 725 13 25 20
t 9 7 18 17 17 9 12 4 19 16 9 747
t 20 16 7 7 14 14 6 14 4 17 736 11
t 24 1 22 23 5 9 23 2 18 11 738 12
t 1 10 5 10 747 20 20 12 1 9 19 7
t 46 61 90 84 58 69 50 51 90 67 69 54
t 89 57 55 50 81 73 63 90 72 86 60 72
t 47 46 85 62 72 58 45 59 75 83 50 78
t 69 72 57 58 71 87 50 77 49 69 90 82
t 82 55 66 86 61 77 58 78 81 86 88 86
t 23 8 13 17 14 4 3 12 14 722 16 13
t 90 53 59 48 78 78 47 61 46 63 85 79
t 21 749 12 20 21 19 8 12 15 19 12 5
t 9 1 11 6 21 1 8 16 15 14 23 730
t 69 85 85 78 75 83 87 69 72 53 54 78
t 63 81 81 49 69 89 45 80 73 68 64 77
t 14 718 9 21 20 11 8 23 11 23 10 1
t 59 79 66 54 89 57 46 61 68 63 50 45
t 76 76 85 90 82 74 81 58 54 88 83 72
t 66 71 85 71 72 83 49 72 86 71 84 88
t 84 64 73 81 65 88 90 74 90 70 84 87
t 78 54 50 89 88 76 52 57 86 74 74 65
t 710 15 13 5 3 3 22 22 19 18 5 14
t 53 81 65 53 55 49 71 54 60 53 57 80
t 711 21 12 6 21 20 15 7 2 15 24 22
t 733 6 7 1 13 16 1 23 1 11 5 2
t 67 63 82 67 75 76 62 46 62 61 58 48
t 50 75 63 70 67 87 59 73 83 59 84 80
t 65 68 67 56 58 87 62 56 59 70 68 46
t 72 81 57 64 84 49 78 71 45 76 65 72
t 14 19 13 1 18 15 23 749 14 4 20 23
t 65 88 74 64 48 87 47 46 52 51 55 49
t 65 80 82 59 89 54 60 81 79 90 86 71
t 18 20 20 14 5 17 23 8 725 18 21 1
t 8 17 10 16 5 4 22 740 18 4 2 8
t 69 46 87 63 72 66 90 73 55 56 52 51
t 19 11 11 24 9 1 7 8 20 7 20 737
t 58 76 67 83 82 48 60 60 73 70 80 47
t 83 80 84 49 70 69 90 86 78 73 62 71
t 7 716 17 22 11 21 21 5 23 21 24 4
t 20 12 12 9 728 14 22 12 9 22 13 4
t 82 61 83 90 79 84 74 88 82 75 65 69
t 45 90 49 78 56 65 64 58 45 48 67 88
t 15 1 713 25 25 6 7 20 5 21 20 15
t 24 5 21 1 723 7 10 8 25 23 20 13
t 80 67 82 60 67 56 77 78 59 45 84 46
t 47 58 87 75 69 71 77 89 47 50 86 76
t 730 6 11 8 22 25 20 4 23 8 14 12
t 24 10 14 2 11 20 14 710 24 25 12 24
t 3 14 21 19 19 2 1 23 9 711 19 3
t 87 72 74 74 48 84 81 61 80 69 86 68
t 22 15 1 12 17 14 14 18 2 7 16 710
t 58 71 73 90 60 71 84 79 81 76 68 45
t 15 11 7 15 10 16 10 15 727 2 24 9
t 15 741 22 25 6 22 5 19 20 15 19 15
t 63 58 57 62 85 72 67 45 88 68 70 68
t 75 68 79 87 58 78 48 56 63 83 87 71
t 17 13 6 5 16 25 15 727 7 24 1 9
t 10 14 17 24 18 6 3 710 15 19 7 19
t 50 48 89 79 52 73 48 49 46 71 85 49
t 23 14 715 14 14 4 5 14 12 2 1 22
t 71 66 66 83 60 59 75 45 86 61 57 77
t 22 24 19 21 6 23 733 5 20 25 11 13
t 72 81 49 61 48 89 79 56 59 67 52 77
t 79 61 51 90 59 61 74 77 81 52 53 47
t 77 75 62 73 89 72 81 49 84 86 70 89
t 20 18 12 5 16 18 749 12 24 25 1 13
t 60 75 61 52 48 51 72 53 53 50 52 85
t 2 12 21 22 6 23 8 5 25 13 13 727
t 1 2 8 7 14 10 10 21 7 3 725 25
t 1 13 21 18 4 16 740 19 10 20 7 17
t 68 55 71 56 86 50 80 48 90 66 84 69
t 46 47 74 84 70 53 80 51 60 86 74 47
t 45 63 87 57 52 85 85 52 88 46 85 56
t 63 61 72 53 50 67 72 51 58 72 53 69
t 14 13 16 25 3 19 8 715 9 21 19 19
t 4 1 5 24 747 3 22 2 14 2 17 9
t 21 19 13 20 3 9 4 736 24 4 2 11
t 18 1 15 734 5 9 7 2 8 10 12 25
t 74 45 89 72 81 81 59 48 86 50 66 90
t 81 89 73 56 71 60 80 77 74 50 51 49
t 87 90 85 52 45 60 85 50 68 61 70 56
t 74 87 56 88 83 78 80 58 72 46 63 89
t 75 52 87 60 60 46 88 62 60 66 84 54
t 82 71 90 46 66 88 68 67 53 70 83 66
t 6 5 9 22 13 22 21 730 23 15 24 5
t 46 68 77 82 69 48 88 76 89 54 46 52
t 59 67 59 90 65 87 47 47 82 51 83 64
t 85 57 70 73 65 62 74 45 71 74 85 79
t 80 66 61 75 71 58 88 84 72 54 68 81
t 71 76 73 72 53 77 79 55 55 70 79 73
t 87 73 50 53 61 45 68 73 65 75 86 51
t 88 70 58 80 66 50 49 65 84 54 90 79
t 72 77 72 47 48 84 90 82 57 46 82 48
t 89 73 78 48 79 55 87 49 60 90 59 81
t 2 18 23 24 5 10 18 2 21 4 14 725
t 19 19 22 25 21 1 733 7 8 9 11 2
t 66 62 75 88 70 60 66 59 76 72 71 83
t 62 73 63 68 67 56 71 60 54 73 50 54
t 14 18 13 16 3 749 7 25 23 4 7 9
t 55 78 75 59 64 65 66 90 67 68 61 56
t 79 50 74 89 60 45 68 58 78 67 87 48
t 8 5 19 17 720 1 10 4 9 10 22 21
t 70 52 46 87 54 57 52 63 65 53 75 88
t 11 22 22 16 19 4 14 3 10 721 2 16
t 72 84 80 56 57 67 76 50 72 82 53 79
t 72 66 83 64 87 80 50 68 68 69 76 79
t 89 60 81 82 83 71 89 87 85 75 72 47
t 80 45 73 74 56 56 82 68 66 73 48 51
t 72 48 69 55 78 52 60 46 87 81 87 84
t 8 14 12 8 22 728 18 9 20 19 8 4
t 5 14 736 8 19 11 4 3 9 1 5 10
t 87 72 90 78 45 73 61 50 54 79 48 51
t 8 20 15 4 1 14 721 1 2 8 10 13
t 66 61 47 66 87 90 87 53 84 62 62 63
t 63 69 59 45 75 57 85 81 74 79 64 66
t 59 84 86 79 86 55 87 74 77 81 54 68
t 20 13 14 10 21 20 13 16 15 738 15 15
t 59 83 46 74 49 68 75 61 89 88 71 88
t 13 9 23 24 25 7 718 25 11 17 10 6
t 67 49 79 56 70 74 55 47 57 65 83 85
t 77 75 78 73 77 54 64 55 47 59 70 64
t 2 23 18 9 3 5 4 9 713 19 9 13
t 74 45 58 67 76 68 67 73 70 59 88 87
t 2 7 18 12 16 24 741 13 23 22 5 4
t 84 57 56 62 61 62 50 56 48 48 72 49
t 21 20 24 16 8 7 3 4 17 4 7 740
t 85 69 63 49 61 51 52 45 81 83 89 60
t 6 20 5 736 17 19 22 10 23 6 11 22
t 72 49 73 74 49 63 82 81 60 86 83 86
t 81 65 49 87 71 64 90 90 76 45 72 47
t 56 60 51 84 66 81 46 76 65 78 55 69
t 8 4 24 10 22 7 6 8 24 5 715 7
t 82 51 89 85 57 71 77 52 72 70 80 90
t 87 71 55 48 87 65 83 48 50 63 84 47
t 50 49 88 78 76 49 49 67 59 87 87 60
t 14 7 2 2 8 25 7 24 22 714 4 6
t 89 89 86 76 62 88 47 69 47 52 68 64
t 17 1 21 19 6 24 5 724 16 3 7 10
t 61 45 46 58 51 79 77 80 90 82 69 88
t 84 77 77 47 73 64 73 59 74 54 52 53
t 89 74 59 53 89 79 84 67 47 69 88 89
t 88 89 85 52 78 75 90 66 90 69 80 57
t 71 75 50 71 56 86 69 64 83 66 62 72
t 13 10 7 25 717 9 12 8 8 7 19 9
t 21 11 2 742 20 19 2 4 21 13 12 20
t 78 71 79 55 45 80 62 68 54 71 53 69
t 8 24 5 14 746 18 11 2 15 25 2 19
t 63 80 70 76 51 72 53 78 61 77 60 60
t 47 62 60 70 55 46 46 57 82 87 78 53
t 72 82 87 78 79 69 70 65 67 46 65 70
t 12 8 20 10 11 16 9 746 18 18 24 16
t 87 60 49 87 63 69 45 57 54 59 48 63
t 3 16 22 22 10 13 25 5 19 16 729 4
t 18 14 2 8 11 719 5 8 16 13 24 9
t 16 12 9 723 5 4 18 17 11 9 15 14
t 62 47 59 86 60 71 87 60 64 77 79 50
t 59 51 51 75 78 46 56 83 69 54 76 77
t 64 87 74 67 86 72 83 75 84 79 68 63
t 53 61 70 52 56 82 52 57 81 59 69 60
t 3 3 3 2 21 12 12 1 20 21 15 721
t 12 2 5 726 5 24 13 21 16 19 8 14
t 1 726 2 18 11 22 4 13 24 2 24 24
t 66 69 52 62 55 85 72 57 62 87 46 58
t 16 24 10 14 11 13 20 15 25 1 19 736
t 10 2 5 6 743 24 25 3 6 1 25 12
t 11 3 5 2 16 13 11 18 9 1 22 748
t 56 76 53 82 76 79 45 70 45 89 71 89
t 56 65 86 70 90 47 65 56 84 69 57 52
t 65 48 90 90 59 65 53 52 61 72 73 48
t 6 16 15 19 1 748 7 23 6 2 18 14
t 16 13 11 25 9 12 4 23 16 8 741 20
t 20 19 17 1 5 19 24 25 710 9 3 24
t 79 77 47 80 79 60 77 69 84 50 45 67
t 6 18 12 745 6 12 3 6 5 18 15 11
t 72 78 74 56 73 73 76 84 89 82 52 56
t 66 63 58 46 46 86 50 64 49 79 83 65
t 747 4 11 5 13 23 20 12 9 19 14 16
t 1 17 6 23 18 741 12 5 13 11 15 16
t 78 79 85 55 76 51 90 61 69 70 80 83
t 66 45 52 90 77 69 84 46 45 83 53 55
t 741 11 10 16 1 11 18 17 11 15 9 20
t 5 13 22 10 16 23 18 11 2 22 736 9
t 19 21 6 19 734 25 2 21 1 18 13 12
t 737 15 13 24 1 18 17 11 6 13 15 6
t 21 18 7 15 23 3 5 19 15 23 723 22
t 66 76 50 87 66 48 89 85 65 48 71 57
t 722 18 14 14 21 11 7 11 3 5 6 18
t 64 52 54 70 48 85 61 85 74 75 57 66
t 57 58 45 65 90 76 57 69 49 67 59 83
t 82 72 62 58 64 70 80 75 68 85 58 67
t 11 5 6 10 2 25 3 2 4 10 10 730
t 65 84 47 57 65 75 89 60 80 90 78 58
t 85 53 73 72 63 86 59 75 50 74 47 77
t 16 24 11 5 711 2 3 20 16 15 14 8
t 8 22 6 737 8 23 13 6 4 25 23 9
t 61 78 79 82 79 82 89 69 50 68 81 45
t 51 76 76 90 53 66 58 73 71 51 61 64
t 45 55 48 85 73 61 59 60 69 90 86 47
t 16 22 15 5 19 713 16 13 4 2 22 17
t 54 58 74 51 63 85 52 54 68 81 51 67
t 16 735 6 25 4 14 5 2 19 10 23 23
t 13 714 12 22 20 23 24 8 20 25 11 10
t 25 7 22 716 21 19 22 7 23 13 9 14
t 4 23 732 6 3 7 9 17 20 25 6 4
t 46 90 52 71 77 88 52 62 78 84 75 74
t 70 68 54 76 75 56 70 65 47 50 82 69
t 16 4 747 24 22 23 13 7 14 18 14 1
t 740 19 4 22 14 22 19 7 16 3 14 4
t 90 52 73 87 53 85 85 60 66 87 78 88
t 90 90 61 60 74 54 46 59 66 58 67 70
t 49 57 82 62 59 88 78 46 86 76 68 45
t 13 4 739 23 22 14 8 19 13 10 13 10
t 25 14 14 716 6 19 15 9 18 5 17 20
t 76 86 61 81 89 77 83 72 88 78 85 69
t 69 78 65 72 52 59 84 57 72 56 50 49
t 82 65 57 81 67 50 65 79 55 53 47 87
t 17 6 4 18 17 19 13 17 20 4 22 725
t 50 64 85 74 87 81 79 82 73 86 77 47
t 48 88 70 61 73 85 77 50 86 86 89 64
t 16 25 23 21 9 726 11 18 21 10 2 16
t 9 19 1 1 2 20 1 25 23 10 734 9
t 21 12 7 22 17 17 16 4 22 16 722 12
t 76 64 86 49 61 86 71 77 80 45 61 51
t 65 90 70 87 54 74 65 84 57 74 59 49
t 19 11 7 10 21 24 20 18 6 711 14 4
t 9 2 19 1 710 23 5 14 24 15 14 3
t 83 63 50 61 64 59 56 45 59 45 79 48
t 8 17 20 22 1 7 1 5 18 2 747 9
t 18 736 18 1 13 7 1 23 2 20 24 17
t 71 45 84 69 49 56 66 89 52 82 88 81
t 68 82 90 63 70 49 80 67 90 51 83 89
t 62 78 85 49 81 56 63 64 46 85 55 49
t 10 22 2 11 15 25 14 13 738 10 16 16
t 18 728 20 3 11 15 1 21 2 20 16 23
t 1 25 16 3 8 2 23 9 5 10 743 12
t 72 66 79 87 89 57 83 72 59 73 62 74
t 63 64 54 81 69 69 46 55 60 67 59 82
t 10 1 21 22 20 4 19 727 12 6 3 24
t 89 73 76 47 74 69 50 49 71 72 90 69
t 47 45 81 71 80 87 89 68 50 78 72 86
t 59 58 65 78 88 73 62 55 79 50 51 66
t 3 3 21 6 17 4 2 6 20 731 17 12
t 88 61 78 89 73 78 46 56 86 90 61 72
t 22 3 730 7 15 15 17 23 6 24 4 1
t 64 66 59 45 84 64 65 56 85 72 68 50
t 46 57 66 60 73 70 52 79 58 90 60 68
t 77 71 73 52 79 83 84 46 80 63 47 85
t 734 13 21 18 22 24 20 19 21 8 13 6
t 17 3 24 721 2 12 18 18 24 5 2 5
t 52 80 83 73 50 45 69 56 87 66 86 59
t 55 78 45 58 65 88 62 76 53 76 55 85
t 4 713 25 7 1 14 12 16 23 8 22 13
t 18 25 10 1 10 17 10 19 6 5 749 14
t 78 61 60 84 65 89 75 64 53 49 75 65
t 15 19 731 17 12 7 2 1 5 14 17 22
t 9 15 16 12 7 10 15 20 2 736 21 22
t 63 84 63 65 66 84 70 80 46 80 74 48
t 10 21 21 23 5 21 721 9 4 6 23 23
t 5 24 22 10 12 5 16 4 728 10 25 12
t 57 82 62 87 49 84 65 74 57 53 87 90
t 7 3 10 18 3 7 740 17 22 14 13 12
t 90 61 47 66 87 90 72 46 81 60 54 56
t 82 57 60 47 83 69 73 84 54 80 45 61
t 79 65 77 80 76 77 51 54 58 71 80 78
t 17 6 9 19 18 15 7 19 9 25 715 9
t 9 18 23 25 19 3 735 21 13 22 15 13
t 55 79 87 88 59 70 87 62 54 59 64 61
t 69 89 63 84 75 87 56 62 88 86 67 81
t 70 82 82 48 79 46 62 48 80 65 80 72
t 88 75 74 72 60 47 82 60 61 80 79 46
t 25 12 13 9 726 3 19 12 6 25 25 6
t 82 65 86 80 69 73 48 68 68 88 52 84
t 18 6 732 16 21 5 23 16 3 25 20 16
t 72 73 75 81 55 79 78 48 69 52 90 56
t 87 62 76 60 66 89 86 72 80 51 85 60
t 24 12 11 6 22 718 10 18 18 15 11 25
t 53 83 61 59 49 80 65 58 84 80 69 71
t 20 5 23 22 10 16 19 13 24 722 17 14
t 8 8 4 2 743 18 24 20 4 17 10 18
t 66 50 56 75 68 69 56 67 88 88 89 73
t 6 15 3 23 10 9 20 16 24 736 23 23
t 87 55 55 60 70 74 68 90 52 80 79 76
t 88 66 54 56 64 52 78 48 80 90 54 55
t 79 49 52 72 69 79 56 64 81 68 80 89
t 2 25 9 5 21 19 21 3 725 1 20 8
t 77 73 45 64 71 84 56 68 69 66 57 86
t 3 1 712 15 16 18 10 9 23 14 7 14
t 2 11 5 9 23 15 25 3 22 730 1 7
t 722 13 6 13 5 12 16 21 2 14 16 7
t 85 81 67 71 81 47 69 76 53 70 65 79
t 56 77 52 67 76 83 71 56 86 63 53 55
t 55 89 59 67 85 71 61 64 56 53 86 83
t 80 67 64 50 45 70 68 48 77 55 78 88
t 60 77 59 79 49 45 70 67 73 70 86 69
t 17 12 721 4 10 24 18 12 3 3 15 24
t 68 48 83 79 71 89 49 54 67 85 76 62
t 60 53 77 88 45 54 55 63 76 45 51 79
t 82 89 46 88 68 70 84 76 83 69 71 86
t 6 24 12 6 23 8 25 10 4 741 24 10
t 13 6 722 3 19 1 23 1 5 4 15 16
t 59 67 53 60 90 81 56 50 55 46 52 86
t 69 64 58 60 64 52 50 61 55 53 57 47
t 3 20 7 24 15 8 3 719 11 6 3 4
t 2 11 13 732 24 15 21 24 18 5 3 22
t 21 4 24 3 10 19 9 6 14 732 22 16
t 24 12 16 2 10 7 3 14 21 7 23 724
t 6 11 3 7 21 4 14 25 16 742 16 5
t 20 19 749 15 23 24 17 12 4 22 2 16
t 5 25 10 1 8 12 726 15 10 18 12 24
t 63 61 73 51 67 83 79 56 71 90 83 74
t 46 90 55 61 86 45 73 59 62 79 54 88
t 75 59 86 89 89 72 50 45 89 54 84 84
t 75 64 70 51 52 84 46 82 68 47 75 79
t 59 51 57 51 81 50 62 77 90 84 53 84
t 67 49 77 47 68 61 66 60 83 45 66 81
t 714 16 2 17 15 15 4 13 4 15 5 19
t 67 53 62 81 52 57 49 45 55 83 61 81
t 77 51 55 89 76 81 58 78 62 77 56 50
t 4 21 4 8 8 12 16 743 6 10 1 14
t 8 1 22 8 24 25 10 5 3 4 9 730
t 25 7 2 748 6 25 13 9 10 2 13 9
t 14 10 6 739 21 15 4 17 1 23 6 11
t 2 19 17 23 739 20 25 15 12 16 16 23
t 56 47 75 55 50 60 49 69 66 82 67 83
t 77 63 50 82 63 77 67 52 66 89 56 90
t 20 24 9 17 16 3 12 11 14 7 21 716
t 16 16 6 22 16 4 8 11 17 2 746 24
t 67 76 79 63 60 54 55 67 57 66 80 63
t 60 55 67 57 62 49 45 71 74 84 48 66
t 90 88 87 74 88 76 59 47 88 79 80 55
t 74 72 60 68 56 64 64 58 51 66 59 58
t 17 13 3 1 15 716 6 25 16 14 17 8
t 11 21 1 728 20 7 1 17 1 6 21 4
t 714 23 25 19 16 11 23 4 4 2 25 18
t 63 51 50 47 86 50 47 65 77 60 83 71
t 66 81 64 50 71 71 76 75 53 62 50 77
t 70 64 69 79 86 54 73 49 71 85 45 88
t 24 22 739 24 23 5 10 4 23 7 18 13
t 10 1 12 8 732 6 21 12 20 11 16 8
t 55 63 59 71 76 45 54 52 59 57 49 64
t 77 49 55 67 83 57 45 71 49 75 55 47
t 82 84 89 58 75 83 60 63 90 81 60 75
t 21 23 3 20 24 7 17 10 713 1 23 21
t 13 2 4 2 14 10 13 22 748 18 19 12
t 11 25 10 20 11 17 15 3 12 13 9 718
t 717 8 15 2 13 19 21 17 10 1 11 19
t 51 88 54 59 47 68 74 46 55 60 61 67
t 82 64 66 56 54 77 47 55 90 63 85 65
t 19 21 25 20 16 23 18 10 726 1 7 20
t 7 16 17 15 9 7 23 735 17 10 9 12
t 57 54 58 47 54 86 67 72 56 78 84 83
t 21 4 17 12 13 24 12 5 15 13 742 13
t 81 76 56 90 48 59 56 58 90 71 87 63
t 69 76 82 79 67 50 80 72 62 72 63 46
t 23 15 19 4 20 2 8 737 14 20 5 21
t 14 1 3 18 22 21 9 25 10 11 9 721
t 45 60 50 83 72 72 80 76 69 58 87 79
t 49 62 45 56 55 86 88 65 56 74 66 58
t 12 17 2 9 744 20 8 8 24 7 4 22
t 746 14 1 18 25 24 7 14 10 21 9 17
t 61 88 54 55 88 52 60 60 65 46 83 84
t 71 67 52 86 53 90 56 73 66 88 59 76
t 86 49 49 86 50 64 67 70 90 61 61 47
t 8 736 4 23 3 17 9 17 21 19 24 3
t 1 740 12 3 6 25 10 19 22 19 16 19
t 4 17 4 7 5 728 14 21 7 2 21 24
t 77 59 69 64 82 46 49 84 57 89 67 68
t 71 45 86 85 79 70 62 67 85 86 72 59
t 84 84 76 55 67 61 46 49 59 55 78 52
t 744 22 5 23 10 15 21 8 11 25 12 9
t 47 65 82 66 75 59 77 67 90 48 52 52
t 83 67 79 78 50 71 69 53 53 83 64 53
t 25 18 727 1 6 18 18 2 8 21 22 9
t 75 88 87 67 48 78 90 49 76 85 63 80
t 23 15 15 15 14 23 12 23 733 20 20 15
t 25 9 9 712 14 11 3 17 3 4 21 1
t 46 85 57 53 63 72 55 85 53 53 64 80
t 49 66 74 53 88 49 49 69 77 84 53 49
t 741 8 22 14 23 4 6 9 23 22 21 19
t 721 8 13 9 12 21 1 10 23 4 4 5
t 55 70 52 45 90 85 60 86 88 57 74 81
t 55 47 86 59 69 48 85 71 47 68 90 60
t 11 25 1 13 4 724 1 14 8 24 16 9
t 50 57 73 45 46 52 61 47 62 66 72 90
t 83 82 55 68 77 79 47 67 47 49 74 47
t 58 76 67 54 77 51 55 86 45 82 86 75
t 48 73 81 69 69 56 84 86 82 47 59 72
t 10 733 23 15 11 8 7 17 2 13 10 18
t 49 66 70 45 58 81 64 68 57 72 63 50
t 23 3 23 12 3 7 9 5 10 726 6 20
t 3 24 12 11 737 7 4 11 10 22 25 9
t 65 48 66 85 74 66 46 70 56 88 86 71
t 4 9 18 9 733 20 7 12 1 12 23 7
t 5 22 15 9 5 3 3 1 5 8 13 721
t 16 12 16 21 8 717 12 13 7 10 16 16
t 22 10 9 16 22 8 25 24 19 14 718 22
t 14 3 23 5 19 727 11 23 14 9 2 16
t 63 56 79 45 76 65 73 69 89 71 86 81
t 73 76 89 81 69 76 67 54 52 87 74 90
t 67 47 48 73 89 59 73 86 49 52 49 52
t 86 46 82 63 54 62 58 57 88 49 57 70
t 62 70 76 57 80 80 58 64 85 71 62 65
t 8 14 11 3 14 7 716 9 25 6 25 15
t 70 84 51 58 50 46 56 75 59 80 77 74
t 1 24 16 5 20 7 12 24 17 3 743 18
t 45 62 90 55 77 89 83 87 74 70 80 76
t 57 58 66 64 67 64 62 82 84 52 76 81
t 20 8 743 5 2 10 13 19 19 8 24 21
t 54 79 84 46 68 63 66 90 79 69 87 48
t 24 19 17 7 17 6 715 6 12 7 7 2
t 88 47 69 52 66 89 67 49 78 71 46 89
t 82 47 82 79 67 55 72 83 68 82 53 66
t 712 1 25 4 21 5 1 24 16 9 15 16
t 78 90 55 90 55 58 62 81 77 73 62 77
t 24 733 10 8 8 21 12 3 3 1 16 25
t 63 53 62 88 70 87 59 68 45 80 62 54
t 90 49 69 54 59 45 84 61 46 64 45 84
t 2 4 14 13 5 6 24 21 25 19 714 7
t 50 86 73 61 52 88 71 66 47 90 75 51
t 3 741 23 14 24 12 13 19 3 25 25 21
t 54 49 45 56 77 67 59 85 89 69 48 65
t 735 16 6 17 23 22 24 23 6 22 5 23
t 73 85 85 90 88 56 60 71 55 69 60 45
t 5 739 23 17 3 18 16 13 21 9 14 15
t 66 72 64 73 54 65 81 69 45 46 66 50
t 89 83 64 76 51 53 65 47 86 69 88 75
t 55 75 83 76 75 69 55 84 76 74 64 75
t 3 10 11 14 1 24 714 19 9 12 23 23
t 47 87 64 55 79 70 62 63 61 68 55 62
t 79 47 81 72 87 70 57 81 47 83 61 80
t 82 63 63 62 76 48 46 49 79 83 55 69
t 10 17 1 18 6 16 12 22 729 16 10 1
t 51 67 70 45 61 88 84 75 53 89 86 90
t 57 48 55 59 61 68 78 58 70 62 59 78
t 6 18 21 20 3 5 742 19 24 10 18 6
t 82 51 56 68 75 89 58 79 87 48 83 46
t 20 4 10 23 20 744 12 15 11 13 8 6
t 5 15 16 22 3 25 15 5 3 6 744 12
t 7 20 739 22 11 6 20 16 17 22 20 18
t 79 65 63 90 90 82 80 80 59 81 54 65
t 87 55 73 50 64 83 80 71 49 54 61 86
t 82 74 76 64 73 83 84 74 78 87 48 73
t 16 23 17 12 9 729 25 9 6 2 16 12
t 1 6 19 21 8 6 20 24 717 13 23 25
t 24 2 9 3 3 4 13 13 2 12 728 20
t 59 71 63 52 49 64 54 47 54 47 45 62
t 85 74 45 67 79 78 52 54 76 68 88 63
t 81 53 59 76 83 84 89 60 80 59 48 89
t 18 13 25 748 3 13 16 11 21 12 5 7
t 51 70 76 70 82 49 82 65 85 53 60 59
t 51 46 59 52 50 69 48 46 90 81 59 54
t 79 79 76 70 57 83 71 59 47 67 77 49
t 19 10 21 25 8 13 3 10 6 18 742 19
t 63 67 55 79 71 80 68 72 75 73 60 48
t 17 22 5 9 13 1 23 725 24 20 22 13
t 81 75 85 50 80 59 66 45 84 57 60 69
t 56 87 57 87 54 47 62 75 67 49 46 58
t 59 45 78 81 62 90 73 55 67 90 73 75
t 11 20 24 13 16 6 12 3 12 718 9 3
t 9 16 10 18 15 2 11 23 20 16 740 20
t 82 64 66 64 66 62 54 76 75 77 78 79
t 15 20 11 743 6 18 25 2 15 25 17 10
t 24 25 17 8 25 23 14 6 16 16 714 23
t 49 67 62 71 72 84 87 90 58 86 79 59
t 66 53 60 81 71 73 83 45 46 78 66 54
t 52 66 90 64 68 47 87 82 61 89 68 53
t 68 90 89 65 67 75 73 85 82 87 47 88
t 9 11 11 733 4 17 7 21 24 20 22 17
t 75 66 83 60 45 88 55 65 52 60 87 85
t 9 17 11 10 19 20 742 3 4 1 2 9
t 76 70 67 48 54 75 52 85 88 53 48 72
t 11 23 7 19 6 9 18 4 23 20 728 2
t 45 50 67 51 81 65 64 80 63 62 80 87
t 76 68 61 77 46 59 75 50 55 72 85 72
t 12 6 12 9 722 2 4 5 10 10 22 5
t 11 11 23 21 13 22 17 7 712 2 19 4
t 6 1 710 23 12 6 6 10 21 18 7 4
t 90 50 77 68 81 85 85 76 63 57 54 60
t 19 13 4 23 13 18 22 13 1 746 13 21
t 62 48 89 56 58 72 50 81 65 46 67 78
t 723 23 24 9 6 6 5 12 18 2 6 21
t 76 86 81 58 85 83 89 87 65 59 90 79
t 79 63 74 86 58 56 87 45 63 64 53 86
t 19 17 13 17 7 727 17 11 3 6 14 1
t 59 80 72 77 83 76 54 73 87 45 57 69
t 54 54 86 68 65 45 80 45 90 89 90 88
t 86 54 68 72 64 67 84 54 47 78 75 49
t 69 57 60 90 77 59 76 86 83 46 52 90
t 75 68 69 77 66 58 61 70 76 84 84 47
t 65 51 87 63 45 59 86 60 82 74 67 63
t 6 19 2 5 734 18 19 20 2 25 7 24
t 71 61 88 84 56 63 64 65 57 54 59 73
t 54 65 60 82 58 87 70 51 46 54 45 69
t 54 83 61 71 80 55 61 68 75 73 56 79
t 23 25 3 740 18 11 13 19 11 24 3 7
t 67 59 53 64 82 73 63 46 63 58 85 74
t 75 78 63 89 75 55 73 73 65 63 73 75
t 12 10 25 24 5 735 13 21 25 19 12 14
t 15 743 22 5 11 4 11 25 7 1 18 9
t 61 72 75 61 63 71 71 86 79 55 61 77
t 50 66 75 69 68 58 83 45 73 67 51 69
t 71 63 70 62 53 81 59 48 55 46 71 48
t 6 3 11 2 25 738 2 18 3 7 3 19
t 81 72 70 47 73 52 70 57 87 78 46 72
t 83 55 70 57 67 61 63 76 75 54 53 49
t 73 70 84 50 86 76 62 59 88 80 62 64
t 53 45 56 78 82 86 82 64 77 77 75 59
t 48 78 85 85 51 76 72 71 49 89 71 73
t 57 84 75 87 56 62 72 51 90 83 65 75
t 9 725 18 8 25 24 24 5 20 8 8 2
t 82 47 67 73 79 53 54 90 85 70 90 51
t 9 24 4 10 5 24 13 23 16 11 15 748
t 86 68 50 75 83 66 56 76 83 52 65 84
t 46 90 49 58 71 82 47 78 84 71 83 80
t 85 70 53 51 90 76 59 54 51 58 77 76
t 718 8 22 2 4 18 21 24 11 8 5 8
t 82 66 69 53 83 77 88 85 64 70 64 70
t 12 25 25 12 4 1 22 12 3 21 726 22
t 8 1 2 21 10 8 19 24 22 735 2 21
t 70 89 90 45 55 73 70 48 52 86 55 47
t 19 6 742 13 11 12 1 10 12 2 3 17
t 73 72 58 89 88 75 76 46 73 77 58 60
t 17 14 3 17 6 716 18 2 17 14 8 18
t 8 25 5 19 12 8 17 1 8 711 9 4
t 13 12 18 22 14 745 17 11 24 19 14 16
t 7 8 19 727 6 7 20 17 11 18 15 4
t 46 52 72 54 73 68 60 53 58 58 88 46
t 88 56 51 71 55 73 76 47 64 53 67 82
t 1 22 11 24 25 7 7 6 715 1 1 23
t 9 8 16 16 21 14 24 12 740 17 22 14
t 88 49 50 45 75 71 50 53 58 84 47 51
t 67 49 50 87 46 58 89 73 90 58 74 59
t 70 79 57 88 90 60 72 63 78 50 63 55
t 85 64 83 73 57 70 51 53 72 83 74 54
t 64 85 56 51 90 64 79 47 89 90 73 89
t 63 55 55 60 88 53 51 50 59 77 62 81
t 73 62 69 70 71 60 67 56 88 62 76 72
t 17 1 23 2 5 6 21 18 4 711 23 3
t 55 45 81 72 83 68 70 89 48 69 77 79
t 49 76 87 81 76 60 60 63 81 82 89 90
t 67 58 79 89 82 74 83 85 77 54 57 78
t 16 2 13 2 16 11 11 18 12 721 24 14
t 88 63 52 60 77 52 59 55 88 80 90 90
t 86 59 48 75 89 88 55 55 48 71 74 49
t 19 732 22 18 4 18 19 6 14 18 9 1
t 75 79 83 66 64 62 83 52 67 54 75 59
t 69 48 88 77 67 88 80 58 88 77 90 61
t 14 6 18 729 8 18 14 9 10 5 14 2
t 24 11 18 12 4 745 13 14 6 13 24 4
t 89 61 58 56 73 79 58 45 56 60 71 66
t 61 77 48 63 83 82 68 87 69 82 72 48
t 24 7 3 15 16 2 726 9 12 20 8 20
t 73 48 88 60 51 89 81 45 47 79 69 51
t 72 61 59 85 59 47 78 49 79 56 66 53
t 57 55 58 64 75 70 85 70 85 88 85 50
t 83 52 85 68 66 60 59 78 79 57 64 56
t 81 83 78 88 81 56 77 57 53 74 60 72
t 14 23 3 18 8 740 11 24 10 13 2 19
t 15 6 4 22 21 4 22 14 15 713 25 24
t 10 16 16 2 10 19 5 713 18 10 21 20
t 8 19 21 17 1 21 3 21 743 3 22 10
t 20 20 14 13 21 25 23 722 9 4 25 11
t 45 88 52 85 68 80 49 82 48 51 57 52
t 2 22 22 22 18 24 22 742 16 22 7 18
t 73 88 61 74 51 60 56 76 87 56 48 53
t 14 8 16 13 7 20 10 20 14 744 16 21
t 50 52 48 54 71 58 76 74 47 53 85 59
t 23 16 19 13 23 16 16 9 20 747 3 6
t 84 78 45 79 59 48 66 84 85 87 62 54
t 18 7 8 22 1 1 24 20 747 5 5 13
t 56 75 62 84 59 63 66 69 53 64 45 65
t 78 57 90 57 49 45 52 70 63 89 71 77
t 23 11 12 746 6 20 6 5 6 3 25 20
t 86 82 53 65 47 84 57 59 90 80 82 47
t 52 79 69 75 90 46 49 48 86 61 55 53
t 63 49 52 90 72 87 87 80 88 87 48 52
t 65 71 52 53 68 81 78 77 62 81 47 61
t 60 53 89 50 46 47 49 47 45 82 64 69
t 86 82 77 45 89 81 47 77 69 89 53 59
t 79 57 79 63 61 47 46 70 90 84 60 66
t 77 84 88 80 68 81 80 52 68 57 77 75
t 53 82 58 61 53 49 57 70 82 55 77 80
t 62 78 52 74 73 64 61 69 79 53 85 87
t 46 86 77 56 45 47 81 56 61 65 80 75
t 14 25 719 11 12 11 10 20 15 12 9 14
t 55 50 86 72 65 72 48 66 78 56 69 85
t 88 70 85 57 47 60 59 49 61 45 63 75
t 83 86 68 70 80 60 58 83 82 52 47 49
t 23 13 5 23 11 17 22 735 8 23 9 7
t 78 88 45 57 82 83 81 80 47 74 46 85
t 743 7 15 22 1 9 8 6 25 5 5 23
t 51 60 52 68 88 75 58 62 53 71 76 61
t 24 23 2 20 17 23 736 11 2 18 22 10
t 87 89 82 70 54 76 45 69 90 48 68 65
t 715 11 19 14 13 14 12 1 8 8 9 6
t 46 59 52 72 45 70 79 81 56 82 47 76
t 17 7 13 13 711 22 2 25 7 8 10 23
t 9 718 21 18 10 8 4 21 24 12 6 8
t 66 52 57 79 73 83 45 80 65 65 52 48
t 46 50 60 77 46 60 86 45 49 88 57 62
t 76 60 67 82 82 77 49 45 89 54 51 45
t 10 23 22 2 13 8 8 18 745 3 24 7
t 61 70 73 82 69 77 80 47 57 69 49 76
t 74 84 69 57 48 49 78 49 47 46 45 45
t 18 7 17 4 14 737 3 7 9 4 22 16
t 77 85 60 79 88 65 86 49 82 80 65 58
t 22 19 18 15 10 8 14 8 731 19 2 8
t 4 2 11 20 18 11 14 13 15 740 5 17
t 10 7 12 6 8 13 2 15 2 21 22 736
t 72 69 62 50 45 78 67 87 52 79 45 49
t 22 22 22 16 5 14 25 16 11 21 4 723
t 3 13 22 7 11 13 710 3 13 18 6 7
t 19 24 3 2 14 4 5 710 15 14 4 9
t 76 61 59 62 56 62 49 75 61 73 53 83
t 8 21 13 25 2 1 16 745 19 17 10 14
t 3 6 10 16 16 16 8 15 3 14 11 740
t 87 63 90 90 90 58 49 58 52 83 71 66
t 53 79 61 58 61 83 48 52 70 58 53 70
t 712 12 19 9 7 19 20 1 6 21 25 21
t 74 73 69 66 76 58 58 59 46 47 69 46
t 57 50 56 74 66 64 74 79 61 66 69 85
t 20 722 8 2 3 8 1 8 5 23 18 4
t 719 5 25 1 24 24 7 11 22 4 2 13
t 51 85 84 72 88 53 72 74 46 83 79 61
t 5 24 18 16 13 21 18 749 11 20 7 12
t 81 80 82 52 90 64 80 90 68 73 89 69
t 51 54 86 52 82 69 63 89 89 50 62 46
t 79 76 65 74 52 79 69 50 84 73 71 53
t 14 17 20 1 736 14 7 1 6 2 10 14
t 88 82 63 53 65 46 62 64 90 64 84 80
t 67 64 52 66 86 67 76 80 69 50 57 69
t 25 18 11 23 7 730 23 2 21 10 14 15
t 19 25 12 7 745 14 4 9 1 11 18 3
t 74 62 64 53 87 80 71 57 55 82 69 62
t 64 84 58 50 63 72 52 71 78 79 55 88
t 63 46 65 70 61 52 85 51 46 88 46 63
t 52 59 83 52 60 74 61 54 59 67 87 70
t 7 18 23 8 25 20 25 24 14 18 716 3
t 52 68 51 71 66 71 69 62 76 68 81 83
t 90 54 53 73 85 63 50 71 73 74 74 62
t 14 10 22 13 12 9 14 729 2 10 13 22
t 70 62 81 72 66 89 82 64 76 76 65 72
t 24 22 9 5 25 9 20 17 20 730 3 6
t 45 74 87 89 77 72 48 67 76 68 49 49
t 13 6 2 17 16 21 19 3 739 23 21 10
t 22 21 15 3 4 17 4 16 732 4 21 20
t 20 16 8 15 11 1 717 24 18 14 10 24
t 83 86 49 74 84 46 58 74 70 82 49 66
t 65 54 74 56 60 85 66 60 53 65 65 46
t 45 58 54 86 74 83 65 55 63 83 77 82
t 728 17 21 18 3 8 12 2 12 16 25 22
t 16 5 20 1 2 5 7 16 4 727 4 18
t 86 61 55 63 47 85 47 80 50 62 58 64
t 24 19 13 10 21 13 22 735 3 6 12 22
t 24 21 732 10 2 14 6 4 21 24 1 1
t 80 90 90 52 87 48 70 87 73 58 56 53
t 84 59 85 47 45 64 65 52 90 55 69 48
t 72 59 76 89 64 70 45 63 57 62 58 69
t 742 4 3 7 12 23 14 2 4 3 8 13
t 47 60 84 84 82 70 65 61 51 68 60 81
t 67 59 60 85 53 78 45 68 47 63 80 76
t 64 77 58 47 87 51 74 52 61 83 63 59
t 17 7 7 14 18 10 20 13 2 1 15 722
t 57 50 72 84 79 54 79 53 53 66 86 60
t 69 78 86 51 46 68 81 75 71 45 79 59
t 88 64 73 50 69 82 49 63 89 59 77 70
t 57 81 58 65 88 77 77 65 61 56 47 79
t 72 60 46 49 60 64 84 87 50 74 48 89
t 88 76 86 75 69 65 56 57 84 45 46 66
t 62 78 67 76 68 62 87 81 82 58 65 67
t 61 58 70 50 87 89 85 50 61 59 80 73
t 54 54 46 55 63 62 60 46 81 56 72 74
t 1 15 5 23 14 10 719 24 10 11 3 20
t 15 17 5 19 736 9 12 13 22 8 10 14
t 55 58 76 90 84 53 79 62 77 72 67 86
t 21 1 23 23 22 25 23 748 4 21 11 20
t 56 58 50 52 73 61 81 90 49 87 89 76
t 732 19 7 2 23 23 25 20 23 20 12 4
t 83 51 81 82 59 47 66 69 85 82 45 75
t 3 8 3 11 5 15 10 717 25 10 17 15
t 22 17 4 12 17 21 19 9 21 15 13 713
t 14 22 6 22 1 1 22 712 24 2 17 22
t 22 22 18 748 24 23 21 4 12 5 7 5
t 12 6 1 7 3 19 9 6 8 5 14 721
t 69 55 84 84 74 57 69 67 81 45 50 54
t 86 80 46 48 82 61 46 51 59 47 87 66
t 56 65 53 59 49 68 56 60 56 85 59 61
t 70 56 77 85 85 81 54 59 84 77 59 66
t 23 13 9 729 11 22 12 12 5 5 4 12
t 46 48 77 59 72 75 77 76 63 64 56 76
t 76 65 55 68 56 77 59 73 68 61 76 45
t 79 50 83 52 48 77 64 50 58 70 82 58
t 83 85 87 61 76 63 65 76 63 85 58 88
t 22 16 2 24 15 22 1 18 19 3 736 19
t 68 47 59 58 74 50 55 61 86 56 74 90
t 6 24 17 20 2 16 11 721 4 14 9 21
t 70 67 50 52 61 84 49 68 60 70 74 78
t 52 58 59 50 69 69 67 72 46 65 50 78
t 63 90 48 49 69 81 87 59 70 73 64 78
t 74 85 86 53 79 77 68 61 51 45 83 75
t 75 81 84 79 53 51 88 74 90 69 74 89
t 55 47 59 86 84 62 60 54 86 68 61 48
t 59 73 71 63 87 66 51 48 59 75 61 65
t 14 9 18 21 15 16 11 713 16 10 7 14
t 743 10 13 12 21 25 8 18 12 16 18 15
t 77 62 70 87 56 49 58 86 46 79 62 73
t 12 10 25 13 16 18 13 12 18 8 23 720
t 72 88 61 66 66 78 90 62 54 68 49 68
t 88 76 46 85 63 72 90 47 69 65 48 74
t 22 5 2 20 8 16 23 13 20 12 15 743
t 15 3 19 4 6 19 3 715 15 16 6 18
t 19 718 15 21 11 15 18 20 15 11 15 18
t 7 17 23 23 18 12 13 10 9 25 744 3
t 63 82 61 82 53 87 86 70 59 74 51 53
t 714 12 21 2 11 1 4 16 25 1 7 9
t 77 63 69 48 59 80 81 58 75 74 52 66
t 47 51 51 63 80 78 77 50 61 82 83 88
t 79 81 76 78 83 46 50 77 71 78 65 82
t 13 4 12 5 2 14 23 25 22 7 23 734
t 62 75 65 90 68 74 81 55 50 84 60 54
t 72 84 46 81 72 58 76 62 55 51 65 77
t 16 22 6 22 24 16 11 15 737 6 10 10
t 22 24 21 7 19 11 2 9 23 710 15 10
t 12 20 5 1 6 14 5 12 739 2 10 3
t 55 71 81 52 79 65 70 57 47 80 71 53
t 69 69 50 83 60 49 59 76 52 81 78 47
t 61 58 63 85 67 90 62 90 71 50 83 70
t 55 81 85 89 72 50 81 68 65 46 77 55
t 14 16 8 1 18 716 5 15 22 5 7 11
t 48 89 51 59 85 84 78 58 58 81 53 60
t 81 55 62 85 81 87 81 66 83 73 63 49
t 57 69 46 55 46 75 71 67 71 45 60 79
t 24 8 14 5 5 720 5 17 11 18 24 14
t 22 1 5 23 2 25 20 729 12 13 19 1
t 45 67 61 45 80 78 86 74 63 71 51 80
t 90 51 76 54 85 80 77 62 53 62 86 90
t 67 90 76 54 50 50 81 77 85 75 89 79
t 66 52 76 63 76 59 73 64 67 47 79 77
t 79 84 71 84 79 54 60 67 84 53 66 77
t 8 14 13 12 4 726 18 10 20 19 17 20
t 89 89 90 46 87 56 85 82 58 83 60 79
t 56 60 55 59 73 56 61 78 75 81 66 89
t 11 11 20 12 10 20 19 6 21 741 11 3
t 9 6 25 11 2 17 22 10 21 718 14 19
t 25 11 738 2 25 14 11 11 19 24 18 11
t 81 85 61 82 69 84 58 48 82 49 72 84
t 11 11 12 13 11 20 22 1 15 15 741 7
t 52 80 61 66 69 63 46 77 89 90 71 74
t 62 47 86 63 65 87 66 68 79 83 85 48
t 55 63 63 90 65 56 83 46 48 49 62 79
t 15 7 9 744 11 5 15 25 6 10 1 14
t 24 8 14 17 8 4 19 722 18 2 8 25
t 45 85 90 87 55 64 90 66 70 89 77 65
t 4 8 8 14 23 3 7 8 24 2 13 711
t 72 52 87 69 64 47 81 48 81 50 72 66
t 72 63 60 62 84 58 52 90 78 90 52 63
t 46 49 85 79 47 69 81 76 65 90 66 85
t 15 13 734 12 24 12 23 8 20 22 14 18
t 16 24 20 11 716 20 7 3 15 7 22 2
t 25 23 18 23 8 20 1 13 13 5 20 718
t 730 7 10 18 16 18 6 3 15 10 17 13
t 54 90 65 52 68 59 60 85 47 55 80 62
t 49 83 48 59 80 70 63 49 75 74 81 78
t 4 8 1 5 3 748 16 24 7 18 17 16
t 72 67 67 71 48 78 46 55 90 89 68 90
t 83 63 80 48 71 68 55 77 61 52 57 58
t 54 63 78 77 52 87 73 60 60 59 82 72
t 20 10 6 20 725 21 19 12 6 5 9 12
t 87 75 51 62 84 89 46 67 76 66 83 86
t 6 23 22 2 1 714 20 12 15 14 6 21
t 52 59 73 82 50 49 48 67 89 45 77 76
t 736 10 10 4 12 23 24 1 6 1 4 2
t 79 57 53 62 79 75 83 52 60 49 51 77
t 76 77 81 85 88 58 51 69 57 56 54 57
t 22 12 14 17 21 9 713 15 7 15 24 17
t 23 22 12 727 9 12 13 16 21 18 9 25
t 10 5 2 8 723 15 19 6 10 8 7 2
t 18 1 5 20 15 12 2 711 11 13 5 15
t 82 54 67 61 89 62 76 63 57 86 83 64
t 19 20 4 3 17 22 5 18 3 23 746 8
t 55 70 89 70 49 68 84 81 73 64 85 87
t 66 53 76 89 85 59 79 77 79 56 56 57
t 88 77 59 64 51 76 65 88 85 47 82 87
t 14 1 14 729 21 23 4 11 14 8 21 25
t 14 5 18 3 18 720 8 19 5 23 16 3
t 17 19 733 24 24 19 4 25 21 17 18 2
t 67 75 55 54 84 60 57 66 49 85 79 64
t 67 70 68 85 46 68 81 84 78 81 69 56
t 78 86 45 50 68 82 56 87 77 57 83 80
t 56 59 79 63 77 87 46 77 84 53 70 68
t 55 63 90 86 76 60 88 80 45 66 85 53
t 89 59 67 77 84 55 89 89 73 56 54 52
t 68 80 70 68 88 60 88 61 57 55 86 71
t 50 76 88 61 56 58 50 57 66 84 65 60
t 7 8 11 11 12 16 12 6 12 21 3 734
t 720 17 8 22 20 5 15 17 12 2 21 25
t 47 45 61 45 55 62 52 70 54 53 61 49
t 11 13 18 717 22 2 11 10 23 19 14 24
t 66 77 79 88 77 83 57 68 68 57 54 82
t 65 67 63 74 47 87 62 68 56 71 62 79
t 57 90 56 63 64 49 90 61 69 47 53 87
t 20 731 14 2 23 21 1 19 7 10 25 19
t 1 16 23 14 15 1 5 721 24 14 8 2
t 75 54 70 78 55 54 78 83 52 57 67 48
t 83 57 51 70 63 67 48 54 46 49 49 46
t 16 12 15 1 8 23 20 4 3 9 21 735
t 6 16 12 23 729 7 14 21 3 13 10 13
t 80 75 85 78 51 49 78 45 81 73 78 57
t 14 20 20 24 19 12 6 17 4 24 711 23
t 9 18 7 17 25 717 11 10 2 2 6 9
t 90 63 78 87 57 67 45 47 62 55 51 52
t 57 85 77 77 52 50 76 83 88 47 60 54
t 734 18 25 20 22 20 8 11 5 4 1 17
t 68 61 85 46 52 60 83 64 72 71 48 67
t 45 84 78 52 85 64 65 86 70 71 64 84
t 14 11 20 10 19 6 3 22 13 22 18 725
t 80 84 83 87 64 62 87 79 48 83 69 74
t 63 70 48 88 67 45 48 70 79 89 90 57
t 49 74 55 45 83 82 60 65 80 51 71 83
t 78 59 83 64 73 85 66 61 55 45 85 82
t 19 10 14 4 23 13 18 15 21 8 746 16
t 55 66 77 46 57 66 49 80 68 83 77 75
t 5 1 17 19 22 23 17 18 21 4 16 721
t 46 51 72 60 46 70 60 49 86 77 45 81
t 22 10 4 11 18 24 727 23 9 5 2 22
t 68 74 84 58 89 77 68 72 79 87 84 55
t 72 54 67 81 45 81 63 90 87 49 55 52
t 49 70 55 50 51 77 87 55 62 71 68 57
t 11 749 23 6 14 7 7 6 2 15 4 22
t 9 18 1 13 731 9 7 25 3 12 4 7
t 24 17 1 736 17 22 12 17 15 1 6 15
t 70 56 54 61 49 51 66 55 45 77 72 67
t 86 58 76 69 78 59 75 68 72 70 68 47
t 5 744 12 17 11 3 10 13 5 2 17 7
t 59 87 61 58 55 74 68 55 51 49 52 67
t 76 59 54 74 57 64 73 48 73 50 72 89
t 25 22 728 4 13 17 3 9 19 10 12 15
t 80 79 55 90 72 66 87 65 54 61 70 75
t 74 56 72 53 59 52 64 64 82 59 83 52
t 78 80 57 81 53 73 78 87 51 73 73 64
t 17 10 19 3 4 15 6 22 12 17 19 712
t 71 58 64 71 59 89 59 79 62 51 67 77
t 714 13 8 23 16 13 5 14 12 13 12 9
t 63 53 62 61 52 82 88 89 49 90 68 67
t 25 8 9 21 18 7 11 14 10 15 734 19
t 20 4 25 4 5 25 12 15 1 730 3 8
t 85 89 53 75 54 78 78 80 85 89 87 56
t 63 70 84 55 64 53 66 86 86 86 61 49
t 14 11 2 18 14 5 25 12 18 733 25 5
t 730 23 16 18 14 17 21 16 17 25 16 7
t 55 76 62 58 76 55 88 52 87 58 71 51
t 67 81 77 90 85 86 59 72 54 86 45 65
t 80 76 88 58 73 59 47 55 50 50 53 57
t 89 66 87 47 48 67 50 45 51 72 84 56
t 62 50 54 90 60 84 45 65 88 87 86 86
t 57 72 71 54 89 74 73 90 57 61 82 48
t 22 21 24 19 14 16 13 4 20 21 742 1
t 745 23 15 5 6 23 20 8 16 15 23 14
t 717 24 5 2 8 25 19 13 18 3 22 5
t 65 87 67 58 46 54 67 87 51 84 87 81
t 53 59 71 55 54 60 60 87 53 58 61 85
t 86 61 64 61 75 68 85 48 81 84 68 52
t 83 89 89 89 89 50 79 67 87 58 68 51
t 17 739 17 5 4 10 20 19 24 7 11 5
t 49 62 46 74 80 62 53 70 65 69 78 50
t 46 84 89 90 58 82 54 54 67 75 66 78
t 81 75 56 68 80 58 52 71 52 73 61 74
t 11 14 7 11 746 5 4 23 4 24 16 2
t 66 64 85 62 78 71 88 54 56 70 55 68
t 85 79 87 45 69 47 54 46 84 55 46 55
t 60 62 72 46 51 88 47 85 54 69 81 82
t 22 10 5 12 9 14 720 24 13 15 3 19
t 15 10 719 18 10 17 11 10 24 1 16 2
t 3 12 9 714 19 12 3 17 23 3 6 14
t 48 82 56 72 67 75 86 67 50 57 51 66
t 45 57 45 45 53 48 54 46 87 81 83 71
t 20 24 6 15 7 9 2 11 8 22 7 732
t 12 22 7 732 12 11 13 24 8 14 17 5
t 90 52 46 65 68 84 74 52 89 57 58 49
t 89 79 64 51 50 80 65 82 65 59 85 65
t 22 12 21 3 737 7 15 3 2 17 24 9
t 53 67 89 87 71 65 51 80 83 54 82 83
t 47 59 66 67 89 76 69 56 59 58 67 63
t 3 17 2 17 24 16 11 714 3 10 22 21
t 25 25 16 4 15 9 2 25 14 23 716 24
t 59 83 63 50 49 66 88 64 62 48 80 54
t 79 60 80 87 73 77 47 60 71 69 66 86
t 725 13 1 1 19 3 9 7 12 14 25 7
t 71 75 66 84 78 88 86 61 60 86 74 81
t 60 50 68 83 81 88 57 65 50 68 49 78
t 56 75 70 77 46 74 59 64 61 81 80 66
t 85 78 66 68 61 50 87 70 51 72 56 66
t 15 722 6 19 25 8 23 7 21 6 6 20
t 48 74 57 71 82 64 63 54 80 46 73 52
t 88 67 72 86 55 83 62 47 67 77 71 60
t 7 20 25 16 5 3 6 22 5 4 712 25
t 1 20 4 18 9 25 9 19 23 9 22 712
t 60 72 56 57 77 83 84 67 86 53 61 77
t 68 47 57 71 70 51 83 56 66 48 49 52
t 54 59 62 55 56 63 68 52 73 89 69 68
t 16 9 13 12 4 743 10 7 25 10 16 24
t 6 18 13 13 9 20 16 18 25 1 13 723
t 16 13 15 745 14 7 2 8 25 17 8 24
t 77 53 69 63 76 57 90 52 54 50 61 63
t 16 1 713 2 12 5 17 2 2 18 8 19
t 50 58 70 52 88 59 84 57 68 62 63 79
t 22 749 5 10 5 22 22 17 7 13 5 17
t 83 46 66 55 79 86 84 57 78 71 45 88
t 18 18 13 5 6 16 728 10 10 14 25 3
t 70 78 68 50 69 58 89 75 84 73 70 73
t 70 72 87 47 71 48 76 64 68 64 83 73
t 46 74 87 48 55 49 76 84 74 77 79 90
t 20 23 15 713 13 1 14 24 2 18 22 18
t 7 19 25 22 19 717 11 13 22 13 12 17
t 90 90 71 45 72 86 48 62 59 58 74 66
t 90 74 77 88 57 84 63 51 64 83 52 57
t 13 11 4 713 22 14 6 22 9 23 15 20
t 47 53 56 59 54 84 89 74 64 88 48 54
t 21 22 738 21 2 13 17 7 22 11 21 19
t 14 20 5 6 730 11 17 15 13 8 8 8
t 53 85 62 86 89 62 90 65 83 71 67 80
t 58 48 80 79 52 72 86 53 66 49 89 75
t 14 1 19 17 1 23 10 22 718 11 9 9
t 10 5 7 4 730 24 5 2 23 19 25 12
t 24 10 3 713 12 21 7 13 22 24 20 16
t 84 68 90 53 46 81 72 61 56 90 68 81
t 78 76 62 48 64 75 53 45 49 67 46 55
t 22 13 1 14 1 18 24 9 4 9 25 720
t 61 79 86 83 63 81 47 69 69 62 82 90
t 738 6 18 6 10 9 12 22 7 18 13 23
t 18 16 5 737 21 19 6 2 19 9 14 17
t 741 8 16 7 12 23 13 11 2 20 25 18
t 3 739 19 24 25 7 2 3 6 4 10 12
t 65 51 51 71 89 50 55 60 85 62 83 58
t 9 7 715 18 23 22 2 17 8 12 17 8
t 63 55 61 74 50 71 45 89 83 48 85 77
t 61 54 46 71 61 74 89 46 63 62 89 59
t 84 83 53 67 46 66 85 50 55 85 59 72
t 63 65 78 50 76 60 75 59 74 77 71 90
t 79 64 71 59 69 64 64 53 71 50 89 57
t 76 55 50 74 61 86 48 69 52 87 88 49
t 73 88 57 86 79 71 87 52 58 46 73 47
t 24 17 4 22 17 17 21 24 20 17 740 8
t 81 51 58 51 45 63 49 45 81 86 79 87
t 84 80 46 63 51 85 69 84 86 56 58 67
t 82 80 67 45 62 56 47 65 82 89 76 80
t 83 85 72 63 61 60 58 47 85 51 78 75
t 51 58 58 54 66 72 76 68 48 68 82 90
t 78 70 63 89 85 49 52 82 88 51 58 46
t 74 65 59 71 85 51 80 72 70 80 72 73
t 14 8 20 9 19 13 5 22 749 24 17 14
t 85 79 50 78 45 68 64 81 63 84 56 74
t 70 51 55 86 84 68 72 69 77 76 88 61
t 48 85 45 89 58 79 89 88 46 62 47 53
t 18 742 11 14 12 20 19 11 15 2 15 23
t 85 57 75 82 86 86 51 89 46 71 79 55
t 16 2 7 737 21 9 25 3 23 7 21 11
t 72 61 78 47 71 71 86 65 66 68 62 70
t 18 11 12 21 13 23 2 7 749 16 5 8
t 83 87 69 69 78 89 79 54 75 90 62 70
t 53 55 54 48 68 78 62 89 69 71 80 61
t 90 81 66 57 82 59 88 54 48 63 73 78
t 6 5 1 19 5 23 18 6 4 20 713 12
t 61 65 54 62 81 85 82 71 52 49 52 60
t 65 76 58 88 85 90 85 87 56 60 69 49
t 9 723 3 8 21 19 23 7 15 1 5 23
t 731 4 11 9 21 22 8 8 23 4 16 7
t 85 48 74 54 71 61 78 90 65 45 90 53
t 6 9 23 19 722 20 25 19 24 8 18 1
t 71 79 82 69 75 81 47 71 67 89 73 58
t 749 3 3 19 11 23 18 17 21 13 11 18
t 719 11 4 17 13 12 11 19 1 17 20 9
t 9 17 4 11 734 23 6 13 23 25 18 3
t 87 47 48 68 70 71 67 63 90 80 89 74
t 11 734 13 21 3 10 19 4 8 1 2 4
t 88 89 78 56 83 90 74 53 90 89 52 46
t 56 81 76 57 85 50 58 56 45 65 70 69
t 8 11 7 5 18 7 743 25 21 24 19 5
t 55 60 85 53 62 88 63 87 51 83 64 46
t 51 78 50 73 83 71 85 65 68 52 76 89
t 66 82 70 68 58 85 79 50 48 82 82 68
t 6 4 744 3 5 14 13 3 13 8 13 11
t 47 47 48 90 81 74 82 66 47 70 50 47
t 63 81 63 49 58 89 85 60 55 57 50 84
t 25 12 11 12 2 15 21 3 11 717 22 17
t 14 25 23 2 6 12 734 12 25 17 2 21
t 11 24 14 17 17 740 11 3 5 21 2 22
t 54 72 84 46 89 76 65 62 82 82 86 67
t 56 77 62 60 54 82 52 85 68 48 70 80
t 52 89 85 87 53 78 64 66 76 71 46 64
t 7 13 1 17 17 12 10 11 10 742 12 3
t 13 20 4 10 4 20 743 9 14 12 3 13
t 49 66 51 78 50 69 64 71 63 88 62 50
t 57 77 90 70 74 64 81 73 56 58 59 59
t 69 82 67 76 72 81 66 88 64 76 81 65
t 24 10 3 15 722 9 6 22 23 22 9 13
t 14 3 745 18 18 20 22 18 20 2 14 4
t 57 48 57 89 55 90 52 87 88 78 79 63
t 77 72 75 70 55 61 60 48 51 53 81 65
t 73 88 62 81 58 77 68 54 58 55 84 63
t 723 7 1 16 4 21 17 5 7 23 14 7
t 22 13 8 716 6 3 1 24 9 21 5 19
t 15 17 2 739 20 5 1 5 21 8 14 17
t 47 68 76 54 61 63 54 74 66 74 51 52
t 6 25 711 20 1 4 8 8 8 8 8 7
t 66 75 67 75 59 90 75 51 84 56 67 71
t 78 70 87 75 79 47 56 88 46 59 59 68
t 710 10 13 2 18 12 2 21 18 18 18 5
t 69 48 82 64 73 59 61 81 73 50 80 57
t 87 70 55 56 79 77 55 62 56 48 65 50
t 86 47 47 48 86 79 66 87 52 67 51 50
t 73 48 68 70 60 52 75 65 55 73 65 81
t 78 56 77 59 84 69 51 74 64 80 63 55
t 7 9 7 14 20 24 25 17 6 2 10 726
t 80 56 65 73 51 57 69 79 55 63 57 47
t 84 67 85 52 85 56 56 62 89 47 62 51
t 16 13 9 14 8 4 6 20 18 747 7 25
t 83 57 69 63 46 80 63 48 50 59 66 51
t 89 49 46 77 81 49 80 81 89 68 56 59
t 11 19 729 20 3 9 5 17 4 23 12 18
t 49 67 63 48 47 45 63 76 53 54 68 76
t 76 75 78 90 45 82 72 83 75 81 61 74
t 62 82 45 73 58 75 50 70 77 51 81 60
t 54 89 48 70 46 72 46 56 70 71 59 83
t 56 62 78 61 76 88 67 56 54 74 63 52
t 52 71 74 57 71 54 63 53 68 73 59 74
t 24 18 24 8 21 15 19 741 20 21 23 15
t 6 11 23 20 9 12 14 15 18 734 3 3
t 10 16 714 1 23 10 25 2 21 18 21 22
t 2 1 11 13 10 1 725 19 17 1 11 17
t 20 12 22 8 25 20 711 9 1 15 22 5
t 72 81 62 57 50 89 74 86 60 87 59 66
t 7 20 4 11 15 21 5 9 2 23 745 3
t 74 50 66 84 50 88 79 49 70 65 86 48
t 70 59 60 66 73 70 70 46 45 84 87 60
t 54 57 88 86 86 64 61 54 69 70 72 76
t 20 10 1 19 18 10 10 12 5 730 11 13
t 77 45 76 85 49 64 81 46 65 54 80 70
t 8 2 23 22 5 7 14 19 23 715 20 7
t 15 5 8 8 8 5 10 3 11 1 21 728
t 61 58 56 63 63 57 52 63 73 46 54 63
t 4 19 4 24 25 15 3 8 11 6 732 5
t 19 7 25 13 712 2 23 10 18 4 14 16
t 50 81 85 48 67 81 81 63 60 50 88 55
t 1 19 1 7 11 19 716 21 5 6 17 17
t 61 62 68 90 54 80 86 76 87 73 80 52
t 79 76 47 48 80 87 83 63 68 48 54 62
t 86 78 60 55 74 55 73 63 53 89 81 47
t 62 49 74 66 86 84 51 51 77 85 83 88
t 22 8 21 13 7 17 12 15 20 728 17 4
t 76 76 73 86 74 55 45 81 73 80 88 73
t 83 70 53 65 51 48 86 79 88 81 54 77
t 65 61 83 78 77 62 66 63 67 88 74 54
t 65 46 75 89 64 45 59 72 70 50 71 70
t 64 59 82 72 90 59 69 70 72 85 69 46
t 78 67 71 58 86 69 66 67 70 85 66 48
t 90 88 89 60 58 82 65 86 45 87 56 48
t 7 14 5 21 711 10 19 23 5 18 5 20
t 89 81 60 53 60 62 89 51 83 59 57 46
t 12 740 18 21 17 19 4 1 5 3 1 14
t 45 65 64 63 77 89 87 60 66 80 79 84
t 14 11 16 1 22 22 10 10 5 734 25 13
t 57 81 87 81 63 88 51 80 81 66 86 86
t 51 52 45 57 70 64 53 65 89 70 77 87
t 3 4 712 8 16 21 25 12 8 23 17 7
t 11 23 11 12 24 21 21 11 23 25 724 9
t 45 49 79 68 80 75 78 59 88 58 47 73
t 45 75 77 81 50 56 58 61 84 71 79 89
t 66 52 65 66 62 50 73 62 79 89 83 46
t 73 81 66 69 76 79 68 54 59 75 59 71
t 78 67 61 60 53 85 81 90 90 61 77 47
t 59 81 50 73 77 52 77 79 55 70 67 65
t 84 88 76 58 63 63 72 90 82 77 89 78
t 66 77 73 90 60 82 47 70 87 47 66 74
t 86 78 83 65 69 89 87 63 52 65 82 62
t 65 73 64 74 46 63 90 78 65 75 78 51
t 19 3 17 747 13 24 11 9 13 25 18 6
t 56 60 54 52 47 90 45 54 59 80 90 71
t 4 21 3 3 735 23 11 7 20 2 7 14
t 23 13 5 17 724 19 12 12 4 16 19 10
t 75 80 59 63 77 63 81 84 51 69 60 52
t 4 18 13 19 9 23 15 16 720 24 7 9
t 57 51 64 67 70 88 89 65 90 47 86 70
t 78 83 46 82 84 79 69 57 75 87 68 64
t 70 49 67 47 62 77 75 70 90 86 68 58
t 25 22 23 7 20 1 17 740 22 2 5 20
t 54 69 64 62 88 48 58 50 87 73 79 51
t 63 55 54 81 79 88 69 53 54 66 77 67
t 18 7 25 6 13 710 15 24 20 21 9 12
t 72 68 87 79 71 79 87 73 68 77 82 67
t 68 78 51 72 56 45 77 80 86 83 78 83
t 65 71 48 48 48 86 82 88 53 81 76 59
t 82 80 54 78 61 77 66 82 60 84 66 85
t 60 67 65 69 71 46 54 45 56 72 75 57
t 2 16 11 20 3 23 741 12 5 12 5 23
t 13 18 9 714 6 22 5 5 13 17 12 11
t 54 80 90 72 52 46 55 45 46 87 84 73
t 76 52 62 50 69 71 90 75 68 74 89 59
t 729 22 15 13 4 19 7 25 6 6 10 23
t 19 17 8 23 8 21 18 18 717 23 7 18
t 52 61 57 46 56 56 82 53 54 89 78 84
t 58 83 87 77 87 69 85 76 52 71 51 61
t 65 86 68 53 59 84 60 80 48 54 75 69
t 84 61 81 85 82 70 65 60 81 85 46 57
t 11 23 23 23 24 15 12 20 2 25 9 740
t 87 68 71 83 50 58 46 52 76 87 61 89
t 723 21 23 22 25 1 5 5 7 4 21 3
t 3 20 6 16 1 11 11 2 3 740 14 5
t 20 25 6 18 21 23 2 17 16 19 712 16
t 87 79 56 87 89 47 58 63 75 74 45 75
t 1 14 11 2 11 6 718 17 22 15 1 1
t 2 15 15 19 15 16 10 8 11 23 18 738
t 17 11 5 23 4 18 20 723 22 2 12 2
t 23 719 25 23 21 2 7 10 7 5 3 5
t 21 5 13 12 20 6 736 21 1 7 12 13
t 90 45 89 72 52 51 67 60 87 71 56 63
t 67 69 64 51 89 70 68 69 89 70 64 52
t 88 46 69 54 81 72 81 89 65 47 50 90
t 75 51 84 66 83 67 71 88 84 51 72 55
t 54 58 77 87 73 53 86 60 58 61 55 59
t 48 85 66 82 66 74 54 55 79 77 85 54
t 68 82 89 48 45 45 79 59 59 75 77 53
t 63 54 60 66 86 57 75 62 89 46 45 89
t 81 78 83 81 57 60 86 69 72 60 85 85
t 13 11 9 10 17 731 6 21 6 24 18 3
t 78 55 90 76 72 58 79 70 68 89 70 89
t 49 77 53 87 50 90 58 77 48 69 72 89
t 74 68 74 57 54 49 76 59 46 54 65 52
t 57 80 86 50 82 56 50 69 88 49 57 57
t 46 45 89 64 51 45 76 69 79 69 49 69
t 76 58 45 65 76 73 85 57 71 53 51 87
t 85 80 64 57 81 86 79 69 85 78 69 73
t 46 76 60 83 63 70 59 49 57 77 52 76
t 51 55 64 75 61 49 85 85 56 66 67 84
t 10 1 9 732 9 19 17 14 9 9 10 20
t 46 62 73 62 62 47 82 76 72 53 63 54
t 17 3 17 16 17 6 3 13 24 23 16 711
t 25 20 12 23 19 20 21 19 4 13 14 715
t 66 70 71 49 62 82 88 58 74 70 66 74
t 51 72 57 55 52 57 67 64 51 86 78 52
t 10 18 24 10 1 1 734 10 9 1 14 21
t 88 80 75 86 57 57 87 55 72 81 57 58
t 46 73 49 81 89 67 77 76 88 74 56 89
t 47 73 89 63 77 58 75 64 50 89 45 81
t 19 3 6 10 727 11 25 13 11 4 18 17
t 86 65 90 65 79 56 57 45 60 69 54 64
t 20 11 20 746 6 15 13 5 4 1 10 11
t 76 83 60 46 46 72 64 60 81 51 83 60
t 78 87 78 60 68 87 75 59 62 46 48 70
t 64 56 55 68 61 73 73 81 79 72 57 57
t 66 48 57 82 49 51 81 55 87 85 69 69
t 79 87 46 50 60 64 63 79 80 69 51 89
t 74 66 76 46 90 66 53 64 49 84 45 79
t 15 22 724 9 2 8 2 14 5 13 13 7
t 66 76 63 86 64 50 54 57 75 77 49 69
t 52 84 76 86 90 55 86 80 68 70 68 78
t 55 59 59 52 51 90 63 82 84 75 78 55
t 90 85 60 69 73 80 71 56 89 70 51 55
t 3 1 21 7 6 17 1 3 24 1 719 24
t 78 79 55 58 81 82 61 59 88 82 64 86
t 11 21 14 18 19 22 18 12 10 24 5 740
t 84 46 50 90 55 53 68 77 52 68 55 46
t 23 1 2 9 4 6 4 5 7 12 738 5
t 2 7 3 22 18 22 729 6 2 15 6 5
t 731 22 19 11 25 4 5 7 16 24 14 18
t 10 742 13 22 10 8 5 19 1 3 10 9
t 17 24 20 23 747 16 15 2 13 20 8 25
t 69 61 80 82 46 57 87 78 76 54 73 74
t 1 22 8 4 7 17 15 17 728 3 14 14
t 53 54 73 81 67 55 62 61 88 81 54 57
t 81 73 51 84 70 56 50 77 74 54 47 77
t 18 4 734 23 5 18 15 4 5 4 11 25
t 83 62 60 83 89 85 59 89 78 68 55 73
t 88 49 59 87 62 74 65 46 78 79 52 54
t 46 85 61 59 64 72 48 75 59 50 78 51
t 747 10 23 15 18 24 9 3 24 24 18 23
t 89 90 50 62 87 63 88 58 82 59 75 59
t 75 72 71 89 82 55 48 72 84 74 60 72
t 88 49 64 54 89 55 65 55 50 77 70 78
t 66 83 70 56 71 67 90 48 78 78 82 52
t 45 83 55 72 50 74 89 47 64 87 56 72
t 63 79 56 78 75 76 76 89 67 77 57 89
t 66 65 59 46 67 90 61 68 70 54 63 69
t 10 21 23 10 1 23 19 9 19 4 727 21
t 722 20 24 9 13 21 18 20 14 13 7 23
t 82 73 90 48 70 69 64 59 63 60 49 76
t 81 86 69 45 69 88 72 83 86 53 58 80
t 73 63 86 70 83 81 84 80 62 83 72 49
t 88 73 60 65 67 67 56 76 52 48 50 51
t 82 56 82 71 90 85 83 53 54 79 82 55
t 62 60 90 72 53 81 51 52 79 64 62 58
t 10 5 24 720 10 5 16 9 16 24 21 18
t 54 59 56 68 70 88 70 72 45 63 60 66
t 55 67 49 46 87 52 86 58 54 68 71 72
t 59 75 74 71 58 61 64 53 71 46 53 61
t 5 8 9 21 733 3 12 22 10 25 19 5
t 83 71 75 56 54 69 70 62 83 71 55 65
t 22 5 7 25 5 18 747 23 4 2 25 12
t 52 57 72 59 60 52 65 79 63 87 75 69
t 51 49 79 61 86 56 46 68 69 68 70 86
t 50 75 58 76 52 71 72 45 70 84 58 83
t 63 72 55 83 70 87 57 90 50 77 48 50
t 54 66 52 87 66 57 50 80 85 77 61 88
t 85 50 47 55 83 49 52 69 47 64 64 85
t 87 64 83 62 47 88 66 70 67 54 81 45
t 3 731 16 1 23 12 13 16 8 22 20 14
t 74 72 65 62 57 63 85 84 65 60 58 89
t 60 57 75 81 45 75 56 60 51 84 84 89
t 67 65 87 67 59 87 81 61 54 62 71 56
t 48 67 56 57 69 79 74 51 60 45 90 64
t 745 12 5 22 17 4 9 16 6 2 22 22
t 2 12 2 4 10 20 19 3 16 1 710 5
t 14 739 13 16 10 8 17 14 15 8 20 1
t 3 17 24 12 1 7 1 25 20 16 739 5
t 25 6 24 12 20 13 1 7 740 10 5 11
t 17 14 20 6 9 12 744 16 21 20 25 9
t 48 71 77 55 50 59 47 57 89 89 80 46
t 11 3 23 24 21 738 3 4 2 5 7 25
t 19 22 8 12 16 23 712 17 15 20 21 18
t 73 58 48 75 58 84 80 72 57 70 88 88
t 76 49 80 74 46 53 47 83 63 46 52 50
t 81 59 79 71 72 58 51 74 85 48 76 56
t 22 21 12 12 8 10 9 10 25 720 3 15
t 50 57 64 65 57 78 58 72 62 67 64 79
t 13 24 9 13 1 14 22 5 19 730 15 25
t 69 55 80 73 85 62 89 48 52 67 67 78
t 1 1 8 23 11 11 11 9 17 19 743 5
t 21 15 24 24 717 20 13 2 1 8 23 8
t 14 15 2 6 15 25 16 2 14 739 9 21
t 3 3 24 3 731 10 10 13 10 18 9 2
t 70 70 77 67 89 56 56 73 71 49 79 68
t 13 25 11 16 22 5 1 21 729 3 20 18
t 63 71 81 53 67 79 54 68 83 65 58 88
t 90 78 60 85 79 58 62 61 84 83 71 75
t 3 7 20 22 16 18 8 11 9 13 745 8
t 84 50 75 83 84 73 49 72 59 52 79 65
t 77 61 82 57 78 72 74 88 61 61 80 70
t 721 4 20 24 9 6 19 15 17 15 19 18
t 19 14 20 19 20 723 17 3 10 19 24 17
t 16 17 7 19 1 16 25 7 22 19 16 742
t 86 49 65 65 67 54 86 67 90 70 59 55
t 81 67 80 82 46 63 55 67 48 88 64 85
t 710 25 12 21 5 18 1 19 25 15 4 13
t 20 19 1 9 20 7 23 24 7 714 23 13
t 71 84 81 58 67 78 64 58 73 87 54 53
t 64 55 84 61 61 58 71 66 66 46 78 79
t 45 82 87 56 73 75 57 75 51 63 75 66
t 89 51 49 69 82 83 76 63 62 60 74 87
t 17 15 7 25 15 11 11 748 10 17 5 19
t 74 62 87 75 61 87 67 46 50 74 47 79
t 6 6 6 8 22 13 25 20 2 16 2 712
t 62 52 80 62 62 56 51 51 88 50 77 51
t 20 13 15 716 7 12 23 13 18 9 21 3
t 2 7 10 17 17 9 24 1 10 12 19 747
t 46 50 62 85 78 80 50 57 64 67 51 55
t 45 68 47 70 70 86 63 78 63 72 52 71
t 10 734 4 16 5 18 6 23 15 19 22 23
t 51 56 72 73 54 51 47 51 74 65 57 55
t 11 25 9 2 9 23 12 22 2 4 711 15
t 63 51 58 68 71 50 52 77 62 78 51 78
t 2 15 20 17 21 7 12 12 728 14 16 21
t 12 15 9 11 728 1 12 6 3 12 10 10
t 51 49 75 73 77 83 75 63 68 46 72 57
t 61 73 75 50 77 56 76 75 80 52 48 58
t 49 50 56 75 70 86 48 69 86 63 71 71
t 25 717 7 25 9 6 15 1 1 7 2 1
t 4 22 22 13 4 21 12 23 747 7 9 5
t 59 55 81 62 79 81 85 61 55 72 60 60
t 745 10 18 12 8 20 8 8 22 9 2 14
t 55 55 69 74 82 87 52 48 86 58 62 74
t 53 62 88 75 73 77 86 52 90 79 55 84
t 90 65 58 77 57 52 64 89 49 57 90 61
t 46 76 61 90 46 79 71 58 84 47 68 77
t 25 6 16 7 19 13 19 6 12 726 4 3
t 17 3 4 2 6 21 12 22 13 23 722 12
t 52 86 84 86 60 74 67 89 86 70 55 58
t 67 56 62 54 69 48 53 62 87 54 65 80
t 87 71 78 88 48 57 80 72 48 81 73 83
t 4 4 9 10 22 716 17 8 20 15 2 16
t 69 64 60 62 73 88 72 84 59 83 72 71
t 7 23 7 718 21 24 1 16 18 11 1 1
t 61 63 89 90 51 64 87 54 89 76 67 89
t 56 53 77 58 54 86 71 62 46 56 45 84
t 6 14 24 2 713 13 13 1 24 1 5 14
t 9 16 17 3 6 25 7 7 18 24 710 6
t 45 55 45 58 59 46 47 71 72 83 55 47
t 5 25 16 5 21 7 730 9 25 3 24 13
t 18 710 20 1 13 18 1 6 1 22 13 14
t 10 3 12 17 15 24 7 13 10 11 10 737
t 16 23 16 12 747 13 5 22 14 4 3 22
t 2 12 24 25 19 10 15 732 12 7 2 14
t 54 62 48 64 84 86 64 53 80 85 73 82
t 83 58 68 90 67 58 81 60 46 57 79 73
t 16 23 19 17 3 748 24 11 11 16 2 19
t 6 22 22 14 719 15 21 20 7 9 8 19
t 51 84 81 84 71 69 76 77 60 69 84 61
t 17 18 4 24 6 8 4 741 20 24 22 17
t 25 3 727 3 24 2 6 16 6 9 8 5
t 7 25 2 716 10 21 4 15 12 6 7 19
t 9 20 15 13 21 24 12 2 7 723 15 4
t 8 13 2 18 15 6 8 19 744 16 17 13
t 45 68 64 48 68 72 49 48 53 73 47 52
t 68 49 78 67 47 65 54 78 62 55 80 77
t 5 13 2 21 9 14 9 21 741 25 16 24
t 15 8 20 6 724 13 5 5 10 7 18 23
t 54 52 62 64 53 87 53 53 76 75 82 63
t 80 45 49 86 61 63 62 66 69 64 50 58
t 75 71 61 80 77 88 65 72 48 79 51 76
t 51 87 67 84 88 60 74 69 65 58 76 49
t 60 57 69 68 64 76 72 79 62 76 50 62
t 49 52 90 46 83 64 62 56 79 90 65 66
t 87 80 76 57 77 80 70 63 75 83 65 82
t 55 90 49 48 72 48 57 65 84 82 52 77
t 8 4 25 13 17 713 9 1 12 5 9 11
t 10 2 15 712 14 23 7 25 18 15 8 10
t 47 65 68 69 57 47 62 55 56 81 55 45
t 46 63 68 48 56 76 78 89 88 72 45 74
t 16 7 7 20 8 19 12 20 1 17 719 9
t 84 46 67 83 75 60 69 90 64 63 79 56
t 66 46 80 88 64 50 68 73 45 68 58 59
t 65 66 64 53 82 46 47 74 54 53 85 64
t 70 65 63 60 85 46 88 49 47 82 67 75
t 8 8 2 18 13 15 12 11 11 733 21 5
t 58 56 71 57 81 60 88 49 74 71 55 66
t 67 85 67 62 47 76 86 70 45 67 52 46
t 49 89 46 55 81 62 56 51 76 71 70 58
t 77 79 69 85 47 90 79 64 63 52 65 45
t 70 77 81 49 73 57 76 60 48 55 78 50
t 14 8 11 748 18 7 22 3 10 22 3 14
t 11 18 10 18 12 15 18 718 2 18 17 25
t 53 48 51 85 79 67 72 69 78 90 85 63
t 75 62 86 85 47 72 72 82 65 78 73 67
t 47 90 89 73 45 78 46 55 53 53 48 64
t 51 46 52 90 63 68 52 66 56 89 67 62
t 48 52 52 87 80 60 52 68 86 79 49 74
t 90 57 85 78 87 60 47 48 83 58 66 47
t 22 24 2 17 748 11 12 20 12 18 24 18
t 83 52 68 75 65 86 75 59 66 83 69 87
t 84 54 68 86 88 73 81 81 77 80 73 81
t 53 75 79 59 74 74 75 65 59 75 87 79
t 16 25 2 17 12 744 15 2 12 2 14 20
t 85 58 45 69 86 90 53 62 52 80 74 45
t 78 51 69 51 47 82 56 79 74 62 89 88
t 85 81 60 82 66 55 47 67 56 69 69 48
t 7 24 16 11 14 12 9 10 18 11 5 723
t 2 16 5 24 7 725 2 10 1 18 14 19
t 21 727 5 24 16 16 6 15 20 8 22 8
t 10 24 23 12 747 13 6 19 15 23 24 6
t 69 74 69 62 59 62 67 53 69 89 73 76
t 56 63 82 63 50 71 71 69 89 54 83 87
t 24 19 14 20 3 712 15 23 4 13 11 8
t 84 63 58 61 80 85 70 71 59 80 85 48
t 20 17 711 10 19 7 7 21 25 8 1 23
t 11 25 4 745 19 10 5 4 4 24 6 12
t 17 10 21 6 22 22 7 7 11 1 23 736
t 10 2 3 25 1 733 24 6 14 13 25 20
t 14 7 714 10 15 8 19 20 3 24 18 10
t 5 5 18 19 14 733 2 4 5 20 20 24
t 24 4 3 723 7 4 19 11 19 13 16 25
t 55 77 50 52 63 72 82 72 47 71 58 65
t 57 53 80 60 51 69 59 87 90 76 62 70
t 57 77 89 60 62 55 79 65 64 54 64 88
t 9 16 17 19 8 734 11 14 22 18 20 17
t 77 57 78 49 67 82 89 56 69 66 63 58
t 64 79 69 82 64 70 56 70 63 61 69 69
t 83 88 77 58 51 90 86 86 78 45 45 62
t 64 81 53 87 58 77 90 46 54 51 46 53
t 82 55 53 60 84 76 73 45 56 54 82 81
t 89 90 84 89 64 65 70 55 62 64 49 46
t 16 21 11 21 6 732 23 17 8 14 11 17
t 56 89 56 56 66 88 64 60 71 58 75 79
t 81 55 88 73 82 88 61 53 85 52 90 55
t 58 87 63 48 90 61 55 47 75 49 90 70
t 75 62 88 74 46 48 75 65 61 70 64 69
t 45 55 81 76 58 62 54 79 47 63 82 58
t 59 88 63 81 50 70 50 63 51 51 47 49
t 90 48 53 66 45 88 52 88 52 77 50 80
t 736 24 4 23 10 8 5 11 19 16 2 21
t 87 72 60 62 54 69 87 48 65 66 56 83
t 69 67 86 82 60 47 62 51 68 68 75 82
t 60 88 75 88 56 79 88 81 79 61 66 80
t 7 4 1 13 5 21 14 9 11 731 22 8
t 85 86 58 82 55 61 87 51 47 56 82 72
t 713 16 15 23 15 2 9 5 1 16 13 21
t 89 72 73 45 62 89 89 61 71 77 59 85
t 54 67 90 53 77 90 87 90 72 90 86 73
t 58 75 56 66 48 62 68 88 45 57 82 65
t 88 56 80 60 89 84 82 82 72 81 68 65
t 50 84 52 69 50 71 52 62 71 45 49 77
t 12 3 7 19 20 12 14 24 719 20 12 13
t 58 53 87 79 80 80 72 45 64 49 65 46
t 11 20 13 2 16 8 23 10 12 16 745 24
t 4 719 15 18 23 15 10 19 21 10 22 15
t 8 19 12 11 3 2 2 21 24 6 16 718
t 58 69 88 53 67 87 48 79 66 56 48 50
t 81 55 88 45 83 81 74 50 46 47 57 74
t 74 53 72 59 48 60 81 69 48 79 68 46
t 22 13 17 22 15 1 9 5 17 11 719 9
t 8 7 2 17 749 2 10 6 11 12 3 7
t 19 732 24 25 24 2 19 4 19 10 1 23
t 77 58 78 87 57 89 64 55 82 71 78 48
t 49 86 80 81 54 71 52 77 52 81 57 61
t 49 64 55 72 45 65 86 87 87 86 71 84
t 23 13 4 13 10 4 24 10 11 733 23 24
t 20 739 19 21 17 20 8 2 11 10 15 11
t 21 7 19 727 12 6 4 7 20 21 19 21
t 73 70 72 60 67 54 85 47 75 70 80 82
t 84 70 69 80 76 90 79 70 64 51 57 68
t 86 86 55 71 85 55 90 71 58 54 84 54
t 15 7 25 25 1 24 2 9 25 16 713 8
t 21 18 17 6 4 9 735 23 1 13 15 23
t 10 20 20 14 19 728 6 5 12 20 15 12
t 45 72 54 47 68 46 50 73 62 73 80 86
t 55 89 65 70 54 74 70 51 53 70 85 84
t 74 61 89 64 75 49 84 64 81 48 53 88
t 85 80 55 52 90 56 85 71 79 69 66 64
t 65 48 67 83 69 80 60 67 85 79 78 82
t 82 62 72 49 48 82 51 87 84 78 66 85
t 83 89 89 63 53 47 69 71 84 65 61 49
t 76 57 75 54 85 84 50 53 60 49 66 64
t 68 58 67 54 52 48 49 77 51 75 88 79
t 73 76 58 89 54 56 51 45 66 79 63 60
t 723 5 18 17 20 20 21 11 22 4 13 15
t 22 10 716 17 24 16 5 5 15 12 8 16
t 64 73 65 65 61 79 86 48 82 83 75 69
t 46 71 48 47 78 61 87 80 63 77 47 73
t 86 58 63 79 65 59 72 48 45 89 78 69
t 64 58 57 67 53 64 77 65 88 82 81 90
t 7 23 14 19 12 16 8 6 8 729 23 18
t 63 89 54 62 55 86 70 70 74 87 90 77
t 16 11 12 9 728 1 24 2 13 15 9 17
t 84 46 69 72 63 76 45 86 86 67 50 66
t 22 16 12 20 16 24 16 23 7 19 21 739
t 6 737 11 16 16 24 11 15 6 2 16 5
t 64 66 63 83 81 79 85 68 86 50 57 55
t 1 25 6 2 25 6 740 21 18 8 12 4
t 83 87 70 59 76 50 45 82 74 46 59 51
t 11 1 737 4 12 20 2 15 6 20 18 20
t 17 16 7 10 16 9 24 732 9 1 25 16
t 59 54 70 86 50 84 83 70 69 87 45 68
t 13 20 4 22 712 21 24 9 20 15 11 9
t 68 54 84 50 54 85 83 72 49 66 53 62
t 86 85 53 62 71 86 63 56 59 60 74 81
t 20 25 4 14 731 2 16 16 23 5 20 23
t 62 90 64 68 75 69 86 58 74 57 56 62
t 81 87 81 72 67 56 89 56 83 90 62 71
t 80 66 46 61 52 65 74 85 54 66 85 46
t 2 733 21 20 3 4 19 24 9 23 2 6
t 79 50 68 59 67 51 45 54 85 60 59 68
t 58 88 50 88 57 58 85 72 66 60 78 79
t 56 67 63 67 88 54 59 69 65 49 61 79
t 60 55 50 67 52 77 66 71 75 81 47 68
t 90 71 78 74 49 74 89 81 60 68 86 69
t 61 87 51 63 82 89 45 79 46 75 51 69
t 51 47 63 47 60 72 79 81 62 55 89 71
t 88 79 83 67 54 77 90 45 61 90 68 58
t 23 745 5 24 14 17 11 12 17 17 15 6
t 65 57 82 68 82 69 83 66 47 54 83 76
t 8 6 13 25 24 13 17 11 716 23 21 25
t 47 76 54 87 63 89 78 87 58 55 80 79
t 62 83 50 59 88 77 53 56 77 73 60 55
t 74 79 46 51 72 54 74 55 85 88 84 65
t 82 61 82 61 47 56 61 45 58 53 67 45
t 90 64 54 83 69 46 46 85 59 84 50 80
t 14 13 2 17 15 17 19 13 14 23 738 20
t 23 18 21 24 7 738 18 13 4 21 24 25
t 12 3 3 5 25 18 17 714 10 11 25 24
t 54 71 81 67 67 52 77 50 59 65 85 84
t 88 70 78 66 51 75 85 88 70 60 75 84
t 23 20 20 9 10 13 16 19 746 7 8 15
t 24 4 23 6 742 21 18 9 21 19 14 13
t 19 4 13 9 5 15 10 13 727 17 21 1
t 19 17 15 23 14 742 20 11 10 8 14 24
t 716 12 24 20 16 18 11 6 8 18 18 9
t 86 84 79 47 67 52 64 89 51 90 64 58
t 25 8 729 7 9 15 7 25 11 24 19 23
t 49 45 49 80 59 61 57 90 86 87 78 81
t 11 3 19 6 4 7 25 17 24 9 15 732
t 23 7 12 1 733 6 5 22 19 19 10 24
t 8 8 12 25 6 22 1 11 18 14 4 713
t 59 85 79 46 70 59 75 59 82 56 49 46
t 19 10 25 3 20 12 17 16 15 12 21 735
t 22 7 25 8 9 740 3 8 11 11 2 25
t 47 51 57 46 81 72 76 86 54 47 54 54
t 16 13 5 8 23 16 15 740 3 21 12 16
t 13 13 13 17 12 24 25 18 3 15 745 5
t 76 47 68 90 84 53 77 54 70 71 84 76
t 58 86 67 82 71 87 71 85 46 71 48 56
t 63 81 80 61 82 60 60 79 86 71 78 45
t 71 56 64 70 75 82 84 84 61 82 57 54
t 79 61 71 64 77 69 47 74 84 60 48 79
t 16 9 3 12 18 8 16 21 733 14 18 15
t 13 18 25 18 25 18 731 12 10 5 5 17
t 51 83 76 49 79 68 88 48 57 70 75 51
t 52 69 47 56 74 79 63 65 73 48 76 61
t 24 17 18 20 17 7 6 6 1 5 7 733
t 85 71 72 55 56 86 62 70 55 69 51 80
t 72 80 85 54 77 46 82 79 56 55 50 72
t 80 48 56 80 56 58 68 57 51 83 62 80
t 79 70 73 74 73 66 51 84 69 59 62 68
t 48 89 81 77 68 66 55 47 73 90 56 45
t 8 20 15 15 22 19 16 743 10 22 13 14
t 69 48 84 49 45 87 84 74 48 52 47 72
t 64 68 61 62 73 62 63 66 47 72 88 80
t 64 69 77 82 83 59 47 83 69 71 90 88
t 22 18 8 3 722 23 13 25 1 15 21 8
t 19 16 15 19 14 3 712 11 24 3 12 10
t 84 87 46 55 48 85 73 79 71 56 65 63
t 60 88 47 48 73 85 53 54 46 68 84 83
t 4 7 2 17 23 746 6 25 20 3 8 22
t 9 9 14 741 7 22 15 14 10 2 9 3
t 86 50 84 64 90 83 77 55 76 77 89 73
t 46 48 72 81 83 58 52 59 85 45 45 55
t 13 21 12 17 19 12 24 1 23 16 10 714
t 17 4 8 3 7 11 5 1 25 22 16 720
t 72 73 75 52 86 68 65 52 54 69 64 59
t 5 734 25 14 4 13 17 21 18 6 22 15
t 52 73 57 49 60 72 45 56 79 57 51 76
t 74 56 86 76 75 49 84 86 48 81 62 49
t 90 70 65 72 48 49 54 87 90 47 49 67
t 24 746 11 18 17 2 25 10 8 11 10 25
t 48 57 69 60 77 73 77 68 89 52 46 57
t 22 6 4 13 16 25 4 24 1 8 729 15
t 23 25 24 9 9 18 25 8 3 728 14 16
t 79 48 81 73 76 56 64 49 74 88 85 58
t 51 50 78 49 86 77 72 69 52 81 48 90
t 23 19 15 3 5 20 8 15 15 724 22 16
t 69 82 45 83 78 75 45 69 52 75 54 69
t 76 69 87 85 50 74 47 71 85 81 61 70
t 78 82 52 81 59 55 52 66 55 84 71 48
t 11 13 4 724 5 25 12 23 15 22 7 12
t 68 58 87 60 57 50 59 58 79 50 84 54
t 9 6 16 18 15 14 716 17 7 2 15 9
t 86 49 55 75 50 57 45 87 75 87 88 81
t 25 15 20 14 722 20 15 1 24 17 2 8
t 13 20 18 15 24 19 23 736 18 15 6 6
t 74 67 46 58 62 86 49 78 46 62 70 70
t 18 17 6 15 9 4 11 713 8 4 1 3
t 50 76 74 50 88 76 86 60 85 85 74 72
t 45 86 51 50 55 46 73 81 73 90 88 71
t 90 55 87 45 77 77 68 74 60 75 83 68
t 20 10 4 12 5 19 4 15 740 24 22 10
t 8 7 2 18 4 18 2 25 19 23 23 738
t 10 11 21 3 5 730 3 25 7 8 18 14
t 45 80 90 81 66 61 67 62 85 45 50 59
t 46 52 60 80 80 78 85 57 90 74 55 67
t 74 77 68 72 67 54 68 76 67 86 80 84
t 64 73 80 74 45 54 63 73 64 72 73 71
t 13 19 1 25 12 1 5 743 10 19 1 17
t 737 19 25 10 25 3 5 21 16 12 16 5
t 60 65 72 51 65 64 59 57 75 75 83 64
t 8 17 17 21 10 12 18 4 8 10 728 6
t 3 20 22 1 3 9 7 725 6 20 1 3
t 22 2 20 25 23 9 20 13 23 739 12 20
t 18 24 13 2 5 13 4 728 2 20 13 13
t 10 19 1 12 14 18 9 3 20 721 16 25
t 1 12 22 730 5 4 17 11 23 18 23 15
t 23 16 11 20 17 14 22 6 745 19 7 12
t 87 79 79 73 85 65 66 59 80 79 69 85
t 78 90 54 67 77 86 88 86 49 79 73 75
t 75 58 83 56 79 80 79 63 74 79 74 53
t 52 62 45 50 57 53 81 85 85 50 69 70
t 73 59 56 85 86 71 63 62 86 71 75 67
t 50 75 85 64 79 78 48 64 75 84 85 60
t 24 20 7 1 19 23 4 735 14 5 18 1
t 69 51 83 88 85 57 52 69 49 90 75 62
t 82 80 79 56 80 62 65 61 79 81 47 81
t 57 54 54 85 77 49 48 83 64 60 75 83
t 72 59 61 88 52 90 53 47 52 76 88 85
t 13 3 9 719 23 8 8 7 12 21 12 15
t 85 88 80 60 86 77 73 87 85 59 80 83
t 66 62 83 83 77 84 58 83 66 54 76 58
t 4 5 1 6 20 20 24 23 741 11 19 19
t 47 56 75 55 82 74 58 71 48 72 84 77
t 18 10 17 3 15 12 17 5 747 12 16 14
t 47 55 74 90 55 70 63 86 58 68 57 59
t 61 76 49 69 90 90 73 74 46 60 62 59
t 74 63 75 80 53 73 79 63 78 66 87 61
t 62 47 82 89 52 66 72 87 88 47 89 84
t 78 64 63 89 65 53 52 51 55 64 90 53
t 73 77 85 89 60 89 80 81 62 58 53 46
t 67 66 69 84 90 49 54 73 56 60 78 71
t 9 8 716 16 3 18 22 8 24 11 15 3
t 7 20 7 7 9 726 1 23 9 24 1 11
t 1 12 14 20 15 739 25 25 3 11 18 2
t 50 50 88 49 62 46 69 76 76 52 46 48
t 710 19 5 22 14 4 22 1 13 18 12 17
t 84 50 70 54 68 89 67 46 82 56 65 51
t 10 5 13 22 735 14 22 3 24 9 20 14
t 81 89 70 59 65 51 72 90 48 57 71 74
t 20 748 23 19 25 11 7 23 5 21 1 14
t 88 53 84 47 69 78 81 50 64 68 90 65
t 75 62 73 78 84 89 88 56 59 90 77 80
t 57 81 76 88 52 71 90 88 47 60 88 72
t 55 48 79 51 75 63 81 48 62 51 46 65
t 62 58 49 55 87 68 85 55 66 89 51 49
t 51 81 78 90 87 64 52 71 88 80 66 77
t 50 48 68 90 78 54 45 70 88 62 66 85
t 22 9 1 21 22 9 13 7 24 11 5 735
t 81 52 63 48 57 67 78 79 59 75 50 72
t 8 8 16 22 20 7 21 16 21 727 13 20
t 60 90 55 51 88 51 61 56 66 69 89 76
t 53 49 59 71 88 85 49 87 62 68 69 60
t 48 90 59 60 46 55 72 45 47 65 59 56
t 68 50 58 81 52 68 73 56 62 70 76 54
t 1 6 12 18 17 747 8 4 14 22 15 4
t 60 68 55 61 70 79 48 80 67 49 46 84
t 73 57 64 90 53 49 78 89 83 55 56 58
t 13 11 6 23 13 21 716 6 25 23 3 13
t 79 70 54 58 85 90 75 63 69 64 71 67
t 61 51 60 89 82 76 54 45 67 54 71 47
t 63 87 87 90 65 64 48 60 77 75 59 72
t 66 80 73 66 87 80 80 60 88 56 71 85
t 65 55 52 84 78 51 76 83 65 61 83 82
t 56 64 82 48 63 76 48 78 89 66 66 55
t 48 47 60 53 68 88 90 82 54 64 49 75
t 72 78 53 59 45 85 89 73 71 74 57 62
t 23 7 25 18 749 15 25 13 10 14 22 10
t 22 14 19 20 711 23 9 4 24 20 21 25
t 55 59 87 80 76 66 69 61 69 78 64 55
t 83 80 80 54 71 88 77 46 73 53 60 84
t 10 13 13 14 8 13 1 6 744 3 8 17
t 76 67 63 77 55 72 80 52 69 76 82 55
t 90 85 50 53 63 87 67 67 55 89 54 76
t 18 9 6 21 15 7 20 10 17 13 743 6
t 19 11 7 16 22 732 19 23 18 1 7 2
t 7 10 23 15 6 19 5 13 9 741 14 9
t 21 5 14 11 15 721 1 15 20 10 18 14
t 69 79 53 69 64 80 48 74 75 87 88 59
t 20 24 20 22 16 17 24 3 24 733 6 18
t 60 87 60 65 46 80 87 87 66 48 80 51
t 82 85 80 87 60 51 73 84 50 50 80 46
t 710 10 21 12 18 22 5 22 23 16 7 9
t 73 55 64 80 45 48 82 60 74 48 89 84
t 1 1 22 6 737 17 15 22 24 16 4 18
t 52 56 67 62 81 69 68 89 89 49 50 52
t 49 58 67 75 76 52 68 77 46 70 61 74
t 15 22 4 14 25 10 22 1 19 21 726 16
t 69 59 75 47 77 82 81 66 67 78 79 50
t 16 20 19 25 16 732 16 15 21 5 16 21
t 24 10 19 5 1 8 722 9 24 25 7 22
t 81 61 76 80 75 71 55 48 84 71 67 51
t 17 17 716 6 13 19 3 5 16 17 11 6
t 80 50 63 62 63 79 82 84 45 88 62 79
t 89 75 64 63 56 65 89 68 65 55 72 64
t 86 52 89 86 51 55 53 45 90 59 82 58
t 84 86 59 90 51 51 86 76 63 89 52 86
t 80 83 87 64 79 54 90 86 52 87 88 59
t 50 45 55 52 60 72 78 68 73 66 74 77
t 82 47 66 47 76 82 53 67 87 50 45 74
t 79 46 55 49 57 74 59 46 85 46 84 84
t 72 55 62 83 75 63 78 83 65 61 84 79
t 17 22 1 1 10 20 12 6 25 725 25 9
t 90 74 79 82 89 76 88 71 53 69 52 79
t 5 736 24 23 15 10 5 17 2 19 16 21
t 7 16 12 13 11 6 18 1 13 21 16 746
t 82 78 64 90 66 45 53 57 85 54 81 69
t 51 54 56 81 49 45 52 74 58 70 59 62
t 65 46 56 62 62 67 79 72 82 48 69 70
t 61 78 84 69 60 48 68 76 74 76 59 72
t 66 47 67 70 67 68 79 54 90 77 63 63
t 79 80 48 55 64 73 71 58 75 53 60 58
t 7 5 22 10 1 719 16 18 3 18 21 7
t 68 74 77 56 57 62 56 63 53 62 52 73
t 5 727 13 9 9 11 14 5 24 25 3 5
t 53 71 89 89 54 53 60 47 81 76 71 47
t 20 4 11 3 5 25 7 22 710 11 21 25
t 19 19 23 24 21 21 20 741 14 17 22 10
t 67 70 58 78 59 48 85 85 60 65 86 88
t 81 55 53 71 86 78 86 52 70 82 50 83
t 77 73 53 80 52 68 49 59 58 85 79 50
t 80 60 67 45 59 72 76 83 80 78 65 52
t 7 23 6 3 740 10 12 20 4 21 7 19
t 20 12 13 25 4 15 25 739 25 5 17 20
t 8 5 17 18 20 13 3 19 9 13 736 22
t 6 22 17 713 16 15 12 1 18 7 2 14
t 18 741 19 11 3 5 25 21 8 22 17 17
t 65 53 64 52 83 77 55 46 86 66 77 70
t 6 6 5 11 730 18 10 25 19 4 9 16
t 17 12 20 21 11 13 17 5 12 722 22 2
t 87 82 88 77 58 68 69 58 74 61 54 88
t 55 72 72 60 64 90 79 88 87 83 86 90
t 87 70 52 70 45 50 56 61 70 90 59 65
t 46 82 57 72 53 46 68 66 74 48 56 73
t 12 728 6 18 6 11 1 11 20 22 24 5
t 50 80 56 58 54 86 80 81 69 83 52 53
t 60 47 80 52 76 67 79 53 74 83 77 55
t 55 90 59 58 85 79 72 84 47 76 75 65
t 8 14 12 25 19 13 25 738 17 9 22 5
t 714 24 10 20 20 10 25 7 5 3 11 24
t 50 47 48 62 79 67 86 56 90 62 57 66
t 72 74 58 65 58 81 75 58 87 65 57 48
t 49 88 65 71 48 73 61 60 74 64 74 74
t 49 75 67 63 63 81 47 73 86 59 83 62
t 17 17 7 11 14 24 11 20 5 8 744 16
t 9 747 10 12 13 23 4 19 24 5 4 13
t 6 18 11 13 13 14 23 2 7 735 18 25
t 72 88 56 85 57 83 66 90 63 55 62 61
t 76 67 83 82 67 88 55 57 77 87 55 83
t 14 7 730 14 20 9 21 10 6 23 17 10
t 23 3 19 22 14 9 21 743 2 18 8 4
t 84 70 48 57 76 61 61 64 56 54 52 80
t 69 50 66 49 67 55 65 80 51 90 79 85
t 20 8 14 12 11 8 13 4 719 18 23 5
t 68 69 79 58 86 78 70 55 66 65 89 51
t 1 1 6 7 21 19 733 19 13 19 10 16
t 87 84 62 72 47 48 60 86 62 87 88 48
t 74 73 85 65 71 74 51 49 70 54 83 58
t 10 22 4 6 11 10 15 9 23 3 7 710
t 24 14 24 17 738 19 15 9 5 7 4 17
t 20 8 6 15 22 13 15 9 745 9 22 20
t 70 69 75 74 77 84 47 80 72 77 83 81
t 9 10 715 18 14 19 2 14 16 18 7 7
t 74 51 47 63 49 87 85 61 85 66 65 64
t 82 66 87 74 73 52 89 66 90 87 83 56
t 25 21 18 3 17 13 19 716 17 11 15 22
t 66 84 61 52 55 52 54 47 66 80 83 75
t 64 67 52 88 54 60 45 79 51 86 49 57
t 51 46 54 46 50 82 54 78 77 79 70 63
t 4 6 10 15 720 5 7 17 18 20 25 16
t 25 6 10 19 15 713 20 9 17 17 21 19
t 23 19 9 21 5 6 4 23 10 20 3 734
t 77 62 88 90 80 85 59 65 56 46 54 59
t 76 49 55 72 59 69 65 64 83 75 59 83
t 10 9 10 23 744 11 20 1 17 1 25 16
t 63 76 53 80 54 71 85 59 66 57 63 50
t 738 12 23 6 14 1 4 17 21 16 10 6
t 10 729 4 25 4 18 19 15 3 11 10 7
t 59 48 76 90 73 80 88 89 55 78 72 87
t 12 12 717 22 7 20 17 11 10 21 10 18
t 18 9 12 1 11 22 22 8 11 15 725 8
t 10 2 13 16 23 19 4 12 2 734 13 1
t 19 17 4 5 18 3 16 13 12 731 16 24
t 85 61 79 79 79 90 88 56 89 48 51 67
t 3 9 2 21 25 18 735 19 25 25 22 23
t 16 4 20 17 17 16 17 747 9 22 6 24
t 25 8 17 749 6 4 13 7 15 14 14 16
t 58 90 54 83 89 58 85 68 49 63 65 68
t 10 711 20 12 11 11 14 20 7 14 23 20
t 1 10 19 17 20 18 23 21 19 13 723 24
t 55 64 85 72 67 51 89 56 48 58 45 54
t 24 19 3 18 12 8 19 730 10 6 24 7
t 80 65 60 57 75 55 53 67 74 57 56 49
t 68 87 47 66 46 59 59 68 64 66 66 65
t 80 85 70 71 70 82 49 61 82 49 76 88
t 4 8 14 8 12 16 24 24 710 12 19 2
t 50 56 71 81 61 85 59 83 52 64 69 70
t 4 3 19 4 20 4 7 19 749 4 18 18
t 11 6 5 14 17 11 3 9 732 24 21 16
t 54 64 72 86 56 49 49 80 74 49 61 87
t 1 22 4 21 12 3 730 5 18 25 4 16
t 72 64 56 85 78 88 76 62 60 65 50 63
t 75 83 49 79 61 79 81 85 78 68 72 84
t 57 85 89 75 81 71 76 70 83 64 88 51
t 70 57 77 84 57 89 67 69 53 56 50 61
t 53 48 54 65 70 70 66 77 87 46 45 50
t 81 59 57 73 49 87 58 82 68 60 52 55
t 76 84 85 56 81 66 73 89 63 53 67 89
t 10 20 14 3 12 3 1 6 24 711 10 2
t 84 78 60 87 63 75 58 83 88 73 88 78
t 90 78 57 47 46 53 53 52 54 65 62 53
t 48 51 63 48 84 47 82 64 66 87 88 50
t 83 69 84 48 53 65 55 54 65 63 47 82
t 10 737 1 7 14 8 8 1 1 15 20 8
t 56 74 51 56 49 53 69 80 64 46 71 85
t 58 55 88 61 74 55 63 67 61 65 53 84
t 5 8 2 20 17 735 5 18 8 3 12 7
t 68 58 45 52 69 68 74 47 49 51 88 64
t 66 64 74 71 58 73 68 73 84 87 73 49
t 62 88 63 56 54 51 66 72 47 46 68 48
t 76 86 49 79 53 76 80 68 84 54 67 62
t 749 14 25 4 13 13 23 3 25 14 10 1
t 25 13 1 24 11 10 18 10 3 13 734 19
t 87 76 77 72 86 50 47 79 80 82 80 82
t 1 21 2 17 12 25 10 741 11 7 18 22
t 22 25 3 9 22 22 735 19 14 4 12 16
t 72 88 66 65 64 65 75 53 67 89 71 48
t 14 16 11 13 15 2 23 7 740 13 19 10
t 15 15 17 5 7 8 19 19 727 25 17 5
t 23 10 4 15 23 1 17 16 18 12 21 714
t 48 53 51 81 72 90 68 62 86 90 83 68
t 77 79 53 67 58 70 84 60 70 61 47 78
t 19 4 3 2 23 11 5 23 20 4 12 715
t 66 64 64 58 76 74 57 67 82 54 72 59
t 80 52 68 56 68 78 73 76 56 79 68 72
t 11 1 718 18 6 10 23 21 12 25 14 24
t 70 76 63 80 46 75 58 51 64 80 59 80
t 80 89 71 81 51 67 70 53 72 83 86 66
t 90 71 48 65 70 65 63 73 82 55 67 81
t 7 20 5 2 5 11 24 13 740 10 13 17
t 16 8 8 13 22 713 21 24 3 14 18 24
t 57 69 61 78 55 77 60 61 47 61 67 89
t 81 74 57 85 52 52 59 51 84 74 58 54
t 68 48 78 77 73 77 76 86 72 66 79 78
t 54 51 63 83 54 61 76 83 62 55 57 76
t 65 61 69 83 61 64 83 55 60 53 50 56
t 12 19 7 740 19 4 8 20 24 23 17 17
t 83 63 86 75 47 70 46 56 79 71 83 51
t 23 17 9 24 3 22 9 6 17 742 9 1
t 51 52 82 90 51 89 82 60 87 53 88 62
t 19 12 25 21 12 24 18 17 18 3 729 11
t 67 53 71 88 49 47 69 70 83 89 55 59
t 57 53 56 73 51 79 64 62 86 68 85 60
t 66 56 73 67 89 64 49 48 60 89 75 67
t 79 51 66 59 61 46 90 51 87 49 59 62
t 18 1 18 8 21 749 12 17 12 22 1 4
t 51 52 81 69 62 59 51 57 85 62 63 62
t 21 25 1 13 9 714 8 13 7 17 21 7
t 15 14 24 17 20 2 21 14 2 4 6 713
t 53 67 58 54 84 60 60 60 86 90 65 74
t 47 54 54 77 45 50 45 90 51 45 68 49
t 72 62 71 73 78 53 76 51 51 67 61 88
t 729 5 7 20 5 24 5 18 21 13 25 13
t 50 63 70 71 88 51 50 76 51 64 65 56
t 12 22 10 1 14 4 22 711 1 6 22 25
t 22 14 21 11 5 16 25 12 8 4 10 719
t 17 8 731 10 18 12 2 4 14 22 8 20
t 83 90 49 74 57 48 46 63 47 53 90 82
t 6 720 25 21 3 10 11 9 11 5 17 9
t 23 8 19 6 13 23 15 17 748 3 19 14
t 69 88 54 63 88 63 57 80 61 60 65 87
t 90 85 77 49 77 47 84 57 88 74 89 77
t 74 84 68 63 68 49 46 72 51 67 81 82
t 62 48 62 88 68 70 80 53 47 76 58 89
t 85 56 62 87 79 55 48 67 65 82 45 90
t 57 61 55 89 46 56 89 78 86 76 61 54
t 87 85 84 90 64 53 90 46 62 71 77 61
t 90 55 71 86 70 60 51 54 83 87 75 55
t 46 89 84 54 72 57 73 61 60 55 80 77
t 24 6 19 21 710 12 11 5 8 11 17 13
t 9 16 1 24 6 7 17 16 3 16 736 3
t 5 17 21 716 13 13 14 14 24 2 16 24
t 81 79 86 45 54 82 46 64 84 57 46 54
t 79 76 74 50 63 72 69 80 64 62 51 72
t 14 25 15 1 21 9 4 3 20 10 749 20
t 20 24 4 6 1 739 23 9 24 2 9 1
t 4 8 12 13 14 12 23 17 738 1 17 23
t 14 5 16 6 25 4 6 18 3 15 20 722
t 19 20 22 16 7 724 24 14 20 1 17 20
t 56 72 67 54 84 87 87 64 53 49 79 49
t 69 62 82 74 50 54 76 62 61 76 47 80
t 52 73 82 63 70 81 72 72 52 50 78 52
t 80 84 72 69 59 46 63 46 71 78 48 51
t 59 72 51 90 73 62 71 46 87 79 72 56
t 21 25 23 20 25 4 10 731 13 22 25 8
t 70 51 50 65 74 71 64 45 89 52 66 48
t 81 81 60 71 86 47 52 80 75 51 75 52
t 10 23 19 4 22 25 715 21 21 8 20 14
t 54 84 83 78 46 72 81 68 73 77 69 58
t 74 51 67 57 87 79 57 63 49 66 72 51
t 21 2 3 21 19 15 13 714 22 14 16 1
t 20 744 11 16 19 7 5 22 7 3 8 12
t 77 83 48 59 90 64 48 81 59 59 86 78
t 8 6 16 24 6 22 13 748 25 8 11 2
t 83 66 76 53 70 45 90 53 67 76 82 61
t 6 711 19 15 2 22 6 17 1 8 9 8
t 89 73 81 75 82 83 82 65 73 55 57 59
t 90 73 80 53 87 58 49 64 49 75 69 57
t 51 86 68 66 70 48 67 79 58 46 87 66
t 54 68 85 89 52 54 75 70 47 85 76 72
t 61 65 59 77 73 68 88 75 88 85 89 67
t 50 63 80 48 71 45 69 53 75 89 48 87
t 7 25 12 5 8 1 748 17 22 21 19 7
t 52 69 82 47 83 88 88 49 60 79 86 84
t 25 745 13 2 5 16 19 16 12 17 19 1
t 13 12 1 25 22 15 729 12 17 3 10 24
t 71 70 84 57 60 52 78 89 75 69 55 61
t 65 88 88 51 79 85 79 75 73 85 64 75
t 80 84 50 68 79 58 73 50 53 52 55 64
t 17 11 19 20 747 16 23 10 11 8 3 23
t 8 18 4 1 6 4 1 19 1 9 9 723
t 15 11 745 4 9 13 21 9 15 23 16 12
t 17 9 2 13 3 1 9 737 21 3 15 15
t 80 48 76 81 46 58 85 70 82 65 61 45
t 63 73 58 49 80 77 68 45 61 82 84 88
t 64 56 73 61 49 87 67 72 57 85 90 84
t 6 5 16 16 25 711 5 19 3 18 20 7
t 65 54 68 68 71 53 72 59 66 66 70 71
t 52 51 75 49 47 74 88 49 74 53 79 70
t 48 76 77 74 59 71 84 69 67 84 51 74
t 23 23 2 2 14 13 9 4 9 5 710 15
t 52 75 51 58 73 66 64 80 46 87 64 48
t 2 13 25 10 17 722 22 14 18 7 12 7
t 20 5 13 14 8 20 15 722 12 14 1 11
t 15 16 25 19 12 24 5 11 10 5 20 731
t 13 713 12 18 7 5 24 14 25 24 21 12
t 11 1 7 21 11 15 15 7 735 6 16 22
t 88 87 89 63 45 45 57 83 83 57 78 80
t 22 14 17 16 25 12 19 2 727 21 12 5
t 16 25 13 14 2 13 22 24 6 10 731 10
t 3 734 13 5 18 6 12 25 10 12 1 1
t 56 65 47 86 76 57 55 49 69 64 63 65
t 4 5 11 715 11 22 19 21 12 10 25 7
t 62 54 76 66 86 45 67 61 82 72 52 84
t 45 89 72 67 67 86 48 77 64 60 81 57
t 25 19 18 16 4 720 1 9 8 15 5 11
t 64 71 84 50 48 48 59 48 82 83 56 52
t 8 16 13 24 4 24 6 21 748 1 5 15
t 21 22 25 745 16 1 7 11 22 4 21 16
t 52 62 80 78 71 64 63 82 68 90 64 52
t 8 11 13 21 16 25 21 1 11 3 22 730
t 10 4 22 19 19 12 728 4 25 1 1 5
t 88 52 90 53 74 90 70 51 72 73 83 87
t 20 12 13 10 11 724 10 8 5 20 3 3
t 47 89 48 86 85 69 45 89 81 65 60 85
t 6 714 1 16 6 6 18 4 13 6 2 14
t 62 66 48 61 89 67 80 67 77 78 78 57
t 47 81 48 89 57 90 55 90 81 53 87 89
t 89 76 90 86 72 77 71 59 60 84 90 59
t 79 82 52 83 79 89 65 65 78 64 51 58
t 59 90 68 65 85 73 74 50 52 63 60 66
t 74 52 65 73 63 76 64 56 74 89 86 56
t 56 70 80 90 76 77 82 78 45 81 67 67
t 63 71 76 67 58 72 87 67 61 73 56 83
t 73 77 63 58 69 61 60 48 63 46 56 46
t 2 17 14 11 1 23 1 3 20 743 8 7
t 8 3 25 17 9 15 734 19 21 20 6 6
t 25 14 20 21 12 17 12 740 11 7 24 11
t 77 85 49 89 58 76 89 55 77 65 68 87
t 51 78 47 90 90 58 47 51 45 90 76 49
t 73 71 72 90 81 81 54 74 55 72 53 56
t 5 22 16 12 10 14 5 18 13 13 4 736
t 62 72 75 61 78 75 86 77 66 47 49 88
t 75 87 67 68 51 87 47 61 86 63 68 78
t 24 6 15 6 5 713 16 17 3 22 2 15
t 48 59 87 66 79 81 70 73 85 66 48 62
t 18 729 10 20 20 16 8 5 24 9 14 25
t 87 48 83 47 63 53 73 68 69 47 50 47
t 9 2 734 12 6 7 1 11 21 20 24 18
t 86 79 60 85 90 88 75 66 65 90 89 58
t 62 60 50 49 90 46 51 90 84 79 55 67
t 45 84 75 83 73 90 55 66 49 63 74 50
t 7 11 9 19 6 733 22 5 6 24 22 4
t 45 88 72 83 65 88 46 67 63 89 86 74
t 18 3 3 6 17 4 713 5 8 7 7 5
t 63 62 73 76 56 68 76 54 81 80 68 58
t 13 712 20 4 1 7 10 20 3 16 17 25
t 83 58 62 83 75 66 86 78 51 56 64 79
t 25 23 18 19 14 7 3 12 21 8 719 23
t 66 86 56 80 66 67 61 52 83 59 78 77
t 83 69 74 83 88 87 83 83 62 54 46 55
t 4 22 740 19 18 13 12 20 18 3 8 12
t 56 64 83 55 83 46 78 71 50 76 68 46
t 8 12 6 23 11 3 723 20 9 22 20 12
t 46 57 65 59 51 57 45 56 49 69 82 83
t 23 7 723 25 13 11 7 9 25 7 24 8
t 741 6 1 3 3 25 13 2 10 4 17 25
t 7 24 12 7 1 7 25 10 25 24 717 16
t 45 65 67 50 76 65 75 79 90 66 63 49
t 21 7 25 720 20 21 4 17 10 15 20 17
t 76 71 83 81 69 57 79 57 88 63 52 46
t 46 84 79 61 47 50 73 85 79 58 54 73
t 85 81 61 79 48 72 47 50 64 62 56 72
t 47 57 60 67 64 89 84 61 89 76 49 45
t 11 6 1 19 2 18 8 20 17 733 19 15
t 48 67 86 53 85 76 48 66 50 47 83 86
t 736 14 8 14 7 20 2 20 6 6 16 23
t 18 10 24 7 749 9 3 20 3 16 19 11
t 53 57 68 50 88 84 90 68 82 89 88 73
t 75 49 83 45 52 70 78 48 58 61 54 68
t 62 54 51 78 56 50 88 84 56 83 84 81
t 52 45 87 63 74 61 64 82 63 61 50 58
t 49 48 76 83 70 45 57 81 86 88 89 65
t 66 58 82 52 71 87 81 51 68 71 54 71
t 21 17 722 13 10 4 17 12 24 9 7 12
t 7 24 24 24 4 7 7 6 6 20 8 724
t 79 67 46 57 82 87 75 57 83 63 59 77
t 90 79 64 71 65 89 66 72 73 88 90 63
t 12 20 19 20 23 13 4 13 11 4 14 748
t 4 4 2 19 10 1 719 9 14 21 13 7
t 739 23 13 17 25 23 20 2 14 7 25 3
t 55 89 81 47 46 64 66 79 68 87 73 54
t 83 73 63 86 85 60 67 55 45 68 67 86
t 54 55 77 71 63 62 71 57 72 81 67 52
t 9 18 725 15 21 17 14 16 21 14 17 2
t 64 80 73 87 67 90 50 88 87 61 82 87
t 25 22 6 17 15 748 19 6 17 13 10 23
t 56 69 63 55 70 47 59 53 59 63 53 45
t 25 9 12 20 4 14 16 1 22 6 10 735
t 53 61 66 82 72 57 82 61 75 80 74 64
t 66 75 47 57 72 54 64 78 61 83 55 90
t 69 45 79 45 61 64 48 74 45 70 53 67
t 72 65 73 73 48 77 65 51 85 64 47 59
t 78 59 78 84 69 51 74 62 50 64 46 47
t 16 11 21 15 10 23 716 12 3 7 6 19
t 46 51 84 69 89 45 60 69 57 66 60 65
t 59 64 57 86 77 50 71 66 49 81 87 60
t 85 72 76 61 60 72 88 77 82 60 74 65
t 60 64 75 85 75 87 54 79 57 46 75 68
t 56 90 80 53 67 86 77 81 88 53 58 46
t 85 89 82 63 86 88 59 48 61 46 47 79
t 16 20 17 18 2 736 22 18 9 13 25 21
t 8 13 732 13 25 15 19 13 7 22 11 5
t 62 89 68 72 79 80 50 46 47 80 58 71
t 7 720 23 12 10 23 25 20 14 11 25 15
t 60 89 65 57 53 61 46 81 51 67 52 74
t 46 90 82 89 71 77 68 73 64 55 56 65
t 52 87 64 75 71 90 71 54 73 52 63 47
t 46 46 49 81 45 88 87 86 47 72 53 59
t 56 61 64 45 53 45 80 60 65 51 71 83
t 4 5 1 5 743 12 14 25 16 21 9 20
t 61 57 77 51 69 55 77 62 49 87 90 82
t 82 67 81 78 89 56 58 59 87 51 56 45
t 9 6 14 5 6 717 8 6 7 23 9 15
t 23 10 710 14 10 1 18 9 22 2 15 23
t 63 90 45 45 81 53 72 68 51 61 50 67
t 90 48 79 78 84 45 81 86 62 68 76 48
t 84 85 65 66 45 53 54 57 50 66 60 69
t 83 59 82 81 77 74 78 62 50 49 62 80
t 54 59 49 79 87 55 48 73 87 69 64 89
t 78 66 73 59 59 65 62 68 65 90 60 69
t 13 21 15 4 21 18 23 8 732 14 6 19
t 724 2 16 25 25 8 15 7 3 24 5 10
t 1 21 11 20 12 23 10 7 726 5 19 23
t 7 739 1 12 25 15 19 8 20 15 6 9
t 88 82 82 58 55 76 54 56 68 65 85 81
t 68 75 72 72 49 46 51 57 90 45 76 73
t 4 3 1 24 21 18 24 25 17 12 737 24
t 62 73 88 49 71 48 65 65 47 86 65 68
t 45 62 86 89 89 68 59 46 65 89 77 54
t 88 64 88 89 67 82 46 45 51 63 51 51
t 68 56 50 52 71 79 71 88 55 55 78 86
t 15 5 16 21 16 25 20 713 5 18 7 21
t 5 9 9 714 20 5 15 13 10 4 21 3
t 79 83 72 47 59 58 45 46 63 76 73 80
t 74 85 59 72 69 58 49 73 53 81 78 83
t 6 8 9 19 3 21 9 718 6 6 25 15
t 3 18 16 12 18 7 20 10 13 15 730 11
t 11 22 728 19 13 7 10 13 20 20 16 3
t 3 9 14 2 727 8 13 16 23 14 17 7
t 22 15 15 18 5 19 19 12 25 4 742 25
t 77 62 69 90 87 86 58 51 83 46 85 71
t 79 88 61 89 82 54 53 53 54 48 47 83
t 22 22 22 9 1 11 3 12 2 25 25 737
t 80 54 46 85 68 58 86 59 88 71 88 50
t 728 2 2 18 15 16 19 1 4 14 18 6
t 13 22 25 21 25 12 5 14 18 14 722 2
t 90 63 82 46 50 85 68 67 86 74 90 85
t 68 77 50 83 88 46 58 72 89 73 51 74
t 71 54 90 67 86 80 74 74 45 70 65 50
t 47 75 57 75 52 85 64 57 74 83 58 73
t 24 4 22 14 24 19 16 719 17 22 18 15
t 7 12 731 5 20 8 19 10 6 25 2 21
t 76 59 90 70 64 69 67 71 70 75 67 50
t 17 13 25 12 2 3 25 14 710 14 20 19
t 716 1 3 16 13 19 19 21 4 24 19 1
t 20 4 6 22 15 19 22 7 17 722 9 21
t 65 46 82 66 45 79 48 87 75 70 69 86
t 4 9 25 25 25 721 21 4 12 10 17 20
t 53 66 90 81 54 82 55 58 62 77 51 57
t 56 79 56 51 77 87 82 79 70 69 79 47
t 6 16 735 1 2 14 20 13 10 16 21 12
t 21 7 4 12 20 4 20 7 23 6 718 21
t 76 86 88 46 87 72 70 72 85 87 54 52
t 89 70 50 70 84 55 62 49 59 68 61 58
t 76 55 66 75 67 64 82 65 75 57 82 51
t 58 57 83 55 54 55 61 67 56 81 76 64
t 57 79 74 88 71 64 78 70 75 69 82 68
t 13 21 2 11 9 20 19 5 19 6 15 719
t 49 71 55 64 79 63 63 64 56 68 75 71
t 54 54 61 76 77 45 62 70 74 78 70 64
t 76 65 79 82 64 59 61 79 51 52 80 80
t 16 9 22 11 21 17 12 24 23 21 8 740
t 77 67 72 52 89 51 46 61 55 67 86 55
t 74 45 83 85 66 84 80 61 75 70 57 65
t 85 73 46 86 49 63 78 52 67 74 65 46
t 66 67 62 82 55 82 50 82 51 86 60 56
t 80 85 79 72 61 84 75 71 68 49 88 78
t 57 71 46 61 87 87 68 76 62 61 80 49
t 84 72 88 78 79 50 51 81 69 45 78 54
t 16 6 12 9 18 3 734 16 4 10 8 21
t 7 15 2 2 25 23 16 1 14 749 18 14
t 59 54 52 88 62 61 73 78 82 85 56 70
t 20 7 4 19 7 1 3 17 20 11 19 710
t 10 23 5 4 20 718 13 10 2 11 15 10
t 15 20 23 8 15 16 10 23 740 10 15 14
t 81 49 53 83 64 45 65 75 69 86 53 62
t 729 2 7 23 25 21 11 22 7 7 11 25
t 51 63 64 65 49 63 80 46 70 51 85 48
t 52 71 65 85 69 79 78 54 63 64 71 81
t 5 16 24 16 20 2 10 1 9 742 7 7
t 59 76 58 58 64 61 82 48 54 50 83 67
t 19 21 20 747 17 4 8 21 5 6 9 5
t 75 47 66 46 66 51 47 83 59 69 47 65
t 86 74 55 79 86 68 62 74 62 50 65 64
t 14 3 3 4 21 1 3 9 24 14 742 15
t 8 21 9 24 16 16 1 2 723 25 20 9
t 66 77 48 67 56 86 66 88 57 71 71 72
t 5 7 1 13 13 22 720 14 9 22 11 23
t 52 70 46 70 55 87 80 48 51 53 67 60
t 7 4 3 24 8 18 724 13 1 10 1 9
t 21 23 5 20 5 721 14 12 25 15 8 12
t 5 21 9 17 2 749 9 7 22 19 23 16
t 69 86 84 79 70 61 65 57 71 87 63 61
t 727 3 12 18 19 10 19 25 2 23 19 12
t 88 87 60 48 71 89 76 72 60 84 67 86
t 76 57 79 62 45 67 83 46 54 55 49 73
t 6 12 5 22 748 15 10 24 1 10 9 18
t 88 49 53 63 78 57 89 60 68 90 54 83
t 83 45 81 53 52 55 50 79 69 87 69 49
t 60 58 72 80 74 49 72 59 61 57 61 55
t 65 55 48 57 57 50 82 57 79 75 56 52
t 79 70 50 77 87 49 64 65 73 47 60 68
t 14 24 25 24 10 21 15 15 11 8 734 1
t 45 82 87 85 70 63 57 78 82 55 89 80
t 61 54 48 69 60 75 57 81 47 69 56 49
t 69 63 84 89 57 70 81 87 58 88 66 87
t 81 69 71 85 67 85 62 56 60 72 60 77
t 87 69 72 70 65 58 46 67 50 66 56 72
t 83 86 74 49 70 88 68 45 50 82 78 49
t 10 14 5 12 23 742 18 6 10 2 22 21
t 10 25 6 7 12 12 5 18 1 15 13 710
t 51 86 62 60 55 79 50 72 56 81 80 64
t 90 47 69 78 65 89 88 66 71 67 49 69
t 46 52 60 81 85 75 85 61 69 76 54 67
t 86 90 70 48 50 56 65 47 63 49 90 64
t 76 68 52 46 54 90 69 61 56 49 84 73
t 65 87 81 51 84 54 69 66 62 75 58 59
t 50 89 81 76 54 49 81 67 65 65 67 85
t 67 79 49 62 82 49 89 88 74 73 55 48
t 86 75 49 83 89 65 73 55 57 53 78 71
