cfg 8 4 600 70 70
step
mb
t 11 24 24 24 7 2 595 9
t 23 34 13 28 35 11 32 737
t 18 7 13 8 587 16 3 8
t 7 767 24 22 6 38 14 17
t 20 10 11 16 34 39 743 12
t 35 11 26 626 21 26 20 2
t 1 19 2 9 576 15 9 11
t 3 12 574 10 25 20 9 10
t 25 12 13 10 24 26 30 662
t 19 19 8 22 15 1 597 3
t 7 30 15 717 25 33 1 13
t 23 11 16 605 13 26 39 35
t 19 6 25 25 15 21 587 1
t 8 21 19 23 1 574 9 17
t 15 571 17 8 13 1 2 16
t 5 7 13 23 17 580 6 17
t 753 34 38 13 3 24 12 9
t 9 10 6 3 571 21 24 7
t 15 593 2 11 24 17 24 6
t 10 7 584 1 6 20 23 7
t 564 12 6 9 7 9 5 21
t 15 12 10 22 1 21 11 579
t 10 7 5 755 2 5 37 9
t 23 14 16 21 5 11 15 586
t 14 20 10 14 6 18 17 562
t 26 14 20 14 24 34 797 33
t 28 19 9 31 32 683 25 0
t 15 18 8 33 720 39 11 26
t 24 26 39 2 35 2 7 606
t 7 16 33 10 34 3 28 690
t 13 16 24 22 571 24 4 11
t 670 26 23 8 14 2 18 32
t 18 17 38 19 32 788 17 36
t 16 8 7 25 13 10 15 599
t 23 579 22 11 24 7 17 25
t 650 26 4 7 7 6 23 35
t 21 26 669 19 22 37 27 19
t 18 1 10 5 22 10 586 18
t 16 6 8 4 1 12 23 567
t 10 7 14 26 14 31 625 36
t 744 18 4 14 18 36 31 26
t 581 16 8 22 2 17 18 20
t 39 3 37 10 1 40 4 740
t 562 16 22 22 2 10 17 22
t 11 14 20 9 564 10 11 8
t 24 24 6 587 3 20 13 21
t 727 27 9 5 9 39 24 24
t 22 18 33 0 12 39 21 702
t 27 28 3 33 608 27 35 22
t 28 643 12 33 30 37 2 29
t 14 689 27 20 6 21 5 32
t 14 5 575 21 15 7 14 16
t 16 15 575 13 1 12 22 1
t 21 24 568 9 20 2 24 18
t 706 26 12 5 3 6 1 26
t 11 1 570 16 11 4 11 17
t 6 14 10 23 22 5 582 3
t 17 23 28 39 31 620 1 30
t 4 40 9 7 714 17 25 12
t 6 2 4 11 20 18 18 578
t 4 12 658 18 16 12 3 12
t 12 569 9 19 7 18 21 20
t 578 15 18 14 8 13 11 20
t 3 8 22 17 26 8 27 649
t 22 1 13 40 15 24 15 656
t 19 15 24 598 8 4 16 7
t 1 13 30 22 625 37 15 21
t 39 23 34 32 3 644 34 26
t 7 5 38 1 28 652 34 10
t 37 34 726 7 12 32 35 4
t 32 745 39 11 7 18 17 32
t 11 8 10 34 12 35 685 17
t 36 601 11 29 40 25 12 21
t 8 5 16 1 21 562 21 21
t 20 1 32 29 30 756 34 16
t 3 22 16 18 21 12 591 18
t 20 7 21 5 22 22 8 580
t 587 12 15 7 15 3 11 25
t 8 17 17 9 15 585 18 19
t 730 20 37 32 33 40 2 31
t 4 12 21 1 5 4 563 23
t 26 34 31 22 6 37 24 623
t 11 5 1 21 8 2 38 688
t 22 17 8 16 20 564 8 24
t 8 12 23 9 594 18 19 20
t 27 679 17 25 33 37 36 13
t 36 9 20 32 13 36 725 36
t 32 3 19 39 7 35 4 751
t 20 33 12 744 6 13 16 8
t 2 6 588 13 12 1 18 6
t 7 16 20 582 25 13 23 3
t 576 17 10 11 22 4 8 24
t 29 636 13 38 10 20 19 24
t 17 11 29 791 21 20 15 39
t 19 21 14 20 4 6 3 590
t 38 736 39 33 32 30 9 17
t 0 16 39 707 20 38 29 7
t 22 7 19 32 31 5 713 31
t 11 12 21 582 18 2 2 3
t 21 2 12 13 9 585 10 5
t 1 3 25 18 586 13 20 24
t 6 40 2 23 30 697 10 36
t 5 572 11 22 6 1 10 4
t 21 11 33 39 32 16 771 31
t 7 24 22 3 19 578 19 24
t 23 36 703 18 3 36 0 26
t 2 30 629 35 30 14 26 35
t 5 17 578 8 17 15 13 16
t 25 18 562 25 8 13 17 24
t 4 6 22 592 23 7 21 8
t 9 20 10 580 3 20 13 8
t 16 16 17 19 14 10 10 577
t 17 22 17 20 774 25 4 11
t 0 23 767 24 21 24 17 31
t 726 31 33 32 29 4 9 11
t 35 18 24 22 24 772 14 32
t 22 9 0 31 33 0 766 31
t 8 23 590 23 17 19 22 7
t 9 667 33 5 22 15 24 19
t 7 20 23 560 4 2 24 21
t 21 6 12 20 6 591 8 5
t 13 12 2 3 20 9 18 575
t 12 0 32 600 8 29 30 9
t 599 13 15 19 21 14 16 8
t 20 13 578 21 17 4 3 20
t 22 22 33 602 33 31 14 6
t 7 581 9 21 5 12 9 20
t 10 571 19 10 5 16 11 8
t 13 584 7 6 11 24 11 4
t 3 1 7 780 16 15 35 11
t 13 12 21 578 18 4 20 23
t 574 16 20 15 3 4 17 23
t 25 652 40 6 18 1 2 32
t 0 25 30 13 2 36 686 30
t 13 24 27 24 13 743 21 28
t 593 22 4 16 22 4 10 24
t 16 12 16 714 14 14 13 34
t 765 14 14 5 14 3 38 31
t 22 20 579 16 6 23 21 14
t 19 16 9 22 571 11 8 5
t 9 38 28 781 22 12 10 16
t 27 695 9 12 35 30 34 2
t 8 9 577 14 14 3 21 8
t 9 6 23 589 13 10 6 7
t 13 20 3 4 580 15 18 23
t 3 25 9 594 25 13 18 19
t 660 14 33 12 0 6 33 24
t 2 5 21 24 9 7 571 24
t 2 15 760 32 32 13 8 11
t 9 0 15 2 651 17 30 27
t 16 15 24 2 564 15 22 8
t 19 20 23 21 720 38 10 15
t 4 25 584 13 20 5 17 4
t 568 12 22 2 9 5 4 7
t 19 584 9 15 9 7 18 8
t 4 20 6 23 22 583 1 12
t 15 37 4 602 29 8 39 15
t 13 9 20 573 12 11 17 5
t 17 25 3 570 4 21 1 15
t 9 18 575 6 20 9 9 19
t 12 22 5 25 4 16 23 597
t 23 4 3 8 573 23 9 17
t 10 644 33 32 22 3 11 6
t 35 20 37 6 771 4 23 18
t 6 15 12 590 20 4 14 14
t 23 15 25 563 25 10 11 3
t 613 7 34 4 14 26 33 39
t 580 11 12 6 14 13 10 13
t 20 0 10 22 6 20 797 29
t 25 15 4 25 18 5 566 9
t 19 13 711 5 7 6 23 15
t 21 6 14 0 3 40 735 9
t 12 4 14 4 576 10 24 7
t 34 21 40 20 29 604 2 24
t 21 7 22 18 1 560 14 12
t 583 7 10 16 17 2 11 20
t 12 28 3 27 3 30 8 740
t 10 36 768 19 15 6 8 18
t 577 4 8 24 22 4 16 5
t 3 8 574 17 11 4 23 8
t 8 1 4 28 18 35 27 713
t 26 28 16 4 11 17 19 612
t 17 10 580 9 19 12 8 19
t 11 583 14 17 18 17 16 16
t 30 38 630 14 36 3 21 26
t 14 565 3 1 11 3 22 14
t 13 7 745 2 1 37 2 37
t 35 779 25 29 17 16 32 36
t 11 28 17 17 799 16 21 28
t 13 20 24 4 10 11 24 587
t 8 23 587 3 12 5 19 9
t 601 9 12 11 16 24 11 19
t 16 6 10 19 594 14 17 24
t 0 30 38 7 4 17 27 739
t 1 10 14 594 10 4 20 2
t 20 23 582 3 4 11 3 20
t 18 13 2 599 24 10 3 9
t 20 3 12 40 15 32 23 750
t 19 38 18 25 20 753 23 30
t 20 24 5 29 13 22 33 644
t 10 2 0 20 1 39 798 20
t 598 12 7 8 1 9 15 25
t 9 40 40 21 4 9 36 718
t 1 12 25 22 21 571 22 2
t 19 7 32 27 38 28 2 782
t 25 22 590 18 14 14 17 18
t 16 22 21 7 22 21 2 570
t 16 23 3 24 6 18 18 579
t 3 16 24 594 11 15 14 12
t 7 17 25 598 3 25 19 8
t 585 5 19 10 5 19 8 5
t 20 588 3 23 16 20 18 19
t 20 33 657 21 32 40 10 23
t 566 5 11 4 9 9 9 10
t 25 6 24 19 22 13 593 14
t 672 19 23 27 1 8 4 34
t 579 21 13 23 14 20 10 17
t 560 4 25 2 24 14 13 5
t 29 640 38 13 8 1 29 3
t 27 12 16 0 4 11 655 25
t 7 19 11 18 24 9 564 5
t 6 25 568 11 10 21 13 12
t 17 39 714 10 32 10 18 16
t 2 777 25 26 21 20 39 31
t 15 9 10 21 20 20 24 597
t 15 24 33 26 31 31 763 9
t 11 15 14 598 6 14 3 24
t 23 24 22 569 10 4 24 17
t 19 25 8 591 13 1 14 25
t 11 7 5 576 19 18 21 1
t 2 24 12 14 22 19 13 593
t 1 729 13 8 16 11 32 25
t 22 641 15 14 34 4 11 14
t 1 790 14 5 4 35 27 31
t 3 25 14 27 610 30 39 39
t 18 1 8 15 5 571 19 5
t 19 17 8 11 18 560 21 21
t 25 23 24 18 778 33 31 27
t 34 1 799 5 30 7 38 3
t 22 19 3 7 30 21 4 782
t 23 6 736 38 25 2 38 26
t 565 9 14 11 23 3 20 2
t 13 19 10 22 23 19 565 19
t 19 2 1 19 25 11 14 561
t 25 33 22 36 5 1 610 40
t 14 19 5 10 7 25 20 565
t 25 21 16 13 25 2 4 560
t 32 765 18 40 38 16 0 39
t 579 25 22 23 18 3 7 22
t 2 35 732 31 5 22 25 0
t 18 3 583 16 17 7 5 1
t 1 13 21 11 15 18 592 8
t 783 9 36 33 40 5 18 33
t 16 1 25 4 1 21 6 599
t 36 28 9 2 30 23 627 22
t 16 20 8 11 19 567 11 14
t 19 36 21 40 17 9 31 748
t 567 13 23 25 6 4 12 15
t 37 29 38 8 24 36 780 25
t 14 12 20 617 24 13 34 21
t 14 575 21 9 21 21 1 18
t 587 4 24 12 22 18 23 1
t 17 1 9 13 594 3 11 20
t 22 1 6 577 18 4 9 4
t 23 9 19 23 583 17 22 1
t 37 2 22 38 25 16 38 756
t 22 14 17 585 7 7 1 25
t 6 13 13 11 594 14 24 6
t 36 4 22 0 22 35 721 14
t 21 35 15 671 26 31 40 24
t 26 13 39 27 12 15 19 658
t 7 26 32 40 26 40 793 31
t 1 9 667 26 15 19 35 29
t 585 17 11 19 5 6 9 14
t 30 2 16 700 3 3 28 26
t 23 5 18 4 23 579 22 10
t 16 6 6 25 15 14 563 24
t 7 14 581 21 11 1 25 14
t 15 39 1 18 17 15 28 728
t 726 0 38 19 23 6 25 9
t 12 7 5 29 760 2 16 15
t 11 40 690 17 1 9 10 20
t 22 583 18 13 5 18 18 9
t 10 1 1 22 9 574 7 6
t 561 24 23 8 21 11 13 13
t 21 17 7 10 10 574 21 6
t 5 9 12 561 11 11 11 7
t 1 1 10 2 1 15 566 7
t 24 24 29 30 36 33 10 603
t 18 10 14 6 8 5 592 18
t 12 643 18 33 26 11 4 5
t 32 17 16 20 13 15 702 34
t 24 4 25 573 13 11 19 15
t 21 6 15 4 9 13 17 597
t 0 26 785 17 11 34 28 38
t 25 25 11 17 8 12 592 8
t 37 769 36 36 16 0 22 15
t 3 24 21 10 584 10 12 13
t 6 7 6 5 7 17 8 592
t 39 32 28 3 19 19 760 34
t 11 9 19 24 22 589 1 12
t 3 15 5 20 22 615 21 28
t 24 19 11 20 13 11 565 9
t 4 584 18 16 5 25 13 19
t 7 16 580 16 12 14 7 15
t 9 572 11 6 5 8 1 18
t 40 37 19 741 26 7 13 18
t 25 14 23 25 12 10 571 25
t 1 25 15 592 9 22 10 18
t 20 22 17 24 19 565 7 3
t 6 4 7 19 33 35 13 684
t 5 27 17 29 23 684 20 32
t 17 4 17 4 2 14 2 585
t 10 670 9 32 0 0 40 10
t 12 16 10 19 8 592 20 8
t 34 39 28 5 677 21 18 27
t 32 9 15 30 29 21 738 38
t 9 23 24 560 16 11 22 21
t 15 18 9 10 25 33 731 31
t 26 39 22 40 3 13 13 625
t 2 2 27 35 28 21 715 17
t 9 702 35 9 37 26 32 10
t 7 587 4 2 22 6 15 11
t 20 9 20 7 14 14 569 13
t 25 18 27 11 22 34 25 768
t 1 6 23 3 15 577 4 10
t 668 3 3 5 22 9 10 4
t 7 40 787 10 20 19 37 30
t 25 24 10 21 13 24 591 1
t 14 4 5 3 22 9 588 21
t 11 584 24 13 24 15 2 9
t 23 570 9 19 23 25 16 1
t 13 17 20 8 17 22 593 22
t 7 16 4 18 18 578 12 7
t 9 3 17 1 587 16 21 4
t 10 5 5 4 4 586 5 12
t 1 36 29 37 4 39 13 678
t 12 22 11 23 21 1 703 33
t 37 686 5 17 10 31 39 39
t 16 587 14 23 8 16 6 5
t 20 19 18 596 20 21 25 3
t 14 40 746 1 16 24 27 25
t 9 581 1 11 1 20 13 8
t 698 16 29 3 24 28 8 26
t 4 5 24 16 9 564 20 4
t 33 30 35 14 37 14 625 10
t 8 14 570 5 16 24 22 2
t 4 6 10 14 21 12 587 6
t 16 575 22 14 11 20 1 9
t 11 24 13 14 2 5 1 562
t 24 4 669 1 20 5 1 17
t 27 26 2 10 28 738 25 21
t 26 6 36 39 3 39 35 717
t 35 28 739 31 20 18 23 8
t 10 10 22 8 7 583 9 19
t 23 3 6 18 23 9 7 590
t 9 15 24 561 7 18 14 4
t 16 11 25 615 23 3 36 2
t 25 0 18 17 764 12 36 1
t 11 33 22 39 19 643 29 29
t 16 22 17 565 18 17 6 19
t 14 24 560 13 15 21 1 21
t 14 9 7 4 6 23 560 14
t 12 24 12 570 22 12 15 13
t 13 2 33 4 17 39 10 606
t 608 30 23 16 29 29 25 37
t 22 23 586 2 19 3 22 10
t 669 30 21 30 14 29 39 39
t 598 22 23 13 10 12 17 9
t 16 7 619 17 16 4 21 32
t 13 2 10 5 24 587 18 22
t 25 587 4 12 22 11 13 12
t 3 21 5 1 592 20 4 13
t 13 6 563 15 4 24 17 22
t 7 8 2 19 19 18 20 585
t 6 7 560 11 6 16 4 20
t 16 587 23 17 5 22 12 15
t 34 633 21 18 24 25 18 0
t 2 11 4 14 581 25 8 6
t 3 5 5 13 7 686 23 4
t 1 1 579 15 11 4 20 6
t 560 19 7 21 17 23 21 23
t 19 13 594 25 8 2 17 7
t 22 12 576 3 4 14 2 2
t 7 10 6 10 10 7 6 572
t 4 691 12 28 25 0 38 23
t 586 6 8 17 16 6 4 4
t 18 19 24 16 21 24 13 574
t 22 21 16 17 17 10 2 597
t 18 20 9 21 20 562 5 18
t 6 2 8 25 15 567 24 21
t 5 38 657 4 29 10 3 8
t 11 678 20 7 30 28 38 19
t 10 15 8 11 585 19 22 19
t 17 8 5 6 576 5 20 12
t 23 17 17 16 11 16 576 25
t 685 4 30 21 13 25 28 25
t 10 1 5 598 4 20 18 17
t 1 2 8 581 18 8 12 6
t 14 21 10 15 15 589 2 9
t 6 23 585 13 14 16 2 19
t 17 608 26 37 0 36 34 5
t 740 29 0 3 33 4 16 32
t 26 40 4 3 16 22 664 25
t 16 17 21 22 19 18 4 595
t 14 27 9 28 2 727 39 39
t 567 7 15 1 10 23 19 20
t 7 36 35 6 37 636 36 3
t 23 20 13 9 18 10 9 579
t 40 40 6 40 22 24 735 11
t 4 577 20 20 17 3 1 5
t 7 23 6 564 22 24 19 7
t 9 12 778 9 29 33 31 15
t 594 24 17 9 10 14 8 10
t 33 34 21 21 19 793 34 14
t 14 589 16 22 10 5 18 23
t 14 6 561 16 7 11 25 6
t 18 1 12 8 11 4 24 585
t 9 40 633 24 22 31 18 35
t 37 38 31 19 25 25 17 614
t 18 22 3 23 589 13 5 9
t 9 8 22 576 11 18 2 19
t 16 19 25 10 12 572 7 17
t 13 25 20 17 569 25 20 19
t 37 16 2 39 695 12 9 2
t 20 15 20 21 591 11 5 10
t 4 596 14 20 11 15 18 20
t 618 25 15 10 1 3 2 38
t 8 25 3 25 11 3 599 10
t 21 6 15 13 22 8 590 9
t 581 15 12 23 2 21 1 7
t 768 9 14 39 26 11 25 24
t 3 800 5 17 32 38 2 37
t 9 13 25 3 25 7 789 23
t 16 3 11 2 15 576 23 18
t 10 15 6 590 12 8 18 15
t 16 10 21 15 24 8 7 570
t 13 15 36 40 753 9 18 39
t 35 24 4 33 16 734 23 8
t 12 10 18 570 1 16 11 14
t 11 13 22 596 19 16 11 14
t 574 16 6 9 15 15 2 20
t 591 6 2 5 17 21 23 24
t 34 25 28 3 33 18 28 747
t 14 566 16 7 3 14 18 1
t 20 18 11 25 23 20 568 2
t 9 27 35 693 40 3 31 7
t 601 18 33 26 36 18 2 19
t 26 11 0 15 3 1 627 26
t 15 11 576 3 10 15 22 5
t 0 32 19 658 2 19 18 8
t 21 718 10 32 6 23 26 23
t 16 7 3 561 10 17 5 25
t 16 10 14 2 16 8 23 587
t 10 564 8 16 12 10 16 14
t 3 563 22 13 25 14 23 4
t 39 36 32 636 31 13 36 14
t 8 36 28 5 17 32 13 741
t 15 32 29 33 35 32 13 601
t 5 13 12 20 17 14 566 21
t 12 18 20 588 11 4 3 23
t 5 8 582 5 18 18 2 9
t 11 28 26 15 690 40 15 29
t 785 6 27 29 35 17 34 33
t 8 17 36 37 610 13 4 35
t 7 34 24 24 37 36 622 9
t 14 1 594 17 1 12 18 1
t 8 16 13 10 19 17 12 580
t 22 583 14 24 6 3 7 24
t 696 4 33 36 25 34 14 39
t 3 16 23 15 18 561 10 15
t 6 24 19 567 2 24 3 19
t 36 29 0 27 604 31 19 39
t 4 26 15 14 2 699 17 37
t 19 16 1 24 24 574 23 3
t 25 4 10 10 18 4 22 591
t 7 22 37 39 601 10 2 17
t 24 29 23 24 635 36 10 16
t 13 16 20 560 6 22 12 17
t 4 5 17 7 564 14 17 24
t 14 25 25 10 20 15 564 12
t 19 9 19 22 584 13 16 13
t 10 560 6 25 19 23 3 6
t 4 1 19 563 15 2 20 7
t 19 25 11 11 600 31 35 32
t 13 12 30 19 25 789 6 17
t 18 3 20 23 18 4 585 20
t 38 19 10 38 19 12 610 1
t 15 14 14 584 6 5 4 2
t 10 597 21 20 6 8 12 1
t 591 12 24 17 23 22 12 2
t 628 7 40 5 4 22 38 27
t 19 4 31 5 14 34 753 14
t 39 12 40 6 758 9 1 20
t 572 14 17 18 10 21 23 2
t 580 20 14 8 14 21 20 4
t 777 20 23 26 11 29 4 20
t 21 25 15 3 25 568 18 22
t 25 564 9 23 11 5 23 3
t 33 744 15 37 21 37 19 23
t 22 21 1 14 9 6 25 741
t 8 23 6 13 587 21 15 8
t 11 12 7 16 24 6 22 583
t 800 20 5 10 20 13 37 0
t 572 23 11 9 20 3 17 7
t 6 23 778 20 7 15 15 16
t 0 0 9 20 27 13 620 36
t 10 19 14 11 16 1 599 23
t 12 25 25 2 562 21 7 5
t 5 749 9 25 20 30 35 35
t 22 1 3 585 23 17 10 2
t 15 11 2 11 17 590 10 4
t 6 25 7 7 590 24 24 24
t 13 20 13 21 572 6 10 14
t 4 17 15 6 29 783 18 12
t 16 22 9 577 22 1 14 18
t 2 9 568 7 22 10 23 1
t 22 12 1 5 9 568 5 10
t 2 638 26 2 4 37 38 3
t 21 21 18 17 5 15 11 588
t 30 28 1 784 4 2 13 7
t 21 3 11 19 22 12 581 7
t 35 9 13 18 7 2 662 34
t 7 16 8 12 24 580 8 12
t 6 596 16 9 22 15 12 22
t 2 17 21 14 5 618 15 25
t 34 4 15 18 36 651 12 33
t 14 38 4 37 0 10 19 647
t 705 35 28 18 30 40 6 22
t 9 17 577 3 15 18 12 19
t 2 9 7 24 8 19 579 9
t 3 18 4 8 15 6 12 580
t 16 1 22 9 585 9 2 20
t 24 40 21 7 25 10 10 771
t 12 27 13 758 22 15 3 32
t 15 22 32 32 644 12 12 35
t 0 663 14 13 23 19 26 22
t 23 12 11 11 575 13 21 13
t 13 579 25 7 15 3 3 16
t 17 15 677 35 21 3 35 15
t 5 17 578 21 15 5 3 23
t 22 7 20 561 2 19 20 19
t 22 22 564 17 10 10 5 11
t 6 19 11 25 24 21 562 12
t 1 15 24 593 12 1 19 15
t 5 14 597 1 25 2 17 15
t 31 38 14 19 731 39 40 36
t 21 594 12 4 13 9 13 22
t 14 10 11 7 4 568 16 17
t 12 16 22 7 14 589 14 11
t 1 14 774 38 7 35 32 8
t 574 5 3 4 23 21 19 7
t 23 16 563 14 8 2 11 5
t 11 7 13 22 565 24 22 19
t 29 0 11 749 5 27 26 25
t 3 2 4 732 35 29 35 9
t 8 1 668 11 11 2 15 23
t 22 21 21 4 565 18 23 19
t 11 18 594 5 13 23 25 9
t 9 8 25 25 17 573 15 12
t 724 34 22 4 5 25 28 29
t 21 15 16 23 2 24 18 591
t 32 635 14 12 12 9 31 16
t 6 39 680 39 28 9 29 25
t 6 15 13 1 27 25 10 681
t 14 10 15 23 587 1 2 6
t 10 36 602 14 23 20 13 35
t 23 24 10 579 22 11 19 17
t 25 21 20 12 10 576 23 10
t 32 39 7 31 34 36 685 11
t 38 0 30 11 10 6 703 14
t 22 14 0 29 614 12 9 15
t 576 20 24 8 23 22 19 13
t 591 15 23 10 19 13 25 10
t 32 19 38 30 25 29 695 16
t 35 20 0 37 20 8 38 702
t 731 0 9 6 19 30 10 11
t 1 24 16 20 599 22 21 20
t 17 13 12 4 29 8 1 721
t 20 11 14 12 563 23 6 15
t 25 1 23 20 12 586 2 25
t 3 27 35 0 5 16 33 718
t 590 10 12 7 21 7 18 14
t 25 3 3 39 3 34 29 673
t 797 34 5 29 17 13 21 14
t 23 14 21 14 2 800 39 33
t 23 13 565 10 15 14 15 18
t 602 12 34 7 3 0 40 13
t 7 23 10 609 3 16 24 6
t 17 681 28 34 14 11 8 38
t 20 4 16 16 3 4 2 572
t 21 26 18 8 33 26 624 13
t 25 11 30 17 10 793 10 13
t 9 11 14 585 10 4 13 3
t 15 23 3 21 10 562 11 25
t 15 8 8 4 13 585 9 3
t 9 31 3 27 40 3 648 6
t 1 4 21 9 25 12 16 599
t 17 18 22 13 6 569 2 25
t 29 612 3 18 7 19 20 8
t 40 11 765 5 2 36 32 20
t 588 13 6 22 17 14 19 20
t 2 17 561 10 12 11 14 14
t 713 2 8 35 13 18 35 14
t 15 12 23 584 24 16 18 2
t 573 19 23 4 4 12 10 4
t 31 40 688 34 25 8 8 13
t 39 5 34 23 17 35 689 0
t 22 19 5 1 21 23 596 15
t 15 594 22 20 22 15 24 19
t 24 8 0 10 30 2 695 28
t 760 1 3 28 16 34 29 7
t 25 12 7 24 589 9 11 24
t 25 18 13 31 29 657 2 14
t 17 7 16 9 14 40 18 763
t 23 8 11 13 16 1 595 17
t 593 21 6 21 5 9 11 6
t 693 38 20 33 11 40 30 27
t 9 19 9 24 10 569 17 8
t 12 16 5 592 13 15 17 11
t 1 17 37 40 733 6 27 31
t 25 23 597 4 15 5 25 6
t 38 751 18 24 0 34 8 9
t 10 6 587 21 5 11 25 24
t 7 23 16 6 22 15 571 3
t 14 2 8 21 15 15 14 578
t 7 581 11 3 22 19 22 18
t 582 15 22 5 7 1 3 14
t 3 25 567 22 15 25 5 24
t 21 14 16 20 563 6 18 3
t 11 10 11 18 755 1 38 20
t 24 589 14 21 6 6 1 17
t 20 32 32 24 31 23 38 791
t 6 25 18 4 9 15 569 21
t 705 29 11 20 31 11 7 22
t 6 5 20 7 595 4 7 16
t 2 789 25 7 26 19 19 37
t 15 38 35 14 34 6 706 18
t 575 10 22 21 14 12 11 17
t 36 30 13 5 16 5 771 10
t 565 12 16 24 21 13 24 11
t 16 6 18 9 11 14 578 19
t 10 12 14 12 12 575 11 17
t 4 9 15 7 563 22 16 16
t 13 23 2 24 22 4 563 22
t 17 594 25 1 14 24 7 3
t 18 20 19 12 23 585 3 15
t 1 19 4 20 12 562 11 10
t 5 14 8 23 25 576 18 13
t 572 2 13 17 6 8 20 8
t 19 8 9 14 17 573 19 22
t 28 24 37 34 37 7 34 738
t 30 28 15 740 29 34 32 14
t 15 18 17 17 12 6 579 14
t 35 32 11 642 2 28 32 1
t 36 10 28 32 685 36 30 11
t 15 573 24 8 14 24 20 3
t 13 3 615 29 24 2 34 34
t 1 32 2 17 31 762 37 38
t 18 15 679 37 7 29 30 30
t 1 14 575 10 5 8 22 17
t 6 24 632 6 24 17 14 20
t 22 585 4 10 25 5 14 1
t 14 33 12 17 13 11 12 710
t 33 28 34 35 34 723 17 5
t 566 12 2 6 21 23 9 15
t 1 3 21 19 21 7 1 592
t 1 9 10 5 22 567 21 13
t 19 6 10 22 577 21 3 7
t 6 22 796 35 21 29 29 28
t 26 9 31 22 13 12 30 708
t 578 14 3 2 14 24 12 2
t 13 5 22 23 572 2 24 4
t 40 40 35 797 6 40 25 18
t 15 38 33 622 37 24 1 24
t 11 36 40 36 32 18 37 644
t 566 14 12 7 20 18 9 1
t 25 4 20 595 14 24 25 9
t 588 22 22 23 4 2 5 6
t 18 16 9 17 39 38 673 5
t 2 21 9 572 11 8 6 24
t 16 34 751 21 29 40 39 22
t 6 14 618 2 19 24 33 0
t 5 22 13 20 597 21 8 20
t 39 8 21 38 31 22 13 791
t 24 18 12 572 7 8 10 23
t 1 3 17 22 2 3 16 570
t 17 6 598 13 17 14 14 2
t 28 0 33 10 656 14 5 38
t 592 6 18 7 16 4 3 6
t 37 5 35 7 23 19 5 740
t 21 579 5 6 12 12 7 11
t 16 571 2 7 25 22 3 7
t 25 33 18 29 628 34 15 18
t 572 20 22 11 13 16 2 4
t 20 10 17 11 16 18 21 572
t 31 11 28 14 703 36 10 24
t 10 9 4 1 583 9 6 12
t 20 12 18 25 2 10 4 701
t 40 745 30 38 13 1 10 26
t 2 15 13 10 5 21 581 24
t 38 726 26 38 32 8 31 19
t 13 19 14 4 17 16 14 576
t 10 8 6 21 10 9 24 585
t 29 36 10 698 13 18 0 3
t 12 730 0 35 13 1 17 36
t 4 23 11 13 18 3 565 19
t 5 8 16 13 5 571 6 3
t 7 5 20 24 18 577 2 14
t 11 29 12 754 21 30 0 5
t 32 12 22 649 13 21 38 5
t 9 24 23 594 12 10 3 21
t 14 632 9 35 40 14 4 2
t 21 5 25 2 10 14 565 11
t 24 7 23 6 21 40 785 16
t 10 28 4 12 9 35 619 40
t 38 14 17 26 653 23 26 28
t 571 2 16 8 16 18 6 24
t 8 16 13 21 4 766 14 29
t 590 16 15 13 20 14 22 5
t 3 10 36 799 11 15 2 29
t 6 34 672 15 38 29 31 22
t 599 20 2 21 6 22 12 22
t 16 16 10 5 7 579 25 18
t 20 31 34 769 3 3 39 34
t 3 16 6 23 18 16 596 23
t 20 12 641 14 1 18 3 7
t 9 7 3 588 11 1 25 6
t 5 16 7 643 21 25 3 9
t 16 11 16 2 4 12 8 584
t 28 31 32 704 2 21 33 36
t 584 22 10 14 4 15 7 21
t 1 565 7 7 17 4 1 18
t 3 22 23 34 652 2 19 40
t 39 16 25 30 39 26 9 795
t 23 28 22 8 20 22 718 26
t 18 583 25 13 19 22 20 20
t 4 9 13 577 3 4 1 1
t 588 4 11 7 6 12 3 12
t 34 38 11 37 688 39 18 21
t 25 15 6 3 40 8 669 17
t 584 14 14 19 10 11 16 2
t 2 592 5 24 22 20 8 16
t 7 12 6 3 590 17 1 7
t 12 619 34 11 2 32 27 36
t 4 593 16 13 10 13 16 7
t 13 25 8 17 1 6 569 24
t 39 11 29 37 9 623 27 26
t 563 7 15 8 13 1 17 8
t 5 15 12 3 2 20 17 674
t 25 10 581 4 2 21 21 15
t 25 0 4 28 10 23 18 712
t 18 19 15 10 583 19 10 5
t 17 26 40 12 14 30 29 668
t 35 40 680 39 28 28 33 27
t 39 739 10 39 3 30 40 4
t 15 593 4 18 22 20 7 1
t 17 16 9 14 19 599 3 22
t 6 562 5 5 25 20 12 25
t 8 12 17 8 2 7 580 13
t 25 6 581 24 16 17 20 24
t 2 8 11 5 685 37 19 29
t 7 17 17 11 598 4 3 14
t 17 13 2 10 581 7 25 25
t 1 8 3 5 20 569 18 11
t 3 37 25 8 725 4 39 16
t 10 792 9 28 34 10 5 15
t 18 587 19 8 12 21 10 16
t 23 789 0 23 0 13 33 3
t 7 32 1 13 22 11 37 728
t 6 12 12 572 3 9 21 18
t 10 2 10 18 21 561 21 22
t 40 32 40 2 768 13 30 39
t 40 2 14 36 9 30 629 10
t 19 4 3 12 6 13 21 573
t 737 15 24 24 23 8 40 1
t 8 12 15 2 7 20 595 9
t 9 15 4 8 12 599 19 5
t 578 19 25 2 6 25 24 8
t 14 8 15 4 6 599 22 13
t 8 23 19 5 581 7 20 19
t 16 15 592 18 8 16 3 7
t 1 38 18 12 35 10 14 600
t 35 5 782 31 12 22 19 26
t 21 8 15 4 1 22 22 590
t 23 24 18 12 10 26 705 20
t 14 3 16 5 17 592 8 16
t 9 24 574 14 16 18 11 20
t 2 2 5 4 642 0 5 14
t 3 23 38 19 641 29 22 1
t 8 15 22 8 19 5 592 12
t 12 6 9 1 574 10 4 6
t 8 31 685 17 28 39 8 36
t 22 16 5 16 1 20 595 8
t 20 24 8 2 580 11 3 21
t 16 13 18 10 12 11 570 17
t 668 37 26 32 5 22 24 24
t 19 568 1 2 3 12 17 5
t 0 18 27 28 704 1 4 5
t 25 15 21 3 5 24 581 2
t 28 22 11 29 17 36 0 721
t 571 20 20 14 15 24 5 8
t 10 11 599 18 21 11 2 2
t 25 12 18 0 8 7 700 30
t 23 3 25 9 3 12 9 568
t 36 29 35 7 30 24 722 22
t 19 7 3 25 19 22 4 576
t 10 17 13 4 12 578 10 12
t 16 11 17 562 19 9 9 5
t 16 20 16 12 589 5 8 4
t 31 39 32 33 37 10 605 30
t 22 3 25 23 20 597 14 19
t 32 37 8 5 36 38 9 794
t 35 8 30 4 25 38 39 634
t 7 24 582 15 14 22 25 18
t 16 31 23 5 0 39 797 14
t 583 14 11 25 13 14 13 8
t 24 17 22 19 25 20 567 22
t 5 10 17 29 15 21 4 643
t 37 18 17 733 13 4 20 39
t 16 22 7 11 25 17 12 581
t 570 19 16 18 19 15 19 8
t 24 20 25 21 20 10 565 18
t 7 605 22 9 38 39 6 23
t 34 19 28 39 2 666 3 38
t 17 40 14 15 38 17 14 775
t 11 24 10 8 25 20 584 21
t 570 22 8 17 9 10 2 2
t 39 16 7 0 605 32 5 21
t 595 19 19 21 19 14 22 24
t 10 18 2 23 18 22 6 568
t 35 30 18 30 16 685 38 2
t 12 7 28 13 4 609 34 22
t 22 10 579 18 4 20 3 20
t 39 38 17 20 34 722 21 17
t 39 776 6 13 10 18 23 24
t 7 24 13 7 4 24 587 11
t 17 17 14 16 19 23 572 6
t 7 12 565 4 9 12 13 3
t 6 40 6 35 27 17 32 757
t 12 27 775 2 31 11 9 24
t 6 20 25 577 15 15 24 3
t 8 19 562 1 16 16 7 8
t 19 22 596 23 3 24 3 7
t 14 8 11 15 7 5 587 8
t 605 23 35 0 11 19 8 3
t 8 8 16 20 19 563 3 19
t 1 3 25 19 584 11 20 8
t 39 10 38 653 28 0 21 12
t 29 24 7 26 670 36 21 29
t 8 20 582 18 22 18 10 18
t 6 4 569 15 21 24 17 4
t 22 7 25 13 593 25 13 5
t 25 5 2 16 583 15 13 2
t 6 23 3 19 571 16 19 11
t 11 21 18 3 21 8 18 585
t 1 8 574 25 17 7 14 14
t 20 16 30 32 722 31 7 29
t 15 34 35 2 623 34 39 7
t 0 4 744 40 31 20 16 8
t 18 28 32 38 729 28 39 21
t 1 7 10 578 3 4 5 20
t 11 22 2 15 13 6 570 18
t 14 18 569 6 5 19 9 25
t 16 15 33 15 14 9 601 37
t 13 12 11 4 10 17 5 577
t 13 571 19 6 14 8 12 4
t 12 712 8 13 26 15 25 10
t 18 21 16 21 23 17 8 585
t 9 38 15 620 14 35 34 8
t 12 2 578 14 2 13 21 4
t 35 640 30 18 27 2 4 2
t 17 15 18 596 13 2 24 11
t 18 8 1 15 6 19 598 2
t 22 5 690 28 13 13 0 29
t 7 19 589 22 10 5 25 16
t 21 1 19 6 23 598 13 6
t 9 2 23 18 9 28 37 686
t 725 7 36 35 30 23 35 31
t 648 27 40 6 37 2 0 26
t 6 12 9 1 597 5 15 3
t 25 24 5 20 2 24 581 9
t 18 4 563 23 12 4 24 1
t 29 11 749 25 9 10 37 32
t 566 25 7 2 2 8 1 22
t 14 4 1 5 19 23 575 24
t 5 1 8 12 10 565 21 4
t 2 24 11 16 16 651 19 33
t 13 10 23 22 6 16 19 596
t 2 36 34 704 40 2 15 11
t 27 8 8 17 13 746 25 23
t 31 2 6 14 766 11 32 10
t 2 21 13 19 3 561 13 12
t 660 29 4 7 35 37 40 35
t 21 24 3 10 21 598 24 25
t 572 3 23 13 14 16 3 25
t 570 19 1 6 10 18 11 2
t 19 6 13 12 23 772 32 17
t 37 18 39 39 6 19 37 704
t 25 579 12 16 2 19 5 17
t 24 21 4 571 8 16 3 6
t 19 8 12 14 18 13 23 568
t 4 8 23 8 11 1 3 571
t 20 727 13 11 32 11 16 10
t 6 12 24 13 1 20 596 22
t 25 38 35 29 8 12 26 762
t 20 33 30 24 24 710 6 7
t 653 3 30 36 0 29 40 1
t 31 25 22 649 19 14 30 1
t 568 2 1 1 25 4 22 9
t 10 20 18 19 25 22 588 17
t 563 21 6 13 9 3 17 8
t 34 14 24 21 2 601 7 31
t 3 23 16 4 31 20 38 692
t 571 2 17 24 17 1 25 6
t 0 741 29 18 13 24 24 8
t 19 593 17 20 17 6 25 17
t 3 8 7 648 25 9 21 10
t 21 24 7 10 2 14 12 584
t 30 30 757 21 22 9 36 27
t 21 14 15 5 25 761 32 17
t 14 7 9 19 568 3 3 18
t 14 22 10 4 22 23 751 17
t 21 17 18 12 4 581 20 3
t 1 7 14 16 11 593 2 16
t 16 29 15 17 687 12 37 7
t 19 21 4 3 4 22 22 587
t 591 17 5 11 11 1 17 9
t 16 16 10 562 21 6 22 14
t 19 6 17 21 7 23 17 562
t 3 6 561 14 6 22 12 6
t 5 586 15 13 11 5 13 13
t 647 39 15 32 28 3 2 5
t 613 12 37 15 18 3 25 31
t 4 594 13 11 7 17 18 11
t 33 9 21 35 26 19 787 30
t 30 15 16 717 20 35 24 26
t 36 22 11 19 26 729 36 30
t 9 12 591 8 6 16 22 19
t 6 580 15 21 9 23 18 21
t 18 638 40 39 12 27 40 33
t 567 3 24 13 22 12 19 24
t 9 20 591 12 20 5 17 17
t 28 19 28 4 17 7 10 611
t 39 602 39 24 19 23 1 32
t 22 20 4 24 13 597 17 20
t 13 10 21 564 21 17 3 14
t 18 3 19 12 15 25 573 12
t 15 24 4 21 18 13 21 575
t 21 24 570 2 25 5 15 21
t 637 16 15 14 7 21 23 34
t 13 25 17 0 769 23 17 35
t 28 19 4 16 30 741 13 14
t 6 19 23 580 2 8 4 6
t 581 11 13 17 24 15 23 8
t 5 20 6 21 6 25 575 4
t 24 753 20 33 27 15 18 37
t 8 11 2 7 10 14 19 599
t 40 713 25 38 34 5 0 21
t 571 11 15 4 12 14 20 20
t 40 13 600 37 4 2 10 15
t 21 7 15 586 10 13 19 8
t 38 26 32 7 5 653 28 29
t 4 15 5 5 23 565 1 17
t 36 6 3 3 26 617 11 22
t 16 6 26 35 30 23 616 15
t 5 33 18 11 25 768 37 21
t 32 37 40 25 17 23 10 772
t 20 20 21 9 21 14 583 2
t 14 564 11 5 12 18 5 4
t 14 11 8 10 16 582 14 7
t 3 746 0 20 28 10 16 27
t 37 780 4 37 39 28 29 12
t 0 713 20 11 4 33 28 28
t 26 32 7 37 736 38 23 9
t 4 14 586 9 22 3 6 4
t 3 1 21 13 9 2 570 1
t 12 11 22 19 11 16 590 12
t 37 11 9 39 32 17 686 15
t 561 11 8 17 10 6 21 13
t 26 667 11 1 31 1 20 35
t 6 19 5 4 5 583 3 23
t 7 9 13 587 17 22 23 2
t 10 24 3 22 23 564 6 17
t 22 5 7 18 10 20 11 578
t 19 8 10 1 594 2 2 3
t 11 607 9 20 31 21 31 19
t 566 10 5 6 10 2 1 24
t 14 23 713 28 30 10 6 31
t 3 16 4 28 18 16 6 648
t 10 19 16 13 16 20 573 18
t 8 21 580 8 9 12 9 17
t 21 35 19 9 33 7 750 18
t 23 10 31 31 27 35 27 680
t 3 35 0 27 24 31 21 788
t 2 580 15 25 13 17 21 20
t 9 15 5 18 13 560 11 13
t 21 24 8 21 566 23 10 19
t 20 20 9 9 5 572 18 12
t 28 38 4 28 31 0 637 36
t 6 22 3 9 584 6 4 2
t 12 2 591 19 17 25 25 19
t 22 3 597 21 20 3 6 3
t 34 30 6 39 6 10 27 799
t 13 22 7 9 590 2 24 14
t 12 580 4 9 2 21 16 11
t 28 17 39 31 794 12 16 32
t 10 4 574 21 11 6 24 4
t 16 5 25 17 4 17 586 13
t 17 563 8 17 12 17 3 16
t 6 7 11 586 17 8 11 13
t 18 22 1 22 4 22 585 5
t 8 19 5 569 9 22 20 20
t 5 13 26 36 24 2 16 779
t 23 579 17 24 4 6 25 13
t 11 5 37 20 35 646 17 26
t 11 19 7 23 18 4 15 596
t 3 5 11 590 25 4 6 7
t 645 24 29 32 14 20 11 19
t 16 19 10 579 11 14 13 11
t 19 15 10 3 19 18 8 597
t 19 23 628 12 10 23 32 24
t 2 595 25 22 4 21 12 14
t 23 7 25 4 1 4 569 3
t 35 9 31 0 608 39 31 39
t 7 565 22 19 14 6 5 9
t 573 6 20 10 5 2 2 23
t 17 789 35 19 7 17 8 31
t 19 9 23 6 5 569 13 23
t 22 16 4 9 1 25 5 563
t 728 13 24 37 32 9 22 31
t 27 31 721 31 16 11 40 24
t 28 9 7 17 35 36 34 767
t 19 19 561 8 6 12 9 3
t 8 7 3 20 11 20 574 19
t 0 11 37 16 6 8 664 32
t 14 13 574 24 8 16 5 12
t 4 7 4 12 596 2 10 16
t 5 16 21 17 10 16 568 2
t 1 7 17 7 569 2 3 16
t 1 19 573 8 5 5 23 12
t 4 581 10 6 1 1 17 21
t 19 17 21 11 11 12 24 590
t 18 3 25 6 21 16 736 38
t 40 36 31 743 0 40 3 20
t 5 580 22 2 11 23 23 4
t 16 574 6 12 7 6 10 5
t 17 653 31 21 25 9 14 27
t 16 563 25 10 25 13 24 21
t 17 10 2 19 10 17 11 583
t 5 29 20 11 639 29 22 6
t 6 37 26 634 13 29 21 40
t 2 5 7 8 16 13 563 14
t 18 1 20 2 27 36 633 3
t 7 1 22 23 26 33 701 24
t 22 2 13 592 25 18 15 1
t 36 25 32 749 15 39 2 29
t 30 15 7 38 12 33 5 658
t 29 682 4 4 39 2 9 9
t 16 22 7 11 598 19 14 14
t 25 616 37 4 21 14 12 24
t 563 24 9 19 20 4 15 7
t 35 38 790 4 31 8 39 23
t 2 24 4 1 563 4 10 22
t 22 1 1 11 12 577 12 2
t 22 6 25 17 14 8 10 598
t 11 31 11 39 34 9 717 40
t 8 2 20 22 23 16 6 589
t 11 19 13 3 800 38 25 6
t 4 9 13 19 7 11 584 3
t 28 39 2 2 20 766 7 0
t 584 3 23 11 19 20 20 9
t 695 33 28 29 32 12 10 1
t 21 753 25 10 31 39 20 17
t 21 574 15 17 22 3 17 2
t 3 13 24 15 597 2 7 23
t 780 19 34 15 19 10 40 36
t 17 19 40 34 24 0 35 671
t 6 566 24 11 17 21 19 12
t 4 2 11 4 13 577 9 1
t 21 22 16 12 23 585 13 5
t 626 36 1 33 30 35 0 24
t 7 22 16 26 720 21 25 3
t 18 9 6 4 580 25 19 17
t 640 25 39 1 13 25 10 12
t 30 0 12 24 663 9 11 25
t 23 12 2 11 29 11 669 27
t 36 772 18 36 2 13 21 40
t 600 4 14 36 29 31 24 2
t 25 33 39 753 4 25 31 37
t 2 17 15 21 22 797 39 38
t 24 15 8 5 10 16 5 575
t 15 585 19 13 15 5 20 3
t 2 10 8 9 22 608 38 9
t 21 16 25 7 19 566 8 6
t 23 16 32 21 712 24 40 17
t 16 23 6 27 24 743 34 30
t 38 652 16 3 19 7 3 35
t 16 5 10 17 19 562 17 19
t 36 27 18 635 10 39 30 38
t 18 11 15 20 6 12 577 22
t 20 8 8 5 589 17 19 21
t 25 16 27 9 10 791 23 36
t 31 11 759 4 35 20 34 4
t 25 12 13 9 589 9 17 9
t 2 23 37 14 17 636 16 19
t 25 2 582 19 14 18 1 5
t 13 23 14 21 12 563 2 10
t 4 594 8 25 9 5 25 18
t 12 9 589 18 3 9 11 19
t 37 14 25 24 34 23 35 781
t 567 25 18 1 3 13 19 24
t 667 7 11 10 29 20 33 10
t 6 4 11 580 11 1 6 11
t 23 587 21 17 16 4 21 20
t 15 15 13 25 568 18 4 21
t 23 2 4 1 1 580 23 2
t 22 18 1 23 585 2 25 21
t 12 22 7 583 16 18 2 13
t 5 5 578 9 18 12 20 13
t 3 562 22 15 1 19 2 3
t 1 14 16 6 30 5 661 33
t 4 795 3 30 30 10 3 28
t 24 8 578 19 19 11 22 18
t 19 19 5 743 26 37 8 27
t 37 15 12 33 12 4 5 616
t 14 6 14 572 3 17 14 4
t 7 15 8 18 3 1 3 562
t 24 26 5 39 27 711 40 30
t 9 22 561 17 17 19 12 23
t 29 5 34 6 671 38 14 32
t 3 656 19 4 11 0 32 18
t 7 17 21 594 24 2 13 17
t 14 20 577 24 17 11 15 7
t 578 17 22 24 3 6 13 7
t 3 6 1 6 14 15 589 1
t 5 14 10 12 700 21 9 14
t 6 757 15 3 31 7 40 8
t 4 23 4 581 18 9 22 5
t 573 7 12 20 10 8 12 9
t 10 15 12 25 572 19 20 12
t 35 39 10 31 8 700 35 17
t 563 9 4 5 20 13 16 15
t 7 9 11 40 20 15 666 39
t 4 1 19 21 4 10 573 17
t 658 4 19 3 40 28 20 33
t 20 3 24 573 22 24 13 6
t 1 594 13 12 23 4 17 8
t 21 6 14 11 21 6 750 2
t 23 14 21 593 23 24 19 13
t 603 35 23 9 25 27 14 5
t 564 23 22 13 4 10 17 8
t 12 576 5 10 22 21 15 15
t 14 1 20 20 9 33 707 16
t 38 19 36 40 7 697 27 29
t 12 11 19 4 17 4 16 563
t 20 4 18 23 18 20 7 565
t 9 11 596 19 5 12 4 9
t 21 4 9 5 563 9 2 15
t 18 25 21 5 8 591 22 8
t 25 2 5 7 9 17 586 16
t 2 33 9 7 795 36 29 14
t 18 37 5 30 40 615 28 31
t 6 25 585 12 7 24 21 6
t 10 33 36 606 29 15 23 13
t 23 12 9 15 11 576 21 17
t 1 11 561 14 4 20 6 12
t 21 10 20 24 561 13 9 17
t 5 727 37 9 37 13 29 27
t 10 586 19 9 19 12 25 23
t 38 17 29 37 17 658 21 32
t 30 4 18 12 26 8 694 9
t 759 1 7 24 20 18 19 4
t 20 9 587 11 3 16 25 5
t 6 9 567 14 13 18 15 17
t 596 3 9 22 25 21 22 3
t 13 12 798 31 15 37 13 27
t 11 766 10 34 8 1 32 0
t 4 9 24 17 16 12 564 12
t 3 16 18 1 17 19 8 567
t 2 8 23 10 2 25 589 2
t 14 39 3 9 633 10 35 23
t 7 3 16 17 729 38 28 28
t 13 29 3 33 5 725 21 20
t 9 23 20 25 569 15 3 21
t 12 22 561 2 5 25 20 2
t 649 27 9 26 25 20 36 12
t 629 8 5 30 33 20 34 1
t 20 5 5 576 9 23 1 18
t 596 7 1 2 15 15 25 23
t 11 7 1 658 19 19 20 14
t 591 8 16 4 15 6 22 3
t 737 9 5 40 8 14 9 1
t 10 17 1 25 17 15 16 596
t 664 34 19 3 40 20 33 34
t 6 16 18 31 2 721 4 29
t 589 8 2 4 16 14 24 3
t 10 2 5 25 15 589 20 19
t 15 16 29 606 9 15 9 17
t 34 19 38 23 16 743 2 29
t 14 11 21 15 7 579 6 25
t 35 15 22 615 19 15 2 31
t 21 15 6 13 7 25 565 16
t 10 4 33 651 24 3 31 37
t 13 17 15 592 16 12 13 15
t 1 24 21 8 3 572 2 13
t 11 15 40 29 718 18 20 14
t 17 22 21 561 5 15 4 10
t 27 4 39 24 12 603 14 40
t 8 4 19 8 1 3 22 599
t 5 732 27 5 17 34 13 33
t 572 7 12 20 21 13 5 11
t 9 648 3 24 19 38 8 9
t 21 23 17 3 16 9 21 591
t 617 12 1 8 26 23 7 31
t 7 31 2 28 673 23 39 10
t 23 20 2 29 765 32 12 33
t 36 4 768 9 4 22 34 37
t 4 25 18 21 698 20 29 20
t 4 6 36 13 797 11 8 9
t 13 6 10 763 19 29 11 32
t 10 599 6 1 22 19 5 12
t 1 713 20 37 14 24 37 13
t 14 10 22 2 21 11 560 7
t 30 33 13 29 16 16 615 3
t 25 10 702 32 30 4 19 38
t 4 19 1 20 17 3 568 18
t 40 19 31 5 21 633 22 6
t 17 14 16 6 23 13 1 597
t 6 10 16 586 7 9 16 2
t 565 18 18 11 10 24 14 21
t 16 651 10 0 21 11 7 31
t 15 17 3 769 17 25 21 36
t 25 25 21 1 17 579 23 21
t 17 5 20 4 27 800 24 6
t 24 15 585 22 13 22 13 19
t 26 11 30 611 30 31 4 38
t 748 40 15 38 21 38 17 1
t 17 20 33 5 796 8 29 29
t 24 29 19 779 14 19 19 32
t 10 25 3 23 6 595 18 5
t 6 25 20 18 15 567 3 10
t 6 15 6 583 14 4 6 10
t 34 7 3 15 682 12 32 26
t 563 20 19 2 5 24 9 23
t 1 15 20 6 565 8 11 25
t 578 1 12 9 20 17 21 19
t 31 19 0 26 626 13 10 40
t 17 13 4 9 10 582 14 14
t 10 18 1 7 12 570 24 20
t 653 13 20 23 31 25 14 25
t 24 28 2 797 26 15 39 0
t 2 27 1 9 24 621 8 20
t 6 30 32 641 35 30 23 40
t 598 18 5 22 19 15 16 9
t 37 12 6 638 9 1 11 15
t 19 17 5 598 24 24 9 4
t 12 21 570 2 22 14 16 19
t 34 18 20 19 33 37 799 2
t 13 14 11 23 2 22 585 25
t 12 22 5 2 560 19 18 19
t 3 33 30 3 16 654 3 2
t 38 19 26 11 16 0 790 2
t 597 17 21 21 2 22 2 13
t 5 8 37 15 736 10 32 7
t 592 2 10 8 14 17 23 17
t 16 16 22 11 7 11 9 597
t 22 24 596 15 21 16 14 6
t 16 560 10 21 5 9 9 9
t 30 797 39 25 18 16 28 21
t 7 24 599 3 24 11 4 24
t 19 24 11 21 14 5 13 571
t 574 3 11 10 18 14 7 11
t 8 4 23 561 11 13 13 24
t 655 1 25 24 10 19 21 4
t 2 29 772 9 36 5 7 29
t 11 31 9 657 32 4 7 8
t 25 8 685 33 5 18 24 18
t 36 40 38 40 789 14 10 24
t 9 20 16 14 25 2 589 13
t 19 0 30 13 605 33 25 22
t 20 19 5 9 11 9 13 590
t 18 32 39 4 8 32 664 18
t 24 11 4 781 32 29 38 3
t 3 36 3 18 28 767 15 5
t 13 37 3 25 29 15 0 747
t 17 16 630 22 4 17 20 26
t 635 27 33 37 9 38 14 10
t 24 27 19 38 6 27 739 4
t 585 13 12 13 24 13 1 18
t 11 36 0 8 33 703 10 1
t 594 19 18 14 19 22 5 22
t 10 18 594 3 20 2 1 18
t 5 19 13 24 560 16 4 12
t 17 21 22 2 1 569 24 6
t 11 3 8 8 9 24 563 5
t 1 20 11 6 16 587 7 12
t 3 25 4 12 3 16 12 572
t 36 16 2 19 28 35 795 23
t 9 21 17 18 575 18 21 23
t 23 20 16 8 22 599 20 24
t 14 25 40 9 661 18 40 8
t 610 7 29 11 26 8 21 40
t 774 39 6 24 6 1 23 16
t 37 4 2 19 24 2 716 8
t 19 648 33 20 4 13 31 24
t 13 16 585 10 21 23 22 6
t 20 15 1 583 12 15 12 11
t 4 14 563 10 5 14 22 9
t 31 24 759 30 12 29 11 24
t 13 23 6 21 25 21 13 583
t 4 588 14 17 13 21 18 11
t 24 11 15 1 8 593 11 11
t 562 9 16 22 11 22 17 24
t 13 725 16 13 24 6 10 23
t 12 18 14 8 8 586 22 10
t 0 17 748 25 23 25 19 0
t 38 2 32 646 24 27 38 0
t 22 13 10 5 17 14 11 563
t 18 20 582 13 16 23 21 7
t 27 34 35 21 17 656 8 15
t 10 597 7 8 13 7 10 15
t 22 581 11 18 8 3 17 24
t 11 7 11 2 577 20 16 23
t 19 12 12 13 4 625 29 33
t 35 31 36 682 17 17 25 13
t 8 576 18 8 11 11 8 6
t 16 34 8 38 604 8 34 28
t 12 33 712 33 13 28 8 31
t 14 7 17 9 9 11 13 584
t 19 4 5 37 8 15 33 767
t 8 35 11 5 5 38 734 2
t 1 573 11 14 4 10 13 4
t 38 34 9 690 18 33 11 10
t 592 9 12 10 7 17 18 3
t 578 11 3 9 11 19 3 12
t 20 7 15 571 14 19 17 20
t 3 1 5 1 3 4 564 25
t 8 6 16 591 22 13 21 1
t 630 23 5 31 16 32 30 21
t 3 25 10 7 583 1 17 24
t 658 5 5 37 9 39 0 31
t 597 19 21 21 17 25 21 5
t 6 16 4 569 21 18 10 7
t 14 9 16 21 577 16 3 4
t 22 566 17 25 16 2 11 1
t 0 0 11 9 32 27 787 19
t 563 25 14 14 3 20 16 6
t 11 5 18 16 12 5 4 561
t 25 13 6 20 20 598 2 9
t 572 13 24 11 19 4 14 15
t 26 8 39 17 654 25 5 21
t 7 780 12 12 33 35 19 34
t 28 8 33 31 34 620 9 27
t 21 37 35 603 26 38 35 32
t 725 30 3 35 23 3 40 22
t 18 9 24 13 37 667 8 39
t 578 9 16 11 22 3 21 14
t 7 12 4 14 3 569 15 21
t 25 21 33 3 28 37 782 16
t 11 25 26 694 20 2 8 25
t 23 13 9 21 25 14 592 4
t 16 13 12 20 17 573 3 19
t 586 12 11 10 15 14 5 12
t 1 13 6 2 564 5 16 9
t 6 601 0 15 26 30 5 2
t 21 12 23 15 20 566 1 7
t 653 30 13 26 9 34 12 32
t 590 9 16 3 20 24 11 24
t 7 22 565 8 23 1 7 16
t 18 21 18 587 15 17 18 14
t 12 24 33 33 702 22 1 37
t 23 10 24 15 21 22 18 573
t 18 6 12 563 19 23 17 17
t 39 13 32 27 13 31 752 8
t 2 4 8 23 13 17 8 597
t 5 13 10 779 14 13 10 5
t 2 22 2 8 1 593 13 10
t 39 33 34 25 723 39 2 27
t 614 3 40 10 18 2 27 33
t 20 21 20 18 4 759 12 7
t 562 6 1 5 16 8 20 17
t 8 6 588 22 1 16 3 21
t 19 10 19 23 1 567 22 10
t 15 2 2 14 573 6 10 12
t 14 1 17 591 25 9 21 2
t 17 17 752 3 13 40 28 0
t 30 2 719 14 40 27 37 7
t 17 4 16 22 25 10 599 16
t 2 25 20 14 4 11 590 3
t 572 15 15 20 15 24 20 8
t 23 28 39 18 27 706 23 6
t 2 34 668 28 24 12 1 23
t 1 597 19 8 8 19 1 23
t 23 569 11 13 2 6 16 12
t 21 3 16 14 8 16 568 17
t 26 21 6 752 35 1 14 39
t 24 7 24 21 25 3 12 592
t 21 19 22 2 17 23 23 577
t 11 17 14 15 595 15 1 7
t 40 35 36 699 7 33 22 16
t 15 13 4 566 20 17 15 17
t 4 23 20 5 19 737 0 1
t 7 5 583 22 11 2 1 19
t 724 35 0 7 16 1 6 29
t 587 21 23 21 24 3 5 19
t 6 7 10 585 4 13 23 6
t 19 17 9 586 8 12 8 13
t 4 9 21 18 3 8 3 577
t 24 0 6 36 32 39 725 38
t 6 19 1 8 2 18 21 585
t 12 19 8 13 15 586 7 15
t 9 8 593 18 17 11 11 10
t 9 25 8 6 15 595 9 10
t 5 26 0 11 769 39 27 32
t 12 25 564 25 4 19 16 14
t 11 2 3 7 583 20 23 6
t 8 13 10 7 591 14 7 10
t 25 7 594 15 9 24 25 16
t 39 40 13 13 704 23 7 38
t 590 16 9 8 12 16 13 17
t 40 0 33 0 0 9 679 9
t 660 35 11 14 11 23 31 20
t 22 23 589 9 18 19 15 2
t 38 14 30 40 38 701 12 18
t 27 25 24 624 40 34 23 24
t 18 791 2 12 39 16 31 5
t 17 2 10 6 697 21 29 25
t 11 2 15 24 17 12 3 591
t 35 27 622 33 37 22 2 11
t 26 8 37 11 614 3 34 30
t 599 10 7 12 17 4 5 18
t 17 7 37 37 11 640 11 7
t 39 2 1 9 12 699 33 29
t 14 18 13 745 16 37 2 29
t 5 573 3 16 3 10 5 12
t 19 22 28 773 12 11 30 30
t 13 5 28 3 33 636 22 40
t 4 19 17 10 13 15 18 587
t 30 621 9 27 28 34 34 6
t 40 732 8 24 19 3 19 22
t 4 2 23 17 722 10 20 31
t 19 592 20 23 9 7 14 1
t 18 11 33 14 2 26 702 34
t 683 18 15 33 7 19 25 0
t 11 1 18 12 10 599 4 7
t 2 29 28 34 23 23 648 4
t 576 17 13 21 9 6 13 22
t 17 585 19 24 15 1 3 6
t 22 38 23 0 34 17 601 16
t 19 13 33 27 40 31 9 744
t 38 25 30 9 731 31 4 10
t 12 16 14 14 25 597 8 2
t 2 22 16 579 1 8 3 6
t 3 5 12 20 18 24 568 23
t 25 13 23 690 26 30 30 27
t 37 3 16 32 36 684 17 36
t 560 18 13 9 20 12 1 2
t 26 5 26 668 23 38 1 5
t 0 32 12 24 31 685 9 37
t 2 15 20 29 723 21 16 14
t 3 14 9 9 4 20 9 594
t 18 10 19 9 2 13 9 570
t 4 4 1 13 12 21 571 12
t 599 16 9 24 2 15 21 19
t 4 2 6 25 17 24 22 595
t 24 24 8 16 3 16 595 21
t 37 37 10 650 37 4 16 1
t 12 2 32 784 27 24 6 35
t 11 11 1 25 23 23 588 20
t 604 22 30 16 6 10 21 35
t 12 14 32 2 15 695 38 33
t 19 8 25 7 21 17 22 596
t 14 741 7 21 10 30 22 37
t 589 15 10 4 8 22 21 17
t 3 595 22 25 20 21 1 17
t 593 4 6 10 19 6 21 11
t 20 573 6 7 8 25 12 6
t 5 29 20 27 28 36 637 3
t 2 18 10 590 4 3 20 24
t 17 8 605 15 5 39 10 18
t 13 1 5 6 598 15 11 13
t 36 25 23 745 5 12 9 10
t 19 14 587 8 15 9 23 19
t 23 18 2 25 5 580 7 6
t 18 19 6 7 587 8 9 17
t 15 0 12 16 16 38 678 39
t 9 4 6 8 20 594 16 13
t 6 1 594 13 22 17 25 17
t 10 19 15 23 34 7 737 12
t 21 18 24 31 727 29 1 20
t 16 560 13 13 16 23 5 14
t 567 12 11 24 16 11 9 16
t 11 15 11 2 24 11 568 8
t 3 22 33 2 612 34 33 33
t 2 17 10 1 19 5 12 566
t 23 27 3 33 17 33 787 33
t 19 4 8 16 573 21 17 3
t 14 9 4 1 16 20 597 22
t 17 698 38 39 6 1 24 28
t 20 23 9 19 14 16 572 2
t 12 9 5 12 560 10 23 4
t 23 4 0 9 764 29 26 15
t 10 1 22 563 21 17 8 12
t 10 5 9 10 7 579 25 15
t 14 30 29 18 11 6 6 690
t 22 15 16 785 31 36 33 6
t 562 2 9 11 9 22 2 8
t 15 9 9 12 25 24 791 36
t 26 16 23 33 16 39 738 7
t 22 16 25 581 18 6 18 23
t 19 16 564 21 20 2 1 6
t 21 2 9 577 17 8 5 18
t 24 29 29 635 14 2 23 15
t 16 8 24 675 33 6 37 8
t 1 1 17 10 598 6 5 2
t 4 10 25 744 26 31 6 29
t 13 7 19 20 568 12 21 5
t 4 567 5 23 3 25 24 24
t 6 13 585 19 9 16 2 23
t 24 23 4 25 578 24 19 1
t 571 3 11 1 4 6 12 5
t 13 4 10 22 24 568 21 1
t 15 7 6 793 23 18 12 28
t 34 34 5 1 17 681 17 4
t 10 11 566 21 24 2 25 4
t 11 587 16 11 1 16 15 13
t 31 37 1 6 731 36 4 26
t 17 11 12 14 12 21 1 580
t 22 10 25 575 13 24 22 11
t 22 11 16 19 15 17 569 20
t 19 28 36 12 14 2 27 628
t 12 19 18 2 18 588 17 16
t 7 10 25 21 3 23 25 560
t 7 17 8 24 21 3 569 10
t 13 40 39 15 29 39 702 19
t 18 11 32 15 711 18 8 40
t 6 564 23 13 9 15 9 8
t 35 34 18 3 18 755 4 24
t 16 1 35 38 39 38 6 658
t 25 22 13 14 22 3 673 22
t 36 18 36 624 4 4 22 4
t 24 3 13 20 7 569 9 22
t 28 37 682 3 28 28 30 31
t 13 10 593 10 18 3 17 6
t 3 17 17 11 12 15 4 565
t 22 5 10 18 9 579 14 9
t 9 648 6 33 23 9 32 8
t 24 2 580 18 24 2 8 1
t 35 30 35 18 0 13 31 673
t 12 571 18 14 3 11 6 22
t 13 30 35 25 26 781 32 19
t 8 8 1 19 578 19 21 13
t 6 9 10 1 11 21 562 6
t 40 1 654 5 6 35 30 13
t 5 27 18 20 716 13 5 1
t 17 2 38 35 632 28 26 14
t 25 9 6 7 571 4 21 18
t 16 19 12 10 25 17 1 587
t 3 28 2 668 6 29 40 0
t 5 28 28 14 39 31 40 641
t 13 1 15 13 2 704 40 20
t 32 26 19 0 28 19 21 612
t 30 10 31 5 715 7 40 39
t 18 12 32 689 26 16 14 28
t 17 37 723 33 9 24 34 32
t 18 2 5 5 39 679 19 34
t 561 4 21 13 16 2 4 1
t 19 782 22 36 8 7 40 1
t 19 34 11 36 18 691 5 29
t 20 0 27 18 36 20 797 36
t 2 20 5 771 19 27 11 32
t 7 22 2 9 571 17 11 8
t 4 17 20 21 25 12 3 585
t 21 6 2 598 17 3 6 2
t 10 739 36 3 38 13 23 0
t 8 39 786 8 28 1 10 25
t 26 772 16 8 23 32 1 28
t 564 21 7 25 16 19 17 16
t 23 21 593 14 19 11 11 25
t 16 17 571 7 9 12 11 17
t 18 11 20 4 20 572 24 4
t 17 8 5 12 4 563 21 19
t 1 9 561 3 20 7 14 22
t 30 728 34 27 6 25 11 15
t 12 746 8 10 9 5 40 29
t 15 11 3 3 765 37 27 11
t 14 572 3 22 9 7 8 1
t 5 570 13 12 10 15 21 24
t 18 36 23 27 12 6 27 605
t 570 8 18 7 24 12 1 6
t 35 27 643 39 27 30 34 3
t 8 8 7 10 574 22 18 13
t 1 683 37 26 1 33 3 2
t 2 2 1 20 1 8 6 563
t 8 24 21 1 8 24 10 587
t 18 9 567 7 10 19 6 8
t 32 8 608 3 31 24 31 17
t 38 31 34 37 36 11 10 603
t 11 20 33 701 30 39 30 34
t 4 11 24 23 9 2 4 593
t 21 15 9 13 10 5 562 24
t 1 5 36 37 6 36 34 601
t 784 9 16 20 1 6 12 15
t 21 16 593 6 8 25 3 3
t 6 35 9 683 22 14 15 21
t 22 23 17 17 21 591 13 10
t 35 40 25 687 26 28 25 40
t 637 32 27 0 6 15 12 34
t 21 7 18 580 24 14 22 1
t 14 21 39 6 708 40 24 39
t 15 8 22 23 10 563 10 5
t 13 34 21 765 25 1 29 10
t 587 9 14 22 8 20 12 5
t 575 12 6 25 15 17 9 11
t 4 16 13 6 23 14 577 3
t 23 26 31 5 7 38 760 17
t 14 21 1 596 8 2 19 21
t 7 15 29 39 39 26 30 759
t 28 30 23 683 30 13 11 24
t 36 14 36 7 759 37 1 33
t 4 17 1 9 10 10 22 585
t 8 18 584 17 8 3 17 8
t 11 19 17 1 11 18 585 7
t 7 27 24 17 25 14 37 665
t 22 0 31 29 10 35 701 38
t 8 12 15 20 571 11 5 6
t 1 589 17 25 16 9 13 5
t 575 19 24 13 4 11 16 10
t 20 17 28 742 32 29 26 27
t 16 19 566 2 18 17 21 24
t 11 8 564 21 3 15 2 19
t 9 797 7 11 9 4 26 37
t 598 16 15 24 22 4 23 16
t 40 40 31 14 2 693 26 8
t 597 11 19 24 2 15 6 21
t 0 32 40 32 800 17 17 12
t 35 754 31 0 33 27 28 13
t 6 10 561 22 7 4 3 21
t 1 17 2 23 3 22 590 17
t 7 39 9 31 696 19 0 5
t 30 31 712 10 22 14 2 15
t 33 728 35 31 25 11 2 0
t 4 21 3 573 7 25 20 21
t 22 629 32 21 9 21 0 30
t 2 14 22 597 25 24 15 18
t 17 17 572 17 24 1 14 3
t 25 562 9 14 24 25 16 2
t 571 14 1 17 16 17 13 21
t 30 36 7 22 744 31 18 33
t 1 1 13 6 566 15 7 6
t 28 2 14 769 25 40 17 3
t 23 14 12 21 4 569 2 24
t 4 726 26 29 16 29 37 34
t 38 2 8 23 10 614 39 15
t 17 19 29 660 2 4 4 16
t 20 5 19 22 19 563 3 7
t 15 13 17 22 580 17 21 20
t 16 17 14 562 5 15 3 1
t 8 34 4 758 19 1 24 13
t 8 1 8 14 2 11 5 562
t 4 25 7 21 4 19 23 563
t 10 19 580 21 25 5 7 11
t 35 0 9 27 5 691 19 25
t 631 10 33 15 27 25 19 34
t 34 11 8 18 36 39 32 710
t 13 20 17 566 19 11 13 7
t 12 17 3 1 2 579 22 20
t 17 10 12 560 1 9 22 6
t 578 12 23 24 6 24 4 25
t 7 20 593 4 25 22 12 14
t 4 22 18 20 12 564 22 11
t 6 17 13 20 565 13 12 6
t 20 574 19 22 16 16 3 12
t 10 7 13 21 24 591 20 2
t 8 23 573 20 24 11 18 12
t 36 33 25 20 697 39 37 25
t 0 29 9 33 8 643 28 30
t 25 632 21 4 1 15 21 11
t 17 12 9 589 23 23 6 19
t 1 6 595 21 9 2 20 8
t 12 18 25 20 2 18 594 21
t 14 20 17 29 1 10 659 31
t 15 7 2 36 10 17 659 18
t 24 33 22 29 27 755 17 4
t 697 32 18 4 2 31 15 23
t 12 24 15 5 10 570 1 6
t 2 17 8 589 14 13 12 25
t 1 3 24 19 566 24 21 15
t 8 13 579 2 3 1 15 13
t 575 18 11 15 25 21 12 3
t 35 611 29 35 19 10 15 14
t 18 10 17 682 20 29 10 5
t 611 9 30 18 10 17 3 9
t 15 751 27 17 26 1 32 13
t 21 8 5 37 17 25 36 613
t 23 38 13 622 20 12 38 3
t 33 6 34 23 18 1 762 35
t 1 24 775 23 0 30 31 14
t 23 17 25 584 21 17 11 19
t 565 22 18 8 11 11 15 10
t 13 23 4 10 17 4 583 11
t 23 591 10 7 10 7 1 7
t 560 24 12 4 18 5 11 14
t 18 36 739 8 6 13 16 14
t 571 11 7 16 13 9 6 2
t 34 26 679 22 19 21 36 29
t 23 35 763 18 8 26 2 17
t 1 13 13 14 9 595 13 16
t 9 36 18 13 9 755 21 14
t 30 1 13 23 37 642 13 2
t 28 31 721 6 15 0 17 9
t 743 36 37 18 22 28 15 18
t 563 3 25 18 13 13 3 21
t 10 16 5 11 5 28 18 652
t 11 3 6 7 13 7 579 6
t 767 0 16 23 32 32 24 36
t 1 10 25 22 6 14 569 2
t 31 39 26 35 21 34 38 643
t 18 9 12 18 8 11 2 585
t 11 583 20 3 3 4 6 11
t 16 10 16 593 18 3 15 9
t 671 34 6 18 8 28 37 22
t 3 20 0 21 736 37 17 38
t 31 9 634 19 39 6 13 29
t 1 2 32 20 30 667 14 31
t 19 1 2 7 1 562 9 5
t 12 9 610 20 34 23 30 22
t 20 24 17 15 18 590 23 17
t 9 10 6 22 572 3 7 23
t 10 7 6 19 2 2 581 21
t 12 2 585 23 19 25 17 24
t 784 6 2 8 13 3 36 5
t 13 15 16 15 25 29 29 601
t 2 12 22 8 585 15 18 23
t 11 571 23 15 25 22 18 24
t 19 1 785 8 14 14 23 7
t 682 34 18 18 28 34 4 15
t 25 6 18 20 579 20 23 20
t 1 27 14 33 5 37 613 20
t 6 6 21 567 12 21 18 18
t 20 8 23 24 1 577 4 23
t 39 21 21 37 34 2 34 758
t 16 2 19 580 22 24 6 3
t 24 21 25 9 598 24 7 5
t 14 10 4 6 6 17 39 706
t 26 2 20 727 9 31 22 32
t 2 611 2 33 5 29 25 38
t 28 32 10 612 9 4 13 9
t 25 27 620 17 4 9 39 40
t 31 6 26 16 14 16 772 24
t 5 10 564 20 18 3 23 19
t 8 26 3 35 9 25 40 721
t 18 18 39 34 29 682 35 23
t 12 27 11 0 607 29 21 39
t 771 1 22 13 38 34 3 19
t 780 32 3 12 39 3 35 24
t 19 8 2 0 747 2 38 20
t 6 592 15 18 20 21 7 23
t 7 598 13 10 25 25 15 6
t 11 703 15 35 23 14 21 6
t 21 22 4 5 10 15 17 598
t 9 19 40 7 38 733 17 25
t 13 14 11 20 9 592 6 22
t 8 21 585 12 22 2 20 12
t 643 24 9 37 3 27 16 16
t 10 4 22 11 580 11 11 22
t 572 23 14 19 16 6 4 7
t 7 7 21 18 13 14 23 577
t 19 3 571 20 21 24 8 21
t 7 17 6 595 14 6 22 17
t 568 2 5 13 13 24 13 23
t 0 20 2 0 30 38 797 17
t 23 4 592 5 14 25 4 16
t 37 40 27 29 634 22 14 24
t 4 6 1 569 20 23 6 8
t 18 2 12 676 9 40 27 15
t 16 758 0 9 38 21 36 17
t 0 12 6 3 13 3 778 40
t 21 25 563 2 12 1 14 22
t 8 592 16 25 9 7 19 12
t 3 25 13 15 585 6 24 12
t 606 4 12 22 6 8 20 33
t 18 12 20 588 17 22 9 7
t 564 7 7 21 9 10 14 10
t 8 31 22 37 782 21 6 5
t 10 11 16 31 754 12 22 11
t 5 3 17 3 8 8 22 574
t 29 24 13 11 37 29 755 35
t 782 6 13 4 23 23 15 26
t 25 32 36 656 17 29 38 13
t 24 36 613 27 31 9 27 35
t 2 14 2 22 16 565 21 6
t 15 22 2 4 16 576 15 2
t 7 585 9 20 12 2 24 18
t 2 16 14 574 17 22 18 22
t 25 20 9 596 25 4 2 24
t 2 8 586 3 24 17 20 23
t 19 26 39 31 38 13 0 723
t 12 3 11 16 565 20 22 10
t 4 6 14 28 18 698 14 18
t 17 1 9 13 6 20 2 586
t 11 773 11 22 23 1 9 9
t 32 7 21 23 2 28 17 682
t 12 7 3 9 8 8 11 766
t 10 6 578 19 4 16 22 19
t 9 24 571 7 9 20 6 12
t 596 21 19 2 6 7 13 5
t 653 7 26 1 9 40 30 1
t 34 8 17 8 728 38 17 4
t 27 18 17 23 38 26 727 9
t 5 10 9 21 572 24 3 14
t 18 23 8 40 27 32 680 25
t 28 32 26 5 16 797 40 5
t 34 32 37 15 645 39 32 40
t 702 8 19 23 22 10 13 39
t 14 22 12 9 19 11 8 566
t 18 16 16 6 2 5 14 593
t 23 21 2 9 578 20 20 24
t 25 713 29 2 11 1 3 9
t 14 25 1 12 9 594 21 19
t 11 39 5 32 30 33 601 16
t 20 21 568 21 1 20 22 13
t 1 9 579 2 17 8 14 10
t 6 10 7 10 573 8 17 11
t 13 0 23 6 19 38 707 4
t 24 575 20 18 21 20 1 13
t 12 19 598 3 22 11 14 20
t 780 20 23 22 0 33 10 38
t 22 10 26 7 7 2 756 7
t 22 639 25 20 12 4 18 21
t 15 20 698 18 8 14 35 40
t 6 562 17 13 23 6 1 24
t 8 9 583 5 13 3 20 22
t 7 6 1 20 15 11 596 18
t 14 22 20 595 23 6 21 9
t 20 13 9 5 576 18 10 12
t 14 10 11 6 19 17 585 18
t 26 660 22 8 28 27 35 34
t 9 4 16 599 8 25 10 18
t 15 10 563 3 25 12 17 7
t 700 17 38 30 23 5 39 18
t 13 29 20 39 25 37 19 712
t 2 11 18 3 23 17 22 561
t 10 14 18 1 19 17 18 569
t 8 14 8 24 13 592 17 15
t 12 684 4 36 21 3 4 1
t 2 8 20 574 9 20 16 18
t 22 9 16 579 22 25 7 4
t 22 13 1 7 16 576 24 1
t 3 8 25 593 2 15 15 15
t 21 6 20 9 576 19 18 25
t 11 14 22 7 19 580 3 19
t 22 800 2 24 11 12 31 27
t 16 5 8 24 31 22 617 30
t 26 22 14 5 724 22 30 3
t 571 3 19 7 21 8 19 18
t 35 16 39 5 30 7 743 0
t 16 25 10 626 28 3 12 32
t 1 38 24 5 19 11 22 607
t 16 6 5 19 22 2 30 702
t 0 9 13 15 35 619 9 24
t 12 16 23 4 6 2 588 19
t 15 4 25 10 6 5 8 561
t 673 23 36 17 16 11 4 0
t 1 23 2 29 20 14 28 736
t 3 12 7 580 14 1 17 7
t 9 9 5 23 2 9 15 589
t 7 19 4 17 8 9 564 15
t 23 25 561 21 10 22 19 7
t 1 16 23 25 17 3 563 2
t 610 24 33 33 39 24 39 11
t 670 38 19 25 25 0 22 35
t 16 2 13 631 38 31 26 24
t 16 14 784 1 28 37 22 28
t 4 25 8 572 25 9 15 12
t 589 22 25 24 14 25 8 5
t 9 577 5 19 24 15 14 22
t 15 575 7 8 24 24 18 12
t 17 26 29 17 27 0 685 25
t 12 36 30 22 10 735 31 29
t 13 11 5 17 591 3 20 1
t 40 25 3 27 35 27 33 713
t 15 20 702 1 19 23 18 7
t 38 7 17 789 1 20 15 31
t 12 572 6 20 10 25 11 22
t 575 18 13 11 4 14 12 10
t 3 20 1 593 4 3 14 1
t 682 32 4 17 25 1 27 26
t 723 28 0 36 26 16 29 10
t 18 22 8 19 23 23 10 595
t 8 19 19 18 19 9 593 10
t 3 2 8 5 15 39 608 15
t 29 36 26 21 25 754 40 23
t 3 16 10 25 5 579 18 19
t 37 4 12 702 11 17 17 14
t 10 7 19 8 16 7 585 11
t 0 40 8 17 4 0 21 631
t 6 35 27 40 14 17 798 4
t 23 5 1 591 16 22 13 3
t 3 25 8 669 24 37 14 26
t 19 597 9 13 13 10 13 19
t 3 38 33 40 33 7 25 601
t 17 595 13 8 12 3 13 16
t 9 1 582 17 12 25 7 18
t 16 17 17 594 11 19 25 2
t 10 3 699 12 7 15 31 36
t 10 9 20 4 2 19 596 8
t 5 16 22 592 10 24 14 7
t 2 3 22 572 7 2 5 16
t 10 3 570 23 22 8 2 2
t 17 20 13 570 2 24 8 4
t 599 17 25 22 15 22 24 3
t 20 2 19 565 20 17 10 16
t 5 1 36 2 2 27 2 656
t 13 19 13 8 10 16 21 574
t 18 21 593 11 11 11 13 18
t 591 12 12 8 11 23 13 14
t 19 24 34 749 40 28 24 37
t 25 4 20 569 18 1 15 8
t 9 1 20 21 23 22 16 571
t 707 31 35 37 0 2 25 35
t 40 12 27 39 1 735 1 35
t 29 746 21 39 17 13 26 7
t 14 13 16 9 12 597 23 7
t 18 7 12 583 21 18 16 4
t 27 15 3 22 28 728 0 35
t 12 17 6 584 10 7 19 2
t 25 14 8 14 579 7 6 2
t 16 718 1 24 32 37 36 30
t 5 19 6 4 8 22 24 597
t 12 2 11 12 24 7 591 16
t 35 35 667 13 37 31 32 26
t 762 5 8 14 24 19 15 4
t 569 4 8 1 9 24 3 7
t 25 8 29 20 27 26 639 25
t 8 11 7 24 585 17 5 18
t 3 15 1 9 14 20 4 561
t 26 39 12 16 627 18 27 4
t 15 0 3 34 36 765 38 10
t 568 24 7 17 18 24 4 16
t 13 564 21 24 16 19 2 11
t 23 10 586 22 3 5 12 14
t 39 15 10 0 657 10 2 13
t 3 22 1 756 7 30 10 40
t 39 14 30 4 767 6 18 14
t 25 9 31 682 8 15 32 34
t 6 0 29 38 14 710 39 16
t 13 37 0 5 35 36 779 4
t 16 14 16 29 5 674 7 36
t 4 592 13 4 16 4 15 8
t 9 5 16 19 590 12 6 18
t 2 9 4 24 5 10 23 592
t 6 3 601 26 28 30 2 18
t 24 14 32 21 676 19 0 38
t 25 10 3 19 6 20 6 596
t 25 18 566 9 3 13 7 18
t 20 594 7 22 16 9 23 20
t 24 31 19 609 31 9 10 14
t 2 24 578 18 15 4 8 6
t 38 22 637 32 16 2 12 31
t 12 16 15 10 9 25 5 563
t 26 31 2 647 7 34 15 39
t 29 35 20 28 3 743 12 12
t 16 16 8 11 21 22 5 587
t 10 6 9 9 12 595 8 21
t 613 28 22 39 2 12 37 0
t 735 5 25 31 0 7 36 13
t 39 18 17 2 20 39 607 22
t 3 18 15 2 589 22 23 18
t 8 9 16 3 575 11 9 11
t 582 5 14 6 1 17 25 15
t 28 35 23 31 696 2 10 15
t 13 16 17 13 3 12 13 565
t 1 19 596 5 18 25 7 3
t 23 11 569 6 9 16 5 23
t 26 10 37 10 15 9 1 780
t 4 3 14 11 24 4 579 9
t 566 1 5 19 10 11 9 8
t 23 577 17 11 9 16 14 18
t 27 6 620 32 9 14 15 22
t 1 7 23 582 16 2 18 4
t 33 35 23 20 38 14 662 0
t 10 3 9 2 595 18 20 25
t 34 38 5 659 2 31 35 12
t 34 644 10 1 29 15 12 7
t 14 14 21 5 578 25 18 19
t 596 5 24 1 19 12 12 2
t 23 10 15 6 563 10 17 15
t 574 22 18 20 3 11 14 21
t 13 19 22 25 575 3 21 21
t 19 1 577 23 19 23 3 20
t 35 4 609 9 7 6 5 0
t 21 15 20 11 19 587 3 1
t 26 27 30 776 20 7 6 30
t 23 701 39 0 32 33 27 1
t 1 2 11 17 33 27 721 37
t 21 14 588 19 1 13 15 13
t 3 5 2 9 603 19 16 19
t 33 5 36 708 4 38 13 36
t 5 1 17 7 29 711 12 10
t 12 17 8 4 13 11 567 18
t 2 24 581 6 11 21 17 14
t 15 590 5 12 23 15 3 8
t 7 2 4 8 22 7 20 565
t 6 3 566 17 12 22 13 13
t 27 25 21 673 4 39 8 10
t 783 4 4 25 38 3 9 3
t 24 581 16 24 4 12 10 6
t 35 14 28 11 0 38 795 32
t 644 19 15 0 38 8 24 30
t 4 582 11 2 23 16 10 15
t 24 596 10 11 3 12 14 17
t 14 21 12 24 8 592 12 8
t 22 18 29 32 686 38 7 15
t 11 12 7 563 23 17 11 8
t 24 16 567 4 24 25 21 7
t 2 21 800 18 25 19 29 15
t 16 592 7 2 1 4 22 25
t 1 6 24 14 14 13 561 15
t 711 22 35 2 39 3 15 26
t 8 11 37 681 6 19 36 18
t 21 19 4 631 38 1 5 12
t 4 1 19 25 26 6 34 664
t 12 1 6 7 575 4 14 24
t 2 21 6 21 583 4 6 17
t 6 11 8 28 23 36 753 1
t 36 14 34 28 15 4 15 656
t 25 568 22 25 20 8 8 11
t 20 1 6 3 593 4 17 4
t 24 25 7 14 19 12 578 7
t 6 576 19 19 2 8 4 12
t 39 3 4 762 38 6 28 14
t 570 24 1 7 22 6 11 3
t 21 20 34 793 26 11 24 9
t 25 11 1 579 17 8 2 3
t 31 22 20 15 733 3 29 37
t 21 732 37 3 31 7 14 21
t 28 39 1 14 708 38 29 27
t 25 565 24 22 5 10 13 24
t 14 25 20 3 18 22 23 575
t 18 596 12 9 6 18 5 18
t 2 3 20 6 19 568 20 4
t 11 1 14 579 24 8 4 24
t 23 8 14 38 661 12 0 6
t 22 590 22 14 10 6 23 8
t 40 5 29 33 631 36 7 15
t 21 566 8 9 24 17 5 8
t 594 4 5 16 6 3 7 22
t 3 13 1 20 9 12 591 22
t 30 32 706 28 4 4 14 13
t 8 22 16 17 21 3 577 12
t 14 586 17 9 14 21 9 20
t 750 34 13 29 15 39 22 40
t 9 3 9 7 583 10 7 2
t 13 12 22 20 588 10 15 4
t 2 29 674 1 26 30 24 11
t 739 8 2 11 22 4 36 31
t 4 12 9 15 662 8 16 33
t 561 15 6 3 11 11 9 24
t 7 28 23 667 35 12 0 26
t 9 3 3 18 24 24 564 1
t 5 596 12 11 19 10 10 21
t 4 0 33 704 18 5 14 9
t 17 20 4 3 8 585 16 24
t 11 8 19 37 30 0 665 34
t 26 15 5 35 13 26 678 20
t 9 1 17 574 25 9 9 2
t 588 10 23 12 6 16 19 12
t 18 590 19 11 18 25 2 14
t 21 10 10 573 25 22 4 2
t 10 24 8 28 10 30 7 627
t 776 18 10 16 40 38 33 21
t 16 7 21 23 14 8 696 22
t 22 20 5 2 22 16 575 13
t 15 20 14 17 627 24 29 2
t 18 18 16 3 599 7 14 1
t 22 15 19 3 22 8 564 3
t 36 2 3 20 13 33 4 620
t 5 37 9 7 11 22 704 17
t 599 5 6 17 17 21 13 5
t 40 9 17 18 730 2 13 27
t 1 569 19 17 17 23 10 20
t 19 8 24 599 9 19 22 18
t 1 30 764 15 2 28 11 13
t 19 25 6 33 38 1 6 662
t 0 23 39 38 38 35 669 0
t 22 25 22 7 8 3 13 565
t 7 9 0 703 0 28 26 3
t 14 728 30 4 31 6 35 12
t 632 12 3 20 39 23 11 9
t 10 10 792 22 6 30 14 27
t 18 7 19 8 18 21 592 13
t 24 25 22 1 2 585 20 18
t 19 35 15 692 25 8 24 26
t 5 30 639 19 28 36 6 14
t 36 18 14 14 707 30 15 18
t 2 2 17 22 24 1 12 584
t 29 33 25 732 7 5 32 40
t 16 17 8 15 1 14 1 571
t 9 25 4 583 17 9 6 25
t 12 14 578 22 22 7 22 5
t 19 5 19 20 7 584 18 18
t 20 13 11 35 779 27 29 9
t 3 22 19 564 8 13 10 13
t 18 8 7 1 21 702 9 30
t 22 645 15 15 2 2 39 32
t 11 29 35 39 12 33 659 40
t 4 596 19 23 6 19 21 10
t 593 25 21 11 9 11 4 24
t 7 3 19 23 4 595 23 12
t 595 9 4 10 9 4 2 4
t 698 40 9 36 2 37 37 2
t 21 587 18 9 8 7 22 20
t 587 3 13 5 2 16 4 8
t 11 12 17 596 25 14 17 3
t 594 18 23 6 7 16 18 9
t 579 12 1 22 22 9 17 11
t 21 23 11 12 15 572 18 22
t 3 25 579 17 20 13 25 2
t 8 5 21 18 3 582 16 2
t 23 14 39 36 37 36 619 13
t 33 15 27 799 20 13 38 2
t 16 21 8 22 595 18 13 1
t 14 8 595 20 19 21 14 16
t 3 2 7 7 25 13 6 568
t 19 23 591 12 11 24 14 9
t 37 31 7 30 1 753 7 9
t 30 24 621 26 15 3 28 38
t 3 592 8 14 7 11 13 20
t 15 2 18 1 584 3 5 18
t 25 22 9 18 12 3 784 4
t 9 21 9 24 570 17 12 20
t 9 12 18 717 15 21 20 24
t 8 23 7 25 19 17 3 566
t 13 5 8 21 16 7 21 595
t 27 21 0 0 14 701 21 21
t 39 2 654 32 37 15 0 8
t 22 17 25 6 13 678 4 8
t 36 695 38 32 23 22 40 39
t 14 9 570 6 16 11 2 22
t 19 16 14 9 10 12 585 1
t 10 1 10 18 5 5 563 5
t 12 9 12 576 11 24 2 25
t 29 30 13 31 29 714 1 31
t 772 8 22 12 23 11 33 38
t 23 12 588 13 23 9 19 2
t 4 14 8 15 1 19 11 569
t 748 4 27 18 22 39 37 8
t 20 597 15 20 9 21 24 16
t 28 35 9 36 755 15 12 28
t 28 33 2 23 23 7 715 27
t 582 12 16 8 21 13 6 16
t 25 1 34 11 39 13 660 32
t 20 3 588 19 15 23 24 5
t 21 14 25 10 23 15 19 572
t 6 15 12 616 17 9 6 37
t 7 592 22 8 15 13 4 12
t 19 28 18 17 727 29 9 33
t 15 19 19 580 1 7 3 9
t 16 20 11 21 4 12 3 686
t 23 23 597 3 21 7 16 16
t 10 40 605 28 12 21 39 20
t 8 15 571 17 18 7 10 7
t 15 24 22 575 23 22 2 19
t 10 14 4 578 12 13 24 19
t 578 14 15 21 23 10 14 13
t 656 25 36 12 37 17 10 37
t 36 0 6 752 20 32 7 4
t 11 3 4 19 6 11 569 3
t 2 13 583 13 15 2 11 16
t 21 9 566 16 3 8 22 11
t 17 11 18 1 8 15 7 582
t 23 23 23 11 10 578 4 22
t 26 29 34 39 9 23 37 791
t 615 28 38 38 9 31 40 21
t 24 567 4 17 14 21 21 3
t 26 19 31 33 616 2 32 12
t 35 20 1 758 29 4 14 21
t 33 30 37 8 729 36 16 36
t 562 11 14 17 12 8 10 17
t 19 8 2 579 24 7 17 5
t 6 14 20 14 6 2 581 1
t 578 3 16 4 25 12 24 15
t 15 17 21 18 0 35 18 659
t 6 14 634 14 21 30 33 34
t 560 20 15 11 6 10 7 8
t 14 16 25 13 6 16 20 565
t 16 672 6 1 0 11 3 28
t 20 591 4 23 19 3 23 15
t 14 1 4 6 565 10 11 9
t 35 20 40 798 13 14 24 40
t 563 3 22 8 1 4 5 9
t 19 33 26 40 737 27 36 12
t 26 39 2 19 1 767 30 14
t 622 18 28 0 9 20 18 33
t 40 18 3 31 33 28 651 37
t 11 10 17 20 15 19 18 570
t 18 12 3 2 560 18 6 14
t 25 14 6 599 16 9 22 18
t 28 20 29 38 660 18 5 15
t 6 16 27 21 37 709 26 0
t 9 750 24 6 1 7 32 23
t 18 25 591 1 10 24 9 8
t 5 31 36 14 604 37 35 6
t 18 28 10 6 1 30 727 23
t 11 10 2 10 573 6 16 4
t 9 1 8 30 7 39 38 670
t 35 22 31 27 20 7 19 603
t 7 16 4 705 11 17 23 32
t 583 20 8 12 19 23 11 9
t 11 14 21 595 3 13 17 19
t 23 30 20 650 35 4 18 9
t 28 4 11 9 23 29 796 24
t 9 17 9 2 10 25 6 574
t 5 25 11 583 17 20 19 16
t 9 27 29 28 17 20 730 29
t 23 563 22 19 5 8 11 23
t 30 32 17 31 22 37 743 14
t 9 33 2 725 18 35 14 1
t 13 6 16 3 7 25 566 4
t 3 6 12 2 19 9 577 16
t 15 15 22 6 19 1 19 581
t 594 21 13 17 13 22 5 12
t 40 20 652 6 2 28 15 35
t 21 18 6 779 16 32 15 22
t 644 32 19 5 25 1 25 5
t 3 31 39 18 709 31 36 15
t 18 26 28 22 639 14 20 29
t 7 1 11 561 13 13 6 9
t 5 20 20 38 2 31 766 21
t 593 2 9 10 16 9 25 23
t 4 14 19 6 3 15 581 7
t 6 640 2 39 12 40 38 32
t 16 29 18 19 12 37 627 21
t 596 8 5 2 12 7 3 21
t 7 17 12 25 6 589 1 21
t 4 22 11 3 1 25 2 584
t 7 17 39 1 12 690 2 38
t 33 26 13 13 22 772 21 34
t 19 20 27 35 772 16 28 22
t 28 632 25 35 39 4 4 21
t 590 1 25 15 11 8 15 8
t 17 15 12 32 10 15 709 22
t 20 21 10 19 23 4 8 592
t 37 29 40 742 12 25 6 24
t 7 10 564 4 12 8 1 15
t 31 623 30 34 9 34 12 9
t 6 5 8 1 15 584 16 5
t 37 685 7 34 33 40 9 20
t 4 4 9 5 20 589 5 2
t 18 34 17 763 1 30 39 39
t 17 24 15 10 561 4 4 25
t 11 6 18 23 571 16 24 23
t 24 8 40 18 38 0 39 665
t 8 10 2 8 20 612 6 22
t 1 33 36 24 32 5 1 602
t 15 7 3 754 3 3 23 20
t 11 8 25 32 652 0 3 33
t 7 20 3 564 18 18 12 23
t 32 37 15 32 40 23 602 18
t 24 8 3 10 10 25 596 22
t 590 15 8 5 14 4 20 5
t 767 17 20 30 14 15 11 30
t 11 3 14 13 14 3 21 586
t 738 27 4 17 37 32 19 16
t 14 20 25 29 672 29 32 2
t 17 24 17 769 28 4 3 17
t 15 3 29 19 18 11 709 0
t 572 4 4 20 10 4 10 11
t 30 36 25 734 35 9 17 8
t 37 0 616 28 22 33 28 28
t 20 23 22 8 5 787 20 21
t 18 598 9 13 19 1 15 14
t 32 4 26 18 26 725 37 27
t 35 9 6 28 25 0 19 632
t 19 24 561 24 7 20 25 2
t 11 32 3 34 4 14 10 777
t 22 31 2 7 626 15 0 37
t 37 17 13 636 27 17 22 40
t 10 22 574 1 21 8 24 12
t 686 17 18 22 26 18 3 6
t 22 17 20 15 16 564 24 17
t 34 27 740 31 31 21 10 36
t 14 1 5 7 11 20 646 3
t 6 18 570 22 20 1 5 13
t 613 14 0 39 37 21 7 14
t 10 634 35 12 16 0 38 7
t 4 29 4 0 21 735 29 25
t 25 36 11 623 35 34 9 16
t 23 7 30 5 10 35 26 708
t 12 8 6 18 11 574 7 9
t 6 16 1 593 21 6 16 18
t 578 3 20 10 14 12 24 13
t 22 2 2 7 576 6 7 6
t 11 9 4 18 23 585 20 21
t 33 28 21 798 12 39 26 16
t 34 19 16 9 18 19 14 726
t 36 720 7 10 13 18 39 35
t 36 652 27 28 21 19 26 31
t 29 637 10 33 17 13 10 17
t 13 9 2 17 18 600 37 0
t 11 24 17 9 578 24 21 4
t 11 24 15 9 13 21 594 16
t 12 24 8 12 17 580 12 24
t 20 40 6 32 18 9 7 791
t 2 1 598 12 4 21 13 1
t 17 29 13 39 715 36 3 5
t 3 9 5 7 583 23 24 11
t 562 19 19 11 5 24 10 23
t 16 32 13 14 9 13 40 604
t 36 0 682 30 10 19 11 24
t 684 39 38 9 31 3 20 36
t 3 5 628 34 31 3 9 19
t 8 4 21 4 25 2 17 567
t 6 740 27 28 33 31 28 23
t 32 22 9 20 40 15 712 32
t 28 19 13 4 26 13 600 31
t 11 709 21 26 30 21 33 14
t 763 32 21 8 21 7 34 23
t 24 21 2 21 20 13 18 563
t 11 588 22 15 6 8 22 8
t 0 9 729 35 40 11 25 19
t 26 679 15 21 32 18 6 11
t 12 760 39 2 2 7 4 21
t 24 3 570 19 3 6 6 19
t 12 39 0 30 732 27 36 23
t 4 21 2 13 23 23 17 572
t 17 580 23 20 2 7 25 2
t 39 35 13 638 37 1 4 30
t 4 15 20 16 2 21 6 578
t 25 593 8 25 4 5 10 9
t 34 18 39 721 39 23 11 11
t 5 11 19 586 25 11 6 18
t 10 9 21 25 12 11 20 575
t 5 7 599 13 21 20 1 17
t 5 15 10 16 20 25 593 5
t 12 19 11 17 2 13 12 582
t 30 759 5 25 35 12 39 38
t 9 574 2 9 2 17 4 24
t 3 23 18 565 19 15 4 18
t 25 10 7 8 576 4 21 18
t 24 12 11 24 11 568 15 12
t 2 561 20 17 14 21 2 14
t 24 22 591 25 9 20 17 19
t 36 657 24 32 36 34 0 35
t 31 25 38 0 615 9 27 24
t 33 787 31 34 4 28 2 40
t 27 38 6 1 16 614 1 34
t 2 9 4 7 573 10 7 5
t 15 5 583 7 14 12 5 24
t 17 597 4 9 2 22 14 22
t 7 21 7 24 562 17 18 1
t 592 4 25 14 6 10 25 15
t 19 23 10 1 22 18 585 22
t 21 5 588 2 6 13 20 1
t 25 15 32 20 14 608 25 8
t 5 6 5 11 32 29 22 752
t 4 17 14 8 6 6 13 590
t 16 1 17 585 6 14 13 25
t 19 5 23 590 18 22 25 5
t 25 586 16 19 5 13 3 5
t 8 7 15 22 13 563 17 8
t 4 693 7 16 24 0 19 36
t 19 8 14 20 21 595 14 22
t 8 9 23 8 23 18 0 768
t 30 3 2 0 24 3 640 34
t 40 6 25 644 17 8 21 33
t 39 23 12 24 17 21 612 23
t 32 734 37 14 20 15 15 30
t 29 23 651 30 3 2 40 12
t 1 23 23 24 2 595 19 16
t 2 23 20 590 19 20 23 18
t 22 17 14 564 8 16 14 10
t 20 567 12 12 16 17 4 15
t 2 12 14 5 590 13 17 9
t 22 22 17 20 598 15 15 6
t 22 19 577 15 16 10 7 4
t 585 22 13 22 10 5 15 15
t 583 14 14 6 2 10 21 12
t 24 16 571 6 7 8 12 21
t 588 17 21 8 13 19 13 4
t 31 7 28 32 648 32 9 23
t 29 3 39 658 37 8 21 10
t 20 14 18 24 572 21 5 20
t 4 19 16 16 10 586 9 13
t 589 22 11 22 8 20 16 1
t 6 20 20 8 14 23 593 5
t 19 775 10 38 25 9 34 30
t 33 9 3 9 758 27 6 37
t 8 14 25 6 19 564 11 16
t 585 15 14 7 23 1 13 23
t 29 30 29 27 639 8 7 7
t 12 33 30 40 13 2 611 39
t 0 10 0 22 35 20 724 22
t 19 39 6 769 15 37 36 26
t 12 3 22 2 23 594 10 11
t 22 5 3 1 592 22 2 4
t 17 611 32 7 10 28 38 24
t 17 11 14 21 13 12 18 591
t 13 574 9 23 25 25 2 14
t 6 22 24 15 24 11 20 594
t 15 10 24 589 11 23 22 10
t 27 39 19 29 663 4 14 39
t 39 21 21 762 25 1 1 15
t 1 2 20 13 11 16 593 25
t 16 21 8 581 13 21 11 4
t 10 611 9 36 32 6 24 38
t 1 9 7 25 5 3 595 21
t 31 34 9 4 22 33 663 39
t 5 36 693 24 20 27 30 15
t 576 8 14 17 6 1 12 13
t 19 3 20 8 18 10 10 597
t 25 763 30 7 18 7 26 8
t 3 15 8 7 596 24 22 11
t 20 7 22 11 23 570 24 19
t 40 26 5 1 1 618 27 1
t 34 33 715 37 13 11 0 29
t 23 14 1 753 22 22 5 13
t 5 34 39 10 8 11 12 662
t 10 23 11 12 582 13 14 13
t 15 27 15 36 26 9 617 25
t 9 17 12 585 22 14 23 15
t 585 2 14 9 20 2 18 6
t 19 16 561 18 11 7 18 11
t 12 592 2 3 14 16 19 20
t 31 18 11 3 16 649 40 22
t 3 595 24 7 21 23 20 12
t 21 3 560 16 14 25 22 9
t 722 27 39 26 36 0 27 38
t 6 7 12 24 2 591 21 12
t 20 12 18 6 18 23 568 16
t 12 25 780 11 20 39 21 28
t 4 636 26 21 4 19 1 3
t 17 2 22 12 23 23 12 777
t 9 15 674 17 28 25 25 24
t 17 11 25 22 13 23 597 3
t 16 24 10 7 581 3 17 2
t 32 23 1 794 16 39 20 25
t 37 27 605 3 31 11 23 35
t 3 23 23 10 746 17 21 8
t 38 6 32 770 4 8 16 10
t 17 641 15 1 7 15 16 15
t 20 23 17 16 586 11 12 22
t 6 16 16 25 1 22 3 577
t 31 1 34 34 36 783 39 28
t 13 563 13 21 23 21 19 20
t 20 17 14 2 4 5 23 570
t 676 38 20 17 8 9 25 35
t 595 6 14 14 10 5 7 11
t 33 7 4 5 621 14 7 15
t 18 599 15 24 10 7 12 7
t 12 672 23 38 31 33 37 8
t 596 6 12 12 25 5 17 12
t 22 16 19 29 38 29 18 683
t 7 25 2 2 16 589 6 7
t 2 15 17 16 597 14 9 22
t 22 36 19 631 15 22 12 8
t 11 19 5 20 590 9 16 14
t 7 18 1 2 576 4 15 11
t 18 21 561 21 15 14 3 5
t 16 14 21 21 24 8 14 573
t 15 612 24 25 9 24 20 6
t 13 5 565 1 17 24 3 9
t 16 1 10 1 33 30 14 696
t 21 16 24 6 7 21 714 29
t 15 6 10 21 563 4 6 2
t 22 11 7 17 9 25 21 580
t 14 7 613 31 31 2 36 34
t 9 34 29 14 729 37 19 32
t 18 674 8 39 1 7 24 33
t 3 7 582 14 12 3 4 25
t 9 730 14 37 31 1 19 30
t 579 5 1 8 9 5 18 11
t 19 29 27 32 695 27 19 23
t 8 10 11 11 15 593 18 24
t 21 13 23 14 25 20 36 691
t 29 37 25 636 22 2 3 5
t 10 23 19 22 10 3 3 569
t 10 16 24 599 15 15 2 19
t 22 17 4 18 8 10 578 2
t 15 19 14 15 25 579 1 2
t 613 35 14 4 39 37 7 35
t 25 13 23 13 12 19 18 587
t 4 34 792 22 37 17 37 18
t 3 0 23 25 28 36 648 7
t 4 11 23 19 598 12 16 16
t 25 16 1 7 13 4 581 7
t 4 565 7 5 19 22 17 22
t 23 29 27 8 24 786 40 14
t 10 22 16 2 2 8 590 12
t 25 24 21 9 583 9 10 9
t 22 25 16 21 584 12 14 15
t 637 32 40 30 26 28 15 9
t 40 39 10 620 4 4 0 5
t 30 33 35 24 779 4 22 39
t 18 15 595 6 6 14 18 11
t 33 7 15 9 13 709 11 5
t 12 732 11 23 24 3 10 5
t 4 5 4 21 569 13 6 9
t 19 11 4 1 11 10 593 16
t 583 21 20 3 24 11 6 14
t 23 2 2 583 9 14 4 3
t 15 1 21 597 24 20 3 6
t 7 7 4 8 6 6 571 12
t 15 28 8 771 24 9 4 37
t 18 19 18 19 567 16 14 23
t 7 15 40 3 28 31 686 4
t 21 5 11 7 17 22 574 1
t 16 22 570 7 20 15 11 8
t 3 15 8 5 570 4 9 9
t 19 580 3 21 16 13 15 20
t 602 28 5 33 25 9 28 34
t 14 4 16 3 20 14 565 8
t 18 10 20 577 2 13 16 21
t 17 18 31 1 10 2 730 40
t 6 23 15 13 21 5 575 2
t 10 560 10 13 7 23 1 22
t 579 17 21 22 17 22 6 12
t 6 599 20 2 6 5 20 22
t 9 20 20 3 17 5 583 4
t 14 11 22 1 6 11 579 22
t 21 4 12 20 9 11 584 6
t 6 25 20 9 24 8 24 572
t 18 10 25 7 21 13 20 564
t 5 12 8 4 25 2 592 11
t 29 17 3 22 34 29 678 21
t 17 18 9 11 12 594 11 14
t 7 11 584 25 3 9 9 15
t 18 32 38 13 759 21 19 4
t 40 21 33 10 12 31 623 20
t 22 658 12 21 2 26 33 27
t 19 17 15 16 587 15 9 15
t 597 12 14 24 9 19 23 1
t 25 21 12 1 582 18 24 16
t 570 25 15 15 21 10 20 15
t 23 13 10 8 13 2 568 6
t 25 30 5 25 4 9 733 6
t 4 7 7 10 22 16 14 591
t 31 790 36 34 0 29 30 0
t 20 33 27 15 36 18 36 656
t 773 7 4 28 7 18 14 23
t 26 29 25 10 5 29 21 720
t 4 10 563 10 10 22 16 7
t 11 10 36 39 14 10 604 16
t 28 1 7 29 722 17 3 28
t 36 612 25 37 25 40 16 37
t 581 25 9 22 13 8 23 7
t 1 11 22 18 6 14 583 5
t 4 23 21 35 29 736 12 12
t 11 36 17 1 10 13 23 610
t 599 22 3 23 8 12 18 1
t 18 4 21 10 9 23 25 575
t 3 8 8 12 23 564 23 18
t 575 23 4 24 23 7 12 8
t 17 36 39 31 40 1 11 738
t 28 14 23 1 0 652 18 30
t 13 16 11 13 23 16 25 599
t 22 18 599 24 5 23 14 18
t 20 25 0 724 10 26 25 8
t 32 690 24 32 14 10 13 20
t 7 25 21 7 9 3 571 13
t 33 14 745 32 2 2 27 17
t 24 598 14 12 6 6 20 20
t 10 589 19 17 20 13 9 1
t 18 12 2 19 16 561 23 2
t 576 6 16 15 25 10 20 16
t 14 21 16 24 14 14 4 599
t 35 26 30 0 36 762 3 4
t 17 5 13 11 21 595 16 13
t 24 29 15 39 16 31 2 626
t 4 4 2 20 595 15 10 18
t 24 4 23 7 18 588 10 16
t 31 24 14 5 20 12 773 39
t 2 570 2 23 15 17 21 22
t 0 37 7 39 2 700 15 24
t 24 12 4 599 4 10 22 12
t 594 16 1 2 2 11 11 21
t 563 3 16 19 23 22 13 2
t 0 30 26 2 4 18 30 761
t 27 725 22 24 39 11 25 3
t 4 10 21 13 15 15 568 20
t 561 19 8 7 10 23 25 6
t 22 23 17 579 25 12 21 1
t 648 7 5 22 14 30 14 24
t 16 10 21 3 10 572 19 13
t 9 9 574 1 23 7 10 12
t 14 15 11 3 5 15 560 10
t 11 1 1 641 36 29 4 19
t 10 9 595 21 14 16 13 6
t 9 9 40 31 36 9 1 742
t 13 3 5 1 574 25 19 11
t 562 24 15 12 7 5 12 15
t 567 6 20 19 7 25 7 22
t 14 18 576 17 19 6 5 7
t 8 9 19 16 582 9 3 10
t 20 1 22 571 23 25 3 18
t 28 11 34 681 20 35 9 15
t 14 25 15 9 4 568 8 16
t 578 13 8 19 4 22 1 5
t 12 1 586 7 3 23 16 9
t 7 16 15 10 13 621 34 39
t 21 36 1 38 36 759 27 7
t 39 35 14 21 30 779 15 29
t 12 19 19 585 20 18 23 22
t 40 14 9 6 624 7 1 6
t 36 25 29 623 18 23 10 22
t 32 31 22 7 33 7 605 28
t 1 37 665 37 2 14 25 26
t 31 36 21 30 34 15 748 8
t 23 24 569 7 6 18 3 16
t 3 17 25 21 9 16 569 1
t 9 15 3 13 584 25 22 24
t 13 22 5 574 6 25 4 4
t 3 25 582 25 13 5 6 14
t 16 25 13 13 23 13 5 563
t 15 18 582 9 12 10 1 4
t 7 3 17 16 25 3 586 2
t 19 585 2 10 15 13 14 4
t 20 3 19 28 12 36 25 705
t 32 20 34 17 13 0 39 747
t 1 4 3 8 33 37 27 780
t 575 5 5 21 5 18 15 19
t 13 12 10 8 23 569 24 22
t 26 5 3 35 40 29 9 602
t 17 12 25 594 22 3 8 22
t 20 24 30 11 37 8 40 650
t 13 3 570 19 22 10 21 12
t 5 3 15 4 579 14 7 7
t 10 24 9 21 18 23 597 1
t 562 23 9 9 14 15 21 16
t 19 36 10 39 1 37 4 780
t 12 18 24 563 13 25 18 10
t 19 9 24 11 598 22 5 19
t 566 21 6 15 7 4 21 11
t 32 24 25 790 37 29 5 38
t 594 13 18 1 12 1 14 14
t 637 38 22 11 36 14 33 19
t 619 19 5 2 38 25 22 10
t 9 14 10 560 17 1 14 16
t 681 37 31 19 32 9 0 23
t 9 16 14 9 5 592 25 21
t 3 584 13 25 1 2 22 18
t 14 4 2 8 2 597 22 22
t 704 24 19 19 3 20 12 4
t 30 14 9 16 27 616 32 37
t 23 23 18 2 10 594 6 19
t 22 27 18 11 35 696 28 3
t 571 24 10 4 18 12 9 18
t 2 12 12 597 16 3 8 9
t 16 21 16 567 24 16 23 13
t 18 12 24 19 5 23 593 22
t 567 19 4 24 22 5 7 21
t 607 30 27 32 25 6 25 14
t 15 17 16 8 12 573 1 22
t 26 4 6 2 36 18 608 34
t 600 2 28 24 11 0 11 16
t 586 8 15 9 12 9 3 3
t 15 3 9 13 18 582 18 18
t 39 19 40 31 24 28 14 632
t 3 635 17 20 34 38 12 9
t 779 5 38 28 19 6 19 17
t 711 14 25 21 8 7 11 2
t 28 5 6 17 18 27 15 725
t 710 32 15 33 9 35 11 39
t 11 12 40 699 29 24 2 40
t 16 17 644 13 31 21 32 28
t 22 2 21 18 584 12 23 15
t 9 5 5 19 16 17 11 565
t 796 38 13 31 24 38 21 13
t 33 728 36 3 39 8 22 10
t 3 797 7 34 21 14 12 37
t 23 17 9 5 19 567 3 20
t 14 13 8 574 17 3 1 10
t 39 27 9 690 20 34 16 24
t 597 3 21 6 21 22 8 5
t 14 7 20 24 17 591 7 7
t 23 25 3 3 15 567 19 22
t 12 596 25 16 18 9 24 19
t 18 4 17 21 4 1 25 573
t 7 10 9 14 8 4 596 22
t 15 38 8 14 2 600 4 30
t 22 24 599 5 25 18 20 2
t 11 564 24 13 10 3 3 5
t 6 12 4 14 597 18 3 9
t 17 25 4 8 12 1 23 569
t 4 1 1 657 39 23 15 27
t 10 2 16 563 23 4 2 11
t 20 10 575 25 7 15 17 1
t 10 584 7 21 8 13 1 14
t 15 587 9 7 4 4 10 14
t 21 15 25 21 577 23 12 23
t 24 0 24 9 644 33 24 26
t 14 3 595 14 16 12 10 9
t 8 21 26 31 15 28 39 688
t 22 15 18 586 14 21 13 23
t 26 8 737 2 2 29 23 2
t 31 21 22 17 21 19 667 3
t 14 38 26 691 35 37 13 3
t 583 3 10 15 5 17 16 24
t 22 34 34 7 616 16 13 5
t 17 18 19 560 13 19 3 1
t 579 20 2 22 18 10 11 2
t 11 1 1 562 23 13 3 6
t 18 2 4 38 11 10 613 20
t 9 3 14 579 6 13 25 23
t 26 36 771 29 16 11 17 0
t 10 35 715 38 12 13 6 12
t 13 2 588 4 22 22 2 16
t 15 12 17 22 590 15 23 1
t 16 13 9 23 596 22 23 16
t 19 24 21 19 17 2 570 1
t 8 18 19 560 25 4 21 13
t 8 20 566 24 1 4 18 19
t 29 19 39 13 688 12 34 7
t 13 22 6 12 573 5 21 19
t 8 9 24 11 584 1 13 22
t 23 10 715 2 34 32 6 10
t 4 11 24 584 23 9 11 25
t 31 697 6 10 33 16 23 30
t 38 8 35 761 15 17 28 26
t 25 771 17 29 40 25 18 32
t 16 4 17 20 561 7 1 10
t 9 1 8 571 15 9 18 7
t 19 6 8 4 588 13 19 4
t 591 25 22 11 3 5 8 10
t 1 21 12 27 710 7 3 25
t 18 19 1 576 4 6 24 2
t 10 18 17 574 14 19 6 12
t 39 33 11 4 15 22 18 742
t 11 6 15 14 5 589 17 20
t 5 22 15 3 10 586 22 14
t 3 23 20 586 22 9 25 24
t 36 38 31 11 36 34 3 793
t 28 36 7 22 22 18 33 657
t 31 4 0 8 7 3 616 38
t 1 19 29 16 22 11 717 9
t 22 671 11 13 35 23 24 0
t 5 21 10 11 21 594 3 13
t 40 34 8 23 29 38 720 8
t 16 580 23 22 10 2 23 23
t 28 28 783 16 6 10 35 24
t 8 37 31 11 31 23 27 784
t 16 24 14 596 13 20 19 25
t 28 782 12 18 9 28 38 25
t 4 14 18 30 7 1 7 629
t 7 17 2 590 23 25 10 24
t 571 8 6 12 11 7 13 18
t 8 13 577 9 17 16 3 3
t 24 10 589 5 2 11 21 9
t 10 12 3 7 18 7 576 3
t 3 31 34 26 27 23 604 5
t 26 18 34 33 30 24 6 732
t 20 14 566 25 20 19 12 6
t 17 583 13 21 23 10 11 6
t 17 594 21 22 13 8 1 21
t 8 18 14 24 715 32 19 18
t 31 38 722 7 38 40 34 11
t 18 21 0 18 38 699 7 33
t 14 573 14 23 7 24 3 25
t 40 600 37 6 13 10 27 39
t 7 8 3 1 2 563 23 24
t 21 11 0 18 8 36 35 776
t 27 2 10 38 13 671 25 6
t 23 5 15 24 8 17 7 590
t 4 24 23 13 18 18 15 574
t 23 20 13 24 3 564 3 10
t 19 21 0 27 30 705 38 30
t 581 14 25 12 23 25 14 8
t 39 26 14 684 14 4 37 13
t 5 24 23 3 16 595 25 15
t 13 6 15 5 39 40 619 11
t 1 585 11 16 3 3 15 20
t 28 26 29 32 35 23 687 6
t 2 3 22 14 2 12 570 20
t 760 18 4 28 37 22 27 9
t 21 18 19 11 6 15 594 14
t 6 5 591 3 10 8 3 19
t 24 10 6 18 573 11 15 25
t 17 7 4 27 792 4 18 11
t 25 33 7 15 33 27 720 12
t 13 20 21 17 2 10 7 562
t 15 33 22 16 796 34 21 37
t 18 1 2 23 591 3 5 8
t 32 18 16 3 12 32 701 22
t 1 583 25 3 6 22 10 12
t 11 15 12 707 26 40 33 36
t 38 0 18 15 691 16 14 9
t 698 19 6 38 19 7 38 38
t 25 7 31 33 14 21 0 800
t 591 4 20 8 1 24 16 12
t 19 1 3 1 14 4 758 25
t 4 9 7 19 7 6 585 6
t 22 9 5 24 605 15 12 16
t 4 10 12 16 17 579 20 2
t 30 14 3 3 6 649 8 27
t 3 30 18 10 24 798 6 22
t 2 6 683 38 16 37 4 11
t 572 18 1 21 8 1 22 13
t 560 23 1 16 25 12 2 11
t 14 6 15 21 585 11 22 20
t 35 11 12 14 698 10 32 36
t 1 38 31 39 9 774 23 6
t 15 9 18 1 594 1 23 25
t 570 5 21 13 12 3 2 6
t 9 4 12 582 17 7 4 7
t 19 790 37 6 21 19 13 25
t 586 10 17 25 9 4 23 8
t 22 25 6 23 24 12 584 17
t 20 30 633 12 35 35 15 4
t 30 28 18 37 37 12 774 17
t 29 11 18 20 25 675 33 36
t 8 28 13 22 35 8 637 23
t 585 23 9 7 25 18 11 1
t 15 24 8 577 7 22 19 23
t 6 572 22 12 6 20 15 23
t 33 696 9 13 9 17 12 31
t 24 37 705 10 28 12 21 37
t 21 35 4 30 14 17 708 28
t 0 2 5 33 34 12 10 689
t 573 22 2 3 2 23 11 10
t 589 14 19 4 1 20 12 8
t 19 2 11 19 22 23 561 22
t 11 19 16 17 2 582 20 2
t 12 20 22 24 2 596 22 20
t 22 22 15 1 4 24 589 19
t 1 3 19 23 582 10 21 13
t 8 570 16 5 20 2 2 19
t 734 6 23 29 0 3 33 19
t 0 10 31 8 2 16 35 778
t 15 598 9 11 6 2 22 19
t 572 15 2 17 8 7 21 20
t 25 21 25 21 12 660 10 32
t 16 11 10 27 746 17 21 24
t 1 14 1 18 17 572 9 15
t 15 1 598 17 20 19 13 15
t 20 705 3 17 33 28 1 40
t 9 575 22 24 23 2 24 4
t 21 3 20 17 3 24 23 731
t 6 24 21 10 2 17 593 19
t 30 20 7 17 16 33 618 23
t 1 13 24 12 2 23 570 4
t 10 598 9 15 22 22 11 17
t 6 567 19 14 9 25 11 13
t 16 23 18 14 587 5 16 25
t 1 18 3 15 24 594 9 5
t 23 19 562 3 23 25 17 17
t 8 8 572 6 21 5 3 7
t 31 31 7 15 640 19 37 26
t 18 15 7 4 12 4 581 21
t 21 30 614 23 30 8 8 4
t 21 15 9 20 22 15 2 567
t 23 30 4 29 14 20 39 661
t 5 20 23 16 10 19 589 13
t 10 17 20 3 24 573 25 14
t 10 713 26 36 27 1 38 2
t 38 32 14 22 19 32 752 1
t 36 5 604 13 39 26 9 27
t 29 18 33 40 7 681 2 17
t 13 31 12 15 4 35 606 1
t 17 21 36 28 655 9 17 30
t 36 676 23 38 20 23 35 27
t 7 16 6 3 793 32 23 22
t 20 4 22 25 22 592 25 20
t 3 1 23 8 36 23 744 0
t 15 23 7 598 14 17 12 8
t 26 29 19 8 35 12 35 725
t 28 1 30 22 15 10 1 788
t 18 20 9 15 14 12 12 574
t 18 18 19 2 17 564 19 4
t 7 6 12 21 0 652 38 1
t 26 40 7 29 6 11 31 616
t 25 7 2 13 10 6 571 19
t 20 598 8 21 1 7 16 24
t 7 3 9 13 6 15 23 587
t 7 11 15 585 20 15 1 18
t 22 26 31 768 18 40 31 29
t 4 23 20 18 24 594 3 10
t 24 17 4 33 3 1 14 784
t 34 12 9 5 781 19 15 21
t 574 11 21 17 15 4 23 7
t 3 5 597 23 13 10 15 9
t 22 30 38 14 31 1 40 656
t 9 3 589 18 23 14 11 15
t 16 5 0 34 1 12 20 737
t 33 9 1 30 33 22 744 22
t 578 6 16 23 5 1 22 17
t 6 18 577 25 18 6 7 21
t 14 11 10 594 9 7 6 9
t 13 17 7 560 17 16 13 10
t 8 17 14 2 8 39 19 750
t 2 16 11 10 563 10 11 19
t 22 21 8 6 584 21 22 19
t 14 15 22 22 576 6 19 23
t 15 8 18 16 575 1 16 20
t 2 24 1 564 24 14 2 24
t 3 11 4 17 24 1 1 590
t 18 16 22 569 22 23 8 22
t 4 7 18 18 8 7 580 23
t 13 18 4 2 14 596 15 2
t 40 33 643 30 35 17 3 10
t 23 11 571 23 2 11 1 17
t 8 13 10 7 570 16 17 2
t 15 3 22 25 8 4 3 574
t 569 3 2 15 3 13 25 19
t 8 587 24 20 7 23 16 2
t 7 563 8 17 9 7 3 5
t 19 18 25 15 6 604 7 37
t 14 1 40 21 28 38 723 14
t 1 776 10 7 27 24 20 25
t 22 6 15 22 9 11 17 591
t 20 566 18 1 14 22 13 16
t 10 13 17 19 7 10 6 580
t 9 594 13 18 25 24 24 14
t 581 3 5 11 10 17 17 18
t 0 13 32 16 22 22 39 707
t 20 21 14 9 17 11 596 12
t 21 594 24 22 21 9 8 6
t 13 2 25 7 582 10 23 7
t 792 35 26 29 25 1 40 7
t 29 29 26 22 18 39 681 15
t 5 584 10 9 13 24 23 24
t 31 11 759 7 6 20 36 11
t 1 14 577 1 10 11 24 20
t 8 17 14 25 20 22 24 561
t 28 640 18 29 12 15 40 16
t 39 21 6 24 22 0 5 616
t 16 592 6 24 12 3 25 23
t 24 19 4 23 6 25 5 589
t 23 20 25 595 10 2 2 19
t 5 13 6 4 11 21 569 14
t 36 668 29 7 37 4 0 36
t 20 735 33 8 14 35 37 5
t 24 742 39 5 25 24 39 19
t 13 15 13 4 11 584 24 9
t 563 14 15 19 11 10 3 15
t 603 33 6 18 8 38 37 40
t 22 596 23 23 2 12 23 10
t 19 645 28 5 10 1 14 39
t 17 23 580 24 19 5 5 20
t 20 15 25 24 13 9 17 563
t 8 20 7 21 24 6 579 21
t 26 16 4 8 1 659 5 17
t 21 11 575 14 21 16 14 3
t 17 18 4 13 592 13 15 4
t 33 21 12 701 30 23 26 16
t 10 4 14 4 4 25 584 10
t 35 13 23 14 613 20 9 2
t 22 14 24 13 30 724 31 3
t 22 10 577 16 21 7 7 9
t 36 1 30 6 21 15 11 732
t 23 8 18 25 596 10 5 21
t 24 582 21 23 20 11 7 6
t 1 599 21 10 19 22 4 9
t 5 25 23 14 569 13 13 8
t 1 31 8 29 756 25 30 38
t 21 18 33 10 19 20 682 29
t 18 584 17 6 11 9 23 10
t 36 34 1 1 36 31 745 13
t 9 23 670 12 23 40 9 9
t 9 16 22 27 12 22 8 726
t 22 24 6 8 15 588 14 3
t 18 19 573 24 19 7 10 23
t 40 16 0 37 29 3 29 689
t 24 7 9 796 35 39 3 32
t 33 14 625 23 40 21 40 38
t 0 607 26 17 15 32 23 4
t 13 21 14 2 5 597 24 20
t 21 12 14 0 728 31 10 6
t 21 20 20 7 37 2 716 39
t 3 22 565 9 21 10 18 5
t 16 2 36 32 777 23 21 19
t 11 14 2 25 0 4 657 5
t 14 24 25 5 22 5 590 19
t 14 23 21 7 588 22 21 10
t 3 15 25 18 17 12 11 594
t 8 597 23 7 9 2 14 16
t 15 9 560 2 20 18 9 3
t 22 6 573 24 20 17 24 20
t 4 14 0 16 719 4 4 14
t 17 1 567 22 8 10 5 13
t 9 567 9 18 9 13 23 9
t 23 10 3 7 20 23 743 10
t 574 16 21 22 12 7 15 3
t 22 15 12 25 8 14 18 579
t 6 14 1 3 576 6 6 9
t 14 33 10 7 32 19 28 776
t 18 19 8 3 16 582 25 9
t 3 2 8 25 23 9 592 17
t 35 600 34 25 6 32 22 32
t 23 9 677 38 26 39 36 33
t 27 34 10 6 788 14 24 15
t 14 754 35 26 17 39 18 14
t 14 6 18 603 19 40 13 4
t 8 582 20 17 25 20 11 8
t 21 3 25 21 7 25 25 587
t 20 24 17 595 11 24 8 2
t 29 13 3 797 17 24 32 14
t 21 3 5 583 8 2 21 13
t 7 583 16 18 3 21 22 15
t 37 8 37 7 24 22 728 22
t 587 23 11 8 2 3 5 10
t 18 595 19 9 13 2 11 23
t 30 661 25 26 11 19 37 37
t 11 561 7 2 8 3 8 22
t 22 18 27 23 724 23 36 5
t 1 17 1 12 5 594 17 20
t 12 15 4 16 24 578 17 4
t 33 29 728 23 40 26 19 37
t 641 34 1 36 2 35 20 5
t 740 29 9 39 31 16 7 0
t 732 5 16 39 40 26 6 34
t 16 15 23 3 628 0 25 27
t 10 37 6 30 7 19 1 667
t 9 589 25 3 20 15 6 18
t 33 1 29 31 26 31 663 40
t 12 2 25 576 4 22 20 20
t 28 18 21 34 32 11 39 778
t 23 3 14 2 15 25 575 2
t 10 0 0 26 11 28 775 37
t 14 28 23 12 22 10 727 29
t 23 32 697 15 14 31 6 14
t 30 37 22 30 780 15 36 23
t 571 5 18 23 3 9 15 19
t 35 22 787 1 8 16 18 1
t 613 14 34 8 20 25 4 24
t 17 18 18 19 19 24 18 560
t 4 15 12 16 18 568 6 9
t 596 11 17 1 15 2 25 11
t 13 8 10 20 3 19 3 589
t 40 8 40 30 694 22 35 37
t 38 775 10 14 14 8 3 18
t 23 581 3 21 6 21 14 15
t 21 9 24 4 593 9 16 6
t 7 35 22 31 22 752 26 34
t 11 579 22 12 24 6 11 4
t 15 17 577 23 11 18 2 8
t 18 6 17 17 597 3 11 1
t 19 14 768 12 14 7 12 8
t 21 6 18 23 27 26 20 760
t 21 16 11 21 31 33 15 616
t 674 17 27 31 10 13 8 38
t 10 8 16 565 1 1 16 8
t 39 789 12 25 11 26 10 6
t 10 21 11 5 6 10 591 12
t 741 7 27 11 25 40 4 14
t 7 735 20 39 30 38 3 21
t 3 1 2 16 22 578 24 25
t 16 7 21 22 586 19 19 10
t 12 9 10 25 25 563 19 19
t 4 8 10 576 16 20 2 13
t 27 31 1 38 38 29 11 661
t 23 5 570 8 1 25 19 4
t 616 17 38 24 2 16 0 20
t 593 17 12 19 5 14 11 24
t 2 22 6 35 10 24 674 30
t 32 36 33 616 18 20 30 12
t 720 14 6 9 5 17 12 4
t 19 15 29 749 9 2 11 12
t 715 14 8 10 31 4 8 8
t 562 21 20 16 10 8 10 15
t 17 14 22 6 5 22 570 10
t 3 11 6 20 20 18 578 2
t 20 17 6 7 582 14 20 1
t 19 9 2 23 15 10 595 19
t 4 21 8 2 11 18 573 23
t 21 576 6 21 10 20 18 1
t 793 15 18 26 37 16 19 31
t 23 579 8 14 18 5 12 23
t 8 3 27 20 26 5 800 27
t 24 9 24 7 564 6 17 7
t 30 12 3 23 689 28 33 38
t 5 25 13 572 1 9 22 4
t 6 21 23 5 593 19 1 23
t 39 30 2 665 3 34 11 6
t 2 2 592 9 10 14 15 2
t 14 19 25 8 599 24 24 20
t 29 11 700 27 37 22 17 30
t 19 1 3 9 1 14 593 8
t 28 32 11 752 19 27 28 39
t 11 3 575 7 21 12 21 12
t 10 19 8 678 12 17 30 30
t 15 13 25 23 1 3 5 581
t 39 7 23 15 10 663 24 10
t 6 9 17 25 5 708 29 20
t 10 10 11 11 746 34 24 39
t 5 18 24 3 4 589 21 20
t 20 571 13 5 8 9 3 11
t 4 9 11 4 24 10 596 11
t 4 2 1 664 29 16 1 26
t 760 23 40 35 32 35 27 1
t 591 12 10 25 3 19 12 4
t 3 5 6 17 10 1 11 593
t 589 16 10 10 6 15 18 19
t 32 35 22 13 32 29 735 22
t 22 23 9 16 581 21 15 5
t 611 11 17 22 0 35 32 24
t 13 7 13 572 23 22 17 16
t 595 20 16 18 8 21 5 14
t 34 38 27 39 2 691 37 10
t 6 2 8 585 11 1 9 10
t 23 3 18 7 11 579 13 8
t 9 13 12 580 20 1 1 13
t 17 25 11 2 562 3 13 9
t 31 18 22 1 17 12 663 0
t 12 25 9 16 18 17 8 597
t 1 13 560 22 18 21 8 18
t 23 40 634 20 35 26 36 34
t 660 28 4 10 5 22 14 26
t 9 16 11 25 581 6 17 23
t 1 10 606 9 12 7 23 28
t 4 3 20 18 6 765 29 21
t 2 590 14 22 12 14 13 15
t 10 1 34 730 19 36 22 25
t 30 28 6 13 27 715 29 9
t 7 21 2 2 569 8 15 18
t 39 22 8 715 6 32 5 33
t 25 8 576 2 2 2 18 7
t 15 23 31 9 28 661 30 24
t 35 12 16 30 783 39 6 40
t 36 16 26 0 30 20 6 647
t 39 17 37 0 26 706 18 25
t 17 7 3 8 23 7 3 563
t 28 38 705 37 6 16 16 26
t 24 24 11 11 24 5 575 15
t 14 22 3 16 585 25 13 19
t 18 12 585 11 20 23 11 21
t 13 582 15 9 10 25 15 4
t 9 16 9 15 1 599 13 13
t 37 22 19 652 37 11 39 25
t 12 25 12 0 2 795 23 38
t 2 15 24 10 19 572 21 9
t 11 8 577 8 23 6 8 7
t 11 21 582 2 22 4 2 14
t 598 24 4 6 1 4 7 9
t 36 761 14 6 35 40 9 17
t 8 18 13 5 24 560 7 16
t 5 7 8 10 597 21 9 9
t 35 19 11 2 32 11 10 747
t 5 28 7 709 32 22 12 39
t 13 36 699 26 25 25 26 13
t 673 22 39 15 3 0 20 24
t 596 1 1 5 21 10 7 6
t 11 22 580 11 18 4 22 8
t 24 21 20 19 7 566 10 20
t 21 6 1 19 572 20 17 3
t 0 35 15 676 11 15 29 0
t 19 30 21 23 17 27 704 36
t 0 38 3 4 612 23 38 37
t 8 9 1 5 7 596 15 19
t 13 19 20 727 30 3 0 37
t 21 21 560 17 19 19 9 19
t 571 25 7 18 3 16 22 24
t 15 13 14 7 17 8 17 588
t 13 25 25 21 578 21 23 15
t 4 2 5 566 13 5 15 18
t 14 24 4 25 16 582 10 1
t 14 9 3 4 23 599 5 18
t 593 21 16 17 11 20 20 13
t 15 9 17 13 25 566 18 18
t 20 6 36 7 0 649 35 8
t 22 31 23 692 12 16 32 19
t 20 40 10 25 13 26 16 712
t 19 13 3 19 579 2 17 2
t 28 727 7 24 26 12 6 22
t 25 16 560 5 16 19 21 11
t 25 35 39 606 38 2 21 34
t 23 2 597 12 1 4 20 14
t 7 16 24 563 2 21 12 17
t 577 22 15 15 16 16 1 12
t 3 2 560 14 10 22 5 3
t 15 18 22 571 5 14 7 6
t 14 591 3 4 23 9 21 8
t 10 15 11 13 20 565 5 20
t 23 11 9 21 22 4 14 560
t 18 1 39 5 18 727 23 4
t 25 590 2 13 21 6 8 25
t 4 564 1 5 16 6 6 6
t 34 1 629 28 26 15 37 11
t 6 20 3 570 23 9 11 9
t 10 2 748 37 2 26 38 26
t 0 32 3 2 39 16 699 36
t 23 6 3 576 13 6 4 8
t 27 24 21 32 4 4 783 39
t 22 6 576 25 19 13 2 7
t 24 9 656 10 1 28 28 16
t 12 23 20 588 17 14 15 20
t 39 18 7 4 33 747 13 2
t 4 19 591 19 19 24 18 5
t 4 15 3 17 15 13 7 563
t 785 20 32 13 24 36 19 20
t 24 562 22 22 7 20 14 5
t 2 4 575 13 23 9 16 22
t 597 11 15 7 11 6 1 9
t 25 6 9 13 19 599 9 11
t 21 20 610 11 36 16 27 27
t 625 29 17 22 29 26 13 23
t 15 4 38 662 11 4 18 38
t 7 6 5 10 19 565 5 17
t 9 9 7 743 4 34 27 27
t 25 578 17 18 16 19 15 10
t 24 12 19 14 15 9 581 8
t 1 1 586 17 15 23 1 14
t 8 19 565 17 24 23 18 12
t 35 711 30 27 19 40 27 30
t 14 27 15 20 771 25 40 10
t 36 23 798 2 6 3 18 0
t 36 704 12 28 10 16 30 13
t 1 21 17 13 3 591 12 19
t 1 5 596 16 25 3 22 23
t 22 6 589 25 12 9 7 4
t 18 15 18 12 21 12 9 574
t 29 25 7 16 9 19 642 15
t 574 2 16 11 13 7 21 15
t 4 9 3 11 2 17 3 560
t 26 9 39 647 13 4 4 8
t 19 577 7 15 7 15 17 16
t 38 31 25 24 40 632 7 22
t 586 22 25 11 14 4 4 17
t 10 10 13 596 24 13 15 12
t 39 30 9 25 784 29 3 38
t 27 5 40 18 18 22 637 14
t 587 4 22 4 15 21 10 13
t 19 19 13 8 23 593 21 15
t 8 7 10 7 594 16 24 20
t 28 6 12 710 39 37 35 20
t 4 16 19 1 5 21 12 564
t 696 24 35 37 6 32 23 18
t 675 17 16 0 22 38 10 28
t 18 15 1 10 24 24 15 571
t 20 20 29 14 6 18 31 724
t 6 1 560 13 12 16 25 8
t 24 12 13 16 16 663 27 8
t 18 11 23 2 17 18 23 582
t 35 728 14 26 11 8 31 36
t 580 14 11 6 1 1 5 13
t 18 20 34 35 642 14 35 13
t 19 16 582 8 6 14 7 21
t 581 1 11 19 4 3 9 25
t 33 26 9 34 11 16 3 610
t 22 24 17 2 583 18 8 14
t 0 17 788 26 38 37 5 0
t 7 4 560 3 12 1 2 10
t 21 34 18 0 27 25 3 634
t 9 26 34 763 26 10 1 39
t 4 21 17 14 574 10 16 17
t 3 23 1 14 16 599 14 21
t 567 3 8 11 8 12 11 23
t 24 12 19 14 19 561 10 8
t 7 3 8 1 10 15 10 579
t 10 12 32 13 656 10 23 11
t 611 10 39 11 5 3 15 17
t 37 787 7 22 18 16 8 35
t 7 650 21 27 6 25 34 25
t 4 8 21 31 29 7 639 30
t 9 8 19 15 792 34 20 16
t 10 5 8 5 15 20 592 21
t 11 17 7 7 3 3 11 580
t 16 21 16 17 575 3 15 23
t 17 599 4 6 8 23 13 1
t 26 12 1 5 34 697 35 26
t 20 11 11 27 762 26 28 22
t 602 6 27 14 39 30 21 38
t 588 15 4 13 11 9 3 23
t 4 11 33 643 17 36 8 17
t 589 10 5 3 12 1 6 23
t 40 34 12 659 18 2 26 11
t 5 26 729 26 34 3 13 8
t 6 9 12 1 16 10 566 2
t 6 22 11 22 595 24 25 14
t 12 12 579 16 11 3 11 15
t 4 710 25 4 2 19 22 30
t 26 13 11 21 8 689 2 13
t 8 1 25 2 19 20 574 15
t 4 10 4 2 570 7 21 3
t 16 12 16 10 5 4 13 571
t 602 25 7 5 13 12 22 29
t 16 7 582 25 14 11 22 21
t 24 32 25 1 760 33 34 26
t 8 20 18 23 595 5 11 11
t 7 19 22 22 598 24 24 11
t 13 21 598 8 7 25 15 2
t 1 620 22 32 38 4 14 24
t 5 24 564 23 4 12 9 12
t 11 9 24 9 6 578 10 24
t 21 648 16 15 31 4 36 30
t 21 717 12 3 26 38 2 34
t 24 9 8 3 598 17 24 18
t 685 40 22 20 10 23 33 29
t 13 18 13 3 560 15 9 22
t 8 19 6 21 24 593 16 16
t 582 20 2 15 7 11 4 24
t 36 5 25 23 25 11 23 635
t 583 22 15 7 21 18 1 8
t 11 38 10 2 25 5 657 15
t 3 13 11 578 14 10 22 11
t 31 36 0 20 1 780 6 28
t 8 14 3 7 21 591 1 19
t 40 685 13 8 24 37 26 20
t 15 14 17 8 11 32 16 660
t 14 14 3 38 29 27 603 27
t 4 17 19 14 660 17 37 28
t 7 25 20 5 17 1 570 20
t 721 36 3 22 15 3 12 14
t 7 592 25 6 7 24 7 18
t 4 11 1 593 13 2 5 20
t 38 21 676 1 31 33 28 21
t 12 25 16 27 656 15 19 38
t 3 16 590 8 24 24 2 11
t 11 4 20 21 3 562 13 21
t 23 673 20 10 38 32 20 11
t 8 8 20 21 12 3 10 563
t 12 591 12 19 13 4 20 12
t 3 560 6 16 18 7 5 19
t 26 27 732 25 21 21 13 9
t 16 594 17 24 22 9 16 16
t 708 33 8 39 1 33 18 20
t 618 19 36 33 10 3 33 0
t 8 22 3 6 11 565 18 3
t 22 11 4 4 21 16 586 14
t 6 7 3 8 4 25 562 2
t 16 25 596 12 14 13 18 22
t 40 25 27 743 38 8 20 40
t 14 3 15 25 6 21 24 593
t 18 7 21 3 5 13 1 568
t 10 38 26 31 780 6 18 15
t 20 4 593 2 2 20 2 6
t 767 6 22 34 19 0 27 28
t 573 23 13 8 21 19 16 25
t 4 27 40 3 23 26 5 701
t 10 1 571 4 13 22 24 18
t 16 38 759 19 9 6 32 15
t 31 2 661 40 32 25 39 17
t 9 14 27 28 31 700 24 14
t 564 7 14 17 19 21 25 13
t 12 20 25 19 619 11 20 1
t 11 17 13 23 18 584 8 24
t 3 3 561 21 4 16 17 14
t 8 14 579 10 4 6 23 11
t 13 22 1 2 8 12 12 574
t 14 7 40 33 31 605 39 18
t 708 12 14 23 26 32 4 24
t 10 19 17 7 32 39 646 23
t 7 5 20 8 22 22 14 594
t 10 14 8 16 23 570 3 17
t 19 563 8 23 2 3 17 9
t 8 7 597 21 5 5 7 12
t 35 19 19 27 698 33 9 11
t 9 13 576 5 17 14 11 9
t 20 12 9 21 591 5 10 11
t 3 11 12 13 16 20 5 590
t 14 14 27 5 37 757 3 31
t 11 14 9 19 17 14 598 13
t 9 592 8 2 25 18 1 2
t 595 16 2 1 9 7 3 8
t 34 4 6 2 34 613 34 8
t 18 12 1 12 6 563 4 13
t 18 2 31 704 35 23 39 31
t 34 28 17 6 748 29 27 25
t 586 14 17 14 23 7 7 9
t 21 19 34 38 25 794 15 37
t 30 40 39 7 7 3 36 709
t 35 9 6 720 6 14 31 29
t 14 599 19 12 19 15 14 2
t 15 37 15 7 13 9 23 616
t 5 24 561 15 20 5 25 24
t 26 17 20 24 1 24 763 24
t 15 585 7 7 6 17 15 8
t 13 23 13 16 23 7 563 20
t 14 16 11 17 573 6 21 23
t 22 11 6 17 12 596 11 8
t 10 15 13 15 594 7 16 21
t 3 3 37 16 17 28 753 5
t 714 31 20 36 4 7 5 22
t 10 22 8 610 33 38 10 0
t 582 22 25 8 12 10 8 14
t 755 6 9 17 18 20 28 18
t 35 21 32 12 18 19 5 741
t 0 731 40 38 38 19 15 4
t 2 30 8 795 40 20 27 27
t 6 26 611 17 4 7 29 18
t 10 39 767 35 27 33 13 29
t 4 567 6 16 5 25 3 15
t 5 8 11 23 23 562 4 5
t 762 18 24 40 23 28 12 12
t 21 32 28 37 5 19 688 5
t 23 14 15 10 9 16 591 8
t 3 13 576 4 23 14 23 12
t 14 4 24 5 582 15 9 4
t 1 3 27 21 32 13 21 718
t 1 1 10 17 20 570 2 17
t 9 8 15 575 23 11 17 13
t 14 744 33 27 12 38 2 16
t 2 11 20 10 22 584 19 19
t 22 9 11 590 4 5 15 1
t 3 580 6 4 9 3 19 19
t 667 0 4 29 11 3 9 39
t 15 34 37 26 38 25 6 638
t 797 29 40 26 13 8 17 15
t 12 6 10 5 22 24 14 566
t 2 6 11 5 16 12 563 17
t 14 18 9 13 21 13 560 20
t 10 579 7 14 13 3 6 7
t 21 3 13 2 24 22 560 19
t 733 40 8 20 27 32 32 11
t 606 14 8 1 12 38 18 31
t 19 22 1 14 12 24 3 574
t 14 5 596 16 9 3 7 22
t 740 30 1 24 0 39 28 30
t 15 1 1 4 2 574 5 14
t 15 8 10 6 596 3 9 11
t 40 29 30 781 35 36 7 27
t 589 16 13 10 25 7 18 8
t 35 744 17 29 0 19 38 12
t 39 3 3 30 11 5 3 628
t 21 9 15 19 8 574 15 22
t 15 597 18 25 11 18 5 5
t 7 24 23 15 1 4 18 572
t 25 747 40 38 7 20 28 6
t 10 9 12 11 2 564 16 4
t 40 22 38 22 40 791 21 28
t 5 3 4 23 18 8 599 9
t 2 3 19 19 589 3 24 7
t 11 16 22 14 13 8 566 13
t 2 20 24 9 620 27 4 35
t 32 5 781 40 20 31 11 9
t 12 9 22 17 25 585 14 3
t 25 13 2 24 16 7 562 21
t 24 20 38 1 18 6 3 671
t 31 32 22 12 16 717 34 12
t 3 28 34 738 35 2 31 17
t 24 717 5 11 16 18 10 34
t 599 23 19 18 18 18 10 25
t 17 1 32 27 693 0 0 15
t 10 23 25 4 587 24 9 6
t 6 8 5 9 2 593 8 12
t 11 735 27 3 0 0 12 5
t 4 584 10 2 13 24 3 1
t 6 21 1 20 17 590 19 15
t 8 20 564 17 25 20 14 24
t 9 594 16 13 24 19 11 17
t 18 577 25 1 14 20 5 14
t 24 15 1 5 1 8 12 563
t 571 2 21 6 6 11 24 4
t 33 9 21 22 794 4 37 32
t 18 23 14 576 4 23 21 9
t 16 21 7 565 23 10 8 9
t 7 15 17 6 12 11 612 36
t 21 4 768 17 21 2 37 7
t 23 12 10 21 16 10 581 18
t 38 1 17 747 11 10 18 18
t 10 17 13 21 587 7 11 23
t 563 1 6 17 9 20 17 6
t 29 40 767 32 3 6 31 22
t 13 17 32 10 791 7 4 32
t 20 11 560 9 20 23 13 2
t 17 18 11 18 2 589 7 2
t 12 20 22 588 7 22 15 19
t 561 7 20 12 4 16 19 21
t 11 5 2 24 7 14 568 1
t 26 11 25 22 19 37 722 33
t 11 20 21 10 7 595 14 6
t 12 23 1 14 9 4 13 594
t 664 2 13 16 7 9 28 40
t 24 4 6 21 566 14 17 25
t 2 22 584 21 19 9 24 7
t 13 10 761 27 37 6 38 28
t 25 564 9 11 15 21 14 18
t 694 29 13 5 13 25 20 10
t 4 15 13 566 6 11 13 13
t 10 22 15 10 13 571 11 11
t 32 1 36 30 39 39 10 701
t 7 13 15 21 11 589 1 15
t 19 575 10 9 24 4 10 2
t 2 18 17 2 752 29 16 33
t 35 13 39 29 18 7 773 9
t 38 37 694 37 20 3 19 13
t 13 23 3 12 22 584 14 4
t 9 23 14 22 16 596 17 9
t 15 1 21 14 784 22 3 37
t 30 5 654 29 15 20 33 3
t 11 38 15 22 27 3 33 716
t 19 17 20 1 24 11 7 563
t 5 16 25 5 591 13 17 5
t 8 20 3 21 11 20 13 587
t 571 14 2 11 17 13 25 22
t 10 582 23 21 2 10 17 5
t 4 38 639 25 36 9 15 21
t 10 569 13 4 22 19 22 6
t 14 681 40 26 13 23 6 0
t 11 788 16 19 36 26 33 0
t 1 20 16 572 15 16 5 20
t 21 2 11 15 9 560 7 16
t 14 4 13 584 14 25 8 20
t 7 579 14 13 8 23 5 5
t 10 6 6 576 22 3 20 23
t 24 17 578 13 4 14 24 25
t 16 682 15 0 1 35 25 23
t 39 641 27 23 18 33 16 34
t 12 575 24 22 7 24 10 3
t 29 35 9 12 26 16 33 608
t 2 34 35 35 20 6 31 600
t 19 10 18 1 785 7 22 9
t 15 8 571 5 16 18 25 19
t 17 4 20 20 9 17 2 569
t 589 12 12 14 13 7 19 12
t 13 11 2 560 18 16 15 4
t 7 20 20 13 18 23 14 589
t 2 24 14 5 3 594 4 15
t 1 19 4 35 1 8 630 2
t 30 25 8 740 4 13 9 11
t 2 24 6 590 16 17 12 21
t 27 667 35 3 8 9 31 24
t 11 10 584 20 19 8 14 14
t 4 15 568 9 13 19 4 16
t 3 19 9 11 1 560 4 16
t 569 6 17 8 16 19 23 2
t 31 22 28 752 9 15 19 4
t 22 1 23 18 31 40 18 715
t 31 11 766 21 15 15 27 20
t 22 12 6 24 24 5 576 16
t 7 22 16 4 2 596 22 23
t 31 40 14 630 13 21 20 35
t 24 759 27 26 25 25 23 31
t 5 24 14 25 10 7 11 593
t 24 6 18 23 14 3 579 10
t 796 15 10 13 35 9 35 8
t 20 20 575 15 13 11 8 8
t 25 35 24 15 15 39 39 780
t 11 5 575 25 25 15 11 2
t 571 4 7 19 20 12 7 11
t 12 1 2 13 572 15 21 3
t 33 767 29 0 38 37 18 25
t 10 17 22 3 14 579 11 21
t 0 29 612 40 23 18 19 10
t 10 2 10 9 16 590 12 5
t 38 783 0 0 7 33 9 5
t 10 10 25 8 11 9 23 566
t 593 9 24 2 24 17 9 10
t 21 4 21 8 1 575 25 22
t 38 20 15 20 16 40 32 797
t 14 590 3 11 24 12 10 18
t 575 2 21 12 9 4 11 5
t 20 5 26 24 9 620 27 25
t 24 5 25 10 563 3 10 6
t 2 23 14 561 19 21 11 3
t 33 35 38 25 21 697 40 7
t 4 4 17 20 21 12 19 589
t 7 29 22 604 6 33 7 5
t 569 3 8 23 24 12 1 3
t 7 21 18 596 7 21 9 16
t 18 587 2 24 8 14 16 21
t 24 587 7 1 23 21 11 14
t 24 577 8 8 4 11 23 2
t 13 1 24 3 8 566 21 9
t 10 9 584 9 7 24 10 25
t 37 39 30 665 16 27 14 21
t 20 4 17 11 569 21 20 25
t 8 24 6 570 6 13 7 7
t 8 1 9 17 23 4 22 569
t 29 13 19 29 1 21 658 32
t 13 25 682 21 18 37 32 16
t 2 19 4 3 5 24 560 2
t 21 19 1 23 563 21 25 5
t 38 12 12 665 5 10 40 14
t 562 9 19 24 21 22 24 11
t 9 4 13 20 560 17 15 7
t 11 12 20 3 29 37 665 34
t 32 17 9 619 38 40 2 12
t 27 17 767 13 36 26 12 40
t 10 9 28 1 34 13 673 37
t 33 8 637 39 16 30 6 26
t 30 16 6 21 20 659 31 19
t 20 25 569 11 4 2 17 8
t 749 0 0 15 2 9 37 38
t 1 19 14 4 730 6 11 12
t 12 5 14 14 579 2 5 19
t 25 39 21 22 4 29 3 779
t 9 33 1 30 789 24 10 34
t 741 1 22 31 3 39 5 14
t 5 34 691 11 17 3 35 29
t 20 11 8 2 19 3 15 564
t 1 2 14 10 1 596 10 17
t 12 4 30 39 25 28 662 4
t 20 3 17 16 585 25 9 21
t 3 17 9 9 596 25 20 8
t 32 21 2 37 35 4 780 13
t 16 12 4 11 572 14 6 8
t 26 27 26 22 766 1 40 5
t 8 8 37 27 12 642 13 13
t 27 35 0 2 40 608 16 12
t 4 13 8 4 24 7 16 757
t 567 5 2 15 4 1 10 23
t 787 4 12 14 40 24 40 0
t 579 19 6 12 24 3 7 25
t 1 22 25 15 14 19 562 12
t 24 12 563 2 12 25 22 13
t 29 37 3 643 27 14 8 25
t 12 0 731 14 9 10 30 27
t 39 783 4 15 28 3 16 39
t 40 24 749 16 16 32 7 22
t 20 12 18 18 3 561 22 7
t 24 35 17 18 19 745 31 0
t 14 16 576 12 5 8 10 8
t 22 5 10 8 591 5 10 20
t 781 27 22 33 30 38 26 4
t 17 5 14 19 582 8 11 4
t 30 21 7 30 763 9 27 23
t 16 14 7 13 5 10 10 581
t 23 24 10 10 5 759 15 28
t 18 18 12 1 629 35 5 39
t 39 625 8 32 1 32 28 8
t 7 13 34 5 23 37 1 667
t 40 23 645 32 30 23 35 7
t 5 20 27 11 17 31 30 615
t 6 19 1 574 17 15 22 1
t 15 11 36 794 21 5 31 12
t 10 15 693 12 39 1 1 6
t 14 6 5 9 16 5 19 577
t 34 17 713 21 4 5 19 5
t 13 583 13 4 17 2 6 25
t 612 40 33 39 38 1 24 12
t 24 8 570 22 1 2 5 20
t 3 19 16 13 5 21 23 577
t 8 10 1 13 12 14 13 570
t 20 24 17 20 563 8 15 25
t 31 3 27 10 22 1 24 684
t 20 7 563 10 16 22 7 25
t 13 2 15 1 3 22 29 752
t 21 24 565 17 21 1 6 7
t 34 36 23 10 757 15 7 34
t 598 21 11 12 24 1 22 11
t 7 13 2 16 593 14 2 19
t 592 22 19 13 14 3 16 21
t 2 22 25 10 7 14 21 561
t 4 10 5 3 11 5 591 23
t 23 11 597 21 25 10 8 9
t 564 7 13 12 19 15 13 6
t 6 9 36 22 37 10 647 21
t 13 17 13 15 17 589 15 10
t 599 22 2 3 22 2 2 10
t 795 26 29 37 1 18 22 20
t 17 785 34 20 12 34 25 36
t 18 21 3 565 12 7 13 15
t 17 16 11 5 17 25 583 11
t 21 18 587 17 13 11 3 20
t 39 29 3 646 20 14 10 16
t 24 8 24 6 576 8 10 5
t 9 9 587 11 1 1 17 8
t 22 585 1 17 24 19 14 12
t 12 24 13 17 7 25 19 585
t 22 24 3 13 9 24 561 4
t 3 10 574 21 2 5 15 2
t 18 39 17 18 35 18 625 10
t 36 8 8 40 5 777 5 32
t 15 21 17 677 40 33 38 9
t 7 11 21 743 8 15 15 16
t 26 40 682 1 31 20 12 34
t 15 14 566 12 3 19 14 14
t 25 6 0 3 18 32 24 712
t 7 6 2 35 707 40 0 40
t 23 17 14 2 14 581 24 21
t 567 14 23 4 25 18 22 5
t 5 14 3 10 18 1 6 586
t 2 586 22 23 13 21 17 19
t 6 14 12 12 15 19 11 589
t 7 5 1 7 15 589 18 19
t 33 610 28 0 24 7 24 19
t 6 16 565 12 16 8 8 9
t 19 26 3 792 19 5 28 30
t 11 34 15 22 29 39 773 14
t 7 25 25 572 12 13 17 13
t 18 19 13 23 11 19 21 598
t 791 1 40 15 15 18 17 33
t 571 7 1 10 12 16 12 15
t 15 5 23 10 15 10 19 598
t 574 16 13 24 22 21 3 12
t 21 11 14 9 10 570 6 2
t 566 13 14 25 10 23 3 17
t 4 34 5 29 742 3 29 29
t 22 21 17 9 27 10 2 639
t 11 11 7 4 24 18 562 2
t 8 27 12 33 676 37 7 7
t 7 19 10 604 14 6 20 19
t 24 2 9 4 577 5 3 16
t 571 23 3 10 12 17 16 11
t 16 7 5 18 21 17 562 4
t 3 15 4 15 5 588 5 21
t 565 3 10 4 10 20 19 11
t 2 6 22 584 13 21 8 5
t 17 17 11 17 22 4 22 596
t 14 11 11 17 588 11 20 5
t 4 7 25 25 572 23 9 23
t 19 13 6 19 16 16 585 5
t 3 593 2 20 19 22 21 14
t 22 2 15 9 4 9 574 1
t 5 5 8 593 16 19 2 19
t 24 571 15 25 24 4 18 2
t 19 2 705 17 22 0 3 6
t 588 8 14 17 18 3 5 5
t 7 8 6 12 11 584 12 13
t 16 14 764 32 21 11 32 20
t 28 37 23 11 690 22 37 12
t 7 33 5 39 26 37 615 30
t 5 19 22 20 560 8 14 14
t 19 11 35 755 9 19 24 4
t 22 702 20 3 11 14 24 12
t 10 22 16 757 18 29 35 29
t 36 16 37 18 22 7 740 12
t 22 14 3 13 598 19 8 10
t 16 11 19 22 8 16 10 573
t 8 20 582 5 6 25 10 8
t 1 12 19 21 590 19 10 20
t 18 9 561 9 19 6 24 2
t 2 588 12 25 2 5 23 5
t 13 592 8 19 20 3 18 16
t 11 34 36 22 10 3 632 28
t 22 1 20 10 8 14 571 23
t 12 7 5 689 24 32 25 1
t 680 2 33 36 21 27 8 22
t 19 14 9 1 23 17 21 582
t 9 11 17 16 590 20 5 25
t 4 25 6 6 577 23 17 4
t 9 11 6 21 9 580 21 15
t 18 24 13 14 7 18 19 597
t 22 2 28 25 6 7 689 38
t 10 2 15 12 16 590 13 12
t 28 33 27 2 2 650 34 16
t 22 22 11 20 566 13 16 23
t 19 19 8 6 8 582 2 7
t 16 19 13 5 9 580 17 14
t 1 23 20 11 8 597 13 9
t 13 13 22 584 13 12 5 16
t 11 23 27 16 0 38 737 35
t 593 1 23 5 7 20 3 9
t 25 22 19 4 19 583 17 22
t 40 1 34 600 7 16 40 31
t 3 7 704 1 0 16 4 24
t 567 23 1 3 4 13 24 21
t 8 29 4 37 36 665 27 19
t 38 21 15 23 21 16 659 34
t 27 31 655 29 37 16 26 2
t 17 5 571 12 25 17 4 8
t 4 9 13 21 4 24 581 19
t 2 3 15 11 591 19 24 11
t 7 23 3 598 14 19 19 25
t 16 598 1 21 9 8 2 19
t 646 8 8 6 33 37 2 2
t 0 3 1 35 8 22 18 754
t 9 8 5 770 5 18 40 37
t 608 19 7 28 17 8 2 27
t 13 682 24 30 5 29 0 20
t 11 14 5 18 22 16 16 590
t 15 675 4 38 2 26 11 31
t 0 23 6 22 34 30 634 17
t 12 10 11 21 585 12 14 9
t 8 3 1 8 575 1 7 19
t 27 2 9 32 25 40 759 14
t 8 597 24 10 6 13 19 1
t 18 22 7 14 592 19 6 12
t 594 18 7 11 6 11 3 16
t 14 10 32 22 24 14 778 26
t 586 13 25 9 9 1 24 13
t 581 11 24 14 8 2 18 21
t 20 726 24 30 10 36 19 25
t 19 33 703 34 4 5 13 38
t 23 37 10 4 3 13 26 786
t 20 4 13 16 563 22 10 5
t 22 15 8 17 20 583 23 11
t 19 14 9 16 16 6 577 5
t 5 8 5 24 1 8 571 25
t 29 23 27 12 34 672 30 22
t 34 19 32 691 38 33 39 18
t 1 18 0 20 617 34 32 16
t 1 16 18 25 11 5 7 565
t 30 25 6 24 9 713 2 31
t 9 36 13 13 28 15 6 612
t 8 11 11 8 14 11 590 14
t 11 15 573 10 10 24 18 18
t 572 2 14 25 7 10 11 9
t 24 39 757 6 26 17 6 19
t 15 16 13 22 6 598 16 16
t 21 24 11 19 579 10 7 24
t 16 33 12 35 2 22 794 1
t 569 15 7 11 18 20 20 4
t 12 24 19 2 6 16 574 8
t 19 6 21 26 8 624 10 15
t 3 8 34 757 26 16 38 25
t 26 37 13 17 671 16 11 16
t 28 2 9 32 23 32 790 15
t 10 9 16 6 21 13 25 576
t 13 4 4 13 7 2 597 8
t 777 1 16 11 7 23 38 31
t 2 1 598 21 16 25 8 25
t 6 4 37 31 36 708 24 11
t 30 21 5 23 26 627 28 13
t 15 572 10 7 6 15 23 17
t 6 3 11 16 576 12 9 24
t 18 9 8 17 4 14 588 13
t 35 20 40 17 29 28 757 32
t 40 20 8 18 9 30 21 797
t 568 12 5 22 15 7 8 24
t 21 18 18 560 17 13 21 24
t 5 5 6 13 18 25 18 579
t 793 27 4 17 33 15 26 29
t 15 14 19 24 2 35 23 681
t 5 34 34 5 12 619 27 2
t 13 23 21 585 1 18 23 20
t 23 1 789 16 36 13 37 26
t 13 5 17 568 21 24 2 19
t 18 12 585 8 17 23 9 21
t 571 3 24 15 16 6 1 25
t 620 29 20 31 10 7 23 20
t 25 23 16 10 585 22 12 11
t 7 742 19 28 23 24 9 7
t 19 606 31 14 10 39 5 5
t 3 17 29 0 690 9 34 18
t 564 19 17 20 8 11 1 8
t 27 763 32 33 11 14 24 10
t 16 14 19 29 6 637 14 30
t 4 586 9 4 10 18 22 10
t 5 22 23 3 25 21 560 19
t 4 10 12 7 9 7 25 573
t 29 12 27 20 6 5 5 709
t 10 7 11 7 561 2 12 12
t 2 20 6 19 3 5 565 6
t 25 23 40 27 8 794 26 22
t 3 690 25 33 19 3 19 21
t 25 11 24 5 3 572 14 22
t 665 34 31 39 16 22 17 31
t 5 7 24 3 561 13 24 8
t 19 20 4 21 4 11 7 578
t 1 12 6 572 16 17 4 24
t 18 15 21 8 566 16 10 12
t 20 16 567 21 2 16 4 14
t 7 1 4 26 7 24 648 38
t 3 12 747 18 18 18 18 40
t 36 26 30 12 36 19 622 32
t 13 18 594 22 19 18 20 16
t 15 30 40 705 8 37 13 20
t 36 33 9 18 21 35 714 9
t 10 38 15 39 16 765 6 31
t 40 3 27 39 664 32 3 11
t 40 740 24 11 29 28 17 14
t 33 37 33 2 717 1 1 12
t 8 18 9 24 597 21 7 8
t 8 22 7 19 4 581 21 13
t 37 728 35 35 24 26 19 7
t 702 16 6 25 18 20 5 36
t 13 18 9 34 627 9 10 7
t 33 25 38 717 7 0 9 36
t 12 575 24 11 2 5 25 4
t 21 14 12 1 592 17 24 25
t 40 8 38 35 5 9 27 651
t 21 7 40 29 1 636 0 17
t 23 584 2 8 13 17 5 9
t 20 14 16 12 16 5 566 6
t 5 711 30 40 2 6 6 16
t 4 21 15 608 12 30 30 11
t 3 8 6 6 1 8 8 580
t 4 9 9 11 13 566 13 1
t 10 13 24 28 2 39 26 719
t 10 40 617 39 9 16 1 5
t 2 7 728 10 15 32 36 36
t 777 22 23 15 28 27 8 5
t 786 13 30 21 19 15 26 29
t 32 35 20 614 1 37 6 18
t 5 588 24 6 16 14 8 13
t 8 5 9 7 19 5 654 20
t 564 22 17 14 16 19 24 2
t 10 16 597 5 17 7 6 17
t 568 19 1 21 9 11 12 11
t 9 16 22 13 23 599 3 24
t 37 35 12 28 8 734 10 23
t 28 25 34 30 1 677 2 35
t 16 591 19 13 21 22 24 21
t 10 7 16 565 20 2 25 3
t 3 22 4 0 9 32 636 17
t 5 19 1 2 25 21 591 24
t 8 20 12 12 24 18 6 583
t 39 31 0 22 0 16 678 6
t 2 22 17 15 562 8 9 19
t 32 33 18 31 40 4 799 32
t 18 21 2 2 26 4 717 38
t 4 567 9 7 7 10 16 13
t 40 30 37 18 11 6 618 12
t 35 17 6 24 613 38 14 9
t 11 596 23 11 15 19 21 7
t 12 592 3 12 2 19 19 22
t 3 16 591 25 16 2 12 17
t 10 11 1 15 6 578 5 6
t 17 18 18 8 38 624 32 4
t 9 16 13 13 599 21 21 9
t 22 8 4 569 4 10 16 25
t 10 10 13 5 23 16 573 23
t 23 5 2 11 593 19 19 4
t 31 6 38 2 27 33 652 37
t 9 3 4 593 21 18 15 20
t 0 38 21 25 13 14 614 33
t 19 23 8 6 17 589 8 24
t 18 577 22 25 17 13 1 9
t 18 12 6 21 19 569 9 10
t 21 10 12 17 15 23 564 15
t 20 39 5 665 29 18 27 33
t 29 632 22 38 27 12 4 15
t 32 780 1 31 9 13 32 38
t 37 722 40 17 23 0 36 21
t 10 19 12 584 13 15 21 4
t 23 15 19 560 10 11 19 22
t 15 19 16 1 11 13 1 590
t 25 10 35 17 25 735 31 3
t 14 21 598 21 5 24 9 5
t 31 16 0 8 792 32 19 10
t 35 621 11 20 34 20 11 0
t 565 11 14 7 15 19 24 14
t 0 29 4 32 28 780 11 33
t 20 592 24 7 6 17 2 24
t 14 38 20 17 12 22 714 34
t 22 18 24 9 20 573 13 2
t 7 24 8 21 10 13 24 567
t 0 6 22 743 22 23 36 24
t 23 597 7 5 5 20 6 22
t 8 753 4 21 16 11 16 28
t 16 23 599 24 12 22 12 2
t 16 25 26 26 39 746 30 25
t 2 24 12 6 8 5 6 576
t 6 783 27 7 29 34 31 7
t 33 15 40 40 605 2 10 39
t 2 6 20 25 6 22 572 18
t 36 11 38 31 28 738 36 3
t 14 23 21 4 8 562 6 9
t 12 40 18 702 1 21 17 38
t 18 22 567 14 20 17 5 23
t 23 24 18 20 15 10 563 15
t 28 19 28 754 38 22 20 27
t 18 2 588 5 20 12 8 2
t 20 16 3 9 17 15 594 15
t 18 19 584 18 3 22 5 20
t 580 3 16 13 5 13 13 12
t 6 6 17 24 2 565 18 1
t 568 4 22 2 3 1 13 6
t 5 1 19 627 0 19 12 20
t 15 21 23 25 593 19 16 15
t 6 565 22 18 16 17 1 21
t 25 588 2 3 10 9 5 2
t 15 20 19 587 7 3 20 22
t 800 37 40 38 4 17 20 9
t 13 13 10 17 12 20 568 9
t 25 40 3 601 0 3 15 22
t 566 24 22 20 13 10 7 4
t 597 17 7 25 13 4 23 19
t 7 24 21 14 32 26 781 25
t 16 11 28 8 19 13 23 634
t 11 20 23 6 19 19 597 3
t 5 23 22 22 575 17 13 10
t 21 6 572 6 15 18 17 17
t 16 22 18 19 564 8 16 13
t 4 10 707 19 16 33 32 21
t 24 17 1 599 16 7 23 3
t 0 13 752 6 40 8 19 13
t 24 2 16 564 2 6 2 12
t 13 583 7 18 10 3 9 9
t 19 11 10 22 9 39 35 687
t 37 711 25 21 27 19 13 16
t 8 13 19 18 31 9 14 760
t 21 39 26 14 11 31 0 638
t 2 728 15 21 2 18 1 10
t 7 7 2 22 7 573 17 24
t 9 2 19 4 24 15 5 575
t 752 16 19 37 2 38 31 13
t 14 9 6 15 2 597 9 11
t 3 18 12 565 14 10 15 6
t 26 14 7 2 27 21 640 35
t 5 15 566 17 10 17 21 1
t 26 20 1 27 35 9 18 630
t 15 23 2 25 3 8 584 4
t 6 22 585 14 24 13 12 21
t 18 18 33 16 33 33 39 677
t 31 25 4 16 13 6 14 634
t 18 1 25 20 14 16 593 1
t 1 14 19 17 560 16 21 4
t 8 560 10 1 18 9 22 10
t 25 564 3 25 12 25 12 10
t 768 23 31 1 0 33 13 40
t 20 12 34 5 605 14 39 35
t 1 1 13 1 597 11 25 11
t 6 19 13 6 9 570 17 3
t 9 31 12 0 15 21 30 688
t 9 25 12 22 21 579 21 14
t 1 16 3 12 5 24 594 6
t 20 3 19 566 22 24 4 2
t 14 17 13 21 9 16 580 5
t 742 30 30 27 39 18 20 40
t 1 4 19 25 590 7 13 1
t 22 13 2 11 560 24 7 18
t 11 8 3 6 24 21 571 4
t 10 21 5 661 17 13 22 16
t 10 10 14 2 20 16 25 583
t 9 15 13 35 800 19 20 28
t 21 17 12 12 23 25 8 595
t 3 10 3 22 22 12 575 14
t 27 26 10 657 35 5 4 29
t 12 5 7 6 5 2 9 598
t 6 25 1 11 1 778 26 24
t 19 17 22 26 1 23 34 720
t 21 21 24 23 22 2 599 9
t 31 24 22 24 36 3 26 796
t 11 576 17 23 14 13 16 11
t 19 5 1 23 11 563 3 7
t 8 23 598 20 7 1 23 15
t 33 30 24 0 37 21 12 662
t 589 9 4 25 2 14 9 11
t 11 13 786 15 20 3 21 28
t 16 25 36 38 27 787 13 21
t 575 19 6 3 24 17 10 7
t 14 757 16 11 13 36 37 28
t 16 2 40 16 6 783 22 3
t 572 24 4 1 24 25 17 20
t 40 671 24 26 13 0 33 26
t 597 10 7 25 13 10 6 23
t 21 7 566 24 2 22 21 4
t 17 39 14 32 9 646 19 34
t 6 1 5 1 18 748 8 5
t 7 6 758 19 13 37 27 10
t 20 1 4 10 587 15 11 8
t 22 6 33 14 693 19 28 24
t 26 27 23 15 32 40 24 663
t 4 609 35 11 14 18 8 16
t 23 20 31 26 33 28 654 14
t 4 2 20 10 5 16 568 19
t 28 21 28 717 31 1 17 32
t 4 18 10 18 5 12 8 590
t 35 8 26 23 793 17 37 12
t 10 23 577 15 7 17 15 21
t 22 14 21 25 10 18 23 573
t 31 27 29 28 13 16 693 13
t 17 17 8 12 575 7 21 2
t 8 17 11 18 584 11 9 3
t 19 5 22 564 25 12 3 1
t 573 12 18 13 25 10 7 23
t 21 715 8 15 2 17 2 3
t 11 9 5 596 18 2 25 23
t 5 3 560 8 25 22 22 19
t 11 17 13 5 2 25 598 15
t 5 2 26 8 24 24 23 754
t 18 15 16 3 569 20 7 16
t 6 17 589 9 4 23 6 20
t 5 30 12 10 694 32 4 33
t 37 6 35 20 27 709 5 10
t 5 573 7 22 20 8 20 8
t 15 25 22 7 33 34 776 18
t 649 28 37 32 7 37 40 29
t 657 10 36 32 17 28 40 8
t 8 23 12 8 20 24 566 20
t 10 23 25 587 10 23 10 9
t 2 36 30 6 603 3 13 16
t 37 7 11 22 1 760 31 23
t 14 662 12 4 35 31 19 2
t 9 2 562 5 13 24 5 1
t 6 8 2 10 5 561 24 7
t 23 25 24 21 585 23 23 4
t 595 5 5 2 14 12 12 16
t 24 3 24 566 14 25 6 8
t 21 17 24 14 19 12 560 21
t 17 5 28 715 21 2 25 35
t 582 6 13 14 18 8 4 24
t 752 26 32 15 32 9 27 30
t 3 2 574 17 15 25 23 21
t 17 22 16 579 21 7 21 20
t 19 5 6 14 6 577 10 19
t 627 7 24 16 4 25 34 15
t 27 15 756 1 8 39 5 3
t 570 20 9 5 9 16 4 19
t 24 4 19 591 10 1 21 14
t 25 27 7 2 26 715 17 35
t 20 13 4 633 23 37 20 8
t 5 708 27 5 37 40 18 20
t 31 30 1 16 13 651 25 18
t 20 38 766 10 37 15 7 8
t 25 18 24 3 3 568 2 7
t 0 715 17 2 26 35 35 13
t 11 14 4 1 583 11 17 13
t 40 4 650 34 15 16 5 3
t 10 22 580 2 13 15 17 5
t 1 19 10 19 18 12 585 23
t 7 13 18 694 8 2 40 12
t 2 28 719 26 32 37 5 12
t 25 1 12 1 11 596 10 24
t 38 1 6 15 36 753 29 11
t 21 21 29 1 29 2 643 28
t 6 15 10 576 12 13 1 23
t 20 17 40 26 650 10 26 32
t 25 9 774 4 7 8 27 12
t 24 564 16 20 21 5 10 25
t 40 19 24 709 40 39 14 20
t 11 19 7 6 16 563 4 20
t 11 38 617 4 26 14 22 26
t 1 583 24 9 1 23 4 9
t 18 19 12 12 25 5 597 3
t 21 39 28 12 11 4 612 27
t 10 596 11 5 5 12 25 1
t 31 0 38 792 13 19 4 25
t 10 21 10 18 9 6 8 566
t 14 657 28 18 0 25 5 35
t 20 1 19 3 17 590 7 10
t 7 22 22 20 24 4 22 593
t 10 7 27 17 618 30 35 1
t 588 9 18 14 4 22 6 14
t 780 18 24 27 28 40 8 24
t 2 4 22 8 23 23 593 9
t 27 631 7 38 17 36 40 7
t 37 0 28 28 617 36 6 5
t 30 38 16 683 20 12 36 27
t 12 35 23 11 3 616 22 23
t 20 15 37 6 3 21 25 748
t 754 9 36 3 0 33 29 29
t 10 21 586 18 2 2 3 12
t 8 21 16 690 7 13 33 18
t 768 40 22 38 22 0 33 31
t 13 23 594 14 5 15 5 24
t 9 22 11 5 2 16 12 585
t 784 37 35 13 32 19 40 33
t 14 18 25 1 4 19 580 19
t 592 19 16 24 12 4 14 13
t 17 11 11 573 5 12 9 14
t 12 6 764 10 0 34 15 25
t 13 0 14 32 8 28 36 651
t 9 35 13 617 23 19 14 20
t 18 589 14 20 24 8 12 21
t 15 32 2 765 6 8 18 0
t 27 23 10 794 38 20 24 31
t 36 731 16 35 11 17 20 28
t 751 26 18 20 13 17 33 15
t 603 6 18 36 7 20 4 4
t 5 689 35 3 3 37 29 40
t 7 35 10 6 16 746 0 25
t 8 40 39 0 21 21 22 756
t 17 22 787 24 32 3 31 8
t 572 13 8 19 11 8 7 15
t 12 21 17 20 3 13 576 24
t 25 19 19 577 25 5 20 16
t 14 33 6 20 611 33 34 10
t 16 38 0 614 21 33 39 33
t 627 5 10 24 32 32 8 2
t 11 565 9 13 20 3 3 6
t 31 38 26 14 736 10 16 34
t 7 15 9 585 25 9 22 6
t 19 2 564 19 6 4 8 17
t 36 19 35 35 20 26 783 35
t 2 19 24 20 23 573 7 19
t 21 25 21 4 7 588 4 5
t 12 15 12 591 10 24 3 12
t 10 23 9 574 16 17 12 16
t 0 17 671 7 13 9 0 39
t 576 12 14 19 4 12 23 10
t 10 3 8 11 15 10 19 582
t 30 38 15 35 687 25 23 36
t 19 19 785 26 34 15 5 13
t 21 678 9 38 27 22 29 9
t 26 9 695 2 27 30 17 10
t 17 14 11 11 6 12 10 589
t 11 22 21 23 21 22 11 586
t 12 12 35 19 10 758 1 12
t 19 20 8 640 36 25 13 29
t 16 27 30 19 778 1 19 12
t 24 15 21 11 3 589 16 1
t 7 13 592 4 9 12 15 6
t 13 2 7 7 3 18 583 18
t 11 13 25 7 17 8 22 562
t 14 20 2 17 1 595 25 7
t 6 39 676 12 26 17 0 31
t 17 597 9 24 17 16 1 3
t 38 11 25 16 714 34 7 4
t 39 33 14 22 40 39 0 683
t 26 33 19 27 689 4 2 8
t 35 36 9 18 29 19 9 600
t 589 9 21 22 14 1 2 22
t 32 5 32 39 9 1 26 666
t 7 667 22 30 24 28 18 28
t 28 24 34 768 1 28 8 38
t 10 30 36 27 21 26 8 617
t 5 10 2 14 572 21 1 13
t 6 21 16 597 6 23 16 25
t 9 8 13 659 16 31 28 8
t 18 4 9 13 567 21 8 25
t 26 27 761 39 21 18 23 32
t 3 24 595 9 17 8 6 15
t 1 6 17 576 18 1 2 1
t 7 17 11 13 13 16 576 24
t 17 11 10 15 22 17 10 595
t 15 34 38 3 746 24 0 6
t 9 13 23 10 40 35 662 12
t 781 4 10 26 28 30 31 25
t 3 579 19 10 20 24 22 17
t 12 4 18 26 25 29 11 628
t 20 35 13 34 622 13 24 37
t 38 20 13 24 705 31 27 23
t 18 8 586 22 12 17 4 17
t 15 4 2 22 582 8 2 20
t 734 36 7 26 19 25 4 22
t 24 23 4 29 9 37 713 14
t 12 19 25 567 8 23 17 25
t 3 593 14 19 1 5 10 13
t 10 6 5 2 13 13 5 741
t 25 23 5 6 588 8 23 15
t 5 29 6 649 18 16 39 18
t 3 8 16 3 5 571 8 20
t 19 10 2 606 34 1 13 4
t 4 25 16 599 16 18 1 18
t 30 762 23 26 9 36 28 5
t 9 12 9 25 572 7 2 14
t 19 15 24 24 6 25 37 725
t 23 19 9 593 20 2 16 5
t 13 11 16 2 25 17 16 591
t 577 18 22 4 3 12 19 9
t 15 18 6 596 4 25 14 18
t 25 717 21 18 1 1 12 5
t 755 35 23 1 31 27 11 20
t 560 23 14 11 10 20 22 11
t 3 7 1 22 10 25 588 2
t 17 12 25 9 30 6 790 1
t 8 24 1 1 564 5 11 4
t 19 15 1 19 599 10 25 10
t 15 10 13 25 6 25 563 13
t 6 38 16 40 5 38 31 749
t 13 18 23 14 3 17 13 580
t 19 7 21 2 568 14 25 12
t 10 13 3 19 18 583 1 18
t 2 8 12 2 599 10 16 24
t 14 574 3 23 17 8 10 4
t 25 26 27 23 21 13 744 6
t 19 693 12 28 0 3 9 25
t 18 5 740 19 8 35 25 38
t 5 9 23 567 1 2 13 16
t 22 585 20 18 18 21 25 16
t 23 39 22 19 754 32 26 34
t 3 25 583 18 24 4 6 1
t 4 5 17 7 13 19 587 22
t 3 568 4 22 10 1 14 16
t 2 594 14 11 8 22 22 15
t 20 1 8 578 4 11 5 23
t 567 2 8 12 12 9 14 3
t 730 11 0 6 18 20 13 9
t 26 25 5 25 7 12 745 10
t 25 36 799 33 13 22 33 3
t 13 30 5 18 3 13 643 3
t 26 22 0 14 618 21 5 3
t 11 18 579 21 4 16 17 17
t 744 34 12 18 13 4 40 28
t 20 24 10 592 5 18 10 25
t 27 38 25 13 40 24 32 605
t 24 23 32 10 718 29 36 8
t 16 20 14 9 20 17 4 596
t 31 33 16 24 16 653 40 4
t 10 13 21 12 586 11 1 1
t 17 19 16 18 17 578 4 2
t 10 14 17 6 34 27 719 21
t 40 37 22 30 783 15 30 17
t 24 8 18 12 4 2 571 12
t 39 771 20 1 38 34 7 2
t 20 24 28 16 28 32 677 5
t 11 25 729 31 33 6 0 31
t 594 15 7 13 19 9 17 19
t 596 22 23 14 5 22 22 2
t 16 9 578 22 21 25 13 8
t 8 6 20 23 2 16 30 689
t 763 29 40 7 33 7 23 13
t 17 18 16 14 7 587 13 2
t 574 3 22 4 21 24 7 10
t 2 18 8 24 10 15 582 21
t 19 22 35 6 706 7 29 12
t 699 27 30 8 13 8 21 18
t 16 6 8 25 653 25 8 3
t 4 561 24 21 21 18 21 8
t 15 35 15 11 39 772 28 5
t 13 6 17 9 10 23 575 15
t 29 9 28 653 13 7 25 8
t 22 577 24 13 5 7 21 22
t 1 4 578 23 15 16 11 13
t 15 7 0 0 16 0 710 34
t 9 22 574 8 9 7 6 10
t 13 9 5 590 3 6 7 20
t 8 2 582 7 15 21 17 8
t 7 8 23 572 24 22 22 22
t 4 20 8 13 585 4 21 22
t 25 12 10 22 15 21 10 577
t 7 23 13 568 17 19 3 19
t 32 26 31 23 24 716 38 22
t 25 23 27 37 6 7 34 791
t 19 18 602 30 31 31 13 30
t 6 22 15 22 694 24 31 15
t 4 21 10 22 18 24 570 4
t 17 33 6 29 769 30 21 8
t 7 22 4 21 709 40 14 24
t 25 36 7 692 10 27 19 7
t 5 24 1 13 585 19 1 13
t 23 22 16 16 11 575 12 8
t 31 25 8 12 621 5 24 27
t 39 40 3 13 0 646 29 12
t 6 585 16 5 18 4 17 4
t 30 645 1 1 8 34 24 10
t 22 597 15 18 12 18 2 22
t 1 19 586 18 4 24 8 4
t 19 18 4 9 6 14 3 587
t 3 21 1 560 2 18 18 11
t 9 27 21 14 12 15 748 11
t 598 10 17 11 22 12 4 7
t 20 592 16 19 19 11 6 23
t 25 7 598 9 22 9 15 18
t 791 10 1 4 9 27 11 35
t 6 13 2 9 17 13 12 576
t 23 13 731 15 4 34 11 24
t 30 26 39 8 31 26 786 4
t 32 3 710 16 7 28 20 14
t 4 1 6 15 19 10 4 570
t 587 7 6 20 19 13 17 3
t 18 21 6 19 24 2 7 580
t 10 7 30 763 15 30 0 4
t 7 4 19 23 22 588 19 19
t 2 21 14 10 24 24 7 583
t 15 595 5 4 25 16 5 15
t 6 568 19 8 13 23 7 5
t 40 19 11 30 25 28 687 22
t 1 17 8 4 7 2 16 586
t 3 9 623 5 5 15 21 36
t 19 15 17 16 23 560 24 23
t 6 11 34 16 17 4 35 646
t 6 3 11 17 577 13 25 16
t 23 14 578 4 9 4 10 2
t 25 15 12 4 1 7 580 4
t 39 33 1 21 6 9 734 19
t 1 21 21 10 793 22 4 5
t 788 24 40 30 38 37 28 28
t 35 737 7 15 20 1 40 36
t 27 19 706 38 39 38 40 17
t 22 576 13 5 24 22 10 2
t 35 3 18 14 758 13 19 4
t 26 19 14 3 629 4 28 11
t 717 11 11 3 25 28 5 40
t 20 11 15 21 15 598 2 2
t 13 18 562 13 22 12 7 6
t 36 33 23 697 17 37 29 28
t 30 690 11 13 14 20 19 14
t 16 11 569 4 24 1 15 12
t 25 21 573 18 5 6 2 12
t 19 40 1 37 30 8 38 637
t 8 15 23 11 12 12 17 576
t 16 577 18 25 8 17 11 22
t 656 11 34 27 39 19 23 12
t 681 13 10 37 22 13 20 32
t 27 631 12 28 19 12 27 27
t 3 7 5 574 23 17 8 2
t 37 26 9 36 750 40 33 23
t 27 3 33 33 619 2 10 25
t 12 4 8 15 583 10 12 10
t 11 1 700 0 24 36 36 20
t 8 15 40 16 747 7 29 36
t 4 20 15 12 16 16 562 13
t 11 3 20 18 13 568 7 5
t 8 25 12 14 5 15 619 31
t 24 8 17 591 1 10 13 24
t 15 11 592 25 4 9 6 7
t 15 33 20 31 2 5 668 1
t 16 19 14 741 36 23 20 5
t 19 17 7 5 12 25 577 22
t 14 24 637 16 17 25 20 31
t 0 31 18 37 11 30 620 39
t 564 20 25 22 21 12 3 25
t 17 26 775 6 4 9 15 18
t 17 723 31 26 37 16 38 33
t 13 19 597 3 4 11 9 1
t 22 21 24 21 21 13 9 578
t 11 25 22 561 16 13 17 1
t 4 24 17 598 9 20 25 5
t 21 573 11 17 6 24 5 3
t 10 11 29 38 6 19 615 30
t 15 20 6 19 16 24 592 17
t 4 25 9 10 16 14 13 599
t 12 21 1 8 2 586 22 17
t 9 699 31 1 1 23 40 13
t 11 2 24 612 40 35 38 0
t 14 636 0 17 19 36 1 1
t 772 13 14 0 4 19 29 30
t 23 589 17 15 10 1 19 11
t 12 8 580 10 22 7 18 23
t 19 7 2 19 10 579 9 1
t 17 30 795 3 13 28 28 10
t 12 10 2 572 9 11 10 16
t 14 14 25 20 563 20 8 1
t 11 3 13 653 8 6 20 32
t 29 783 29 3 39 23 21 5
t 4 581 17 2 16 18 2 3
t 594 18 21 5 16 23 24 21
t 6 4 5 25 10 582 2 4
t 562 6 14 19 8 24 2 19
t 8 12 580 5 23 4 13 19
t 2 5 4 1 589 25 6 24
t 23 14 13 13 566 22 13 7
t 14 622 39 7 28 32 27 11
t 8 18 13 658 32 1 5 6
t 6 8 2 15 6 571 18 12
t 14 19 11 21 19 584 25 7
t 14 10 17 21 4 587 4 12
t 5 1 11 590 7 2 15 21
t 29 23 719 38 32 8 6 38
t 18 568 19 21 1 1 19 20
t 23 12 20 6 16 587 19 3
t 9 14 720 27 2 32 18 12
t 11 16 22 17 11 34 610 23
t 25 16 8 13 13 599 25 16
t 7 19 10 580 6 20 24 23
t 8 12 18 571 9 11 3 1
t 6 580 9 25 23 21 16 18
t 17 586 2 2 11 14 23 17
t 15 7 6 21 20 583 2 2
t 8 32 755 9 16 12 17 7
t 588 17 1 8 19 21 14 8
t 31 30 2 32 697 2 31 27
t 566 15 24 7 20 7 10 6
t 770 36 28 18 28 22 29 22
t 6 576 1 24 4 10 20 4
t 12 2 13 11 571 23 5 12
t 17 5 20 578 4 2 23 10
t 8 15 19 25 585 16 15 3
t 2 22 12 24 15 18 562 8
t 586 16 18 2 4 7 1 1
t 10 14 18 751 17 15 15 33
t 594 17 19 5 23 21 7 20
t 5 1 18 564 22 9 1 16
t 2 1 5 1 577 15 23 17
t 3 572 5 18 15 12 10 19
t 27 633 21 4 1 9 7 38
t 8 25 1 15 577 11 25 22
t 589 15 1 10 17 2 7 10
t 29 21 25 769 13 18 29 18
t 19 15 11 8 587 10 7 20
t 1 589 5 20 24 22 23 19
t 21 23 22 11 13 16 594 24
t 26 26 3 716 17 28 8 17
t 23 21 588 16 24 23 6 12
t 14 23 4 20 2 590 5 22
t 20 35 26 36 20 16 743 11
t 19 24 4 583 9 21 14 5
t 12 25 12 38 34 687 31 33
t 589 4 16 20 14 9 21 4
t 4 577 24 21 1 19 10 16
t 13 26 39 17 16 36 25 789
t 26 13 649 12 17 13 19 18
t 24 11 5 38 21 740 4 6
t 6 5 15 16 599 20 22 6
t 23 19 22 3 21 1 17 595
t 781 18 30 2 23 26 18 12
t 16 17 587 3 12 7 15 8
t 13 11 6 6 6 3 586 4
t 20 11 6 20 22 587 12 8
t 8 8 4 4 24 16 596 12
t 709 38 1 1 23 19 7 39
t 23 560 22 20 22 17 8 3
t 12 5 13 10 22 1 19 797
t 0 27 6 7 15 7 1 769
t 27 20 10 9 22 3 740 5
t 9 12 26 27 30 21 706 40
t 2 6 2 22 23 571 12 15
t 31 38 34 7 7 38 19 710
t 25 31 11 19 1 689 39 13
t 575 21 24 13 2 22 4 15
t 17 8 16 9 588 9 11 7
t 7 15 18 5 21 6 14 595
t 24 16 6 13 12 2 578 8
t 703 36 19 9 24 8 12 2
t 34 23 5 40 21 32 7 623
t 22 7 20 566 18 9 13 21
t 23 19 19 11 4 573 1 17
t 37 20 39 30 19 788 14 31
t 593 25 3 2 17 12 16 9
t 9 573 15 13 9 16 21 2
t 25 2 643 40 10 29 15 37
t 32 6 17 32 40 695 14 17
t 20 26 27 6 10 746 5 27
t 20 13 24 4 12 25 562 15
t 26 28 746 1 20 35 10 22
t 644 36 17 18 2 12 2 28
t 7 582 8 22 13 23 19 12
t 15 33 723 1 32 31 8 16
t 21 3 23 6 739 29 9 20
t 32 31 3 658 33 6 19 15
t 31 10 17 626 37 37 39 10
t 23 8 21 16 14 581 11 22
t 19 11 770 20 1 20 10 15
t 14 6 25 11 586 16 4 12
t 6 39 36 18 617 16 8 30
t 18 25 11 8 5 23 11 583
t 13 9 8 6 580 18 12 17
t 779 40 6 1 1 34 21 36
t 19 16 18 3 7 589 22 10
t 18 12 573 22 24 12 20 19
t 25 16 781 4 12 33 28 20
t 14 5 23 16 1 581 12 17
t 23 17 15 1 562 2 18 11
t 6 20 15 585 6 20 15 19
t 3 578 25 10 15 25 19 14
t 14 36 27 7 668 28 40 6
t 15 5 33 9 7 19 3 703
t 10 14 8 7 703 22 17 17
t 22 4 6 14 3 17 585 5
t 22 19 24 595 11 23 3 10
t 37 8 39 5 36 10 786 12
t 11 22 17 33 689 8 10 38
t 35 22 5 794 9 6 17 3
t 7 23 23 4 3 21 14 580
t 16 585 9 2 9 9 16 22
t 19 26 12 602 22 13 27 31
t 5 14 10 14 19 5 14 578
t 11 2 8 6 15 22 1 565
t 620 10 18 17 21 22 0 15
t 32 15 26 7 21 8 722 26
t 12 19 685 22 13 19 6 2
t 12 24 2 22 38 708 6 21
t 8 10 14 14 16 574 6 23
t 21 1 21 566 7 25 25 25
t 4 585 25 15 8 21 20 5
t 17 37 8 36 17 9 27 718
t 796 12 5 33 31 28 37 4
t 40 8 3 25 12 29 35 654
t 598 6 4 10 5 9 19 4
t 659 29 22 14 11 32 9 11
t 17 1 4 14 1 587 4 17
t 1 34 31 26 723 19 28 33
t 28 751 26 27 37 16 16 33
t 21 26 30 15 40 27 19 729
t 15 25 7 8 22 14 12 597
t 18 9 584 9 16 4 16 11
t 724 30 19 5 27 33 28 18
t 23 21 10 32 35 749 19 7
t 11 24 9 24 16 25 6 574
t 5 708 9 30 33 19 18 28
t 17 597 7 11 4 16 24 2
t 9 1 563 21 17 14 25 18
t 11 561 16 3 22 4 14 2
t 713 33 22 14 38 1 38 33
t 36 33 682 14 12 10 8 3
t 24 594 9 7 18 2 13 7
t 25 2 13 11 25 14 596 15
t 10 21 20 566 17 16 21 13
t 4 13 18 11 7 629 26 22
t 9 5 14 11 574 23 23 5
t 38 21 2 22 2 764 22 14
t 6 20 17 9 9 10 23 597
t 21 3 11 25 571 4 24 8
t 11 15 15 14 29 12 790 20
t 15 12 565 12 1 9 12 15
t 12 14 22 23 4 568 8 19
t 8 11 9 3 585 6 23 5
t 7 17 38 26 28 3 20 716
t 789 20 33 11 38 38 40 22
t 1 15 15 33 723 33 11 3
t 7 562 25 18 10 3 3 9
t 22 9 572 13 9 23 15 15
t 18 22 27 7 22 701 12 14
t 572 4 9 4 14 6 15 18
t 26 20 13 21 0 755 8 17
t 15 588 22 2 22 12 8 9
t 22 3 7 4 6 575 2 23
t 21 18 575 19 12 19 25 19
t 37 16 15 25 39 729 11 17
t 645 27 5 10 13 31 15 34
t 6 15 9 663 16 17 8 12
t 3 7 10 579 7 1 23 12
t 10 6 11 20 3 3 595 5
t 587 21 16 16 4 25 21 22
t 22 12 16 13 2 14 643 18
t 723 12 37 21 36 1 20 31
t 586 19 22 17 14 14 7 21
t 1 1 30 10 14 22 627 23
t 11 39 40 26 15 721 17 18
t 5 19 764 29 6 16 40 14
t 21 22 14 10 8 19 596 16
t 4 561 15 1 2 14 8 9
t 1 23 2 2 20 579 25 12
t 10 5 598 2 5 18 13 16
t 13 11 7 9 8 573 2 16
t 20 22 30 38 713 30 2 0
t 16 24 15 14 23 4 8 581
t 25 0 25 0 27 618 7 38
t 582 5 3 25 8 12 14 16
t 12 15 16 620 3 11 2 11
t 28 34 23 30 751 9 1 39
t 30 25 4 28 40 16 706 36
t 9 23 5 9 19 22 7 561
t 23 23 10 2 31 29 755 4
t 13 20 35 28 678 38 31 37
t 20 6 4 8 573 21 12 5
t 746 0 35 33 33 15 4 0
t 4 20 5 590 9 18 24 19
t 8 587 11 5 21 2 11 12
t 15 21 17 15 3 6 562 3
t 6 5 19 565 13 22 15 12
t 17 12 5 18 590 16 2 13
t 778 14 17 13 30 27 0 32
t 19 603 38 37 16 36 15 5
t 14 6 16 14 9 9 590 11
t 5 10 11 592 4 25 23 21
t 14 25 9 3 6 10 14 578
t 35 3 797 31 25 10 19 18
t 23 17 1 21 21 1 567 8
t 31 31 4 36 25 37 636 17
t 2 6 14 12 11 5 582 21
t 578 18 7 1 17 6 19 2
t 7 25 9 24 567 14 6 12
t 23 17 21 3 577 1 25 9
t 11 15 16 17 586 24 2 2
t 7 28 31 13 9 729 37 29
t 28 21 40 30 2 645 39 7
t 8 14 19 592 25 6 11 6
t 4 15 7 23 10 6 17 583
t 31 21 10 19 4 25 3 768
t 17 13 638 27 39 39 17 9
t 602 28 37 20 1 29 37 40
t 10 15 18 22 8 597 17 18
t 27 696 18 25 25 22 32 14
t 12 40 9 11 35 11 712 23
t 21 733 29 4 7 7 9 37
t 596 13 18 1 17 13 9 9
t 564 9 14 5 17 11 11 20
t 14 10 29 7 31 749 1 34
t 7 19 13 28 610 27 9 12
t 16 9 564 6 15 13 13 2
t 8 17 8 3 18 585 25 9
t 8 12 19 4 566 21 3 9
t 591 9 10 12 14 10 9 8
t 36 15 10 5 618 14 28 40
t 12 28 39 22 777 21 4 13
t 1 12 15 25 7 17 2 592
t 25 40 27 13 23 7 779 21
t 23 7 16 4 4 7 589 17
t 24 4 38 16 663 33 1 33
t 23 7 5 17 15 3 6 592
t 23 18 25 10 25 588 25 9
t 22 643 30 6 2 26 5 23
t 24 25 16 16 4 19 23 645
t 36 35 16 33 4 6 16 689
t 40 14 7 10 7 28 29 648
t 22 3 577 8 13 23 19 1
t 1 27 28 13 794 16 21 0
t 30 39 626 1 11 3 0 22
t 17 3 11 16 17 12 596 25
t 27 36 10 20 18 38 731 18
t 37 19 663 2 25 26 3 18
t 31 36 6 16 23 40 31 718
t 8 11 12 575 5 3 20 7
t 642 5 33 38 8 20 23 4
t 18 9 1 7 24 3 22 581
t 25 7 19 13 560 9 8 12
t 4 24 6 21 16 593 5 13
t 18 577 10 17 10 5 4 25
t 25 13 5 17 582 2 17 1
t 3 19 16 7 575 5 17 18
t 8 624 1 36 10 20 36 39
t 706 6 24 15 3 25 12 29
t 4 9 13 9 591 13 7 22
t 35 605 30 22 18 23 17 22
t 39 20 32 19 9 33 675 9
t 25 1 610 27 27 28 21 12
t 684 0 5 2 27 33 24 26
t 36 36 632 12 18 35 3 4
t 9 3 16 587 2 5 15 19
t 38 5 673 17 29 16 28 34
t 10 24 1 3 2 18 578 6
t 10 11 599 20 1 11 1 22
t 1 13 630 38 16 29 27 36
t 651 13 27 7 39 39 10 34
t 16 574 5 16 23 10 21 2
t 40 24 39 1 2 692 3 6
t 15 6 20 34 21 21 772 0
t 34 23 32 33 36 17 4 783
t 22 12 19 8 19 591 24 12
t 14 38 35 698 39 32 37 4
t 18 7 3 588 17 7 12 17
t 23 594 11 21 10 16 8 20
t 0 32 27 666 5 6 12 10
t 11 6 19 575 4 16 24 18
t 22 1 8 7 17 20 581 21
t 10 36 31 5 1 3 27 739
t 15 15 10 22 4 9 590 24
t 4 12 24 11 7 14 570 10
t 576 23 4 18 6 7 23 1
t 31 19 27 12 35 689 16 4
t 590 5 21 23 14 8 1 5
t 572 1 16 22 12 14 15 19
t 36 32 6 31 16 25 725 18
t 18 5 584 1 25 6 15 21
t 11 563 19 2 25 24 24 13
t 576 7 5 20 17 6 2 20
t 11 568 4 6 15 7 21 18
t 15 5 16 12 24 13 590 5
t 21 14 567 10 23 23 24 22
t 20 24 23 16 37 21 19 709
t 26 26 3 766 35 7 3 18
t 8 24 566 14 22 14 6 1
t 38 16 35 37 37 17 34 684
t 22 18 580 6 15 17 18 2
t 5 19 17 560 22 19 18 12
t 660 27 20 23 36 22 33 31
t 573 18 22 1 20 20 22 9
t 17 584 20 6 7 24 9 9
t 16 576 18 9 4 13 23 5
t 37 0 21 34 19 20 662 39
t 14 586 22 13 18 11 21 25
t 38 26 39 5 0 39 32 733
t 17 20 15 25 731 21 6 37
t 591 24 10 19 15 4 16 11
t 9 13 21 577 15 16 15 24
t 14 2 13 15 22 10 580 11
t 18 16 16 2 24 12 9 689
t 13 8 599 16 4 4 24 12
t 672 15 15 29 39 32 40 34
t 706 34 35 15 32 24 24 15
t 595 10 21 6 3 14 8 1
t 3 10 706 38 4 1 7 38
t 32 5 39 40 37 745 15 31
t 1 11 788 11 6 21 14 20
t 16 7 595 22 11 16 22 18
t 32 722 36 8 0 27 15 31
t 593 13 7 15 22 3 2 12
t 3 1 9 19 599 4 1 9
t 8 7 22 37 794 18 12 18
t 582 8 20 1 18 15 16 23
t 25 587 8 19 1 2 2 4
t 31 14 19 24 18 5 633 25
t 24 18 0 1 725 38 0 16
t 14 696 22 13 8 32 25 39
t 24 9 8 9 3 3 596 17
t 11 1 3 23 5 596 23 13
t 26 614 24 4 10 17 24 30
t 14 14 15 10 15 17 569 22
t 12 768 4 16 5 27 19 5
t 29 27 37 799 11 19 30 0
t 599 12 14 19 3 5 1 22
t 27 636 19 22 26 18 13 23
t 27 34 22 26 768 7 38 29
t 628 12 27 35 7 20 32 9
t 23 11 18 11 14 593 23 20
t 34 39 17 4 13 37 729 5
t 1 25 13 21 19 8 17 591
t 2 21 23 25 18 21 18 580
t 5 24 24 2 29 31 646 20
t 11 644 20 8 21 7 40 12
t 38 659 39 16 3 23 15 22
t 8 22 17 590 6 24 11 23
t 2 11 11 22 20 561 17 7
t 12 774 2 38 33 31 19 10
t 36 15 770 9 35 18 14 3
t 691 17 4 32 33 10 34 25
t 12 12 5 12 14 8 11 577
t 17 14 38 608 28 22 9 25
t 15 24 5 582 22 20 22 14
t 16 7 34 755 20 38 25 31
t 14 13 568 21 25 9 1 3
t 2 8 7 22 595 19 17 25
t 2 24 8 7 6 17 598 18
t 3 7 18 562 6 9 25 3
t 14 22 18 17 708 2 16 28
t 24 18 3 9 9 5 10 588
t 18 20 40 35 35 13 3 670
t 21 560 24 24 24 5 20 23
t 24 30 30 15 680 20 39 36
t 1 8 23 1 13 13 583 14
t 29 30 13 20 28 602 16 9
t 29 17 31 17 23 36 12 635
t 771 8 32 34 30 39 26 33
t 8 786 37 7 12 18 29 29
t 4 560 18 11 3 9 21 4
t 30 11 779 27 24 15 1 17
t 3 1 583 17 20 11 20 14
t 5 20 22 26 791 26 13 19
t 15 5 9 12 2 9 1 576
t 24 18 13 595 18 2 21 13
t 13 4 20 3 7 576 4 19
t 21 36 22 6 621 36 13 30
t 18 36 36 12 641 32 40 21
t 13 2 23 10 9 15 594 20
t 32 0 2 696 9 1 11 20
t 14 1 30 666 32 0 29 2
t 6 2 594 24 2 21 11 17
t 24 15 11 8 1 14 12 572
t 39 15 1 23 3 31 26 726
t 748 23 26 15 4 8 5 19
t 784 37 6 3 12 2 39 9
t 39 30 28 23 30 706 13 33
t 35 34 19 9 6 722 7 24
t 35 13 38 7 37 39 629 30
t 1 12 5 635 39 21 26 33
t 561 18 1 11 16 10 13 3
t 5 12 560 13 15 1 10 14
t 0 26 28 8 10 650 32 40
t 21 23 21 34 745 7 31 4
t 10 23 29 675 24 24 28 21
t 19 15 15 10 1 23 3 582
t 22 593 19 14 20 25 16 2
t 13 565 10 15 19 6 1 11
t 21 7 588 16 13 24 22 9
t 19 12 8 4 585 19 18 13
t 19 22 6 17 12 22 20 595
t 3 18 13 15 576 19 13 1
t 21 583 5 18 14 20 8 15
t 17 17 16 21 19 25 577 6
t 17 1 20 19 16 9 24 599
t 5 18 6 565 7 21 14 4
t 15 19 13 9 13 23 560 15
t 3 18 11 5 21 10 597 25
t 15 590 7 4 12 9 7 17
t 13 17 7 9 659 9 23 20
t 7 23 19 583 25 18 22 21
t 12 11 23 15 13 582 2 9
t 9 5 4 596 10 25 11 25
t 12 6 577 17 14 5 19 15
t 7 4 4 8 568 13 6 17
t 18 3 14 6 566 17 5 15
t 16 596 3 1 18 11 14 7
t 10 15 20 560 18 3 18 18
t 20 21 4 17 586 13 2 11
t 20 3 9 26 19 28 796 22
t 13 17 38 35 26 1 788 17
t 568 20 9 10 9 18 20 11
t 27 34 682 1 3 19 3 17
t 21 30 9 2 40 655 11 37
t 19 18 6 37 794 21 38 12
t 23 40 13 22 31 7 16 799
t 11 10 577 21 17 2 24 19
t 3 569 4 1 13 2 5 13
t 5 20 23 635 23 20 0 6
t 16 20 10 2 25 565 9 19
t 1 25 12 20 4 20 594 7
t 21 21 5 22 18 20 574 4
t 25 585 9 14 19 23 15 12
t 15 16 11 6 21 580 22 22
t 14 18 11 7 6 586 18 19
t 23 11 7 15 733 30 28 35
t 13 14 8 15 594 9 24 3
t 20 7 9 573 3 14 16 21
t 0 15 27 30 1 9 685 1
t 2 21 566 5 13 13 5 4
t 13 15 656 17 5 26 15 20
t 34 17 27 2 33 12 680 5
t 766 36 7 14 11 26 10 7
t 682 2 36 33 3 36 2 17
t 5 24 20 8 7 571 20 10
t 30 25 14 33 12 35 16 678
t 9 14 572 1 22 24 9 17
t 2 30 37 21 37 653 27 8
t 13 2 588 11 21 23 11 7
t 13 17 20 16 22 15 577 19
t 771 18 36 20 25 33 21 24
t 7 24 38 25 18 23 627 4
t 24 5 15 18 573 25 15 2
t 17 10 18 10 579 18 21 22
t 3 16 23 16 3 6 599 1
t 34 8 0 35 746 3 14 40
t 654 22 13 14 40 40 4 26
t 595 10 22 24 10 2 8 17
t 16 3 17 4 6 11 573 25
t 761 39 22 30 12 20 29 12
t 21 11 21 1 582 17 18 24
t 29 0 27 32 38 23 21 780
t 22 40 33 16 9 28 27 779
t 15 14 12 15 4 576 13 11
t 5 35 5 789 23 15 5 13
t 20 10 578 6 7 5 11 14
t 19 14 3 25 23 596 18 24
t 7 2 13 11 14 18 12 571
t 28 27 18 11 740 2 6 17
t 9 14 18 19 12 677 39 38
t 2 16 13 27 23 27 608 13
t 2 4 10 4 16 24 12 572
t 18 3 9 5 25 584 8 17
t 28 16 20 14 34 650 11 5
t 6 27 18 32 16 31 40 749
t 23 13 15 22 23 591 17 19
t 14 23 11 17 14 560 3 7
t 7 17 14 20 7 566 8 10
t 1 20 34 608 8 40 12 28
t 583 4 19 18 4 13 5 22
t 19 28 649 24 25 29 36 1
t 4 17 17 12 6 11 579 15
t 598 22 18 5 1 9 20 9
t 8 17 15 569 16 17 19 19
t 35 691 18 24 14 16 21 23
t 15 10 8 21 9 20 591 8
t 17 33 21 11 671 12 24 4
t 11 12 12 8 2 24 9 566
t 21 22 666 28 30 22 14 6
t 5 711 31 2 14 9 2 25
t 26 40 35 2 1 695 31 21
t 20 10 11 598 2 24 23 16
t 12 585 3 6 8 17 12 24
t 38 18 29 30 28 3 790 2
t 0 26 14 19 31 5 772 34
t 17 15 14 36 12 11 771 9
t 19 561 24 6 8 12 20 23
t 25 22 591 16 17 1 21 14
t 4 679 28 38 25 15 12 39
t 4 33 38 20 26 660 16 37
t 11 6 23 38 33 40 619 9
t 11 7 1 16 13 17 565 21
t 6 597 16 17 10 21 18 13
t 27 7 744 2 39 17 37 17
t 16 10 22 597 4 24 10 10
t 8 627 26 20 25 19 26 26
t 14 761 27 39 16 38 38 3
t 13 22 38 36 766 18 7 20
t 1 19 1 1 11 2 23 567
t 12 40 1 27 0 40 798 10
t 26 23 27 28 1 622 33 18
t 3 12 7 704 20 15 21 0
t 26 1 33 34 34 25 0 736
t 9 4 36 1 37 4 658 36
t 10 23 21 24 13 26 687 31
t 21 30 37 14 34 16 756 2
t 1 565 15 1 6 19 23 25
t 576 23 2 8 25 5 3 7
t 24 698 39 21 30 7 40 38
t 25 25 7 23 572 2 17 2
t 21 11 4 2 15 6 17 575
t 34 5 30 768 12 4 35 16
t 1 2 15 2 573 13 8 4
t 30 2 2 34 23 32 667 20
t 12 6 36 14 33 750 6 14
t 6 780 40 33 1 34 15 3
t 4 671 6 26 31 31 23 1
t 775 40 13 15 2 8 39 37
t 30 37 0 18 15 4 637 40
t 30 18 2 29 25 27 11 626
t 40 5 13 5 13 600 30 0
t 16 19 17 13 585 1 17 17
t 11 560 4 5 17 3 1 16
t 39 703 30 19 34 30 35 10
t 12 4 11 24 8 11 21 581
t 572 15 22 18 4 2 5 3
t 25 17 40 17 12 21 9 755
t 18 4 595 17 9 13 18 11
t 4 6 572 9 4 11 16 14
t 22 9 24 5 5 22 22 568
t 584 22 16 5 5 11 10 20
t 10 6 12 13 575 9 1 24
t 32 7 610 39 16 32 12 19
t 596 23 6 25 2 10 20 20
t 22 25 40 651 31 0 30 3
t 26 0 11 35 39 8 1 749
t 23 696 38 25 38 39 29 36
t 17 1 749 10 24 33 4 12
t 564 5 22 7 12 16 14 16
t 19 19 4 2 21 586 4 12
t 7 12 6 12 21 11 4 569
t 19 8 18 36 703 29 38 9
t 11 24 9 13 5 21 571 15
t 0 29 11 717 35 2 33 29
t 632 32 7 20 23 18 8 1
t 13 8 20 21 560 15 15 9
t 13 32 40 6 38 2 693 11
t 580 1 12 15 6 20 16 6
t 37 642 15 8 20 22 24 28
t 1 21 24 24 688 10 10 17
t 17 35 8 7 17 11 675 34
t 8 780 25 31 17 4 36 26
t 4 16 716 36 26 26 13 28
t 7 7 7 7 597 9 9 23
t 15 18 5 20 17 18 10 590
t 18 11 6 13 586 4 2 15
t 3 8 16 21 4 11 561 17
t 18 560 11 5 20 1 24 6
t 17 581 1 13 13 9 9 11
t 4 7 23 18 3 14 592 11
t 11 14 23 22 9 599 3 14
t 1 7 567 12 20 7 14 15
t 17 25 15 18 4 15 574 6
t 17 15 6 19 10 22 25 572
t 36 5 11 32 754 0 22 9
t 20 24 36 36 650 8 40 10
t 35 655 29 17 34 38 33 1
t 29 37 15 32 20 30 667 28
t 38 36 25 32 648 26 1 11
t 576 18 23 12 11 9 20 21
t 21 23 580 9 9 7 14 7
t 713 0 34 8 27 34 2 37
t 11 20 574 24 14 3 19 14
t 24 37 7 18 633 31 14 25
t 21 11 593 25 13 11 20 8
t 17 5 19 4 4 12 1 564
t 21 24 2 18 6 9 9 588
t 585 12 12 24 4 13 20 7
t 793 6 1 24 39 15 16 35
t 4 571 8 6 4 11 2 16
t 22 573 3 4 17 25 11 18
t 12 21 9 5 3 5 575 14
t 24 26 30 737 32 38 25 18
t 15 24 38 26 13 32 663 12
t 28 31 2 22 29 38 34 791
t 696 24 11 40 29 6 18 12
t 0 36 21 6 34 680 19 40
t 35 34 36 18 14 30 794 6
t 15 31 0 4 772 14 15 30
t 13 21 23 10 571 13 9 18
t 15 20 10 23 15 573 14 10
t 11 16 34 8 696 26 32 39
t 28 40 15 38 9 4 38 771
t 16 582 2 13 22 16 1 17
t 23 4 19 19 25 33 736 12
t 9 19 18 23 35 22 25 696
t 5 34 2 22 731 13 16 15
t 14 5 0 4 734 18 20 19
t 19 15 11 21 5 3 560 21
t 763 1 37 14 34 39 0 18
t 20 6 19 22 566 19 21 14
t 563 6 4 22 8 1 14 21
t 22 21 5 23 19 14 11 596
t 6 14 679 21 4 39 37 19
t 16 20 9 7 11 8 585 13
t 17 12 16 20 578 2 10 22
t 10 13 24 7 22 11 3 593
t 618 38 20 30 9 40 29 6
t 629 6 22 20 7 9 9 8
t 10 19 4 10 2 573 15 10
t 1 13 572 4 18 9 9 22
t 25 3 16 15 596 15 22 5
t 5 20 39 26 34 6 722 15
t 19 1 33 37 5 25 36 705
t 33 35 5 31 6 15 37 741
t 4 2 2 14 5 584 11 21
t 11 9 26 29 745 12 3 6
t 3 15 6 574 12 22 9 13
t 13 20 3 3 14 12 577 4
t 25 8 14 24 14 3 574 13
t 0 19 630 37 13 26 7 11
t 3 16 26 607 14 12 32 28
t 569 20 23 17 14 3 4 7
t 5 14 761 20 19 17 27 16
t 1 22 20 15 18 21 597 8
t 2 24 5 11 37 20 21 676
t 564 13 2 9 20 22 17 15
t 15 25 10 22 10 14 598 10
t 5 21 27 40 3 35 15 719
t 5 5 9 23 590 11 12 14
t 11 11 15 36 1 718 22 38
t 5 627 2 32 37 27 31 31
t 6 16 12 8 561 22 8 14
t 14 9 564 21 8 3 7 15
t 12 12 578 2 11 5 8 16
t 12 4 18 9 10 563 2 3
t 589 25 10 2 3 2 12 14
t 719 38 6 39 33 9 22 0
t 25 13 563 1 8 7 17 24
t 32 740 9 28 21 2 9 36
t 565 5 24 12 12 1 13 20
t 38 16 11 5 19 19 32 742
t 660 12 22 17 10 27 4 4
t 29 15 15 31 34 724 33 20
t 25 2 573 13 18 10 6 12
t 14 30 3 38 16 29 623 37
t 22 8 2 594 7 14 1 13
t 13 3 10 18 25 596 12 6
t 6 10 1 22 567 6 23 2
t 10 14 14 16 12 21 568 14
t 9 5 35 606 28 26 31 26
t 18 11 33 1 9 12 40 664
t 560 9 20 20 9 2 3 8
t 39 8 23 28 23 759 6 6
t 574 20 16 2 24 12 13 10
t 32 23 13 634 29 27 29 24
t 27 0 26 25 779 40 22 35
t 14 11 18 6 7 16 563 18
t 29 2 6 16 39 7 651 10
t 35 17 690 14 20 11 19 30
t 21 14 34 13 1 663 21 31
t 673 1 22 37 33 27 37 37
t 14 18 11 597 18 5 2 17
t 22 17 7 563 11 12 3 2
t 23 16 570 7 22 21 5 4
t 25 11 9 8 20 24 577 8
t 10 16 14 587 3 21 8 4
t 5 22 9 12 18 9 19 577
t 22 1 18 8 7 580 6 24
t 14 25 20 16 17 9 12 596
t 14 33 601 22 8 1 10 34
t 6 3 4 8 639 14 24 0
t 20 24 14 594 11 18 4 19
t 3 36 38 762 15 38 10 7
t 5 2 2 6 19 21 591 22
t 31 31 735 25 15 1 37 15
t 2 2 590 15 7 19 21 2
t 22 2 3 2 10 11 18 580
t 0 28 691 27 22 20 22 20
t 33 27 18 25 31 3 646 8
t 6 17 7 575 15 5 24 8
t 15 11 4 33 11 36 12 697
t 582 5 6 16 6 1 24 18
t 21 19 581 17 24 11 13 9
t 6 24 696 16 40 25 0 39
t 583 9 13 11 10 21 23 25
t 10 14 5 720 38 3 12 14
t 1 588 22 2 1 6 7 22
t 17 2 595 7 3 15 6 15
t 23 704 21 32 39 16 34 36
t 12 18 5 586 21 16 23 24
t 17 566 11 23 3 23 8 4
t 21 12 599 20 5 9 8 14
t 18 5 35 20 31 616 16 32
t 17 15 7 28 733 9 4 20
t 27 30 15 10 24 30 27 654
t 16 673 23 37 7 13 32 33
t 18 13 1 24 585 22 15 6
t 12 5 18 21 7 4 618 11
t 19 37 29 30 17 601 11 4
t 717 19 10 10 20 5 31 11
t 4 18 0 20 626 0 1 39
t 21 18 24 0 4 14 694 12
t 694 25 17 16 3 35 3 27
t 25 583 9 19 20 6 3 2
t 8 560 2 1 2 16 20 2
t 12 8 6 9 17 23 17 572
t 8 20 22 30 20 13 5 794
t 21 16 8 8 21 17 17 572
t 14 7 24 21 15 23 567 8
t 30 27 33 4 36 773 26 2
t 20 19 11 1 562 6 11 12
t 9 25 24 696 24 17 38 20
t 19 4 5 17 2 561 25 6
t 20 10 21 575 4 4 12 10
t 4 3 20 639 0 6 1 30
t 19 18 10 1 8 8 591 13
t 560 6 22 19 3 4 15 2
t 12 35 23 9 5 31 10 604
t 8 567 13 13 10 10 19 1
t 9 599 23 1 8 25 16 16
t 2 7 7 591 8 17 12 15
t 7 6 592 5 10 24 4 16
t 1 2 5 595 11 9 14 14
t 23 23 1 3 10 594 16 1
t 19 562 5 11 23 7 22 25
t 16 3 591 16 14 17 11 3
t 22 19 588 14 22 16 10 4
t 31 27 24 40 25 8 775 31
t 10 11 16 12 5 576 12 8
t 19 586 19 9 7 13 1 2
t 16 564 22 13 14 22 6 4
t 1 21 594 16 12 13 16 18
t 14 22 6 21 3 13 20 589
t 15 39 711 24 33 31 24 15
t 7 37 33 25 765 5 33 25
t 16 717 15 9 2 24 14 18
t 565 23 12 25 4 17 4 14
t 6 24 24 24 23 1 21 583
t 20 29 10 6 601 40 34 25
t 794 11 39 16 20 34 0 0
t 5 565 16 2 20 7 14 12
t 16 16 15 10 9 579 12 6
t 13 1 23 591 19 15 6 17
t 578 25 12 1 15 20 24 22
t 13 14 23 25 563 25 18 23
t 29 25 39 6 19 706 25 1
t 10 24 10 24 13 9 15 572
t 11 2 686 32 38 3 30 33
t 13 563 9 21 10 23 1 12
t 7 7 19 564 5 6 3 16
t 10 23 14 7 566 7 3 14
t 35 12 18 33 39 9 607 30
t 34 0 647 39 25 21 36 5
t 16 19 15 7 594 15 14 9
t 36 35 11 778 26 25 27 29
t 23 22 10 8 22 568 7 25
t 6 29 39 771 27 33 0 5
t 5 10 27 2 2 789 29 1
t 5 9 8 1 11 19 591 16
t 13 5 788 15 18 7 6 18
t 12 39 30 12 23 35 681 1
t 27 4 9 9 648 8 9 21
t 25 11 566 1 4 16 17 11
t 14 20 25 25 593 19 12 9
t 30 9 36 26 4 1 36 718
t 22 4 607 22 8 23 9 27
t 9 9 1 679 12 3 37 18
t 9 7 585 16 10 4 22 6
t 15 717 13 16 9 14 20 11
t 17 8 7 24 17 2 572 7
t 10 10 13 582 3 9 16 11
t 7 12 28 8 30 29 680 2
t 1 25 4 594 3 10 22 24
t 16 19 18 23 593 11 1 20
t 18 24 28 10 29 36 20 600
t 3 16 3 5 7 21 0 665
t 29 17 13 26 6 0 782 0
t 30 702 1 8 35 40 5 32
t 25 24 16 14 572 21 22 22
t 18 6 574 6 5 20 10 19
t 2 14 13 17 21 566 2 12
t 31 28 626 17 37 27 2 40
t 9 12 11 8 6 597 3 19
t 18 31 690 8 39 0 14 34
t 2 22 6 21 16 573 5 7
t 40 40 5 19 743 38 33 37
t 642 10 36 31 8 14 2 18
t 562 12 21 13 23 23 22 11
t 7 18 10 8 4 23 23 596
t 20 30 32 29 786 16 35 2
t 18 597 11 15 18 25 8 22
t 21 15 2 568 18 15 14 25
t 37 23 1 0 4 4 2 715
t 16 5 13 560 9 11 25 1
t 12 16 16 9 2 1 593 7
t 6 17 20 18 582 10 24 18
t 17 1 24 13 20 585 10 13
t 9 1 25 7 18 23 24 584
t 4 11 7 588 12 23 13 2
t 24 32 35 6 30 25 31 693
t 579 8 13 12 8 4 14 24
t 6 28 35 16 696 13 14 29
t 18 16 18 17 14 14 588 16
t 22 3 8 11 578 5 9 17
t 6 16 10 31 727 23 37 31
t 6 30 606 12 18 35 23 23
t 1 29 11 1 20 20 624 12
t 2 8 24 5 588 3 10 4
t 566 21 23 22 25 13 20 14
t 34 2 15 32 37 39 758 24
t 18 597 24 6 25 8 16 9
t 719 3 12 6 28 29 33 1
t 24 10 8 24 576 4 7 14
t 28 4 9 23 38 15 40 729
t 1 3 14 566 18 3 12 7
t 22 593 13 4 14 22 9 22
t 775 5 28 15 26 31 23 36
t 15 568 12 13 12 2 9 18
t 14 25 34 40 25 24 4 657
t 5 10 9 8 20 20 11 568
t 11 5 9 23 24 10 596 14
t 25 17 7 739 38 3 17 28
t 7 23 4 4 18 593 16 16
t 24 10 577 22 20 17 6 9
t 795 24 17 2 14 37 1 6
t 5 8 10 17 15 594 3 7
t 570 6 5 15 6 5 2 1
t 729 10 12 1 31 11 39 15
t 22 2 3 25 17 20 24 578
t 10 4 2 23 18 1 25 590
t 21 15 595 6 11 24 3 4
t 788 39 35 22 28 29 38 16
t 20 7 595 21 11 13 14 5
t 19 0 15 29 32 36 756 8
t 10 11 21 13 23 5 565 16
t 5 27 0 19 627 9 5 13
t 8 6 659 39 8 22 8 3
t 578 15 13 15 17 5 22 8
t 17 6 21 14 561 14 1 2
t 13 32 8 5 10 618 38 13
t 39 12 35 35 14 22 780 1
t 21 24 16 5 3 3 19 614
t 4 8 3 17 21 8 587 25
t 6 23 593 24 14 8 21 22
t 11 19 567 13 3 17 21 4
t 14 16 24 33 606 28 20 35
t 594 14 4 25 19 13 2 18
t 6 693 38 12 24 1 12 6
t 24 674 24 9 23 23 10 32
t 1 21 9 8 16 579 21 2
t 572 4 3 13 23 25 10 12
t 4 6 20 9 2 2 10 579
t 25 24 33 40 601 16 21 22
t 12 16 643 26 15 36 11 9
t 779 1 37 8 22 37 40 39
t 8 1 11 4 29 628 30 30
t 22 7 586 3 11 1 20 16
t 594 12 2 10 22 3 4 3
t 34 37 695 19 17 33 26 5
t 625 26 38 12 40 18 25 10
t 16 13 8 35 13 657 37 12
t 28 14 765 36 10 10 32 21
t 14 24 4 576 4 3 23 12
t 572 3 4 1 25 22 7 15
t 0 24 31 39 15 642 23 28
t 15 1 19 589 17 22 7 3
t 9 15 2 584 24 21 15 19
t 20 1 14 3 16 18 598 23
t 21 20 11 7 20 562 5 22
t 20 23 13 15 599 18 4 5
t 4 5 19 587 11 12 13 8
t 21 15 579 3 14 2 24 17
t 696 17 29 38 9 13 19 20
t 10 4 4 13 16 588 15 1
t 17 573 18 3 24 7 6 3
t 22 32 679 37 24 6 23 17
t 7 21 2 9 12 24 593 20
t 786 34 1 40 1 10 12 32
t 5 3 4 563 19 21 7 22
t 11 13 1 31 705 23 9 32
t 33 23 707 32 12 19 38 24
t 28 18 31 33 18 668 17 24
t 14 39 2 25 30 0 633 38
t 2 716 37 1 34 21 12 17
t 3 5 10 25 19 568 7 24
t 13 21 19 579 24 1 22 3
t 15 29 4 17 11 780 9 16
t 15 9 23 5 585 19 19 1
t 3 25 573 14 16 3 21 20
t 7 2 5 18 30 790 3 14
t 17 1 12 25 7 8 590 11
t 21 9 6 7 599 21 1 18
t 30 679 22 1 26 35 9 0
t 5 7 38 15 702 15 35 1
t 604 39 34 10 25 13 3 18
t 0 18 1 22 21 18 639 33
t 10 1 24 30 769 25 26 7
t 1 16 9 9 7 12 737 9
t 24 12 562 23 15 8 25 1
t 34 14 36 33 2 774 4 36
t 19 1 678 37 23 8 23 24
t 4 20 9 13 3 19 37 632
t 16 21 2 14 592 6 18 3
t 6 37 12 39 38 764 36 37
t 4 17 4 3 20 3 1 583
t 9 22 8 24 9 567 25 7
t 40 5 749 33 40 37 36 27
t 10 8 24 560 13 11 11 20
t 13 19 582 21 15 11 8 24
t 17 31 8 21 32 715 6 18
t 15 24 25 3 565 5 23 24
t 3 40 34 686 26 8 4 5
t 797 33 6 29 27 13 17 16
t 1 17 21 25 21 22 13 578
t 584 11 22 5 12 14 14 25
t 22 578 4 16 4 23 7 1
t 23 26 2 13 0 16 2 747
t 20 13 12 14 573 4 23 17
t 13 6 18 13 6 2 7 563
t 25 6 0 22 22 11 10 665
t 20 38 682 17 14 4 33 26
t 7 12 24 17 9 597 6 4
t 17 578 20 18 13 20 11 6
t 574 16 12 18 5 9 8 23
t 758 16 16 19 19 32 3 3
t 16 20 5 561 15 17 9 19
t 40 690 17 17 4 13 34 17
t 13 6 2 13 19 560 22 3
t 12 566 10 16 21 23 2 3
t 37 33 14 4 19 652 27 29
t 8 9 753 7 37 31 23 24
t 17 21 16 15 11 563 15 12
t 39 31 18 25 645 8 2 33
t 11 9 8 25 572 22 9 14
t 21 14 22 591 14 14 25 2
t 634 9 28 6 32 27 22 4
t 560 4 2 24 5 8 9 11
t 21 23 19 2 22 595 24 7
t 17 20 8 11 7 36 15 699
t 11 15 21 697 19 6 23 39
t 24 7 590 14 23 25 23 1
t 597 1 13 3 20 16 25 1
t 24 19 3 9 40 632 26 2
t 17 13 15 3 2 4 584 3
t 9 21 14 20 6 23 5 582
t 15 659 30 35 38 9 3 24
t 11 24 22 597 10 24 19 11
t 28 12 12 40 691 9 3 9
t 38 25 28 28 29 0 31 627
t 22 8 22 560 13 7 3 24
t 7 40 20 13 19 24 622 36
t 31 39 15 4 619 14 39 12
t 9 12 23 8 7 12 567 2
t 6 2 20 11 7 32 37 795
t 9 566 20 11 3 8 18 5
t 21 595 25 18 22 13 9 11
t 22 4 17 766 22 5 27 36
t 28 12 11 5 776 11 26 2
t 1 9 20 18 761 9 19 14
t 13 12 578 3 15 19 19 7
t 20 701 14 8 26 5 33 15
t 4 11 9 3 8 6 3 561
t 19 40 17 21 25 3 671 9
t 15 9 13 12 23 747 16 25
t 19 5 1 22 17 24 39 614
t 7 4 564 18 10 14 2 24
t 0 10 681 19 33 10 0 22
t 5 572 7 19 11 14 22 7
t 25 14 24 18 14 8 12 569
t 19 595 2 17 3 11 6 25
t 25 740 25 23 1 20 14 31
t 18 29 40 2 704 1 24 39
t 645 18 26 18 30 40 6 37
t 1 5 25 10 2 568 18 22
t 610 2 31 8 33 19 26 22
t 15 5 4 9 578 11 11 17
t 29 0 8 27 33 738 12 20
t 23 11 3 8 17 15 573 10
t 11 10 17 6 17 19 22 578
t 23 19 594 15 14 2 23 14
t 12 10 14 570 10 24 14 18
t 13 33 611 35 39 21 34 26
t 20 17 23 20 16 593 23 10
t 40 19 715 10 36 24 13 21
t 13 23 12 15 1 584 3 4
t 4 582 5 5 19 4 21 12
t 33 24 34 15 772 8 17 31
t 573 5 9 6 23 6 14 2
t 9 4 29 5 612 37 32 24
t 592 24 1 16 20 7 24 17
t 33 22 18 1 656 17 17 25
t 22 12 6 3 577 7 16 19
t 19 1 14 14 12 2 3 582
t 22 18 591 22 21 23 7 6
t 4 1 14 2 24 588 14 24
t 5 15 11 20 1 645 6 0
t 0 7 20 729 17 8 2 0
t 40 2 36 22 673 7 6 30
t 18 35 710 9 35 23 30 15
t 1 18 5 13 2 563 11 17
t 596 3 20 14 12 3 15 24
t 27 644 39 29 14 30 20 4
t 15 31 6 683 24 21 17 14
t 32 25 800 5 37 21 9 26
t 1 29 17 40 0 7 614 35
t 599 1 3 4 20 8 7 13
t 12 595 9 8 23 9 14 7
t 11 21 567 3 22 21 21 7
t 783 15 20 18 26 21 16 32
t 8 23 632 33 10 0 10 3
t 620 7 40 34 26 2 16 19
t 17 7 14 23 580 2 12 21
t 7 25 40 35 23 38 16 610
t 19 3 23 23 3 7 15 592
t 16 593 1 24 7 19 5 9
t 20 34 5 8 35 19 693 39
t 14 1 20 24 10 12 20 592
t 33 26 18 16 12 8 28 712
t 37 15 6 686 26 18 5 13
t 11 10 8 7 567 21 2 11
t 22 20 1 16 4 583 24 8
t 568 11 3 24 22 7 5 3
t 31 16 9 32 8 701 26 3
t 10 1 2 7 2 25 2 580
t 9 588 23 6 14 17 7 10
t 20 26 20 4 727 5 9 26
t 21 792 35 9 7 37 23 24
t 21 27 14 11 729 17 10 31
t 5 13 24 0 29 20 7 614
t 20 27 31 40 12 30 663 30
t 614 7 38 1 6 40 12 19
t 798 6 26 23 1 4 4 29
t 17 25 6 13 22 581 2 9
t 5 10 7 37 794 24 1 38
t 24 21 13 19 8 2 564 10
t 19 748 17 6 5 4 5 32
t 570 22 7 15 12 5 15 2
t 7 20 33 23 693 12 16 9
t 6 6 5 12 20 1 582 25
t 5 784 21 25 33 30 17 4
t 19 8 18 4 12 599 25 14
t 26 25 26 11 6 19 17 786
t 6 17 16 599 6 5 14 10
t 1 1 597 16 16 25 12 8
t 1 0 0 39 9 718 12 11
t 16 21 572 10 13 3 21 6
t 10 28 30 1 38 16 774 15
t 28 681 20 32 15 10 15 16
t 580 19 22 16 11 10 17 22
t 2 573 2 9 11 14 13 22
t 21 35 36 637 21 32 5 3
t 30 644 2 23 35 2 38 33
t 3 19 590 18 14 8 21 13
t 27 34 686 29 5 1 7 23
t 18 21 11 21 17 565 15 6
t 8 23 5 10 734 3 10 22
t 11 16 589 12 9 12 25 4
t 23 7 1 14 6 21 9 590
t 23 20 570 2 19 15 22 17
t 15 9 11 4 9 591 15 19
t 666 0 28 11 15 19 26 19
t 16 18 7 1 594 6 7 3
t 22 7 17 585 9 10 5 2
t 15 20 3 598 22 9 22 24
t 9 5 12 25 16 26 10 738
t 10 19 591 9 5 5 1 5
t 787 29 23 14 13 16 11 35
t 23 612 11 11 24 40 7 30
t 4 18 585 23 1 1 21 18
t 3 19 16 40 21 8 758 23
t 22 24 12 8 17 595 21 18
t 30 2 12 669 12 35 2 10
t 16 570 10 14 24 17 14 3
t 0 32 28 30 7 752 7 32
t 8 6 29 15 7 759 14 4
t 26 18 38 20 18 35 32 699
t 25 38 35 8 709 11 6 0
t 0 774 25 24 1 24 1 34
t 593 15 18 6 8 20 8 7
t 20 574 22 9 5 18 12 16
t 24 3 25 1 583 11 10 11
t 1 21 24 25 8 11 578 5
t 3 25 30 4 39 664 16 37
t 28 28 32 30 22 14 634 40
t 5 15 582 13 17 14 22 21
t 33 12 4 743 3 7 18 3
t 10 16 34 3 9 22 771 0
t 10 16 11 7 16 565 25 4
t 25 19 7 20 18 574 13 23
t 21 13 13 562 25 4 22 15
t 39 11 749 23 28 40 9 6
t 7 10 12 20 37 39 21 642
t 664 15 38 8 2 15 9 32
t 24 20 14 17 23 568 25 13
t 16 10 733 33 29 6 10 27
t 27 4 28 18 696 9 2 38
t 2 579 17 4 17 1 6 23
t 22 23 20 16 7 577 9 11
t 20 12 1 5 9 597 24 8
t 21 11 635 13 9 13 34 8
t 36 35 646 1 12 22 21 15
t 22 7 15 576 24 16 11 6
t 13 6 571 16 16 9 7 3
t 14 22 11 25 570 21 25 12
t 5 1 21 23 581 21 19 9
t 15 18 16 14 7 24 22 574
t 25 19 598 14 22 16 11 3
t 20 14 639 18 19 2 1 30
t 25 26 28 40 28 35 35 657
t 20 577 2 13 16 2 9 9
t 14 4 11 10 580 6 23 15
t 15 13 21 39 27 10 632 10
t 14 11 25 17 1 3 597 18
t 13 11 7 10 577 14 24 19
t 9 39 5 697 1 40 37 12
t 1 20 19 1 13 577 19 25
t 5 10 3 5 20 570 24 18
t 4 25 2 11 25 13 12 580
t 584 7 5 14 19 20 6 17
t 32 20 39 5 29 17 3 614
t 12 21 3 15 24 2 17 593
t 2 32 0 31 32 669 30 32
t 28 24 18 6 25 17 6 721
t 1 7 15 23 22 2 679 37
t 4 23 24 11 793 27 35 2
t 15 6 14 11 24 17 14 590
t 25 25 3 11 22 21 577 4
t 0 658 3 12 35 14 17 36
t 11 4 2 18 11 584 8 6
t 585 4 9 18 25 16 2 20
t 35 17 37 12 668 6 8 16
t 1 21 14 3 3 22 593 24
t 3 29 11 7 12 719 22 19
t 587 14 8 4 25 3 13 24
t 17 3 7 10 6 12 13 589
t 25 5 13 23 16 12 584 13
t 23 24 14 647 32 8 39 8
t 14 568 9 19 13 9 1 11
t 18 13 564 10 17 19 12 2
t 11 17 698 32 30 40 31 10
t 18 11 564 18 16 5 11 1
t 18 33 34 622 27 24 29 36
t 11 17 0 20 26 3 30 712
t 10 17 17 586 2 20 16 3
t 1 20 12 16 20 654 28 16
t 8 12 19 16 10 595 10 16
t 16 12 25 8 2 13 569 7
t 40 21 21 23 18 717 12 8
t 24 31 5 752 39 35 14 2
t 27 5 19 699 11 0 7 39
t 25 6 9 18 37 706 32 6
t 16 1 17 26 5 14 758 36
t 17 13 10 18 7 31 12 757
t 35 9 26 32 7 772 39 38
t 13 36 634 18 36 31 20 25
t 19 7 14 2 10 24 24 598
t 27 6 22 25 35 38 32 792
t 19 7 25 563 20 3 9 7
t 38 30 12 36 9 35 740 17
t 22 1 1 5 576 5 7 10
t 1 8 9 12 2 582 19 7
t 3 763 29 26 20 22 15 10
t 1 32 15 675 23 25 33 34
t 21 25 18 13 564 23 18 22
t 666 25 17 26 14 16 26 11
t 2 35 33 14 622 39 11 26
t 24 797 29 17 18 39 25 36
t 4 698 22 37 32 36 37 2
t 11 33 33 26 688 30 29 7
t 17 15 24 566 23 19 16 18
t 37 3 33 749 21 16 30 9
t 38 4 18 18 663 31 23 1
t 576 22 13 12 14 13 4 11
t 35 717 7 32 28 21 3 27
t 31 24 22 30 8 713 13 8
t 11 36 20 10 27 4 32 722
t 8 14 36 7 22 30 639 39
t 36 10 34 33 20 19 676 5
t 9 1 14 15 25 561 23 15
t 7 24 15 7 17 577 22 18
t 26 40 34 768 27 17 28 5
t 628 2 11 2 25 37 18 34
t 18 19 19 16 16 3 590 18
t 24 17 24 24 24 643 27 17
t 607 36 39 18 5 25 9 25
t 17 21 17 3 22 560 14 24
t 25 18 1 589 2 6 17 18
t 7 34 9 11 4 21 16 649
t 23 12 588 3 13 3 3 21
t 25 6 1 4 9 15 585 12
t 7 25 9 567 21 19 16 11
t 6 13 569 23 22 18 7 20
t 592 1 24 5 23 13 1 23
t 593 15 18 17 8 9 22 17
t 7 20 14 23 20 594 14 12
t 632 8 10 1 22 6 3 0
t 34 13 605 13 39 40 16 17
t 13 30 36 24 5 20 704 22
t 4 5 4 18 564 25 21 25
t 3 11 13 13 599 1 3 1
t 6 1 2 5 36 4 797 17
t 20 9 722 27 21 37 21 12
t 21 16 4 19 21 15 560 7
t 38 1 25 14 40 20 612 14
t 16 1 13 11 584 18 25 17
t 10 11 3 6 2 9 12 568
t 26 9 31 22 22 655 21 40
t 15 12 594 3 12 11 13 24
t 623 8 6 22 27 24 22 16
t 586 25 4 7 8 19 25 12
t 17 573 23 21 17 1 2 10
t 15 15 15 16 14 16 6 573
t 9 27 776 21 16 8 11 31
t 25 3 3 561 8 12 10 4
t 19 15 15 590 19 17 14 24
t 15 22 16 25 581 20 16 13
t 15 7 9 11 17 21 589 13
t 4 2 9 590 19 22 20 15
t 15 26 40 25 8 799 32 34
t 767 33 20 16 1 23 36 16
t 8 39 28 19 717 14 8 29
t 600 31 23 12 32 30 10 13
t 11 26 38 734 8 38 31 30
t 3 2 14 22 11 584 16 7
t 15 20 591 7 23 23 7 22
t 22 25 589 8 23 3 17 22
t 19 10 27 20 35 10 6 787
t 26 20 15 18 28 34 704 28
t 21 9 20 13 22 591 13 2
t 5 15 25 5 14 6 572 13
t 13 25 590 3 1 7 23 16
t 13 19 755 33 20 6 16 31
t 36 19 32 40 32 19 715 6
t 2 8 22 2 8 579 24 17
t 25 20 10 19 10 595 18 24
t 8 7 576 16 9 8 10 4
t 37 23 29 21 647 29 15 17
t 10 18 30 31 733 11 18 26
t 14 7 17 21 9 14 563 20
t 11 17 699 9 13 18 23 3
t 25 4 24 31 29 689 31 36
t 14 14 20 569 21 21 19 4
t 565 5 15 3 18 5 19 11
t 6 27 39 40 24 17 754 3
t 5 1 12 572 5 11 7 21
t 3 40 30 4 30 674 24 28
t 22 15 5 24 25 25 562 14
t 4 13 40 28 3 8 619 27
t 11 10 24 22 17 5 577 12
t 564 21 7 19 18 20 7 2
t 38 707 35 29 9 10 15 2
t 2 14 34 18 8 25 728 0
t 3 563 24 5 10 22 4 8
t 25 21 3 13 13 20 6 587
t 673 16 27 23 35 12 12 21
t 3 13 1 21 9 564 23 12
t 20 18 21 7 599 10 11 23
t 3 36 23 28 25 26 13 695
t 623 8 29 6 35 6 32 33
t 11 4 21 34 604 6 24 23
t 589 19 13 13 21 10 19 7
t 9 17 22 570 13 3 18 1
t 39 9 13 6 613 20 40 23
t 21 3 564 2 6 18 20 10
t 22 25 594 3 21 22 8 14
t 35 24 752 1 1 30 15 29
t 11 25 1 24 18 563 23 1
t 9 589 7 17 14 16 19 3
t 5 14 2 1 680 2 4 32
t 19 25 8 13 19 9 582 15
t 37 1 625 37 14 16 10 1
t 9 573 7 17 25 12 19 7
t 698 10 26 40 29 7 35 3
t 3 32 13 27 18 26 778 4
t 21 34 23 6 32 37 10 783
t 32 39 27 777 18 5 34 18
t 21 16 9 572 9 9 21 11
t 21 571 25 9 16 15 17 20
t 609 1 34 1 37 33 26 7
t 13 9 6 569 3 5 7 6
t 589 14 9 23 7 20 2 6
t 22 39 608 23 10 29 26 8
t 24 21 9 23 593 24 13 18
t 32 34 15 763 20 30 25 30
t 8 13 10 796 40 29 37 31
t 6 1 561 13 16 7 14 7
t 25 571 20 17 7 19 21 3
t 1 612 32 4 7 7 38 30
t 2 14 564 17 24 8 24 5
t 14 25 599 19 21 19 19 25
t 26 12 37 723 27 39 8 1
t 34 37 0 27 778 20 36 1
t 23 4 582 25 17 15 9 7
t 37 5 28 17 1 23 695 1
t 24 703 8 4 35 11 15 35
t 32 38 9 35 2 10 720 16
t 19 5 14 13 742 21 10 27
t 3 8 2 595 2 9 22 21
t 9 2 13 4 593 11 9 6
t 39 717 32 26 21 10 23 28
t 32 22 1 35 30 2 38 790
t 604 8 33 35 22 2 38 31
t 40 670 39 30 30 9 13 9
t 21 16 20 3 9 621 32 37
t 9 22 5 585 14 19 18 22
t 2 16 23 16 10 36 5 615
t 708 12 28 17 8 20 13 12
t 578 11 18 6 13 7 2 3
t 14 23 19 38 27 631 26 40
t 7 4 12 24 9 7 561 6
t 21 18 25 4 4 12 17 569
t 9 8 3 18 12 25 568 16
t 25 6 7 3 10 23 574 17
t 786 4 33 15 36 36 11 39
t 18 6 7 6 589 22 2 14
t 5 15 17 8 25 1 24 587
t 23 24 24 577 2 12 17 7
t 23 10 685 33 3 13 18 0
t 5 8 581 5 1 25 12 9
t 19 25 1 586 4 16 5 24
t 22 1 22 27 708 14 22 6
t 16 22 10 9 6 599 6 7
t 18 17 4 8 7 579 13 10
t 4 20 11 16 12 3 14 574
t 23 11 20 575 9 11 25 19
t 36 15 24 36 28 687 18 0
t 21 0 10 20 40 602 34 37
t 10 15 20 24 15 13 2 572
t 18 16 22 17 9 13 22 564
t 4 23 3 24 22 8 21 573
t 8 4 25 587 10 5 23 10
t 16 13 23 5 651 34 33 18
t 777 21 6 1 34 11 15 1
t 13 5 22 2 24 23 586 25
t 24 37 28 14 8 607 26 14
t 18 3 33 616 12 7 6 14
t 14 1 22 6 23 560 25 25
t 17 16 2 593 13 7 14 23
t 664 30 23 28 38 14 34 11
t 4 3 12 23 8 4 593 11
t 36 26 36 28 17 2 29 679
t 33 609 28 4 2 24 23 34
t 2 39 39 39 13 711 40 22
t 5 11 572 6 3 7 22 12
t 9 655 38 17 40 24 5 28
t 21 6 591 12 23 21 24 7
t 13 14 21 16 2 589 23 20
t 12 18 593 19 13 10 1 16
t 26 26 10 39 8 692 27 2
t 27 628 35 22 24 1 22 29
t 581 18 23 9 24 8 11 24
t 5 584 5 21 19 17 15 12
t 6 20 28 17 750 26 17 25
t 30 9 5 39 3 1 23 692
t 25 4 13 16 581 2 8 18
t 18 16 640 9 1 5 3 4
t 0 24 733 38 2 3 38 36
t 11 590 3 7 18 2 15 13
t 604 39 4 8 17 37 14 37
t 595 22 7 24 12 15 4 9
t 18 18 5 20 595 4 1 20
t 1 4 21 11 19 568 19 3
t 24 24 19 10 582 12 10 24
t 6 2 15 17 6 12 1 587
t 25 22 4 584 6 6 23 9
t 25 10 22 8 580 21 19 7
t 23 13 26 14 5 794 1 10
t 589 2 19 5 17 20 8 22
t 4 24 18 590 6 19 3 20
t 10 24 609 5 23 39 12 12
t 8 32 20 30 27 16 773 24
t 38 629 20 13 35 4 22 35
t 7 23 18 18 7 14 21 583
t 563 21 14 12 3 18 10 23
t 21 18 36 770 28 11 17 19
t 22 13 3 12 13 17 13 565
t 16 20 14 19 584 6 2 23
t 13 1 3 561 4 2 23 24
t 17 595 24 2 12 23 13 8
t 21 25 18 11 7 21 563 4
t 22 655 34 25 19 25 32 40
t 11 10 17 19 21 599 8 16
t 568 16 8 1 22 2 3 2
t 14 760 19 15 27 8 34 13
t 9 8 570 2 4 8 22 13
t 9 20 596 17 1 22 6 23
t 14 16 1 16 10 17 3 575
t 20 14 14 7 13 592 16 18
t 17 12 2 11 18 583 11 24
t 20 17 12 12 22 580 22 15
t 7 14 577 8 2 6 7 22
t 20 7 26 692 37 39 7 11
t 13 18 22 35 15 778 28 34
t 743 17 21 4 6 19 23 5
t 3 585 4 17 3 12 17 25
t 7 770 29 24 39 32 26 12
t 13 579 23 18 3 24 22 12
t 27 786 11 24 0 16 26 14
t 12 12 23 19 13 18 13 571
t 17 23 7 17 24 12 596 2
t 5 36 14 22 682 35 20 13
t 14 9 22 675 23 36 25 4
t 1 4 13 15 566 11 20 2
t 15 33 29 6 20 27 775 24
t 29 38 4 27 16 30 727 37
t 21 14 14 8 6 594 18 2
t 24 16 15 15 593 1 4 22
t 13 19 636 10 38 14 16 33
t 12 15 4 8 12 13 18 587
t 7 6 4 23 597 14 18 20
t 586 10 7 23 18 21 5 19
t 24 5 564 3 8 21 5 18
t 16 22 22 18 10 1 668 10
t 36 4 12 6 36 26 33 648
t 22 25 25 10 15 596 9 8
t 25 28 23 705 30 29 6 37
t 14 24 22 10 14 566 13 24
t 34 30 744 38 30 36 21 35
t 597 1 22 24 6 22 22 23
t 615 1 6 19 20 16 33 28
t 8 20 777 16 1 7 18 13
t 23 4 33 725 7 25 37 39
t 17 39 628 14 32 35 1 28
t 24 590 12 4 11 12 22 18
t 4 10 23 24 15 5 576 14
t 12 661 1 19 29 18 12 14
t 11 20 724 20 10 14 14 22
t 8 27 17 32 24 694 32 33
t 19 22 568 24 17 1 7 5
t 11 13 32 18 36 10 25 753
t 4 640 9 3 7 6 19 31
t 1 6 8 10 14 12 569 23
t 25 17 595 2 3 25 5 24
t 13 18 8 16 25 12 579 23
t 15 722 14 4 4 39 27 3
t 7 13 2 22 17 9 14 578
t 20 18 30 0 687 25 18 26
t 658 10 38 21 36 15 40 6
t 762 23 28 11 18 9 35 13
t 5 5 2 15 563 9 12 15
t 565 18 15 1 15 17 7 5
t 17 9 16 19 9 598 15 1
t 35 19 13 25 12 16 21 702
t 667 35 6 30 4 22 36 3
t 595 3 11 10 25 7 21 1
t 23 599 21 14 22 5 19 10
t 27 712 20 3 38 37 27 31
t 5 10 19 14 5 598 13 7
t 29 683 18 36 35 32 0 26
t 29 660 29 34 9 19 19 40
t 25 5 16 587 18 23 2 23
t 10 15 19 8 21 563 15 11
t 13 2 9 17 18 11 1 566
t 12 19 21 12 586 3 21 15
t 3 30 3 5 737 28 0 7
t 5 10 23 577 11 6 11 15
t 1 16 25 3 585 22 20 16
t 789 12 20 9 10 18 31 40
t 21 23 9 14 18 24 598 19
t 1 4 597 25 17 25 12 21
t 26 37 38 39 21 37 616 8
t 15 14 574 21 21 14 14 11
t 17 11 13 18 572 2 22 22
t 18 589 23 19 9 6 19 3
t 23 11 10 25 6 6 16 596
t 14 0 17 29 17 38 10 605
t 23 11 577 16 12 7 8 6
t 18 653 16 4 29 34 13 3
t 13 5 9 9 18 580 10 14
t 39 7 30 39 36 659 39 32
t 24 27 8 19 670 34 30 21
t 17 18 10 12 12 20 7 570
t 9 23 2 23 17 25 19 579
t 681 7 9 7 7 38 31 13
t 24 34 21 39 8 16 20 679
t 565 16 10 10 3 17 15 3
t 11 11 1 2 783 4 14 39
t 18 22 10 4 572 24 4 3
t 22 31 687 5 31 24 2 31
t 28 785 6 30 33 5 7 36
t 1 5 24 34 787 25 32 15
t 8 8 9 2 11 20 2 582
t 19 15 17 27 31 8 6 676
t 12 33 17 27 18 788 7 20
t 38 38 31 25 656 0 19 28
t 25 3 11 2 597 6 16 23
t 569 4 13 17 5 5 11 22
t 38 20 7 23 764 21 21 37
t 14 15 9 662 12 15 19 10
t 3 23 5 22 586 4 21 13
t 15 34 32 18 12 5 6 661
t 2 25 10 2 11 14 17 596
t 6 6 584 14 9 11 12 12
t 9 11 3 15 16 24 598 9
t 25 21 12 7 17 10 581 7
t 12 563 15 15 9 25 5 13
t 10 36 665 1 32 7 18 40
t 8 3 2 20 685 21 38 33
t 19 31 14 698 40 14 0 8
t 2 12 17 3 586 6 15 5
t 36 10 683 23 35 29 8 23
t 5 3 3 580 11 9 24 21
t 37 14 5 604 12 36 38 37
t 2 569 14 3 16 14 25 25
t 14 16 25 7 6 19 596 14
t 31 21 4 751 36 15 27 37
t 5 14 25 8 18 25 590 12
t 29 6 6 35 23 792 22 16
t 2 13 10 678 34 13 20 6
t 4 35 30 15 0 8 9 747
t 15 24 563 12 13 16 3 24
t 8 567 15 16 2 14 15 1
t 35 668 24 23 36 28 16 5
t 17 19 17 565 22 5 18 12
t 17 20 3 20 5 583 1 10
t 33 36 38 11 35 16 34 739
t 11 755 39 24 36 3 16 14
t 17 14 20 11 16 17 10 588
t 23 18 17 13 9 10 618 23
t 13 19 21 12 570 1 6 17
t 17 5 13 11 13 588 21 2
t 31 8 17 2 26 24 756 12
t 633 17 11 14 11 26 14 9
t 13 21 10 5 581 18 19 24
t 723 40 34 0 17 12 37 4
t 4 19 572 21 20 18 24 12
t 591 12 15 21 8 1 7 10
t 23 593 5 16 23 12 14 21
t 7 17 6 584 21 7 10 12
t 9 38 33 40 16 742 37 20
t 27 1 21 19 677 2 36 30
t 8 10 572 2 1 5 23 14
t 582 19 2 21 23 6 23 22
t 7 14 2 15 14 2 568 5
t 12 15 0 13 716 19 4 23
t 40 30 19 4 29 14 742 26
t 6 10 563 25 6 9 25 3
t 2 13 19 12 574 23 25 9
t 11 38 37 2 715 26 18 20
t 37 709 19 9 28 24 5 13
t 17 572 10 2 12 18 14 16
t 2 14 7 15 15 21 562 22
t 13 14 23 594 22 24 7 4
t 5 33 26 29 32 3 775 32
t 29 30 39 11 12 701 19 17
t 40 6 704 27 6 40 19 32
t 16 584 4 22 14 22 1 22
t 15 13 1 20 4 595 3 17
t 29 4 22 26 4 9 26 659
t 25 713 27 39 8 28 27 30
t 17 2 576 24 2 6 13 22
t 35 21 9 785 29 3 35 5
t 26 767 6 1 11 39 9 34
t 16 13 16 582 5 18 12 21
t 4 569 8 4 10 8 10 1
t 13 15 24 8 560 11 4 17
t 669 26 39 18 13 17 40 30
t 585 10 19 5 12 14 20 17
t 32 4 21 14 15 34 760 12
t 2 17 11 561 17 16 24 2
t 1 10 21 24 1 37 17 600
t 577 17 7 16 23 15 8 5
t 794 34 1 16 15 40 11 36
t 12 12 8 19 573 8 14 5
t 10 39 21 670 15 19 2 40
t 16 1 595 5 10 14 22 25
t 23 10 19 3 569 14 12 9
t 40 693 6 3 30 27 39 9
t 3 16 4 9 585 14 8 19
t 26 4 6 686 14 7 15 3
t 0 13 24 13 0 12 40 772
t 9 6 584 13 12 12 17 3
t 17 8 11 19 24 562 9 25
t 20 14 16 12 18 12 597 14
t 22 2 599 4 19 11 22 12
t 569 16 20 5 10 21 20 24
t 15 675 3 27 38 14 11 1
t 2 782 32 8 29 13 21 27
t 3 25 33 26 635 37 37 40
t 13 25 2 8 9 593 6 4
t 30 19 3 35 795 14 31 8
t 17 20 769 25 8 35 27 31
t 11 36 29 19 20 666 34 23
t 39 19 8 19 9 18 754 29
t 35 17 36 37 13 4 32 741
t 27 34 13 35 28 32 701 23
t 37 37 21 31 33 683 24 8
t 746 20 21 27 1 29 1 25
t 9 21 704 3 12 38 2 21
t 12 13 22 24 2 4 578 16
t 648 23 2 7 0 2 16 33
t 9 24 8 14 1 25 11 593
t 11 22 590 23 8 25 9 21
t 691 17 24 27 30 27 21 39
t 22 9 8 11 14 24 584 18
t 32 33 33 13 26 29 28 672
t 33 614 1 1 29 25 2 13
t 723 28 24 35 23 8 14 27
t 25 22 13 18 8 26 724 27
t 743 5 36 11 16 11 14 26
t 35 30 35 24 4 783 37 20
t 582 23 11 25 12 12 5 14
t 8 13 2 19 24 16 589 10
t 7 22 23 24 571 25 19 10
t 36 30 28 25 39 0 2 636
t 7 6 25 18 568 23 25 23
t 1 6 3 19 21 563 20 12
t 0 31 23 25 24 21 27 773
t 2 8 7 574 2 13 19 10
t 3 19 11 3 2 21 591 9
t 3 5 24 20 9 10 588 18
t 567 21 11 2 18 9 4 5
t 23 5 23 590 22 14 24 20
t 1 38 13 21 5 616 25 35
t 14 771 13 9 15 4 26 19
t 7 1 14 6 18 580 24 2
t 19 18 571 12 21 16 22 7
t 649 10 31 9 0 0 0 10
t 10 13 25 588 11 1 20 2
t 706 7 28 32 2 11 15 27
t 20 14 4 11 8 7 584 15
t 583 17 3 23 21 12 24 6
t 700 14 4 17 2 30 40 19
t 18 4 567 16 12 20 24 11
t 17 25 35 8 37 1 790 4
t 17 13 19 21 0 1 2 689
t 15 15 11 580 21 16 6 16
t 10 2 8 9 691 13 31 24
t 40 8 7 25 7 14 24 731
t 4 15 14 575 20 12 9 21
t 35 26 26 12 35 771 9 35
t 566 23 14 25 2 17 12 10
t 10 13 676 35 26 7 7 25
t 20 11 4 571 22 9 12 25
t 24 570 6 16 24 3 19 8
t 6 596 11 7 19 2 8 9
t 17 589 8 11 16 6 6 18
t 18 9 729 31 6 0 6 24
t 31 25 25 38 29 22 755 12
t 0 33 26 3 17 741 25 31
t 4 4 25 16 574 8 22 20
t 21 25 11 7 4 5 793 17
t 3 26 675 10 29 12 2 13
t 20 19 20 16 21 24 12 582
t 25 18 599 20 11 7 6 15
t 27 784 37 13 20 28 8 8
t 6 1 6 7 2 23 20 567
t 23 573 9 18 14 2 12 12
t 12 28 769 19 27 12 27 17
t 588 16 3 2 13 20 13 1
t 683 20 36 6 26 10 4 28
t 585 11 15 2 1 9 21 19
t 24 14 580 22 9 19 9 4
t 709 34 4 21 6 2 34 7
t 8 7 24 591 10 14 23 14
t 21 28 40 31 33 36 668 7
t 13 29 19 40 4 666 17 19
t 15 9 14 771 4 22 13 11
t 685 13 39 27 23 0 18 24
t 17 24 14 24 564 13 17 23
t 577 14 10 6 8 24 25 16
t 11 8 3 10 23 579 3 5
t 19 28 27 13 26 29 22 686
t 11 21 718 20 21 22 15 31
t 1 18 0 800 29 31 36 27
t 22 563 19 19 12 20 20 17
t 11 12 764 38 7 28 25 40
t 14 15 25 14 21 599 16 1
t 26 727 26 37 4 18 8 22
t 4 17 5 571 22 19 13 25
t 37 26 14 34 3 713 23 39
t 769 11 11 39 36 10 39 21
t 18 15 4 21 3 9 13 563
t 21 715 34 2 11 26 38 7
t 596 4 11 14 9 24 12 24
t 37 40 38 19 15 3 627 27
t 32 24 13 705 36 33 4 19
t 25 596 16 11 18 14 3 12
t 22 577 19 2 17 13 2 5
t 13 13 17 25 25 20 23 567
t 8 24 560 24 11 12 6 10
t 35 24 24 5 34 648 12 39
t 26 8 609 16 16 8 38 16
t 25 18 24 592 7 4 23 9
t 1 18 656 36 18 22 40 22
t 21 23 17 18 3 11 13 595
t 4 11 34 31 785 25 28 6
t 19 33 3 40 31 22 764 10
t 8 592 3 17 19 5 24 17
t 2 676 34 34 35 15 14 10
t 21 5 17 10 23 15 16 572
t 6 566 11 14 24 7 11 22
t 24 25 18 3 589 17 15 3
t 38 5 684 20 22 1 37 31
t 580 4 21 20 20 25 6 22
t 14 5 588 23 12 2 23 6
t 6 15 598 23 24 10 8 4
t 0 17 10 612 4 9 0 40
t 7 0 26 32 5 733 22 18
t 748 14 8 12 15 30 0 9
t 30 6 5 38 5 22 792 16
t 31 668 4 19 23 6 25 38
t 2 5 9 15 585 4 8 24
t 19 11 15 6 569 12 13 15
t 11 19 9 24 649 38 26 35
t 27 626 37 0 27 14 4 2
t 567 11 12 13 25 2 8 9
t 16 25 23 11 567 11 20 7
t 10 7 16 10 14 9 6 590
t 14 1 7 22 3 19 589 13
t 25 6 563 9 5 18 12 3
t 4 20 14 563 22 13 25 14
t 7 21 23 20 16 18 584 19
t 2 22 15 4 560 7 7 18
t 3 560 2 17 4 16 19 25
t 15 5 590 2 25 4 7 5
t 5 3 15 4 589 6 23 6
t 13 15 22 17 635 32 9 15
t 8 40 18 26 33 653 35 32
t 14 588 20 25 10 12 22 12
t 2 25 12 14 7 25 568 1
t 14 25 14 16 16 4 563 1
t 28 33 17 12 5 699 8 7
t 18 20 11 562 2 1 22 10
t 12 3 0 24 673 25 4 20
t 13 642 3 16 35 4 10 12
t 584 21 17 23 1 9 5 16
t 40 0 31 693 22 23 16 16
t 598 11 4 18 9 13 17 3
t 0 16 14 11 31 2 38 702
t 17 1 629 9 36 29 38 18
t 18 20 7 16 16 566 18 20
t 16 5 16 15 14 24 622 38
t 23 16 32 22 36 39 19 686
t 15 30 24 8 11 34 12 687
t 37 10 19 3 17 31 34 799
t 14 563 18 13 16 11 19 1
t 19 724 26 38 18 19 3 15
t 622 26 11 21 9 27 32 9
t 12 16 12 19 14 576 6 21
t 32 28 11 8 17 780 7 35
t 6 2 12 599 16 7 9 9
t 35 35 0 15 21 670 29 2
t 594 18 18 11 3 25 6 14
t 17 17 7 0 31 1 661 33
t 31 25 24 684 4 21 29 7
t 8 14 9 10 24 8 10 595
t 16 4 579 13 8 13 15 19
t 4 4 1 17 566 9 12 3
t 5 22 12 11 20 13 1 564
t 17 2 31 13 0 29 733 18
t 19 572 16 11 21 7 11 24
t 20 579 21 25 10 6 12 7
t 9 565 16 11 7 1 10 10
t 634 32 38 32 20 22 32 8
t 16 2 36 604 20 39 11 20
t 39 24 613 21 2 31 14 9
t 15 20 655 36 9 13 35 31
t 5 23 10 14 20 9 594 17
t 33 636 16 25 30 22 11 1
t 16 17 21 19 703 25 12 24
t 12 17 5 7 24 9 20 564
t 16 4 17 16 6 12 588 17
t 21 8 21 1 6 17 599 7
t 7 7 0 20 24 11 718 40
t 13 582 2 14 17 8 4 15
t 10 28 27 6 28 765 32 7
t 6 21 12 1 25 16 9 591
t 28 31 27 8 722 15 0 21
t 22 33 40 15 20 19 17 629
t 3 14 3 31 2 793 11 31
t 15 567 16 11 12 5 7 18
t 16 18 22 579 3 19 6 20
t 20 3 19 25 30 35 662 37
t 7 25 795 9 17 38 11 26
t 22 19 23 21 13 562 10 3
t 2 584 23 17 3 11 22 25
t 10 1 30 20 30 25 32 771
t 21 608 34 16 20 27 17 27
t 1 3 703 36 2 25 0 8
t 25 15 588 7 22 4 17 14
t 19 29 20 35 23 23 3 630
t 582 11 11 25 14 1 6 14
t 3 567 16 12 13 10 14 12
t 12 17 24 581 3 3 14 24
t 11 737 28 6 17 22 40 16
t 24 21 8 22 10 573 21 7
t 39 20 2 718 37 10 32 29
t 26 28 37 37 720 28 17 17
t 598 13 25 18 20 19 3 18
t 702 1 30 3 7 37 12 5
t 20 23 10 622 32 1 13 27
t 6 577 19 13 4 22 6 14
t 15 23 6 18 15 10 596 12
t 3 7 8 12 577 17 14 2
t 13 21 562 8 5 4 16 8
t 645 32 35 17 36 28 27 17
t 11 595 2 7 21 19 13 10
t 4 24 9 573 22 23 10 17
t 21 8 21 4 16 20 18 583
t 573 19 9 23 23 13 2 22
t 20 11 19 5 573 6 18 2
t 23 562 8 6 17 3 12 13
t 5 2 10 18 796 37 40 12
t 35 6 731 0 40 15 5 23
t 25 11 6 25 17 17 4 583
t 10 4 33 11 29 24 754 6
t 8 2 631 15 27 32 9 26
t 21 568 4 10 6 25 22 25
t 10 11 772 36 17 3 40 37
t 18 18 2 19 24 592 22 1
t 0 19 40 670 28 39 5 39
t 25 1 2 576 4 5 2 19
t 9 588 14 7 25 16 2 18
t 5 3 10 19 2 12 570 6
t 22 1 10 7 587 17 25 21
t 14 9 6 15 14 11 3 580
t 17 1 15 16 22 4 6 563
t 6 6 8 12 24 575 4 24
t 14 40 0 28 711 15 25 18
t 11 2 32 35 35 640 9 11
t 11 581 21 7 23 19 6 14
t 17 24 16 28 27 674 11 20
t 4 16 31 19 34 21 14 650
t 3 22 574 15 20 4 24 16
t 13 22 16 598 16 1 19 4
t 24 19 17 20 590 5 24 22
t 683 25 29 18 21 16 18 9
t 25 597 24 10 22 17 24 7
t 16 12 597 1 24 10 4 2
t 33 18 20 16 3 37 40 653
t 23 22 5 23 16 3 7 564
t 5 17 13 640 22 24 36 30
t 31 25 25 28 34 30 758 2
t 12 5 591 25 25 7 24 20
t 2 26 39 756 30 30 6 10
t 3 25 20 0 20 7 652 12
t 9 3 3 12 15 8 2 586
t 14 22 9 18 591 5 3 15
t 18 17 6 5 573 16 11 22
t 33 697 17 15 26 39 8 3
t 4 30 28 602 3 0 2 31
t 15 11 4 4 18 7 575 15
t 36 11 26 19 1 17 719 13
t 34 5 29 31 13 37 30 628
t 24 19 18 12 8 22 6 596
t 38 1 25 11 642 13 23 12
t 14 18 586 15 19 8 23 1
t 32 751 14 10 5 19 28 2
t 589 13 13 21 22 1 5 1
t 19 577 15 8 4 6 17 7
t 32 28 38 13 674 19 19 26
t 10 13 11 9 5 3 574 13
t 4 18 11 8 684 39 24 39
t 25 23 20 3 19 1 8 581
t 2 36 16 30 28 772 36 1
t 10 25 8 17 595 11 18 2
t 587 11 3 20 17 23 9 20
t 13 579 11 14 20 6 5 7
t 22 22 17 560 16 24 9 17
t 20 19 19 23 11 5 9 560
t 12 23 17 7 598 11 5 24
t 1 2 15 9 23 22 580 3
t 17 22 14 571 8 24 5 13
t 7 24 10 582 25 21 2 11
t 4 11 18 8 2 591 12 13
t 24 11 3 3 581 21 6 21
t 670 15 40 32 14 37 30 31
t 628 3 17 40 37 22 21 16
t 21 11 4 16 6 22 579 9
t 6 566 17 21 21 6 10 21
t 30 36 24 34 3 29 609 36
t 25 13 13 583 8 3 2 11
t 24 606 39 15 17 27 37 29
t 30 15 13 731 32 14 20 25
t 7 589 11 16 12 1 12 5
t 39 5 18 725 39 20 26 35
t 0 17 10 0 19 23 760 15
t 22 22 14 12 773 38 19 16
t 12 38 762 20 12 26 11 17
t 14 13 23 585 25 24 9 12
t 697 1 30 13 34 23 16 0
t 665 32 5 11 28 24 8 25
t 12 22 4 736 27 33 14 24
t 1 12 21 4 6 4 565 11
t 33 27 19 1 653 26 9 34
t 22 3 2 7 12 20 4 579
t 26 37 38 13 1 1 780 29
t 19 28 18 2 778 33 24 1
t 633 16 29 27 27 37 19 26
t 24 5 619 33 4 27 4 2
t 18 577 6 24 12 19 8 16
t 1 4 571 4 4 4 24 4
t 13 20 9 17 13 703 15 32
t 14 1 597 15 10 11 10 25
t 561 6 7 20 1 14 2 22
t 22 20 24 1 22 3 573 7
t 17 7 596 17 8 15 2 11
t 3 25 3 20 17 12 13 598
t 7 7 2 17 9 20 573 3
t 37 612 11 36 11 29 25 12
t 35 8 31 734 15 25 2 11
t 23 21 34 21 789 27 12 5
t 643 28 13 39 4 3 1 5
t 38 640 2 4 2 32 24 3
t 11 24 1 4 24 21 7 571
t 7 25 649 4 15 6 21 27
t 0 8 38 4 36 2 666 39
t 24 14 9 2 10 18 568 2
t 23 3 2 16 581 8 25 21
t 5 25 20 21 568 11 23 21
t 571 23 13 20 9 15 11 25
t 793 14 19 24 14 11 35 19
t 25 32 38 2 18 34 608 33
t 22 2 3 10 1 18 595 15
t 4 4 7 18 25 571 25 4
t 18 18 580 25 2 5 13 2
t 13 16 13 23 3 25 21 568
t 21 15 17 22 21 564 3 25
t 3 20 5 13 585 15 18 9
t 1 34 33 39 627 18 18 22
t 20 40 37 22 792 2 27 22
t 9 10 718 16 19 34 31 5
t 15 5 13 37 40 29 652 0
t 751 12 29 32 26 19 4 34
t 8 24 19 583 6 20 17 7
t 23 14 3 15 18 3 583 23
t 10 25 10 730 30 30 24 19
t 5 19 8 24 8 565 1 10
t 6 0 35 765 40 12 4 17
t 34 0 21 659 31 14 39 26
t 582 23 3 24 20 25 16 3
t 11 10 14 19 21 2 20 575
t 9 35 39 6 10 708 4 24
t 693 12 10 38 14 22 21 33
t 40 11 25 39 651 6 15 9
t 15 19 585 20 17 3 8 5
t 2 13 19 21 567 10 4 16
t 16 9 5 14 577 5 17 4
t 12 11 20 580 18 9 10 2
t 793 19 12 4 23 36 29 19
t 11 1 3 1 569 12 16 4
t 2 18 10 569 4 14 24 19
t 24 9 725 16 27 28 10 34
t 20 21 18 6 12 563 15 7
t 726 24 13 23 27 19 14 22
t 3 32 6 14 14 8 720 1
t 1 11 2 3 26 608 25 34
t 35 9 21 14 35 38 683 37
t 8 599 21 10 4 4 20 6
t 30 3 5 37 645 29 35 17
t 3 24 28 661 31 28 1 36
t 12 19 4 15 20 23 597 6
t 35 709 8 12 5 20 14 32
t 38 11 24 5 788 24 17 6
t 11 39 18 7 33 4 16 698
t 588 22 19 12 23 14 22 6
t 580 23 2 23 22 8 13 8
t 8 589 22 25 7 5 12 7
t 23 16 636 3 2 10 14 16
t 19 15 9 5 23 24 21 595
t 34 27 14 20 23 36 771 13
t 21 16 590 24 24 24 6 7
t 17 31 19 10 629 30 17 7
t 3 9 578 11 20 7 5 21
t 16 35 9 3 28 15 2 652
t 10 593 14 25 23 3 2 20
t 15 19 13 3 14 2 579 17
t 15 3 585 3 1 17 14 24
t 3 34 16 788 13 18 0 39
t 2 4 13 12 20 569 17 22
t 8 13 577 1 12 8 9 11
t 734 25 36 39 0 30 2 30
t 19 595 9 22 7 13 3 22
t 594 14 13 3 7 20 6 23
t 18 20 2 8 566 4 19 19
t 574 1 24 18 20 15 5 18
t 23 23 22 22 20 21 583 20
t 14 9 5 581 23 20 4 8
t 35 37 736 37 2 17 8 26
t 15 0 2 27 29 27 626 23
t 17 23 23 15 17 19 21 571
t 10 579 21 3 9 22 1 17
t 12 10 15 3 21 2 16 571
t 5 18 19 590 6 15 24 16
t 34 7 38 21 29 7 13 701
t 12 2 15 23 38 17 649 18
t 10 7 1 17 569 15 1 3
t 22 32 16 799 16 38 19 36
t 7 592 17 22 2 17 8 12
t 1 5 4 573 10 24 23 5
t 22 586 1 22 20 5 7 7
t 5 18 5 3 3 9 21 584
t 23 591 21 8 6 8 17 6
t 40 20 35 23 691 13 34 21
t 18 25 9 17 2 563 7 2
t 5 9 2 13 19 13 24 570
t 19 39 37 15 32 21 641 9
t 39 12 13 22 5 32 602 37
t 21 17 21 12 20 16 9 592
t 8 768 40 39 29 9 13 37
t 29 11 670 28 34 8 38 26
t 9 6 4 19 21 18 15 578
t 1 19 20 13 20 593 17 3
t 39 2 39 752 40 39 25 9
t 6 3 1 22 4 25 8 596
t 20 0 4 21 36 651 8 33
t 25 1 17 3 597 16 7 22
t 601 34 27 25 3 9 31 8
t 14 2 578 19 14 8 13 3
t 29 727 19 36 19 34 8 1
t 1 38 30 11 25 747 31 29
t 17 10 577 14 25 5 7 12
t 574 18 20 10 24 23 3 11
t 9 8 24 23 10 39 28 740
t 19 30 19 11 9 13 29 648
t 6 38 29 11 31 665 22 34
t 2 19 19 26 2 7 642 31
t 790 6 30 15 25 21 28 2
t 31 9 33 711 33 16 28 38
t 39 31 17 663 15 37 20 25
t 645 19 32 38 5 15 14 40
t 16 15 10 560 1 6 22 5
t 4 5 602 11 21 6 26 15
t 10 23 571 23 19 14 13 3
t 3 11 8 22 569 20 3 8
t 40 40 9 17 9 3 22 679
t 4 20 590 6 18 17 17 3
t 10 15 12 16 587 25 6 8
t 593 20 16 9 2 8 2 20
t 11 4 31 9 37 34 25 688
t 39 14 740 28 34 7 11 16
t 567 18 19 10 25 23 8 19
t 2 25 16 2 9 21 20 570
t 661 14 15 18 36 26 29 31
t 20 2 1 4 4 16 12 593
t 567 16 16 23 15 12 6 7
t 33 19 18 37 27 0 40 614
t 13 2 19 10 9 595 9 16
t 4 37 33 34 22 33 37 722
t 782 18 12 5 37 35 2 29
t 5 23 727 2 10 31 12 39
t 20 25 16 3 5 11 561 16
t 0 10 25 1 9 34 29 714
t 15 3 14 9 6 2 572 22
t 16 10 23 34 35 34 9 705
t 19 11 14 10 8 4 6 577
t 9 583 5 23 1 11 25 12
t 20 3 21 9 23 25 11 591
t 19 30 689 4 35 28 31 28
t 21 4 9 2 22 8 591 16
t 34 35 630 35 17 15 11 36
t 32 9 24 5 24 19 778 6
t 10 33 32 19 2 796 1 17
t 3 19 5 1 8 3 10 562
t 1 17 6 12 593 15 9 21
t 31 37 12 3 33 11 652 40
t 584 1 12 2 23 1 18 22
t 17 589 19 18 1 23 9 15
t 8 25 22 16 585 8 18 10
t 4 3 5 19 585 19 17 14
t 7 9 5 8 565 5 3 12
t 24 17 2 13 15 1 580 9
t 21 22 14 607 15 38 37 8
t 24 6 562 3 2 17 4 2
t 0 34 35 17 28 32 666 11
t 17 16 19 16 22 17 567 19
t 4 23 17 17 8 5 8 585
t 17 17 20 19 12 2 594 3
t 14 573 19 8 5 7 7 23
t 23 770 36 26 30 6 19 26
t 24 15 619 1 20 38 10 13
t 21 38 24 36 20 645 35 21
t 30 32 40 18 6 661 31 17
t 17 6 40 17 710 1 23 0
t 11 12 8 19 3 578 17 20
t 34 2 632 29 29 7 10 8
t 571 2 24 19 23 15 8 16
t 2 6 566 20 23 6 18 4
t 23 8 3 18 11 7 591 22
t 15 578 24 14 16 21 2 4
t 1 16 6 589 25 4 5 21
t 784 15 11 4 23 6 21 10
t 17 20 26 9 3 3 774 3
t 25 18 20 587 12 16 2 17
t 33 14 4 27 36 22 6 730
t 24 9 561 19 15 2 13 6
t 11 27 0 715 1 3 26 2
t 4 12 13 12 571 11 23 24
t 32 22 0 27 793 32 21 7
t 39 25 22 716 14 38 25 8
t 16 596 8 24 5 19 17 10
t 11 1 16 4 8 4 587 3
t 11 24 15 14 8 14 9 582
t 23 36 16 26 33 20 636 37
t 25 573 25 17 23 3 14 24
t 12 25 22 11 15 30 787 37
t 25 5 12 6 20 564 13 16
t 6 16 2 17 566 25 11 22
t 4 582 19 24 13 19 1 25
t 23 6 22 599 13 6 15 21
t 19 10 5 6 17 6 19 563
t 585 21 12 12 24 19 13 12
t 18 37 673 16 2 9 33 15
t 31 26 26 35 680 12 4 5
t 22 33 758 32 20 32 7 34
t 14 568 25 15 19 17 8 23
t 36 15 26 39 16 11 0 791
t 17 16 14 8 4 1 591 14
t 12 11 6 37 24 8 34 767
t 573 15 6 13 7 24 4 2
t 0 8 21 39 38 796 36 8
t 16 4 594 7 23 20 9 17
t 758 6 6 37 11 5 16 25
t 16 10 4 20 22 22 16 564
t 726 28 24 32 1 37 18 16
t 579 19 5 17 19 4 13 6
t 17 11 6 17 24 599 7 7
t 20 7 15 636 6 6 26 2
t 18 8 566 12 3 23 25 9
t 11 587 10 21 13 1 2 23
t 5 36 16 34 31 38 775 11
t 6 1 13 563 11 4 15 18
t 577 7 10 18 1 18 20 13
t 20 727 27 29 21 27 3 2
t 15 591 5 20 20 18 10 6
t 23 30 29 28 39 24 789 38
t 9 8 16 17 1 585 18 22
t 21 15 40 35 763 14 22 29
t 26 772 14 26 20 2 34 32
t 23 27 4 26 35 25 7 655
t 13 794 13 24 29 1 11 32
t 4 5 570 22 24 13 19 23
t 40 16 22 676 1 10 25 12
t 17 560 23 11 23 22 3 3
t 22 1 33 36 8 40 770 8
t 5 38 40 39 632 8 26 20
t 0 790 27 26 17 36 3 10
t 796 3 25 37 39 36 30 2
t 9 26 710 1 13 23 5 17
t 2 726 30 31 31 13 13 27
t 7 18 586 16 20 18 9 23
t 24 729 23 37 1 11 33 37
t 788 25 17 3 38 38 14 5
t 18 21 709 22 8 16 15 29
t 7 8 40 22 34 22 735 23
t 29 39 6 673 21 21 34 28
t 13 37 734 7 28 4 19 20
t 7 16 17 6 12 579 3 6
t 13 11 16 20 9 19 1 596
t 21 20 13 25 6 14 17 572
t 22 11 15 5 14 599 7 17
t 32 7 29 4 39 11 32 631
t 16 6 10 2 597 2 13 7
t 6 568 4 16 9 2 9 18
t 6 24 585 4 16 9 4 9
t 21 25 7 15 586 4 21 24
t 19 578 6 7 15 10 10 8
t 14 13 12 594 1 18 23 18
t 1 8 17 8 8 588 25 3
t 12 21 566 24 1 25 11 19
t 24 25 12 24 8 12 574 12
t 36 12 753 7 29 38 31 15
t 34 697 25 23 8 9 20 20
t 3 14 6 561 6 20 2 19
t 20 31 23 38 31 639 4 27
t 31 714 19 0 2 22 11 31
t 590 8 23 19 20 1 21 21
t 37 37 647 21 31 0 14 4
t 23 3 583 24 18 17 14 1
t 4 34 21 13 621 11 25 24
t 14 13 12 19 572 2 4 2
t 5 19 11 563 22 21 21 15
t 29 13 6 12 35 33 1 793
t 12 639 18 31 26 13 22 25
t 5 12 21 20 2 21 15 566
t 575 21 16 1 25 2 14 18
t 33 605 16 16 13 7 28 2
t 6 25 1 2 13 27 665 11
t 40 679 33 7 31 19 26 27
t 5 22 13 6 25 4 22 587
t 23 19 578 9 19 19 3 1
t 786 21 14 30 26 30 13 32
t 3 9 22 4 12 16 20 593
t 36 662 9 30 38 24 20 21
t 11 31 21 795 29 18 29 36
t 3 14 23 20 24 2 625 18
t 679 14 11 28 9 28 25 36
t 15 22 572 3 3 19 2 20
t 15 7 23 3 572 14 20 17
t 10 19 20 14 21 18 19 562
t 38 748 15 4 29 34 3 31
t 5 22 8 40 34 12 748 40
t 20 19 571 5 12 6 6 2
t 27 16 28 2 6 0 621 19
t 25 1 24 4 3 2 597 1
t 2 20 40 4 8 739 23 10
t 1 594 3 24 4 6 23 11
t 6 35 699 37 38 13 13 35
t 19 583 18 18 24 19 23 25
t 20 579 23 10 8 13 21 12
t 10 591 9 17 17 17 7 16
t 3 14 576 5 23 17 24 14
t 790 4 26 27 0 33 17 1
t 13 2 1 34 735 1 19 17
t 1 6 21 14 591 10 10 17
t 25 19 4 20 6 1 595 18
t 0 11 11 6 24 720 4 21
t 3 15 598 2 14 8 17 2
t 39 29 20 1 7 668 39 34
t 18 714 16 5 23 17 7 16
t 32 29 19 718 31 12 21 21
t 20 33 15 16 7 643 29 0
t 32 10 18 8 29 0 669 30
t 31 1 31 33 26 4 616 28
t 1 19 587 17 16 6 15 8
t 8 21 5 10 593 19 12 13
t 27 4 39 26 716 9 19 25
t 20 1 2 571 20 17 22 7
t 13 27 11 698 36 36 16 8
t 10 10 16 4 12 566 7 19
t 5 1 599 21 13 1 6 14
t 6 13 18 21 20 5 568 7
t 18 3 14 2 13 598 21 14
t 39 28 37 12 638 3 2 26
t 17 19 16 5 576 19 21 17
t 10 587 9 24 18 14 25 13
t 26 15 0 3 664 26 11 10
t 26 22 0 25 17 15 7 618
t 8 14 1 18 12 17 568 6
t 563 23 15 9 17 23 23 21
t 17 8 596 25 15 11 22 5
t 17 15 22 14 21 573 24 8
t 15 12 21 575 16 6 17 16
t 20 763 8 24 28 29 23 5
t 33 617 7 39 39 10 11 20
t 5 28 28 1 6 714 40 32
t 17 6 595 7 19 17 8 18
t 36 14 31 781 3 36 4 25
t 10 12 16 593 19 6 13 20
t 12 18 13 19 24 571 9 3
t 6 565 23 17 2 1 4 12
t 11 11 5 8 4 23 564 18
t 9 797 25 3 33 35 14 25
t 24 14 5 13 25 577 8 10
t 20 22 14 592 21 2 5 6
t 10 17 16 18 25 2 19 562
t 1 15 4 567 5 13 8 21
t 14 24 7 2 10 599 8 17
t 27 16 27 25 20 738 15 28
t 2 20 1 18 38 17 698 18
t 40 0 626 34 38 26 23 16
t 1 24 18 15 599 17 14 9
t 17 11 14 31 24 21 6 670
t 14 13 8 22 8 1 18 596
t 0 2 23 33 1 794 15 6
t 25 11 9 592 12 12 21 13
t 10 25 10 576 5 10 9 2
t 25 20 23 14 18 25 594 15
t 4 35 27 31 38 757 39 32
t 13 591 9 1 15 20 13 6
t 11 18 4 793 5 35 15 1
t 22 15 794 34 31 27 25 18
t 12 15 18 7 14 20 14 575
t 8 8 7 598 3 14 7 7
t 25 24 22 14 596 4 8 23
t 4 21 10 8 657 38 28 32
t 14 589 17 15 25 15 3 9
t 3 16 11 10 9 17 574 23
t 4 17 22 16 564 14 22 7
t 9 10 7 22 4 589 14 6
t 28 18 706 29 21 11 11 37
t 24 9 16 35 22 1 646 13
t 2 1 17 11 594 1 9 13
t 23 10 24 13 595 20 20 18
t 19 4 8 10 580 20 1 16
t 564 9 1 22 22 17 3 18
t 23 15 20 22 6 21 16 595
t 4 28 14 39 620 34 31 36
t 12 9 584 9 11 21 20 19
t 29 34 29 22 31 39 40 785
t 4 10 11 681 5 16 17 29
t 4 5 2 2 8 12 592 19
t 25 21 4 593 9 4 13 25
t 17 18 592 5 2 9 4 25
t 5 10 40 680 13 1 18 20
t 16 6 584 20 1 2 4 6
t 7 572 7 1 1 21 16 19
t 18 1 24 23 1 4 585 7
t 5 13 590 12 22 11 23 23
t 20 18 19 13 13 3 10 590
t 765 36 26 4 16 4 1 23
t 33 11 39 30 2 794 16 26
t 18 29 32 10 40 39 605 35
t 8 2 17 16 23 1 7 597
t 25 18 1 13 3 3 4 574
t 5 664 20 29 12 2 37 26
t 36 19 15 712 16 21 3 38
t 8 13 5 3 17 21 21 590
t 16 19 14 17 7 718 0 35
t 30 28 5 1 12 673 27 27
t 762 34 20 34 13 11 0 17
t 24 21 15 6 19 15 564 25
t 798 15 26 25 31 31 12 4
t 736 32 4 15 29 35 9 4
t 19 22 32 3 22 31 689 12
t 40 15 24 18 29 19 10 789
t 21 564 16 18 10 12 19 1
t 684 10 36 23 13 8 38 14
t 9 23 18 13 565 9 1 8
t 1 626 3 6 37 27 20 40
t 39 29 1 11 30 766 19 16
t 16 36 11 11 777 24 25 33
t 11 16 5 575 8 10 14 5
t 755 17 9 8 7 25 40 19
t 4 28 23 4 8 35 11 721
t 9 4 9 19 22 27 771 22
t 593 8 24 7 19 2 20 1
t 18 17 4 15 579 20 3 23
t 35 20 25 3 9 619 20 10
t 38 29 699 20 10 20 39 28
t 15 20 19 579 4 7 11 19
t 14 23 11 562 24 13 13 17
t 32 20 3 726 37 30 11 12
t 20 8 14 8 23 568 5 5
t 16 20 11 18 20 688 11 32
t 6 21 19 730 23 35 27 40
t 7 31 32 29 30 14 721 30
t 30 37 23 18 34 654 11 21
t 12 6 16 5 22 784 25 17
t 14 17 5 22 3 14 562 19
t 24 15 15 18 8 3 21 567
t 24 4 580 17 19 1 14 11
t 24 29 17 40 11 14 666 5
t 641 32 1 18 19 32 13 40
t 34 34 2 26 24 3 797 35
t 17 4 12 2 790 34 35 34
t 19 23 13 3 20 11 594 2
t 604 11 31 29 3 39 18 18
t 739 33 31 9 10 30 31 40
t 16 8 15 17 4 20 25 684
t 5 6 28 9 25 31 694 18
t 8 18 579 6 5 2 20 11
t 37 19 24 20 3 31 23 634
t 593 16 10 9 7 2 24 3
t 3 2 1 15 4 579 6 24
t 17 34 15 8 7 18 800 10
t 6 22 561 24 20 8 9 6
t 11 31 658 21 18 20 36 0
t 568 19 19 4 2 2 18 16
t 37 30 637 33 9 21 30 0
t 633 24 19 40 10 22 38 5
t 13 14 22 568 17 2 22 5
t 24 24 26 4 770 17 21 33
t 5 10 664 2 6 32 34 8
t 30 35 688 2 23 39 37 40
t 18 580 5 8 16 14 10 17
t 584 16 17 11 8 4 19 12
t 12 18 14 3 665 39 3 3
t 9 1 10 20 2 25 2 564
t 37 26 34 21 33 721 21 2
t 3 3 703 36 16 26 8 2
t 561 19 21 12 11 11 21 1
t 23 21 14 11 581 22 11 10
t 10 25 1 798 3 36 40 35
t 14 16 39 753 20 17 5 0
t 22 12 16 4 2 1 2 561
t 12 25 12 12 25 9 581 2
t 566 18 6 15 4 5 20 6
t 34 24 27 38 21 777 32 29
t 22 14 18 13 16 10 588 11
t 39 40 732 15 2 5 28 27
t 4 24 14 18 22 5 584 13
t 14 562 2 21 8 10 9 12
t 18 22 12 21 7 9 3 580
t 13 20 566 13 16 4 23 13
t 7 2 19 583 25 14 4 17
t 577 10 21 3 6 20 5 4
t 690 29 21 17 12 28 29 37
t 12 604 24 6 3 4 11 28
t 1 8 8 11 754 28 29 13
t 3 8 594 17 8 15 2 18
t 2 572 25 10 25 14 24 11
t 17 15 663 25 10 14 27 2
t 5 9 617 27 10 33 19 12
t 13 37 0 684 30 22 38 3
t 573 10 21 15 14 22 17 15
t 1 33 5 23 39 752 14 29
t 10 23 2 586 16 23 7 22
t 0 668 2 11 22 40 13 18
t 24 11 734 24 22 1 31 1
t 34 19 13 11 3 645 2 13
t 6 31 26 24 35 3 15 664
t 6 15 25 25 566 22 11 9
t 14 21 13 569 5 6 23 16
t 0 38 690 10 29 13 17 1
t 712 13 30 28 8 17 27 20
t 579 25 5 4 5 21 6 14
t 31 743 22 27 27 27 10 6
t 14 22 11 5 15 739 17 39
t 8 13 8 595 14 11 3 13
t 21 31 18 638 39 3 16 15
t 7 22 9 595 20 19 5 24
t 15 17 19 5 4 12 576 24
t 14 21 24 18 20 4 589 23
t 19 38 25 29 679 38 24 12
t 709 0 11 36 4 11 27 5
t 2 9 15 5 15 24 16 581
t 10 2 2 3 5 9 560 20
t 10 12 12 14 16 10 23 595
t 17 2 599 14 11 21 24 14
t 4 16 16 6 12 775 6 18
t 1 10 593 15 14 13 21 22
t 9 23 5 37 3 22 723 2
t 22 23 18 36 10 5 722 5
t 19 706 38 32 0 14 30 20
t 746 20 8 16 0 12 20 31
t 22 40 760 2 36 12 19 1
t 2 4 14 18 11 19 33 639
t 19 577 8 1 11 7 11 14
t 33 18 35 36 39 738 10 40
t 582 12 5 14 8 9 20 5
t 24 3 3 11 7 9 563 18
t 0 13 38 704 20 0 25 7
t 11 16 20 11 15 22 582 12
t 15 15 7 596 20 25 24 14
t 23 11 21 10 25 14 4 560
t 4 17 13 22 1 14 580 23
t 21 10 25 578 22 9 23 9
t 23 587 21 5 10 5 20 15
t 577 12 19 3 14 15 24 13
t 8 10 560 15 20 15 17 19
t 0 6 11 3 23 21 37 777
t 27 15 32 722 12 32 36 27
t 4 15 10 22 24 21 576 2
t 5 16 6 11 568 2 23 25
t 24 23 8 20 8 16 597 3
t 2 647 40 33 21 25 35 32
t 25 0 8 9 3 9 18 684
t 27 694 1 23 36 14 20 37
t 5 8 21 16 35 21 707 33
t 11 589 10 11 22 4 17 16
t 14 561 10 16 14 1 13 7
t 10 566 9 4 13 2 1 23
t 3 4 17 581 14 22 19 7
t 13 11 562 24 22 1 14 12
t 10 25 583 21 1 15 19 12
t 18 2 23 16 9 16 6 567
t 20 1 25 585 15 2 14 22
t 17 10 3 709 8 21 34 21
t 18 585 2 2 25 9 8 24
t 21 23 0 725 0 2 33 12
t 10 11 22 565 13 25 15 15
t 9 795 9 16 38 20 34 12
t 20 22 677 15 24 31 8 1
t 13 13 4 8 2 4 595 4
t 4 598 15 5 16 21 8 20
t 25 32 5 707 40 13 37 37
t 6 22 589 13 14 20 6 21
t 6 1 1 562 24 20 9 11
t 3 22 10 14 15 7 1 577
t 38 38 22 16 2 23 20 746
t 40 24 10 27 32 740 36 21
t 21 33 21 19 640 23 11 31
t 6 5 12 25 586 8 15 16
t 29 13 10 19 18 609 25 2
t 30 613 22 32 37 17 17 39
t 16 4 23 18 6 7 11 579
t 6 6 11 6 17 21 14 597
t 582 25 19 19 14 3 18 5
t 22 13 19 25 9 12 563 12
t 3 21 22 10 570 16 18 1
t 31 38 755 27 14 12 5 4
t 7 3 15 15 25 1 25 573
t 15 7 569 11 21 2 15 13
t 20 5 8 7 16 20 573 1
t 24 1 22 22 6 10 13 569
t 25 25 20 571 7 21 15 3
t 561 11 6 25 11 13 9 19
t 13 2 20 12 18 589 21 13
t 20 10 19 23 11 24 21 594
t 16 10 10 14 13 25 621 8
t 19 1 6 3 36 12 676 15
t 16 7 12 8 17 13 9 565
t 579 24 16 24 20 3 18 17
t 6 18 562 20 6 22 1 13
t 6 8 3 9 578 17 18 16
t 6 17 12 16 597 14 22 12
t 21 2 31 1 708 14 4 22
t 18 16 782 14 37 0 6 36
t 23 11 7 5 566 17 25 11
t 2 24 17 1 594 10 1 24
t 36 23 12 40 29 28 15 656
t 24 8 23 4 19 575 17 25
t 14 4 14 18 571 17 25 9
t 3 20 13 5 568 16 11 4
t 564 15 22 4 19 16 2 22
t 13 2 12 5 18 20 581 6
t 23 12 8 23 15 25 17 562
t 28 40 35 36 31 731 26 14
t 10 626 20 34 7 14 10 37
t 36 13 13 729 31 2 3 7
t 20 12 13 9 5 15 24 585
t 4 1 5 12 11 22 20 589
t 701 29 36 24 8 25 30 12
t 675 30 28 29 0 12 27 13
t 5 2 10 9 19 24 8 582
t 36 14 37 1 657 29 0 30
t 4 6 591 10 22 17 23 1
t 36 25 30 26 740 1 0 22
t 34 38 28 18 20 29 690 33
t 12 0 12 31 5 760 3 1
t 9 15 9 17 598 15 14 22
t 16 698 39 22 21 2 2 12
t 25 565 25 16 21 16 15 17
t 14 13 3 7 9 561 15 21
t 32 24 6 15 14 11 649 0
t 19 19 12 560 5 12 22 17
t 16 5 3 777 13 33 18 36
t 7 22 3 3 26 757 38 10
t 13 21 589 15 10 8 4 23
t 21 570 21 13 14 5 5 5
t 25 14 22 11 9 18 18 597
t 7 15 772 5 28 6 7 14
t 3 633 23 10 19 25 22 6
t 36 30 8 32 9 17 22 618
t 5 589 11 18 21 4 16 16
t 36 16 15 4 7 38 26 636
t 588 16 12 17 23 24 19 4
t 19 9 36 15 623 4 10 8
t 24 5 33 32 27 18 24 733
t 31 794 2 32 9 2 25 40
t 4 743 8 9 3 18 31 17
t 1 666 0 6 29 14 29 26
t 18 10 21 17 1 22 10 582
t 33 27 15 12 6 18 658 12
t 14 12 569 16 21 4 21 1
t 1 599 21 6 3 10 20 2
t 36 37 8 35 642 24 3 8
t 14 25 8 563 4 2 16 12
t 23 1 15 5 6 11 22 587
t 16 19 29 662 24 28 13 2
t 576 7 4 13 24 5 20 9
t 9 10 1 565 10 12 20 25
t 15 6 23 7 13 571 23 4
t 1 5 603 5 14 33 40 0
t 22 7 562 8 20 18 3 11
t 3 23 18 6 23 16 596 9
t 776 14 31 19 25 37 20 40
t 19 4 8 586 15 16 11 8
t 2 32 22 14 764 26 24 20
t 24 703 10 15 39 5 14 11
t 6 597 16 4 18 2 17 3
t 17 19 0 1 14 36 696 16
t 3 7 32 756 6 20 17 6
t 24 7 12 20 25 580 7 21
t 798 25 36 40 21 32 22 39
t 3 7 12 12 20 3 20 567
t 16 24 30 33 34 30 766 1
t 36 0 3 5 643 7 24 39
t 18 16 21 19 6 570 16 16
t 4 18 10 572 8 16 7 4
t 31 38 24 27 15 794 3 12
t 8 5 24 24 580 11 4 11
t 570 11 17 11 19 21 21 1
t 575 24 5 3 20 24 7 14
t 10 18 16 10 17 8 7 562
t 4 16 17 2 13 584 13 1
t 8 7 11 22 17 0 708 26
t 20 16 11 13 4 579 23 25
t 40 27 8 10 18 25 620 4
t 15 38 15 23 704 39 39 33
t 11 3 21 2 19 21 578 8
t 40 0 11 37 38 791 22 0
t 768 31 2 19 22 18 33 12
t 6 10 25 10 22 2 560 6
t 8 22 40 32 9 24 22 792
t 18 10 1 1 2 567 23 5
t 2 14 21 17 17 574 24 6
t 35 3 12 11 28 716 32 13
t 612 30 31 13 23 20 21 23
t 7 10 38 11 7 776 3 2
t 11 10 1 16 569 9 20 9
t 11 18 11 10 24 587 23 24
t 33 6 5 14 739 19 0 20
t 31 16 26 9 693 14 37 2
t 30 728 38 40 9 35 24 30
mb
t 27 20 31 17 36 14 714 19
t 25 10 13 581 8 11 22 13
t 6 7 571 9 7 23 24 2
t 14 34 38 9 24 0 674 38
t 9 25 606 37 16 27 38 38
t 12 14 22 17 20 623 37 35
t 6 17 18 12 19 697 5 16
t 25 595 6 10 24 12 8 7
t 35 628 21 30 36 4 4 15
t 25 8 22 570 23 18 19 12
t 4 22 22 563 12 14 2 23
t 12 578 5 8 1 11 9 16
t 6 22 10 15 561 6 17 4
t 39 7 36 12 23 604 16 20
t 36 24 1 27 37 22 32 720
t 29 34 35 13 29 29 799 34
t 564 7 24 23 8 24 11 4
t 14 12 31 15 736 9 20 36
t 9 13 20 16 14 13 13 592
t 16 31 38 39 40 10 625 20
t 13 24 16 2 10 15 599 25
t 15 4 23 590 8 21 12 9
t 23 11 590 17 8 14 14 15
t 3 4 1 578 23 3 9 1
t 11 565 19 9 22 22 3 15
t 21 32 25 687 14 10 28 26
t 8 18 13 11 12 585 18 12
t 14 13 5 4 20 573 22 17
t 29 715 38 4 14 34 35 13
t 28 16 12 783 8 30 12 7
t 19 27 28 10 660 15 23 4
t 23 8 4 7 3 19 595 24
t 582 13 19 10 20 11 21 6
t 21 7 13 572 8 1 23 4
t 40 5 3 716 7 6 23 37
t 39 7 630 20 37 21 4 29
t 1 20 20 1 24 23 618 21
t 2 589 24 24 16 20 17 1
t 11 17 23 11 570 15 6 16
t 2 593 5 22 2 25 14 8
t 30 12 39 40 34 19 38 732
t 7 13 3 21 565 25 22 10
t 23 22 28 648 2 39 20 0
t 14 13 8 10 580 15 6 1
t 4 21 8 14 16 7 11 583
t 2 752 31 7 18 30 37 37
t 24 11 9 6 619 26 1 14
t 13 5 16 564 18 19 2 12
t 3 6 29 37 657 7 26 10
t 13 756 38 12 0 9 28 11
t 19 17 25 6 593 5 22 11
t 576 22 3 12 24 9 5 9
t 9 26 1 32 4 617 0 4
t 36 29 20 31 29 14 711 34
t 2 13 13 18 19 578 14 20
t 1 25 6 20 25 22 16 568
t 6 9 8 4 31 616 30 23
t 590 10 10 7 7 15 6 5
t 37 37 10 786 17 22 8 23
t 24 39 27 40 21 32 17 618
t 34 5 10 30 22 615 22 6
t 22 39 32 36 662 31 30 36
t 26 1 9 35 31 762 34 8
t 21 4 11 572 21 1 4 14
t 4 15 4 578 24 2 10 6
t 31 19 750 19 6 12 22 1
t 40 11 14 0 0 17 4 616
t 25 17 15 11 15 17 593 13
t 24 17 587 16 21 17 24 25
t 10 11 568 7 16 15 4 13
t 13 3 762 10 16 35 30 4
t 12 568 9 10 7 3 23 10
t 22 676 21 31 39 18 36 34
t 3 10 12 562 13 12 10 9
t 26 19 27 0 40 21 689 2
t 24 14 586 7 25 10 9 22
t 12 21 10 575 21 1 24 12
t 16 26 23 24 4 18 704 2
t 0 622 33 36 13 12 32 19
t 21 1 6 40 639 39 8 26
t 17 24 8 10 16 5 4 591
t 33 39 27 17 36 682 15 22
t 8 10 14 21 7 8 595 1
t 6 8 568 23 8 12 12 7
t 649 12 17 14 0 25 3 25
t 13 633 34 7 26 20 6 30
t 7 20 7 21 564 13 7 6
t 25 725 27 17 36 39 3 14
t 31 31 8 20 7 8 677 10
t 10 3 767 27 5 39 8 13
t 33 713 38 28 10 7 26 35
t 7 23 6 13 23 5 22 571
t 585 5 9 9 17 21 5 19
t 21 18 21 19 8 23 577 25
t 16 40 615 4 31 4 4 26
t 30 38 607 24 34 2 36 10
t 24 11 25 586 19 19 8 4
t 34 0 14 10 13 4 656 33
t 13 13 24 26 782 1 22 12
t 2 12 13 6 10 5 23 593
t 35 18 612 32 4 37 37 23
t 599 23 9 16 14 14 7 21
t 3 23 3 4 8 11 584 3
t 16 23 624 40 9 20 31 27
t 12 1 25 580 11 15 4 17
t 16 9 598 12 5 10 19 13
t 25 11 18 8 7 27 31 779
t 25 14 10 14 7 15 589 20
t 13 2 590 10 24 12 9 19
t 37 21 23 28 646 16 7 15
t 8 19 13 0 35 665 23 18
t 6 9 666 24 6 33 35 40
t 17 12 16 574 24 24 11 5
t 5 3 15 786 23 9 21 3
t 15 22 7 30 32 11 639 18
t 24 23 10 22 1 751 7 5
t 15 1 582 2 23 1 24 5
t 2 0 755 9 0 34 39 9
t 17 25 19 22 576 2 4 24
t 25 34 14 22 20 3 38 622
t 23 23 20 25 23 7 5 587
t 11 34 0 5 796 21 39 22
t 18 21 3 5 19 575 9 10
t 15 40 21 659 13 3 4 31
t 18 17 23 23 6 18 11 575
t 25 598 19 24 15 3 25 19
t 25 15 6 8 15 8 561 19
t 18 38 27 40 36 2 32 746
t 7 23 683 37 39 1 27 22
t 5 23 19 23 574 14 16 1
t 17 16 8 15 598 24 21 22
t 4 18 582 7 6 13 15 8
t 30 0 19 698 6 32 19 3
t 21 37 5 14 20 25 14 607
t 669 40 0 34 10 19 19 1
t 24 33 28 31 759 13 11 34
t 38 3 4 11 722 31 27 34
t 565 17 13 1 20 11 21 20
t 16 25 6 2 1 588 13 19
t 19 20 2 12 12 566 4 2
t 22 10 13 1 562 23 16 22
t 4 11 570 12 3 25 20 15
t 21 792 14 6 39 5 30 38
t 593 17 19 2 22 22 7 17
t 30 29 643 33 0 7 40 34
t 1 8 23 8 35 12 794 18
t 4 22 3 568 7 12 21 15
t 573 6 5 8 5 4 23 19
t 1 7 34 730 16 29 40 4
t 7 12 20 2 3 650 1 28
t 10 4 708 39 36 18 15 16
t 14 23 566 16 23 11 12 18
t 7 4 9 563 7 19 3 12
t 692 36 8 10 22 5 27 29
t 579 6 7 5 19 16 22 14
t 3 16 8 10 4 573 11 25
t 0 6 19 12 14 5 21 749
t 15 15 22 19 11 15 14 577
t 2 4 21 594 24 8 22 5
t 39 14 23 750 3 18 38 33
t 576 6 13 16 10 20 15 7
t 31 12 33 10 13 39 741 39
t 23 19 5 14 13 8 6 568
t 2 3 6 5 789 28 14 26
t 35 35 6 39 3 688 27 4
t 24 16 17 575 2 17 23 22
t 1 6 32 30 25 16 0 641
t 4 581 14 19 13 14 14 11
t 2 24 676 12 2 4 27 18
t 15 6 6 17 19 19 4 598
t 783 29 32 37 26 32 11 26
t 583 15 18 21 14 23 8 1
t 23 36 9 712 39 0 27 33
t 17 20 18 13 21 9 25 598
t 10 28 6 8 16 702 39 7
t 17 562 14 24 23 8 25 21
t 14 29 24 39 723 2 30 19
t 22 577 1 5 17 15 4 22
t 31 30 9 28 22 20 40 692
t 17 9 15 596 24 15 17 1
t 19 9 21 32 25 695 26 31
t 34 767 1 32 31 17 21 21
t 22 583 13 14 13 1 21 12
t 11 24 15 16 1 671 31 28
t 19 23 22 10 11 640 2 25
t 749 22 32 39 20 2 32 12
t 1 20 20 22 599 8 2 17
t 8 7 19 18 16 12 20 593
t 33 17 34 6 13 38 40 773
t 35 35 22 649 35 33 4 10
t 10 15 18 1 576 10 8 5
t 22 5 5 6 16 20 563 23
t 13 17 22 568 6 19 16 3
t 4 28 20 1 35 38 5 770
t 20 3 569 24 15 12 7 8
t 10 24 590 25 7 2 6 14
t 561 23 15 18 6 23 2 10
t 12 24 19 10 23 19 582 21
t 634 24 12 6 20 30 0 35
t 2 746 19 27 16 37 2 25
t 2 10 25 18 6 20 562 14
t 26 9 8 723 7 37 37 2
t 5 21 3 11 22 564 12 2
t 20 4 1 21 3 5 572 22
t 8 20 6 583 20 5 9 18
t 657 30 28 15 1 0 35 32
t 27 35 2 758 2 4 21 32
t 7 3 24 4 16 25 564 13
t 28 36 645 25 20 35 26 32
t 22 14 6 609 23 0 40 9
t 575 5 5 2 9 23 2 14
t 17 13 25 25 17 23 573 19
t 1 714 1 35 29 37 29 34
t 9 17 37 3 684 20 34 19
t 23 753 39 1 35 12 11 32
t 19 40 6 646 37 37 33 9
t 579 23 8 16 2 18 17 12
t 12 13 34 0 21 15 708 16
t 6 1 23 2 3 1 19 561
t 37 743 9 20 40 33 21 9
t 2 2 19 590 7 20 25 7
t 4 27 22 21 0 17 730 35
t 27 40 7 18 8 34 15 782
t 560 20 7 16 24 9 13 11
t 18 726 7 19 16 34 22 15
t 22 568 16 7 19 16 22 13
t 677 36 38 15 29 2 10 29
t 10 9 6 6 563 8 5 18
t 7 10 9 576 10 5 25 23
t 1 22 11 761 30 15 1 37
t 26 24 3 7 23 32 9 745
t 20 592 1 15 15 16 18 25
t 22 2 26 18 29 22 660 17
t 5 22 578 19 17 3 7 19
t 4 23 13 6 3 576 6 25
t 25 16 18 689 2 24 35 34
t 4 23 5 20 3 572 6 1
t 30 0 25 1 651 31 21 19
t 18 12 19 25 10 3 4 564
t 2 589 17 17 16 10 24 11
t 0 14 7 5 12 665 30 1
t 16 571 10 13 4 16 23 2
t 21 2 19 584 15 1 14 7
t 7 1 3 598 8 18 5 22
t 11 13 13 25 9 23 21 598
t 5 18 13 25 586 22 2 23
t 568 5 22 5 10 9 19 5
t 13 0 12 643 27 5 3 20
t 13 6 17 598 22 18 23 16
t 5 2 567 17 1 8 14 19
t 25 17 570 16 4 6 12 25
t 7 3 25 20 15 18 561 10
t 592 9 16 6 22 18 10 6
t 32 2 674 25 8 6 10 10
t 21 577 13 16 25 14 17 5
t 26 701 21 1 31 14 35 8
t 1 16 14 14 15 12 567 14
t 36 34 11 25 652 16 17 27
t 29 36 8 795 31 18 7 0
t 6 10 13 3 574 23 10 4
t 9 19 16 1 578 5 10 23
t 30 29 22 25 25 4 3 634
t 36 23 14 25 771 4 7 34
t 5 6 20 10 6 568 23 4
t 16 12 15 3 590 15 21 14
t 11 16 23 5 35 786 19 26
t 28 6 4 13 11 29 20 787
t 33 20 32 612 13 28 4 27
t 2 24 579 17 21 18 20 16
t 745 22 4 35 2 26 12 31
t 1 5 23 7 4 568 25 1
t 17 7 2 17 28 14 615 8
t 19 3 2 14 18 40 14 669
t 17 8 13 19 4 8 575 9
t 17 8 7 595 3 9 15 9
t 15 5 20 569 14 7 4 3
t 33 769 24 2 37 28 22 10
t 12 28 30 35 787 39 10 11
t 587 4 7 15 5 16 11 24
t 3 567 2 10 1 20 17 3
t 3 16 3 24 34 27 35 656
t 19 17 11 20 4 25 599 7
t 8 24 20 22 17 21 575 2
t 35 21 26 40 784 1 9 18
t 10 3 14 11 18 578 1 21
t 6 4 2 7 584 3 21 12
t 25 10 11 17 593 21 20 14
t 19 9 14 575 18 8 8 8
t 24 27 38 27 20 2 693 9
t 783 19 26 24 27 21 9 1
t 9 7 9 7 25 11 25 596
t 20 11 3 14 571 7 18 12
t 40 25 5 12 8 732 8 33
t 15 23 19 23 3 580 15 11
t 5 590 11 11 4 8 8 10
t 40 24 33 24 40 15 628 27
t 8 28 30 26 14 792 38 40
t 22 18 16 571 22 6 10 14
t 577 25 23 3 14 14 10 16
t 6 2 21 15 6 8 22 582
t 13 639 31 18 34 5 30 15
t 7 12 8 7 617 26 10 36
t 20 15 25 14 568 18 20 4
t 20 18 20 799 10 30 26 7
t 16 34 11 35 29 24 768 4
t 23 12 1 3 16 6 568 24
t 1 11 21 25 10 25 19 591
t 562 8 19 5 11 1 17 6
t 16 23 10 15 7 1 583 20
t 571 15 19 25 21 21 9 18
t 6 5 16 8 4 17 24 582
t 16 6 17 14 3 579 9 21
t 32 730 32 40 12 0 34 9
t 7 590 20 1 24 2 21 7
t 24 11 18 13 20 1 8 563
t 10 671 24 25 11 20 22 3
t 20 9 24 572 22 22 13 4
t 19 29 0 32 31 12 35 669
t 743 30 34 39 5 10 15 31
t 592 6 7 15 25 17 8 7
t 16 1 4 22 579 11 13 5
t 40 27 637 15 14 11 9 5
t 30 14 0 18 40 640 32 4
t 14 3 19 5 592 12 1 9
t 5 592 3 17 17 11 15 24
t 33 7 27 17 13 709 24 20
t 13 16 5 5 18 17 24 565
t 659 16 19 34 39 27 2 3
t 35 674 24 3 26 24 33 3
t 783 35 13 32 16 37 12 8
t 34 12 23 36 617 17 39 21
t 10 20 12 18 571 3 7 19
t 19 36 775 21 36 1 23 26
t 14 579 14 5 3 5 25 22
t 11 19 10 11 8 20 562 15
t 573 13 12 9 23 20 12 2
t 16 22 12 566 14 9 5 14
t 24 4 4 9 23 21 16 586
t 34 21 29 795 2 11 13 17
t 6 14 568 12 19 2 21 17
t 24 685 5 30 35 29 6 36
t 8 595 1 3 9 1 8 3
t 8 562 2 20 10 23 1 2
t 16 32 643 35 23 0 28 40
t 1 12 22 8 584 21 2 2
t 10 4 18 34 797 11 8 8
t 13 26 0 3 19 26 6 788
t 24 759 28 8 31 8 0 6
t 23 25 11 32 11 607 15 9
t 38 39 29 666 20 29 11 10
t 2 40 40 13 14 29 1 742
t 21 31 719 17 4 12 31 20
t 9 33 689 22 39 35 38 22
t 20 9 7 14 762 24 14 18
t 2 9 15 22 574 19 13 9
t 14 5 21 10 1 1 18 581
t 25 10 4 6 20 570 17 21
t 665 26 34 21 29 14 18 30
t 34 4 18 22 692 20 17 9
t 8 597 5 21 24 8 15 8
t 7 6 20 29 38 705 32 5
t 8 25 32 665 20 28 7 2
t 8 593 14 5 11 9 13 22
t 7 27 18 34 31 714 1 14
t 40 5 30 7 22 21 27 691
t 30 33 16 40 1 13 34 785
t 24 578 23 4 16 5 14 20
t 10 19 2 17 10 10 14 577
t 6 14 20 10 20 22 20 581
t 10 12 7 563 23 11 23 22
t 20 561 23 5 11 1 15 1
t 22 8 10 30 619 13 7 20
t 34 10 2 8 715 5 40 12
t 6 15 595 11 4 8 3 21
t 15 2 24 11 7 25 13 576
t 18 17 15 598 4 5 20 1
t 7 22 11 23 19 2 24 580
t 19 28 626 21 29 4 18 22
t 579 21 14 15 8 15 12 13
t 23 8 22 21 10 588 16 3
t 40 30 631 17 14 5 19 20
t 752 40 5 23 13 4 33 29
t 19 3 560 12 21 7 5 24
t 25 23 15 579 3 25 6 18
t 24 588 19 9 23 13 23 16
t 12 30 784 15 1 5 8 29
t 630 4 31 14 14 33 5 4
t 28 1 741 0 1 16 23 32
t 9 585 11 6 1 15 4 21
t 601 23 12 29 34 12 32 35
t 22 1 24 17 21 5 576 6
t 27 776 27 28 40 5 39 15
t 11 18 18 15 7 14 569 12
t 575 21 5 1 11 23 12 17
t 19 18 8 18 576 14 24 21
t 17 12 20 29 4 40 690 34
t 3 21 14 1 7 576 13 25
t 1 18 21 2 575 15 2 21
t 9 12 18 1 3 576 13 3
t 20 4 570 20 17 25 24 20
t 742 23 39 16 26 2 24 0
t 23 5 31 27 38 610 40 19
t 767 19 3 16 20 0 17 9
t 5 12 19 14 25 2 560 17
t 24 728 6 13 6 4 16 16
t 14 28 5 22 27 716 6 25
t 10 30 26 0 603 23 18 7
t 35 17 37 37 15 14 757 36
t 5 18 14 30 643 15 10 25
t 29 0 10 716 11 20 35 25
t 3 25 757 0 17 28 29 23
t 771 37 37 39 32 12 38 14
t 8 24 17 8 10 5 25 594
t 21 566 22 24 12 16 8 3
t 19 788 39 19 26 9 26 16
t 20 36 10 31 11 686 16 38
t 14 15 573 4 9 8 15 2
t 17 9 7 24 20 11 596 8
t 561 6 7 22 21 3 15 4
t 38 31 29 39 728 25 4 21
t 7 16 13 682 0 28 33 32
t 7 1 12 22 3 0 19 659
t 13 15 18 20 3 6 14 565
t 8 627 3 33 32 14 34 6
t 23 583 19 13 9 9 7 12
t 26 14 17 774 8 21 2 0
t 580 16 6 22 14 13 12 3
t 6 36 27 3 15 720 35 34
t 37 29 3 23 13 5 718 25
t 35 768 39 8 23 27 38 38
t 14 18 580 5 11 24 11 15
t 19 35 4 22 35 38 731 17
t 578 18 20 5 20 25 2 5
t 2 24 21 14 2 22 17 573
t 7 37 40 782 24 40 3 14
t 18 25 14 8 583 23 21 4
t 13 10 6 14 18 10 588 2
t 28 40 14 768 7 27 5 21
t 13 2 33 617 27 35 14 32
t 5 15 8 8 22 560 17 17
t 20 39 8 26 33 782 17 26
t 634 14 6 1 10 25 39 33
t 15 566 15 21 3 20 17 25
t 2 582 4 8 2 4 4 18
t 4 4 0 15 10 40 793 38
t 5 569 12 3 19 21 19 1
t 10 24 13 18 560 15 7 12
t 37 10 631 38 29 35 29 10
t 12 2 22 22 582 25 9 12
t 15 37 23 31 721 17 5 12
t 19 2 40 663 19 0 2 1
t 6 7 17 6 4 8 16 581
t 9 2 27 634 3 37 37 35
t 27 757 21 17 18 21 27 14
t 25 2 2 18 25 595 3 11
t 23 2 12 8 9 21 16 592
t 13 582 19 5 25 11 25 10
t 27 40 33 23 10 33 24 659
t 28 13 796 26 40 25 25 27
t 579 14 18 2 13 11 22 3
t 16 30 8 771 1 15 32 31
t 35 31 31 19 33 740 3 39
t 10 34 39 15 34 767 32 14
t 18 17 24 687 31 27 36 30
t 20 20 1 2 25 581 7 12
t 30 31 0 35 2 10 783 12
t 8 6 13 8 560 11 17 20
t 22 1 8 24 591 21 1 4
t 21 22 18 589 23 14 6 23
t 11 34 23 11 10 708 24 33
t 24 21 9 12 24 560 5 15
t 16 38 697 7 6 28 23 30
t 1 23 587 24 17 14 11 16
t 16 2 8 5 5 15 24 590
t 569 4 4 21 5 24 12 19
t 9 22 3 12 4 17 591 22
t 8 21 8 25 1 19 24 579
t 5 36 611 17 36 7 9 5
t 560 22 17 20 20 3 23 6
t 9 1 24 597 24 11 1 20
t 13 13 10 571 12 16 23 14
t 9 3 597 22 25 1 4 25
t 27 30 12 696 34 0 10 23
t 9 34 32 16 787 35 32 39
t 7 11 788 6 12 26 36 20
t 24 4 22 8 597 4 15 15
t 737 18 14 22 12 7 33 26
t 21 8 15 12 560 23 25 1
t 5 684 4 2 23 26 21 19
t 2 38 29 23 9 630 14 28
t 21 568 8 7 10 4 11 1
t 13 20 19 12 7 575 20 11
t 736 31 30 3 35 34 21 36
t 570 2 21 1 6 6 17 3
t 17 23 21 597 3 25 21 16
t 24 767 22 39 12 21 28 38
t 8 11 15 40 19 40 715 26
t 11 7 5 15 18 21 10 571
t 13 15 29 15 634 5 37 18
t 17 15 39 655 26 23 31 18
t 1 16 20 582 2 18 18 8
t 2 11 4 3 13 23 7 577
t 13 18 5 4 3 586 13 24
t 19 18 15 560 22 6 1 10
t 19 589 9 8 15 15 4 17
t 1 568 10 14 3 25 17 9
t 2 12 16 22 0 10 4 721
t 30 696 19 6 23 24 5 14
t 34 22 745 0 38 13 26 15
t 14 3 14 581 6 23 11 7
t 22 584 24 5 4 18 3 5
t 18 22 23 6 579 8 23 13
t 15 2 1 38 2 723 31 12
t 20 24 22 6 23 19 575 10
t 11 10 39 35 13 662 3 4
t 8 714 15 35 24 17 11 30
t 39 32 753 6 6 3 1 15
t 8 15 22 12 15 19 4 799
t 8 25 14 624 37 20 8 28
t 8 19 15 36 7 721 23 19
t 24 25 18 571 20 20 19 1
t 578 23 10 4 20 21 12 11
t 5 765 37 23 9 15 15 27
t 11 6 23 579 13 10 23 12
t 15 3 20 19 23 3 21 561
t 16 24 7 9 24 16 589 16
t 39 4 3 15 620 38 36 36
t 35 26 16 26 13 629 35 33
t 18 9 9 3 3 571 1 20
t 16 577 25 1 24 3 20 22
t 21 593 24 8 18 22 4 19
t 8 13 14 8 590 4 24 3
t 18 15 38 10 35 666 32 21
t 20 3 572 13 15 25 25 13
t 12 20 36 756 38 33 37 32
t 39 35 24 20 36 34 772 40
t 17 14 561 3 9 21 24 3
t 10 587 22 13 19 8 17 12
t 24 10 19 3 587 6 21 6
t 6 668 36 14 8 15 20 28
t 27 28 12 5 12 11 6 714
t 4 12 27 738 32 39 5 28
t 27 668 18 34 30 7 40 25
t 21 18 23 3 7 9 16 596
t 14 5 565 16 9 7 20 7
t 20 11 14 20 7 13 2 588
t 574 14 16 12 8 23 16 15
t 21 604 24 26 22 14 31 33
t 17 696 15 18 2 16 14 37
t 4 32 733 35 21 19 9 25
t 21 40 35 613 25 13 21 29
t 0 630 28 40 33 25 33 31
t 9 21 581 7 6 11 25 10
t 9 11 20 11 560 8 11 20
t 13 17 11 11 15 18 596 15
t 19 31 696 15 1 4 23 22
t 22 20 12 14 14 568 14 2
t 2 580 7 3 20 11 9 2
t 11 40 36 39 21 4 4 701
t 622 0 4 1 30 9 34 36
t 16 635 0 4 12 6 31 18
t 40 39 27 34 11 23 18 616
t 5 6 24 19 11 19 595 17
t 37 33 5 19 651 15 2 19
t 1 5 1 563 24 11 13 16
t 40 36 3 619 22 13 35 29
t 17 12 25 4 569 4 15 6
t 32 25 0 8 3 3 38 770
t 8 19 23 23 7 14 595 25
t 563 2 1 19 8 18 2 12
t 10 38 35 760 35 6 23 7
t 597 10 18 15 22 8 2 11
t 10 25 25 7 19 25 15 568
t 9 8 5 23 8 20 8 569
t 19 15 22 12 8 577 1 11
t 3 35 40 656 24 32 2 36
t 7 7 726 32 30 7 13 37
t 19 6 4 9 577 22 20 5
t 18 23 3 27 19 32 25 668
t 22 19 1 7 572 10 19 14
t 13 21 3 19 17 12 21 561
t 6 2 12 23 7 590 21 20
t 20 7 20 9 31 25 19 769
t 568 2 10 7 11 11 21 11
t 6 17 9 17 3 588 1 16
t 16 14 582 12 20 13 4 6
t 24 697 17 8 16 19 24 30
t 704 27 7 5 18 10 19 15
t 569 3 6 17 11 24 14 15
t 16 10 10 718 3 40 1 31
t 30 0 12 18 25 27 21 686
t 1 5 34 31 40 10 692 19
t 578 24 9 11 14 8 2 21
t 1 2 17 14 564 23 2 13
t 15 15 16 26 11 10 30 681
t 37 35 658 0 11 26 22 36
t 21 14 22 12 18 591 22 19
t 7 7 29 18 32 26 7 701
t 6 589 12 3 23 11 4 5
t 583 4 10 25 2 17 8 22
t 13 9 22 599 22 22 19 17
t 15 593 1 3 1 24 9 4
t 18 12 6 14 2 12 596 9
t 22 562 17 22 25 13 21 10
t 11 1 725 36 2 40 35 30
t 3 15 1 10 14 9 599 9
t 5 4 13 572 21 19 9 3
t 23 15 8 24 25 19 17 568
t 2 17 25 11 579 25 17 23
t 17 14 27 2 13 13 766 8
t 21 20 20 22 11 592 19 17
t 10 9 4 7 3 597 6 18
t 7 4 9 583 6 8 14 7
t 1 8 19 585 11 9 19 2
t 37 3 25 632 22 36 34 10
t 10 24 20 31 754 2 3 39
t 20 15 10 682 26 11 36 22
t 39 688 0 19 31 9 7 23
t 8 15 25 591 22 8 1 15
t 11 20 2 4 563 22 15 13
t 39 37 30 709 22 17 10 34
t 5 22 15 566 18 24 19 21
t 758 9 27 2 7 32 40 27
t 34 36 0 676 7 27 19 3
t 10 3 17 17 15 9 574 3
t 14 15 9 7 16 2 597 23
t 40 22 30 8 738 36 4 25
t 22 580 23 8 7 22 19 23
t 10 16 17 567 15 17 2 11
t 25 22 694 24 32 14 39 39
t 622 33 10 17 34 16 35 7
t 5 26 604 11 19 18 35 2
t 4 14 7 24 560 3 2 24
t 7 24 589 22 10 24 21 1
t 11 14 688 18 6 17 36 6
t 13 15 25 11 588 20 23 6
t 17 22 12 1 25 579 23 7
t 7 34 11 653 24 31 13 6
t 17 40 1 38 23 28 771 8
t 1 25 1 14 14 22 23 590
t 38 33 15 9 32 707 29 5
t 13 3 3 23 23 588 8 18
t 572 16 4 8 22 14 4 21
t 5 11 20 659 19 5 32 2
t 611 0 17 3 25 20 11 31
t 12 25 19 2 37 10 0 730
t 37 9 14 5 24 34 675 40
t 37 22 30 7 723 31 13 2
t 6 584 2 17 4 13 21 15
t 13 24 24 579 11 13 8 8
t 1 23 576 16 21 10 12 22
t 10 7 576 4 8 13 20 25
t 20 5 22 575 21 18 20 2
t 12 23 14 11 13 14 1 572
t 4 28 24 21 672 9 7 36
t 9 593 21 10 3 19 4 16
t 28 39 19 26 35 37 736 10
t 22 19 22 16 19 29 39 710
t 13 22 12 23 24 24 570 18
t 5 7 29 754 31 39 24 3
t 21 11 24 12 12 589 2 5
t 17 11 5 19 15 569 20 7
t 35 13 31 626 36 7 18 32
t 13 10 15 591 6 8 16 7
t 6 33 800 4 17 18 38 10
t 24 9 581 18 10 12 17 25
t 33 32 8 728 0 19 24 25
t 3 11 20 19 12 595 4 23
t 759 22 24 4 30 21 6 13
t 750 1 30 20 37 37 13 10
t 7 17 25 565 14 19 24 11
t 14 20 4 10 579 5 12 7
t 32 23 20 12 714 4 32 7
t 30 25 1 40 39 22 699 22
t 37 32 24 6 687 38 38 29
t 715 16 29 8 39 13 1 7
t 7 13 20 21 593 22 11 1
t 13 4 6 20 579 20 15 9
t 13 11 14 5 718 3 26 23
t 2 5 9 765 32 38 27 17
t 23 16 12 5 21 33 687 20
t 5 14 24 565 22 20 1 3
t 39 4 39 12 685 1 28 34
t 5 9 15 15 582 12 12 21
t 3 13 9 10 9 25 10 590
t 1 9 14 9 8 9 581 22
t 16 23 10 14 2 577 22 14
t 0 9 36 31 774 15 8 0
t 10 25 4 579 17 6 23 5
t 24 19 23 24 13 8 14 575
t 16 562 18 25 24 1 15 20
t 21 762 32 26 10 19 3 37
t 11 18 0 30 33 8 760 26
t 14 0 4 10 5 32 10 695
t 25 5 14 4 6 16 569 25
t 39 4 21 22 699 4 37 37
t 34 19 9 9 8 32 0 603
t 15 23 15 17 561 16 1 5
t 27 5 741 26 7 39 0 8
t 12 11 665 2 0 38 19 34
t 800 18 39 4 33 9 11 5
t 584 7 9 11 11 16 17 16
t 8 0 7 21 9 24 678 35
t 13 16 26 14 36 36 656 22
t 23 22 3 22 17 20 36 725
t 12 568 19 17 6 13 21 14
t 623 9 8 21 8 35 30 1
t 9 35 626 32 12 35 19 28
t 32 30 29 16 3 27 31 686
t 8 576 6 16 18 25 6 19
t 4 23 11 580 11 13 3 4
t 19 579 11 15 7 25 9 16
t 678 31 32 7 13 16 31 33
t 1 782 24 15 18 5 32 1
t 40 7 33 5 9 16 19 718
t 12 40 699 27 30 6 5 5
t 13 24 22 15 10 25 3 596
t 10 2 25 7 23 23 17 577
t 0 705 35 39 20 6 25 10
t 12 14 17 729 2 30 3 25
t 20 22 13 591 15 21 2 11
t 2 8 21 23 40 731 19 33
t 4 18 31 38 22 21 3 683
t 22 586 17 20 4 4 6 21
t 34 6 38 39 23 34 40 755
t 29 15 35 9 11 18 35 764
t 4 32 14 682 27 24 27 34
t 583 5 11 4 12 4 12 25
t 12 0 688 2 19 38 2 14
t 19 594 19 8 16 5 4 15
t 17 19 6 713 31 23 10 4
t 579 22 13 3 9 9 4 19
t 25 25 24 3 14 585 10 17
t 571 23 12 9 23 16 5 16
t 592 15 7 21 3 20 4 1
t 766 13 8 33 12 18 10 24
t 4 2 9 12 584 6 9 18
t 8 9 19 576 14 23 21 20
t 8 22 11 25 9 25 22 588
t 17 21 11 5 15 20 18 567
t 12 30 779 18 0 17 0 19
t 35 30 10 13 35 19 639 34
t 30 616 34 30 36 2 2 29
t 1 575 23 20 21 6 1 25
t 37 6 21 24 22 7 789 25
t 11 23 17 16 16 570 14 2
t 40 30 26 25 37 671 5 0
t 4 594 4 22 1 3 23 25
t 16 37 22 22 10 21 15 753
t 29 4 703 0 3 6 16 31
t 24 25 34 601 31 28 1 19
t 20 13 40 797 38 24 10 6
t 3 3 8 10 13 12 3 580
t 8 7 3 631 40 28 12 0
t 15 1 6 587 16 2 2 7
t 17 13 12 5 593 16 15 24
t 22 0 28 23 37 620 8 30
t 14 3 1 22 25 7 2 560
t 10 9 578 24 4 13 19 11
t 3 14 21 758 10 32 18 33
t 34 16 39 8 20 9 643 8
t 16 730 33 3 32 40 12 39
t 40 21 696 12 8 13 7 1
t 21 784 28 17 32 1 27 11
t 16 20 5 709 40 21 19 29
t 772 18 0 37 23 17 24 24
t 6 587 21 16 5 12 22 9
t 7 9 4 591 11 7 3 15
t 39 34 40 33 15 744 1 24
t 584 16 1 2 21 16 23 10
t 4 2 13 580 12 9 8 21
t 22 12 19 587 13 19 12 4
t 21 24 563 24 6 24 10 16
t 21 19 3 8 5 573 3 9
t 21 12 7 7 568 23 1 1
t 22 4 582 10 20 6 22 20
t 25 23 6 21 13 6 588 16
t 5 30 28 657 39 38 36 29
t 23 2 22 15 17 24 8 575
t 14 21 23 12 15 3 673 5
t 560 13 22 20 5 10 11 4
t 22 23 25 1 12 23 4 599
t 597 6 22 12 25 7 17 16
t 14 568 16 8 13 2 3 19
t 18 18 13 22 18 17 1 565
t 17 23 13 597 9 16 16 9
t 31 785 8 5 22 19 25 12
t 7 570 3 21 9 23 19 19
t 2 566 15 12 9 3 19 1
t 13 19 6 6 22 598 16 4
t 21 7 21 11 16 4 14 579
t 30 30 776 21 17 32 2 32
t 3 34 2 10 5 619 31 18
t 5 25 4 22 5 6 21 561
t 586 7 13 10 22 19 2 23
t 2 25 12 25 12 2 22 588
t 24 10 16 9 14 8 593 23
t 8 11 21 17 4 574 22 6
t 25 29 9 776 7 38 38 28
t 23 4 590 3 11 14 3 8
t 15 11 13 18 21 9 580 22
t 4 18 5 573 10 13 21 11
t 579 3 18 10 24 22 11 23
t 705 36 6 12 7 6 0 6
t 11 19 21 22 1 19 13 585
t 35 38 28 3 31 36 2 689
t 3 569 20 6 22 9 22 17
t 19 12 2 652 38 23 29 14
t 12 18 18 19 22 19 15 596
t 24 792 26 35 39 26 6 17
t 9 3 17 586 11 22 7 9
t 34 15 5 33 745 34 10 36
t 9 566 2 1 2 21 1 19
t 19 24 8 13 575 22 10 20
t 40 36 601 12 16 18 1 25
t 12 13 8 6 12 22 592 5
t 0 25 0 1 38 14 36 787
t 29 8 600 36 35 3 29 36
t 29 18 32 20 6 755 36 38
t 17 598 6 3 22 8 20 4
t 1 6 29 15 640 15 39 40
t 20 21 18 25 25 3 588 17
t 37 40 654 40 37 19 13 5
t 12 16 8 18 560 19 2 13
t 4 8 39 632 17 36 22 15
t 19 8 10 570 20 12 18 18
t 20 5 17 8 12 571 22 16
t 4 21 604 34 31 5 18 14
t 26 1 2 1 37 33 31 637
t 18 9 575 15 2 22 15 3
t 20 3 25 18 18 23 583 25
t 28 40 9 22 648 18 9 15
t 591 19 20 8 4 1 16 15
t 21 3 2 22 7 16 25 567
t 624 36 32 23 3 3 39 29
t 17 22 15 20 10 738 19 17
t 5 20 17 20 9 6 579 25
t 10 9 16 18 22 20 582 19
t 2 8 13 20 7 23 591 11
t 20 9 14 599 2 12 18 7
t 567 21 24 9 20 18 11 2
t 1 2 2 36 4 20 22 671
t 15 7 6 574 20 8 15 18
t 35 28 33 21 16 34 18 680
t 23 19 8 578 5 7 6 14
t 15 9 16 8 621 17 25 18
t 23 13 28 28 24 28 600 13
t 5 9 30 32 24 655 11 15
t 37 704 7 19 10 18 1 12
t 3 13 570 12 22 15 17 1
t 34 25 29 27 5 27 0 744
t 3 561 20 24 7 22 11 11
t 27 12 29 32 18 31 19 685
t 19 22 17 596 12 14 13 13
t 38 1 23 13 6 31 705 19
t 38 40 10 36 616 28 29 26
t 577 18 18 4 25 8 3 3
t 10 32 33 11 25 29 5 676
t 16 9 1 12 22 593 4 24
t 1 30 5 6 706 11 5 31
t 4 18 13 22 24 580 24 12
t 26 14 15 31 5 648 28 19
t 21 17 9 19 3 577 4 12
t 6 1 14 14 8 586 12 21
t 1 5 8 7 3 588 14 6
t 34 26 653 39 25 19 22 40
t 13 3 17 18 3 22 18 590
t 24 11 765 30 2 24 39 36
t 640 11 12 8 11 10 13 31
t 9 3 17 586 12 16 7 17
t 7 17 7 13 17 36 3 644
t 19 40 33 28 7 26 730 5
t 17 25 21 13 5 2 8 580
t 5 13 5 4 9 23 585 20
t 11 19 20 13 584 12 13 6
t 8 2 12 40 13 39 7 614
t 2 16 7 12 19 595 9 15
t 25 2 27 8 27 21 659 30
t 5 21 5 21 17 1 16 571
t 22 11 6 579 19 20 13 18
t 23 18 705 19 15 25 9 21
t 24 20 589 7 7 5 24 11
t 14 23 1 584 10 15 4 19
t 6 18 5 593 17 9 11 16
t 15 21 581 14 21 17 23 1
t 7 2 25 3 560 8 12 15
t 27 710 8 19 23 9 31 15
t 583 8 9 15 16 4 23 24
t 8 8 2 17 12 575 23 8
t 20 595 14 6 25 17 13 14
t 0 36 607 28 19 34 30 14
t 16 21 22 14 709 29 32 7
t 25 575 2 9 13 14 4 16
t 8 15 33 794 29 33 19 7
t 8 1 16 20 6 22 560 2
t 3 11 7 6 2 586 11 3
t 11 12 2 14 586 19 25 23
t 24 8 3 10 15 18 15 567
t 25 8 2 2 14 13 581 18
t 31 28 16 18 772 16 3 19
t 13 39 11 29 10 30 772 1
t 10 11 23 9 24 4 8 563
t 2 1 18 35 763 24 30 27
t 33 25 12 721 20 32 17 18
t 21 24 9 23 17 19 567 23
t 26 37 18 710 24 7 25 4
t 32 794 40 37 29 35 36 33
t 25 7 16 21 17 13 598 13
t 19 3 18 33 10 759 6 19
t 563 23 5 16 10 24 3 16
t 4 6 21 8 18 9 583 14
t 37 600 5 1 33 9 20 32
t 1 1 630 36 24 11 1 12
t 10 17 17 8 12 14 569 11
t 40 34 618 31 36 13 24 11
t 9 2 19 12 6 17 21 591
t 21 14 4 574 11 7 25 17
t 14 16 591 24 10 6 18 12
t 1 3 7 14 566 4 25 5
t 17 4 17 20 21 584 8 1
t 11 25 20 1 23 19 596 23
t 10 32 0 26 37 20 793 36
t 14 755 13 13 8 25 9 8
t 40 31 12 2 3 676 6 29
t 14 581 25 2 4 1 14 6
t 24 15 20 22 18 4 13 579
t 573 12 24 3 1 14 10 10
t 10 13 15 17 567 9 18 5
t 38 7 3 29 740 23 5 33
t 20 594 25 21 4 20 2 3
t 13 10 11 14 579 17 12 9
t 17 6 14 14 4 16 9 586
t 18 20 586 16 4 24 16 16
t 25 0 23 28 20 10 11 783
t 11 32 38 24 27 697 37 20
t 19 0 31 25 5 667 7 21
t 5 20 13 8 18 13 24 587
t 562 9 19 23 24 14 21 17
t 7 13 32 782 5 27 28 40
t 567 11 19 13 19 2 25 20
t 15 16 4 588 15 8 14 1
t 11 8 20 21 33 2 11 616
t 28 7 10 5 27 40 670 26
t 15 4 695 0 20 15 27 26
t 7 4 9 588 21 1 22 10
t 16 588 24 11 21 17 7 17
t 6 12 16 729 17 35 23 28
t 16 25 576 13 19 2 13 3
t 24 9 6 4 8 590 12 7
t 7 22 11 17 25 582 23 11
t 581 25 20 21 5 9 1 20
t 13 8 1 582 3 18 11 24
t 24 3 5 2 25 573 17 2
t 25 22 561 5 2 23 8 15
t 8 39 7 31 32 771 17 1
t 6 13 25 759 36 28 15 25
t 35 786 5 13 40 33 9 0
t 16 9 6 24 595 16 2 23
t 5 1 569 17 25 8 19 21
t 574 14 21 4 4 19 1 10
t 5 2 560 8 17 25 6 25
t 595 1 20 4 7 1 15 7
t 21 11 40 1 632 33 9 17
t 655 19 26 3 10 28 21 7
t 9 14 24 14 595 9 15 14
t 21 18 573 11 14 22 15 23
t 40 6 1 17 667 11 4 18
t 19 20 576 19 1 20 23 3
t 25 15 9 23 597 25 17 25
t 28 10 642 23 14 1 27 24
t 5 14 9 14 12 595 10 9
t 36 33 27 680 29 0 14 34
t 13 35 25 666 17 25 0 20
t 13 38 40 35 15 738 22 3
t 4 3 18 17 565 5 25 6
t 7 15 6 709 36 39 26 38
t 27 33 28 13 27 14 741 16
t 31 6 32 11 21 26 611 2
t 6 7 660 16 24 21 10 34
t 8 576 18 21 24 15 24 17
t 18 6 18 4 16 4 595 7
t 11 25 17 579 9 25 23 15
t 790 34 31 20 18 19 5 25
t 27 37 40 0 14 37 31 722
t 11 3 564 6 4 11 14 19
t 7 25 1 564 18 8 4 25
t 565 25 18 23 6 17 21 17
t 18 12 19 33 0 25 28 782
t 3 12 9 705 40 5 27 7
t 19 766 35 26 16 26 25 40
t 18 14 14 22 5 594 8 8
t 16 7 563 10 13 8 2 18
t 22 14 32 18 26 760 24 18
t 36 2 23 25 617 4 8 33
t 40 25 14 730 38 13 35 6
t 1 2 12 31 633 37 17 8
t 7 4 1 18 16 5 584 19
t 4 20 590 5 19 25 9 25
t 13 20 22 560 24 5 14 10
t 20 29 7 609 12 10 29 3
t 13 9 20 571 20 15 5 2
t 33 36 28 35 781 16 18 4
t 9 23 25 16 18 13 14 578
t 23 6 25 21 25 2 585 8
t 763 14 17 35 28 17 37 31
t 25 772 16 31 17 20 40 2
t 18 9 20 9 594 9 3 16
t 22 27 36 6 13 39 27 708
t 25 1 3 23 33 790 27 38
t 2 2 10 10 2 12 565 9
t 15 40 18 30 9 36 21 761
t 2 14 12 5 4 584 6 17
t 3 10 20 5 19 13 24 583
t 20 8 20 575 21 19 11 5
t 35 39 25 11 611 12 31 21
t 25 11 17 659 22 7 24 26
t 7 21 24 14 575 25 11 17
t 20 5 24 3 565 24 16 6
t 32 0 3 19 12 40 2 794
t 565 12 22 20 25 14 10 13
t 628 15 29 30 27 31 23 6
t 17 5 16 565 5 20 11 25
t 21 12 16 24 15 589 4 12
t 22 38 31 733 39 12 36 13
t 0 20 7 28 0 675 9 11
t 27 37 33 14 36 20 641 31
t 18 573 23 18 10 20 3 8
t 33 11 24 40 38 17 17 746
t 6 569 19 23 22 18 22 20
t 564 11 21 3 9 15 22 23
t 39 7 38 10 12 637 14 11
t 646 10 15 4 22 21 7 36
t 12 21 10 15 14 576 18 17
t 565 18 15 22 14 22 21 11
t 20 1 35 4 30 646 35 15
t 759 16 29 0 3 36 36 22
t 1 5 8 571 10 4 23 12
t 21 19 20 6 22 690 37 8
t 708 40 16 7 2 3 37 4
t 17 587 9 18 3 3 7 23
t 19 4 12 13 25 564 19 19
t 19 19 2 8 36 622 37 26
t 10 575 2 1 2 14 15 13
t 593 25 21 10 11 2 6 5
t 564 20 7 9 12 20 8 19
t 25 28 4 721 13 25 22 5
t 40 727 30 16 3 16 30 11
t 4 23 2 12 3 584 19 10
t 584 7 21 12 17 3 19 8
t 32 1 30 20 632 7 0 17
t 18 19 15 37 31 9 755 21
t 19 18 19 35 28 14 721 19
t 10 1 8 581 5 21 25 23
t 36 789 6 17 12 12 16 13
t 21 32 15 19 21 20 729 5
t 17 14 9 597 17 8 17 9
t 14 39 33 750 0 4 18 2
t 18 6 1 12 18 587 2 23
t 12 5 14 31 20 790 21 17
t 23 12 18 18 17 591 1 18
t 575 18 25 10 10 7 21 12
t 9 39 9 6 620 21 5 14
t 24 10 7 8 4 599 15 25
t 8 649 17 14 35 19 13 39
t 25 5 579 1 20 16 12 12
t 22 569 2 6 21 18 6 15
t 38 24 33 27 723 3 5 12
t 12 17 597 19 16 3 22 16
t 750 1 26 10 14 28 11 5
t 11 18 15 1 565 3 18 21
t 710 34 29 18 7 26 20 21
t 636 19 3 37 22 20 8 10
t 6 11 14 25 591 1 11 3
t 15 12 17 570 3 19 22 19
t 5 38 34 8 6 741 10 28
t 564 21 15 9 7 13 12 6
t 6 30 11 21 789 34 22 25
t 4 4 13 23 576 19 25 10
t 1 16 9 8 25 593 18 9
t 30 734 26 18 21 15 17 2
t 9 7 25 8 22 22 24 586
t 20 1 6 563 23 13 9 21
t 32 27 1 707 34 9 6 33
t 2 7 12 25 14 11 3 576
t 6 24 17 2 20 742 7 31
t 17 19 9 11 8 23 10 566
t 8 21 24 20 18 1 581 16
t 15 35 6 26 1 26 653 34
t 30 17 24 12 37 656 4 32
t 16 10 18 9 23 569 12 4
t 37 34 35 25 2 782 21 8
t 23 5 21 587 25 13 9 3
t 33 18 626 4 20 31 17 12
t 22 39 14 719 30 23 23 29
t 14 13 577 14 5 7 1 7
t 7 16 37 7 25 28 6 778
t 22 794 11 32 28 14 22 30
t 10 1 14 25 3 570 18 1
t 1 5 10 7 16 9 2 586
t 14 1 8 688 15 9 14 12
t 726 26 3 20 0 8 25 11
t 4 19 38 716 1 36 4 25
t 26 30 28 720 26 26 21 6
t 22 571 12 9 21 6 16 3
t 13 35 649 26 21 16 28 2
t 30 4 9 39 7 19 663 6
t 23 20 1 568 6 21 22 6
t 1 22 566 3 15 16 16 17
t 13 9 6 24 10 594 14 15
t 37 1 21 36 17 22 664 37
t 23 22 16 19 11 12 16 566
t 22 2 23 19 20 5 580 20
t 9 21 19 10 591 1 24 24
t 15 18 25 2 589 23 6 18
t 2 9 22 18 596 2 14 15
t 1 22 21 16 12 588 5 8
t 25 5 13 24 563 12 18 16
t 11 12 19 15 3 13 24 599
t 22 566 20 12 6 2 8 10
t 2 1 5 21 20 597 15 10
t 1 9 17 17 12 570 5 1
t 14 10 571 21 17 7 8 2
t 34 26 15 711 14 7 27 9
t 8 12 596 18 20 14 1 2
t 23 3 9 19 8 23 583 25
t 19 2 572 2 16 8 15 15
t 6 590 1 12 9 9 6 13
t 37 762 27 20 32 22 27 32
t 11 24 16 4 7 19 591 13
t 13 736 0 36 39 17 34 31
t 572 1 17 22 25 2 3 19
t 563 7 8 15 11 3 19 15
t 14 1 18 9 25 12 4 593
t 32 1 32 12 775 1 34 15
t 25 4 18 25 2 2 570 5
t 11 3 14 16 19 1 25 574
t 758 40 4 30 39 12 21 28
t 8 17 9 11 11 3 569 21
t 26 34 20 33 33 27 670 10
t 26 39 31 19 38 32 40 614
t 25 10 26 36 685 31 26 16
t 23 3 20 561 24 11 18 12
t 9 7 596 19 12 13 16 17
t 568 5 2 24 20 15 10 1
t 18 39 35 38 9 25 30 716
t 7 9 23 25 756 9 1 0
t 29 6 8 23 8 0 11 750
t 10 31 31 32 18 28 18 776
t 31 8 27 17 26 33 614 26
t 4 596 25 3 23 24 5 18
t 28 23 26 4 37 618 31 15
t 0 21 23 14 9 11 3 735
t 1 38 21 30 18 24 678 38
t 31 9 0 7 790 5 10 23
t 18 17 6 15 8 7 24 569
t 13 23 9 570 14 24 4 4
t 2 24 6 22 12 24 573 13
t 15 717 8 12 25 9 14 38
t 3 2 1 598 25 13 15 6
t 9 4 1 10 581 21 2 14
t 11 16 25 9 587 7 8 21
t 6 26 15 35 638 6 36 4
t 588 19 25 6 8 24 5 12
t 16 12 4 1 11 10 704 34
t 5 2 7 24 560 1 22 16
t 609 23 2 16 35 36 18 34
t 16 1 592 18 2 21 14 16
t 16 27 40 750 35 24 15 20
t 696 20 31 16 25 14 9 21
t 755 35 13 38 23 19 11 27
t 4 7 13 6 23 24 13 599
t 20 11 16 17 578 20 13 20
t 25 23 717 39 7 29 27 7
t 19 8 23 1 21 6 25 598
t 6 3 5 594 2 4 7 18
t 599 3 18 14 8 11 5 12
t 18 1 14 1 13 24 589 4
t 6 18 35 29 36 19 26 727
t 4 2 3 22 585 15 16 7
t 7 36 5 767 37 33 26 18
t 654 24 31 14 14 15 25 2
t 17 4 3 19 16 587 19 18
t 36 28 22 1 646 28 34 36
t 23 22 11 24 24 8 576 17
t 6 10 17 24 10 5 580 6
t 599 2 18 4 15 3 11 6
t 21 13 13 32 15 8 23 774
t 32 35 8 10 12 8 779 9
t 32 27 728 2 27 19 19 3
t 17 24 19 574 14 12 6 1
t 1 576 25 18 2 12 2 1
t 783 33 31 4 3 33 10 33
t 8 681 20 39 34 5 26 6
t 590 18 2 16 9 13 18 1
t 22 25 14 599 20 15 8 22
t 23 6 38 705 33 6 37 27
t 2 8 11 1 563 19 7 15
t 1 12 10 25 36 12 660 21
t 11 8 11 25 27 34 776 35
t 11 566 25 18 7 2 10 24
t 4 17 14 35 2 712 8 27
t 25 23 13 16 9 21 6 570
t 656 27 12 28 8 3 22 33
t 39 25 15 13 7 11 18 791
t 4 13 8 9 10 1 703 32
t 23 566 12 25 9 13 16 23
t 8 7 8 9 23 14 589 1
t 13 10 12 20 23 22 8 589
t 7 5 16 14 10 1 14 580
t 21 579 22 2 9 13 12 2
t 24 2 32 1 4 33 12 651
t 9 3 17 21 11 16 20 586
t 3 20 2 19 566 4 16 14
t 2 11 12 6 27 1 22 609
t 40 11 657 11 31 8 37 39
t 630 37 15 20 27 38 30 29
t 8 1 686 26 5 17 35 39
t 2 2 18 4 20 565 18 20
t 777 38 40 20 15 8 31 30
t 3 22 571 10 18 16 12 18
t 23 25 18 14 17 562 10 15
t 4 586 4 19 1 3 11 19
t 14 21 8 30 35 7 608 2
t 1 4 14 40 2 32 17 682
t 18 38 604 22 3 5 4 34
t 5 10 13 6 24 16 592 9
t 18 582 10 9 5 18 4 9
t 32 40 34 36 36 0 5 682
t 654 24 22 3 14 14 32 15
t 16 22 36 34 10 757 12 37
t 1 22 6 19 4 596 8 1
t 24 28 8 662 16 33 4 23
t 17 25 4 14 585 10 20 25
t 12 592 14 3 14 24 11 6
t 24 34 22 4 32 21 39 620
t 24 20 23 19 16 6 566 19
t 24 5 3 32 9 1 743 19
t 10 6 9 16 594 21 9 5
t 24 26 24 675 31 8 15 9
t 15 22 599 17 20 15 6 1
t 6 5 4 2 12 16 23 568
t 11 17 17 24 572 12 20 11
t 20 23 627 32 35 39 37 3
t 3 1 24 582 4 8 15 2
t 20 16 8 20 13 576 19 14
t 3 7 6 15 7 5 17 592
t 34 36 35 31 16 5 785 6
t 20 15 579 19 19 14 6 14
t 19 6 4 2 13 591 11 7
t 4 1 2 17 10 616 34 39
t 35 787 29 7 2 17 2 38
t 766 2 9 23 18 37 27 8
t 569 9 24 22 6 23 22 15
t 8 15 568 12 7 16 23 9
t 24 32 12 10 723 38 28 40
t 10 622 0 37 35 28 14 30
t 560 2 15 11 24 7 1 20
t 7 2 24 5 13 584 7 22
t 9 637 16 36 19 9 13 22
t 598 17 9 20 10 10 4 18
t 583 22 8 5 21 10 19 20
t 1 10 12 574 22 23 3 21
t 39 16 19 754 36 31 40 0
t 591 15 23 25 6 17 6 2
t 20 16 19 587 21 23 24 4
t 21 3 22 14 17 572 17 25
t 16 15 9 15 587 14 23 3
t 13 567 10 5 7 24 19 13
t 12 2 15 4 560 10 24 20
t 0 24 27 34 2 29 732 28
t 10 25 21 8 581 10 9 20
t 19 18 592 15 15 5 22 12
t 18 4 13 787 14 22 17 30
t 19 22 677 40 34 3 31 16
t 14 14 567 10 18 6 9 5
t 9 19 18 33 731 13 2 32
t 16 27 34 3 14 23 3 685
t 36 36 33 8 16 681 24 34
t 13 10 12 25 3 15 5 581
t 1 564 20 2 13 1 9 4
t 36 18 40 16 32 720 38 3
t 19 23 7 575 6 15 16 2
t 11 8 578 6 3 4 12 10
t 27 2 31 4 35 15 33 765
t 4 5 9 3 574 4 21 24
t 2 14 14 7 17 5 1 568
t 36 12 13 674 32 32 30 34
t 22 581 15 16 17 6 12 3
t 596 16 19 5 6 11 14 3
t 566 24 7 23 11 2 1 15
t 8 19 25 9 29 13 39 744
t 38 12 32 4 4 34 12 755
t 4 14 18 599 6 14 22 1
t 18 14 25 16 19 14 562 14
t 30 0 38 40 19 11 755 25
t 1 593 6 25 22 22 11 13
t 17 23 597 24 23 9 15 21
t 23 22 24 594 3 8 2 13
t 35 19 2 16 32 2 9 734
t 16 13 17 20 1 3 20 587
t 21 10 23 19 16 15 596 8
t 22 29 37 25 27 617 21 17
t 587 23 14 4 13 15 21 17
t 20 21 11 18 589 23 2 17
t 22 6 13 13 8 9 589 20
t 14 597 11 23 20 13 4 18
t 6 4 565 22 21 5 16 22
t 23 10 577 19 25 8 2 24
t 787 31 20 5 7 7 34 0
t 609 10 11 39 4 11 20 38
t 28 33 2 19 26 14 657 37
t 12 18 3 9 655 39 9 25
t 18 23 39 1 21 10 37 756
t 5 19 12 11 8 19 582 12
t 19 31 29 21 14 25 766 35
t 705 13 29 27 14 7 16 11
t 28 1 798 14 26 27 31 29
t 20 13 2 584 6 9 11 11
t 5 753 38 16 15 32 5 35
t 6 629 21 27 13 19 9 2
t 37 25 6 24 10 15 722 12
t 39 15 25 4 31 17 11 766
t 24 16 8 1 22 576 24 20
t 7 31 19 677 31 11 31 2
t 19 8 1 16 22 4 583 15
t 23 20 24 19 6 9 575 19
t 18 34 701 4 20 8 12 27
t 779 37 4 8 1 15 5 29
t 22 25 9 582 9 23 3 14
t 1 3 11 6 576 10 13 12
t 8 17 17 5 9 9 19 592
t 28 23 10 29 27 761 15 4
t 19 1 11 1 17 596 4 1
t 15 7 7 24 18 3 21 564
t 565 13 7 11 19 11 25 8
t 30 615 31 18 33 5 28 33
t 24 598 16 11 22 21 18 5
t 2 16 599 25 16 21 16 17
t 27 729 35 37 9 29 39 4
t 28 39 10 28 11 16 652 23
t 23 8 2 566 9 24 22 12
t 10 2 25 587 14 11 22 9
t 1 5 6 20 17 3 12 564
t 6 15 580 6 9 12 10 20
t 2 4 20 11 561 23 8 13
t 3 20 6 590 2 8 13 24
t 21 16 6 11 20 22 15 566
t 21 16 25 23 36 694 25 30
t 7 22 23 16 30 30 783 9
t 18 21 7 594 4 14 23 5
t 34 660 40 8 23 25 19 21
t 23 610 6 33 11 9 33 33
t 23 6 8 16 592 4 21 19
t 9 15 2 4 25 31 28 678
t 0 31 6 795 28 40 8 14
t 5 31 28 18 17 16 719 24
t 19 28 38 30 23 22 21 718
t 4 6 569 13 22 15 17 18
t 1 13 15 587 13 4 17 8
t 6 17 4 16 20 10 1 589
t 16 27 14 40 18 29 27 726
t 34 15 9 24 756 2 19 40
t 35 7 9 10 28 11 26 660
t 3 584 13 9 1 12 6 11
t 597 4 8 25 21 12 24 10
t 608 30 17 30 40 4 26 1
t 18 18 599 6 9 25 18 13
t 574 1 25 19 15 16 12 18
t 19 17 6 17 570 7 4 22
t 7 19 21 20 587 3 9 15
t 19 9 714 6 38 37 38 28
t 2 1 23 17 8 16 10 579
t 11 7 12 9 3 578 18 4
t 6 8 8 25 16 20 20 569
t 13 2 8 564 1 2 20 16
t 5 25 37 8 601 22 40 8
t 22 6 13 7 21 562 24 20
t 6 12 24 7 23 577 10 16
t 12 16 6 712 8 37 12 37
t 567 17 25 6 9 20 24 7
t 13 12 1 37 9 17 779 16
t 0 6 19 734 32 39 28 16
t 567 15 23 16 21 17 15 13
t 10 3 5 10 574 22 6 7
t 681 20 22 2 35 25 33 3
t 10 6 15 3 6 580 12 16
t 18 24 5 5 583 6 22 7
t 24 583 15 12 3 5 13 6
t 21 7 35 38 26 14 645 17
t 23 1 12 758 34 24 8 11
t 15 1 11 588 22 4 14 3
t 21 30 16 7 14 16 616 22
t 11 7 5 13 14 4 20 584
t 3 4 17 23 4 20 561 3
t 9 14 9 1 18 21 560 24
t 27 12 779 27 0 38 11 7
t 34 11 11 9 19 629 7 39
t 40 643 29 24 8 31 6 29
t 12 24 2 16 21 1 579 14
t 30 685 26 15 32 3 8 38
t 16 724 38 25 2 24 24 31
t 3 12 7 590 20 20 11 19
t 35 11 9 709 35 3 4 28
t 25 591 4 9 21 17 14 11
t 36 23 18 28 17 639 7 24
t 30 3 15 19 8 781 7 33
t 574 11 22 10 22 9 9 6
t 18 4 7 2 22 572 9 25
t 3 679 24 39 23 27 30 6
t 562 12 9 12 7 6 19 22
t 14 585 20 10 6 9 17 16
t 1 2 16 36 8 39 21 792
t 22 6 767 3 23 21 39 15
t 3 13 3 23 8 581 5 25
t 1 6 2 22 4 759 3 1
t 23 20 14 23 588 18 23 10
t 1 5 6 22 584 25 16 14
t 10 22 22 37 740 28 27 0
t 4 0 751 2 0 4 9 5
t 22 4 20 1 13 31 796 37
t 7 25 22 18 577 18 18 9
t 22 1 2 2 5 568 8 4
t 6 2 25 24 6 6 592 19
t 594 14 23 1 25 24 13 23
t 632 16 33 39 31 11 32 22
t 14 7 4 24 580 4 16 23
t 1 9 4 16 11 3 17 576
t 23 25 19 9 16 572 11 17
t 40 20 795 36 14 38 15 10
t 746 37 20 38 28 8 31 13
t 24 2 5 35 37 7 666 19
t 13 12 21 14 4 3 10 580
t 18 17 1 23 598 13 14 19
t 24 572 8 16 5 19 12 2
t 18 3 25 25 589 2 4 24
t 7 18 22 9 13 590 2 3
t 21 3 19 5 28 18 3 678
t 0 6 17 690 24 19 23 27
t 23 563 17 25 4 2 23 23
t 22 1 27 639 11 38 9 28
t 6 592 11 23 17 4 18 8
t 21 3 8 9 600 13 37 10
t 22 14 35 31 36 776 9 21
t 13 595 1 22 22 1 16 5
t 570 4 20 15 20 3 16 5
t 34 12 31 31 707 20 13 8
t 581 22 16 12 18 10 5 20
t 593 7 21 14 6 19 20 18
t 23 34 33 29 21 731 18 7
t 12 17 585 16 18 15 5 10
t 2 566 9 5 21 24 25 3
t 594 5 1 8 18 17 20 11
t 13 9 14 25 25 2 591 13
t 8 8 7 5 5 579 14 3
t 7 16 10 727 21 18 0 34
t 16 13 16 8 9 15 7 598
t 12 23 11 17 569 13 16 21
t 9 16 12 24 13 6 17 587
t 4 25 14 657 31 32 24 38
t 17 575 9 5 3 25 11 5
t 10 667 17 32 14 16 22 28
t 10 15 15 15 567 17 4 16
t 16 23 21 7 11 20 588 23
t 16 686 29 13 37 12 21 20
t 22 575 22 1 5 22 14 25
t 567 5 3 20 8 3 1 19
t 4 565 1 16 3 20 11 19
t 4 36 20 734 0 18 33 9
t 12 26 32 23 28 23 3 753
t 3 9 20 19 16 18 596 2
t 582 4 23 19 4 19 16 14
t 19 21 19 593 2 12 2 4
t 17 21 0 37 20 602 23 4
t 19 15 17 11 25 9 588 10
t 23 19 4 24 7 5 25 561
t 15 13 12 20 23 574 2 24
t 23 25 657 0 16 20 21 15
t 15 2 26 12 3 27 13 767
t 37 13 730 4 21 29 27 22
t 1 10 20 22 570 15 5 22
t 15 36 20 11 3 30 668 35
t 2 1 12 2 25 13 16 593
t 560 11 5 7 19 23 16 22
t 20 21 23 591 9 11 2 12
t 3 735 10 16 17 34 17 38
t 35 14 12 14 8 6 27 708
t 31 783 21 18 0 29 27 39
t 5 7 22 581 2 16 9 21
t 9 35 8 34 5 19 702 4
t 37 0 6 24 1 676 32 16
t 24 567 15 15 9 15 20 3
t 6 2 19 13 576 19 8 15
t 645 15 14 25 5 4 36 17
t 38 18 26 15 7 20 795 27
t 21 19 1 8 13 14 594 23
t 11 590 3 23 4 14 9 16
t 15 22 588 5 5 2 17 6
t 762 27 17 36 36 13 18 5
t 30 30 709 38 28 25 2 39
t 25 10 2 17 16 572 5 23
t 579 24 16 3 2 17 10 22
t 12 7 576 19 5 1 1 3
t 1 568 20 24 2 5 24 8
t 9 25 1 15 8 598 2 10
t 4 31 28 623 13 3 30 3
t 690 17 5 36 14 32 11 27
t 14 18 9 11 8 2 567 25
t 578 20 25 11 23 10 22 15
t 3 40 780 28 18 37 7 36
t 28 631 15 6 38 29 19 2
t 26 16 38 1 23 24 5 618
t 26 29 35 793 27 11 39 3
t 3 24 19 11 8 9 9 579
t 630 23 14 36 18 37 0 10
t 33 38 709 22 18 7 5 36
t 2 20 38 14 1 786 2 23
t 10 8 583 21 10 4 11 16
t 691 24 37 1 23 18 30 38
t 16 12 14 5 5 18 590 5
t 6 11 6 3 13 574 8 22
t 570 12 6 24 11 11 5 8
t 31 30 759 37 0 18 32 27
t 18 588 16 18 18 8 15 21
t 5 5 0 18 25 32 733 40
t 20 31 34 32 32 12 34 720
t 4 18 33 14 10 672 14 5
t 17 4 4 9 7 1 569 15
t 31 23 23 10 40 23 705 19
t 24 29 33 661 40 36 29 28
t 37 38 33 605 30 23 21 34
t 22 17 16 25 8 7 17 579
t 23 4 11 18 7 22 576 7
t 7 12 14 4 15 22 589 11
t 0 5 6 20 14 616 19 10
t 763 15 33 21 5 8 3 16
t 21 21 4 6 22 2 567 20
t 13 1 2 19 8 23 23 581
t 19 30 772 39 30 2 33 20
t 15 5 25 564 20 8 14 8
t 19 16 21 22 7 572 18 25
t 24 778 2 24 20 40 5 29
t 18 3 19 2 20 580 17 1
t 608 26 15 26 24 1 23 36
t 4 9 25 21 8 2 568 9
t 7 23 23 13 1 592 14 14
t 21 7 11 2 583 12 7 8
t 25 6 570 2 5 7 17 21
t 21 2 17 587 22 9 2 24
t 2 578 23 2 14 24 22 8
t 8 727 27 1 19 22 33 1
t 19 21 14 2 594 12 10 6
t 750 17 40 21 35 24 19 32
t 579 4 13 18 6 18 16 21
t 17 18 25 588 10 16 24 15
t 32 10 10 6 650 6 15 37
t 15 13 5 15 6 15 587 15
t 2 14 3 16 13 579 20 2
t 5 563 1 4 20 21 8 14
t 3 15 12 39 21 2 668 0
t 31 26 21 643 5 5 31 5
t 5 595 6 22 2 21 24 3
t 4 14 20 695 7 1 6 15
t 17 10 15 8 560 1 23 16
t 18 776 6 17 34 12 13 35
t 20 592 20 4 11 7 8 19
t 7 1 19 12 19 594 5 22
t 14 17 1 685 0 31 4 32
t 11 16 0 26 16 19 740 29
t 6 5 39 631 11 9 13 20
t 7 15 1 8 21 29 701 31
t 35 36 4 32 618 34 2 4
t 12 1 10 3 17 16 580 11
t 13 677 30 25 11 22 23 10
t 32 4 10 19 20 19 778 37
t 36 25 10 1 27 27 779 36
t 18 11 9 17 21 24 568 14
t 6 22 17 22 10 4 21 597
t 16 18 17 575 15 21 25 13
t 3 23 580 18 14 4 19 21
t 563 5 7 13 18 15 18 9
t 25 1 21 26 32 654 34 8
t 11 7 14 16 574 23 22 11
t 613 26 9 1 15 6 35 0
t 34 26 1 764 34 19 6 2
t 2 13 571 16 18 19 18 2
t 10 28 6 2 676 36 26 28
t 24 667 20 23 17 37 15 1
t 10 12 17 15 3 597 11 12
t 15 16 20 13 565 8 22 11
t 15 19 22 20 579 5 17 11
t 4 2 15 23 12 22 589 22
t 23 25 13 2 578 8 21 20
t 28 8 32 31 5 771 33 32
t 581 11 16 11 24 15 22 8
t 19 8 38 5 35 39 1 692
t 19 588 25 14 9 2 22 11
t 38 11 28 26 756 14 9 22
t 10 30 33 39 29 630 14 14
t 1 3 3 574 25 7 18 1
t 741 19 8 34 4 17 32 11
t 12 23 565 19 12 12 3 7
t 12 6 11 1 5 8 579 18
t 7 31 19 703 31 2 19 30
t 586 9 14 16 2 4 8 12
t 10 21 591 15 9 12 18 20
t 23 18 19 13 10 24 7 596
t 11 7 12 2 5 578 13 22
t 20 8 29 3 4 36 27 694
t 20 19 35 22 601 2 5 5
t 21 35 731 28 39 17 4 33
t 586 3 21 3 8 23 13 2
t 20 3 21 23 609 9 32 30
t 13 0 25 2 30 6 669 11
t 3 0 32 26 8 2 11 765
t 40 38 22 704 32 10 15 40
t 21 9 24 19 18 10 584 24
t 3 6 23 567 6 13 11 21
t 12 11 8 18 16 1 599 19
t 6 11 8 14 26 22 630 2
t 23 22 15 11 22 4 5 566
t 8 21 21 21 12 582 11 18
t 21 25 21 18 22 568 7 14
t 8 3 13 25 563 17 17 2
t 14 14 2 3 2 599 1 25
t 27 11 22 2 748 33 12 24
t 24 570 19 23 20 25 17 12
t 17 17 582 19 14 14 7 21
t 9 1 23 13 17 565 16 19
t 37 5 0 4 37 657 30 22
t 22 19 11 3 11 568 24 18
t 6 20 597 14 12 18 8 17
t 25 2 18 23 27 745 35 28
t 21 3 28 16 36 31 1 737
t 7 4 3 4 584 25 1 12
t 15 5 12 15 25 575 20 20
t 12 7 24 20 19 25 14 581
t 2 5 567 24 12 4 12 23
t 23 21 39 36 610 0 7 12
t 14 1 21 16 11 3 561 18
t 36 35 18 22 790 15 2 6
t 18 10 12 11 10 21 561 13
t 10 25 5 592 25 5 16 15
t 22 23 9 24 560 13 18 18
t 22 11 1 8 582 1 16 8
t 10 9 7 12 16 12 586 14
t 25 31 25 6 748 37 4 7
t 3 1 0 30 689 21 1 37
t 5 5 8 25 15 3 562 17
t 756 3 26 26 19 31 34 30
t 15 4 9 586 8 6 15 11
t 16 17 11 18 23 6 595 2
t 31 40 31 632 40 3 23 3
t 29 4 628 23 18 29 34 0
t 667 20 18 4 11 29 21 9
t 7 7 13 16 6 3 582 9
t 7 2 32 674 15 20 36 37
t 594 12 8 8 24 3 18 21
t 38 26 17 788 33 40 29 28
t 7 6 7 562 25 23 13 7
t 595 6 16 21 22 10 11 10
t 32 11 29 33 21 2 19 669
t 16 35 603 39 1 37 1 16
t 10 14 2 770 0 4 24 22
t 35 32 1 704 18 15 0 40
t 25 23 24 8 5 574 10 25
t 8 8 13 747 27 13 12 38
t 653 27 8 33 0 8 12 3
t 9 572 22 16 20 18 18 12
t 17 36 767 32 27 3 29 0
t 33 8 609 1 17 39 30 12
t 14 18 19 13 3 2 564 25
t 38 660 14 9 32 9 15 16
t 14 2 9 11 1 7 585 21
t 14 13 3 596 1 24 8 25
t 34 10 22 32 27 677 1 32
t 6 565 4 24 17 19 11 9
t 26 7 22 38 24 11 720 33
t 22 38 34 24 29 717 37 17
t 15 578 16 4 19 2 5 24
t 576 8 8 3 20 17 22 12
t 29 795 26 31 14 14 30 28
t 10 3 569 15 1 16 21 6
t 599 11 24 3 18 24 21 25
t 17 8 17 590 7 3 8 2
t 11 7 6 8 589 9 21 2
t 730 12 32 31 11 6 27 24
t 16 585 16 22 10 20 23 2
t 5 1 567 18 18 20 9 15
t 6 565 18 10 11 3 11 2
t 3 16 565 4 6 15 7 4
t 22 4 18 38 40 0 720 9
t 16 9 21 23 19 568 5 8
t 16 5 579 6 10 25 13 6
t 22 7 584 14 3 10 3 21
t 1 14 592 6 20 9 23 25
t 28 0 5 3 17 710 16 29
t 6 17 597 14 12 20 18 1
t 24 24 585 14 18 4 10 10
t 8 3 24 19 19 12 25 568
t 22 6 8 581 5 16 3 4
t 8 30 1 693 36 18 32 0
t 30 26 40 28 34 10 21 716
t 26 712 8 15 9 26 37 9
t 6 17 10 592 5 4 10 3
t 18 38 26 7 646 35 37 36
t 26 32 32 17 28 28 640 15
t 1 10 566 13 20 16 3 14
t 5 37 11 753 38 39 39 8
t 17 9 21 19 19 592 4 12
t 26 20 14 22 27 720 10 27
t 3 2 597 3 24 24 2 11
t 10 25 5 18 1 6 8 590
t 7 6 19 580 20 13 20 3
t 16 11 16 11 561 11 18 7
t 30 640 2 25 8 20 32 33
t 20 20 7 17 15 11 578 21
t 589 14 17 8 19 25 24 7
t 6 21 579 14 10 21 14 11
t 31 15 6 12 29 733 30 35
t 12 24 19 14 12 8 578 23
t 562 12 11 21 18 5 17 4
t 781 2 30 27 13 27 29 12
t 31 20 18 13 7 758 12 27
t 3 22 22 22 570 22 5 18
t 18 7 1 24 5 24 11 586
t 9 40 39 5 25 760 4 24
t 19 16 21 592 11 25 10 21
t 11 5 15 9 18 18 562 20
t 8 10 8 5 21 566 25 24
t 2 11 15 9 13 1 585 23
t 25 568 12 25 22 20 20 5
t 11 27 30 800 28 16 0 33
t 1 19 24 20 19 25 591 10
t 17 22 19 22 23 766 27 31
t 17 7 5 566 5 18 10 23
t 22 14 21 562 3 8 25 24
t 40 38 17 9 16 14 3 653
t 18 16 14 593 18 7 24 11
t 4 10 14 20 19 579 24 2
t 32 6 25 3 30 726 27 1
t 19 9 10 5 11 569 10 1
t 583 15 16 2 9 10 14 6
t 5 39 27 17 30 22 646 16
t 649 14 2 36 28 16 19 13
t 36 702 40 38 37 38 22 39
t 38 608 16 27 23 36 4 21
t 598 13 24 9 5 1 21 12
t 18 31 6 7 25 27 602 32
t 576 7 5 12 2 15 21 11
t 12 596 1 16 1 6 13 15
t 25 23 24 18 23 13 2 583
t 14 13 5 22 24 12 23 577
t 11 36 20 14 34 34 24 770
t 9 4 14 3 17 588 23 13
t 8 5 12 12 595 25 24 1
t 23 1 16 10 23 10 584 4
t 25 7 14 13 24 13 1 569
t 12 13 22 19 22 1 587 8
t 15 8 12 21 578 21 20 14
t 23 27 4 21 17 611 38 5
t 16 5 14 22 8 561 18 9
t 13 23 16 11 5 25 16 560
t 561 25 22 9 14 1 11 9
t 7 29 695 37 12 38 20 27
t 560 8 24 24 17 21 5 2
t 16 12 6 24 576 15 12 13
t 19 26 30 37 31 12 750 33
t 25 12 2 4 7 12 6 582
t 31 17 35 21 28 15 618 24
t 21 596 16 16 14 21 5 16
t 7 14 10 22 568 2 7 5
t 578 4 1 8 8 15 13 24
t 25 589 6 24 9 9 13 15
t 39 39 38 24 31 40 9 736
t 25 2 22 7 588 4 16 18
t 33 21 8 676 23 20 6 17
t 8 28 13 2 10 23 775 1
t 38 642 7 37 11 19 39 24
t 23 16 8 23 24 23 593 10
t 25 3 14 19 17 582 10 13
t 21 16 18 9 25 11 581 18
t 8 19 589 21 8 21 23 17
t 22 25 32 40 10 12 16 757
t 9 11 715 31 12 12 20 26
t 591 22 23 11 24 3 22 15
t 37 19 7 20 37 0 0 625
t 37 642 15 9 2 3 28 4
t 6 5 585 17 3 12 3 19
t 11 39 652 23 37 31 23 3
t 21 3 8 592 8 8 2 3
t 18 19 16 31 23 606 8 35
t 7 21 21 8 23 584 14 23
t 4 5 599 17 14 20 13 6
t 3 781 0 15 7 22 12 33
t 703 18 38 5 33 28 24 36
t 26 35 679 26 7 18 1 36
t 11 10 4 5 24 592 24 25
t 9 15 639 34 3 38 20 28
t 3 11 17 31 20 755 9 18
t 19 4 9 3 15 13 591 6
t 1 4 0 785 5 34 30 20
t 5 32 699 6 39 21 4 36
t 24 23 10 592 1 15 17 6
t 40 6 29 38 8 3 652 13
t 15 18 598 3 22 5 1 24
t 22 23 587 11 17 17 25 5
t 40 1 40 23 788 22 5 23
t 3 8 17 12 25 17 22 573
t 732 12 30 30 39 33 13 6
t 18 15 16 13 4 24 5 587
t 7 568 17 11 19 6 2 14
t 11 11 24 21 2 576 13 21
t 5 8 1 22 25 22 574 15
t 5 573 16 3 19 1 7 8
t 24 9 16 17 593 12 23 8
t 4 755 28 36 22 17 28 40
t 31 635 38 22 22 1 40 12
t 563 23 11 11 10 11 12 18
t 14 19 38 789 15 28 15 0
t 21 29 2 34 710 16 22 33
t 25 3 7 6 727 15 4 21
t 39 725 36 34 19 12 23 8
t 35 9 3 39 33 11 726 22
t 6 14 19 5 15 15 2 576
t 7 16 6 21 566 17 5 25
t 3 577 11 25 2 5 25 1
t 0 6 771 14 30 13 18 19
t 25 14 18 22 588 13 3 3
t 18 744 19 31 23 25 6 11
t 5 32 17 2 18 615 22 38
t 15 17 13 37 632 38 2 36
t 22 36 7 9 24 703 33 10
t 39 36 8 21 29 772 37 37
t 34 9 31 6 735 32 3 2
t 5 10 23 14 588 10 21 12
t 10 571 9 15 3 11 10 11
t 1 22 2 18 603 17 12 4
t 10 18 12 22 8 563 13 23
t 590 16 22 7 23 10 2 18
t 618 11 20 18 30 14 17 13
t 24 33 29 670 2 29 23 30
t 1 571 20 24 3 6 1 16
t 14 15 15 25 15 3 2 581
t 13 16 5 28 7 27 729 24
t 22 31 31 18 1 40 708 31
t 581 5 3 23 4 24 22 14
t 28 668 21 35 35 5 2 23
t 30 2 31 0 749 9 17 22
t 12 34 25 39 5 626 13 19
t 2 11 12 12 573 13 22 18
t 10 560 2 6 13 6 3 6
t 16 0 30 34 749 30 0 10
t 5 10 2 1 19 25 563 6
t 16 7 14 23 6 581 1 6
t 10 563 20 15 9 5 10 25
t 6 2 599 15 14 3 21 4
t 13 10 18 792 39 3 28 15
t 0 4 26 26 650 26 40 13
t 2 5 24 588 4 11 22 1
t 14 3 6 18 18 12 564 25
t 27 24 770 25 10 29 21 19
t 8 2 566 7 21 9 21 2
t 11 40 14 12 23 17 6 772
t 13 1 561 19 15 24 10 23
t 3 21 23 9 4 583 18 25
t 15 21 15 18 21 575 24 25
t 34 33 7 3 16 22 685 38
t 12 12 21 22 584 24 1 4
t 2 35 20 729 39 8 36 15
t 8 15 692 37 13 10 1 19
t 19 3 13 675 13 28 38 30
t 3 1 18 1 14 17 18 763
t 18 22 4 11 35 748 25 29
t 11 21 5 23 11 1 584 16
t 13 10 21 15 578 16 15 14
t 24 28 39 700 4 4 4 37
t 18 3 572 20 10 3 25 7
t 4 20 9 22 575 23 23 16
t 16 13 15 14 17 579 17 18
t 24 10 17 580 7 2 3 9
t 593 16 13 1 1 5 3 16
t 5 8 28 0 15 21 753 28
t 9 19 11 16 25 1 2 581
t 22 7 560 11 24 25 12 14
t 607 17 26 30 9 14 2 21
t 563 23 5 21 8 5 5 22
t 16 10 747 16 33 11 33 38
t 1 15 28 3 703 30 22 38
t 11 2 573 10 16 14 22 6
t 16 10 14 759 27 38 14 10
t 16 16 12 21 562 13 2 16
t 33 38 9 30 791 4 2 7
t 21 568 8 21 16 25 10 21
t 596 23 9 5 21 13 25 16
t 630 40 12 25 11 28 19 5
t 1 3 1 8 3 2 563 19
t 738 26 11 34 18 19 4 18
t 16 32 39 29 39 11 666 19
t 794 8 6 29 26 27 35 9
t 7 21 14 560 4 3 13 25
t 564 10 25 2 23 11 6 3
t 8 34 35 7 19 30 29 731
t 14 788 29 20 4 3 32 28
t 567 14 2 14 18 12 19 15
t 18 19 1 21 1 585 8 1
t 15 10 709 38 40 35 38 38
t 4 28 26 728 26 13 22 36
t 38 24 36 18 769 27 16 34
t 11 569 7 6 7 25 2 14
t 4 584 22 15 21 2 13 25
t 24 3 595 10 17 23 21 25
t 599 17 8 20 21 2 25 1
t 12 4 9 750 35 4 30 25
t 27 1 17 1 694 37 15 39
t 6 674 25 40 39 35 18 11
t 7 3 10 5 12 18 572 4
t 6 594 20 7 25 12 23 19
t 8 7 23 5 9 10 624 22
t 2 7 9 570 1 23 1 13
t 13 5 1 14 567 11 8 10
t 9 14 4 12 574 4 2 22
t 11 650 29 36 20 13 8 5
t 8 29 713 0 10 40 2 10
t 24 17 700 24 26 28 17 36
t 3 581 11 7 7 7 5 3
t 21 1 3 571 13 10 17 23
t 13 12 589 4 21 9 25 3
t 791 30 27 29 25 39 6 39
t 10 8 17 25 4 592 18 24
t 22 595 23 5 14 21 22 11
t 6 6 580 18 20 25 3 6
t 734 24 2 39 28 28 19 14
t 6 40 683 24 23 20 28 24
t 32 764 7 21 40 28 26 27
t 566 3 7 4 4 16 16 9
t 12 13 7 20 40 35 785 7
t 13 37 40 10 667 28 2 32
t 3 10 8 23 14 2 5 591
t 9 662 9 33 28 40 34 31
t 25 25 658 17 15 22 30 28
t 18 3 19 9 570 3 7 23
t 30 17 13 8 6 31 32 750
t 593 10 13 8 13 24 11 22
t 586 2 13 4 22 15 25 8
t 1 8 9 25 4 578 17 7
t 1 18 10 24 17 24 24 594
t 21 6 593 9 10 5 6 9
t 16 1 598 8 12 25 6 20
t 28 4 4 5 26 636 4 1
t 21 565 24 2 12 10 17 11
t 24 4 589 10 20 13 13 13
t 22 2 11 5 9 582 5 18
t 39 30 26 16 26 12 24 618
t 40 29 633 22 26 19 35 13
t 31 2 695 0 28 14 27 11
t 13 7 578 1 17 2 12 22
t 21 14 23 7 586 4 22 3
t 15 17 622 24 19 32 17 31
t 12 560 8 13 19 1 20 23
t 7 15 599 7 14 19 21 12
t 30 18 762 39 23 28 26 2
t 23 12 14 19 587 2 10 8
t 29 16 12 14 34 24 741 10
t 7 14 3 9 17 571 5 14
t 18 3 600 28 12 20 28 5
t 31 23 31 20 26 662 6 21
t 19 21 4 13 13 9 21 593
t 23 11 21 594 25 23 9 7
t 11 3 788 8 15 23 12 32
t 33 1 22 33 684 32 6 26
t 568 5 7 14 8 20 25 21
t 5 4 568 5 16 14 15 8
t 27 25 33 22 16 1 8 672
t 772 38 2 7 8 18 36 20
t 5 26 747 24 22 35 3 20
t 0 31 32 9 735 14 1 22
t 40 25 2 36 4 23 19 745
t 19 6 568 18 14 3 22 24
t 5 24 23 588 25 8 2 5
t 15 23 15 22 24 6 565 19
t 30 12 14 3 29 19 5 783
t 8 7 13 581 12 2 15 18
t 21 7 17 4 21 1 23 567
t 20 29 29 34 24 32 786 12
t 17 23 2 17 596 6 25 22
t 7 5 11 8 589 11 1 22
t 4 14 14 18 39 25 610 38
t 22 10 24 18 9 8 571 6
t 24 7 588 11 17 22 18 13
t 9 24 16 581 4 21 22 13
t 5 13 38 38 9 34 696 0
t 17 13 575 12 18 19 11 10
t 22 26 8 38 12 19 661 27
t 38 1 13 18 679 30 19 26
t 560 12 22 21 13 3 4 10
t 5 2 8 23 16 593 17 20
t 7 38 2 12 610 11 18 6
t 572 11 23 1 23 13 6 19
t 3 7 21 24 2 21 24 570
t 15 3 18 5 569 7 4 10
t 28 4 724 35 39 25 3 22
t 13 8 25 15 8 16 579 22
t 35 16 654 25 20 18 39 2
t 8 39 28 660 34 14 35 9
t 15 1 39 650 18 38 3 21
t 20 8 569 15 13 5 19 18
t 40 20 613 30 6 35 20 5
t 8 1 20 24 17 574 12 5
t 27 38 11 21 32 15 15 658
t 15 5 1 17 3 6 571 15
t 575 21 7 24 17 25 20 9
t 9 711 21 3 17 0 7 39
t 10 8 3 587 5 4 5 23
t 23 577 9 4 11 16 17 19
t 22 4 17 593 20 19 1 12
t 29 617 14 14 6 5 22 16
t 6 17 590 11 4 13 13 6
t 21 14 581 21 17 4 13 1
t 3 7 5 573 5 11 8 24
t 578 6 5 20 21 18 10 14
t 17 21 19 766 32 20 2 31
t 18 14 16 20 2 583 17 7
t 20 7 10 19 10 12 8 599
t 23 0 26 19 756 9 6 30
t 39 38 0 36 749 20 4 36
t 10 5 22 17 702 20 27 28
t 11 1 10 16 39 18 38 689
t 7 1 11 11 7 599 25 6
t 21 11 29 15 40 26 14 747
t 3 23 19 1 8 570 6 9
t 22 14 18 20 14 15 13 594
t 36 7 13 26 15 729 40 8
t 1 9 5 23 8 8 10 577
t 11 19 11 13 17 9 585 17
t 19 733 14 4 35 5 21 4
t 689 18 34 34 13 38 1 18
t 31 22 40 16 9 685 24 13
t 16 17 1 20 6 572 10 15
t 23 40 600 36 17 40 16 6
t 40 35 22 33 680 29 40 29
t 19 3 21 2 13 15 14 577
t 4 20 16 10 593 8 14 6
t 588 23 14 17 23 17 12 12
t 1 7 12 8 20 562 25 10
t 22 38 780 28 35 27 34 2
t 31 20 16 658 17 27 7 26
t 30 713 3 40 14 27 0 14
t 9 2 595 14 11 9 15 2
t 16 0 13 5 25 617 8 21
t 4 15 38 7 23 32 30 794
t 9 20 16 35 13 11 619 10
t 569 12 6 9 22 1 1 7
t 9 24 23 6 21 14 567 22
t 39 17 2 16 791 10 37 6
t 12 22 579 23 2 24 24 24
t 11 22 0 40 4 36 39 682
t 4 5 20 2 15 14 567 9
t 12 38 38 9 9 0 684 15
t 13 8 664 17 31 1 33 9
t 7 10 2 25 16 24 592 3
t 2 22 14 584 25 13 20 8
t 10 3 13 582 18 11 17 22
t 21 10 25 9 5 6 565 13
t 0 17 32 4 31 644 16 30
t 2 571 13 2 8 24 4 13
t 14 627 9 27 14 39 7 35
t 30 29 39 31 29 608 13 19
t 25 579 24 24 23 15 22 24
t 11 8 11 17 9 19 1 597
t 18 15 9 14 3 9 576 9
t 10 24 24 35 12 743 7 26
t 4 587 1 12 17 18 1 5
t 1 12 7 13 4 19 573 2
t 31 741 1 23 21 8 3 30
t 12 19 11 593 25 25 22 7
t 37 0 12 648 3 34 36 29
t 38 30 2 30 16 18 37 643
t 16 40 16 0 39 714 1 27
t 6 6 17 17 678 2 27 13
t 562 6 7 5 4 5 18 20
t 14 18 4 3 20 25 699 40
t 23 22 9 23 24 597 11 7
t 4 3 14 568 2 22 14 1
t 3 34 38 633 5 29 12 32
t 22 9 20 14 12 6 581 16
t 574 3 1 20 3 10 19 3
t 16 5 6 20 9 12 23 566
t 19 8 15 569 8 1 16 16
t 37 13 38 622 27 16 40 15
t 36 4 8 8 13 690 11 8
t 2 597 6 4 7 3 11 25
t 12 696 33 33 28 5 35 22
t 23 599 5 17 17 13 22 20
t 23 22 14 580 24 24 9 18
t 20 2 0 4 790 31 20 11
t 683 29 12 30 7 18 13 16
t 4 23 11 34 18 0 38 745
t 19 567 4 10 22 18 6 7
t 721 2 10 32 21 33 33 26
t 25 20 588 11 19 12 6 8
t 599 20 3 20 16 20 18 8
t 16 8 20 13 16 595 5 13
t 20 9 4 16 575 15 10 4
t 22 566 21 20 18 11 3 9
t 7 18 12 3 1 1 7 570
t 7 25 13 8 20 22 23 691
t 13 6 5 15 589 13 20 15
t 20 13 25 14 4 21 572 7
t 4 11 16 0 30 1 0 796
t 16 20 3 2 25 23 6 590
t 15 23 21 10 1 577 16 16
t 10 5 17 589 15 23 8 6
t 20 13 18 7 18 18 25 588
t 592 15 21 19 17 1 3 11
t 14 20 17 13 10 29 659 21
t 12 15 11 40 676 31 18 1
t 33 24 5 12 38 18 669 3
t 26 17 36 22 32 19 690 36
t 575 19 23 23 1 9 4 21
t 15 564 24 16 14 22 4 22
t 37 39 26 35 788 32 25 30
t 574 18 9 4 25 1 6 13
t 11 3 21 12 8 5 25 643
t 16 19 561 12 14 24 21 12
t 710 1 33 28 10 8 9 23
t 3 568 15 18 2 7 4 15
t 24 5 7 17 8 5 25 598
t 1 37 697 8 26 16 34 12
t 571 18 9 11 6 23 21 7
t 2 22 16 12 1 24 6 583
t 36 746 28 17 3 30 6 33
t 38 12 21 19 16 7 7 770
t 1 26 26 631 22 6 31 19
t 20 12 24 12 16 23 583 9
t 31 1 27 8 17 699 18 9
t 9 13 572 6 16 11 8 21
t 19 16 13 582 7 23 15 7
t 25 37 19 19 37 10 780 15
t 17 2 6 4 17 571 16 6
t 3 25 9 1 5 578 8 10
t 699 19 24 24 36 23 25 33
t 35 25 31 673 3 38 18 6
t 12 24 2 573 23 19 15 12
t 14 9 13 18 12 40 720 6
t 21 5 22 5 1 572 6 2
t 27 1 20 28 21 687 4 27
t 19 22 12 13 565 4 1 3
t 566 12 11 13 6 24 16 25
t 0 17 13 24 37 37 648 5
t 8 581 14 17 12 2 1 14
t 25 36 19 23 781 8 12 10
t 589 23 17 24 3 10 25 17
t 18 14 18 36 18 715 17 36
t 8 22 6 6 778 34 0 40
t 10 13 7 7 1 569 25 25
t 585 18 15 2 6 2 19 14
t 25 19 25 18 565 21 10 7
t 653 22 12 18 12 37 8 24
t 22 27 0 38 5 17 691 13
t 3 6 568 14 18 20 25 13
t 37 5 8 0 677 33 9 12
t 17 17 21 6 10 18 588 6
t 40 21 36 40 26 13 686 11
t 34 18 31 612 9 11 25 26
t 9 22 12 15 575 17 23 18
t 13 14 24 589 6 15 6 9
t 19 3 773 13 25 27 25 32
t 25 741 13 39 33 10 31 21
t 3 13 7 4 22 17 590 24
t 3 573 13 16 16 6 2 1
t 586 1 12 21 2 25 10 2
t 573 3 21 17 10 20 7 8
t 29 671 37 26 36 7 32 13
t 9 596 17 18 4 21 4 5
t 3 27 29 14 36 783 35 32
t 4 13 3 13 587 4 19 19
t 7 21 7 12 580 2 20 7
t 39 15 627 39 7 20 10 39
t 14 587 9 1 7 4 20 24
t 14 665 0 1 35 25 13 29
t 2 2 23 22 1 3 575 2
t 12 19 18 15 18 10 585 4
t 26 13 37 6 22 19 749 35
t 1 12 1 10 612 11 23 2
t 15 595 3 15 21 25 9 12
t 2 33 688 23 12 5 0 38
t 3 780 22 18 3 27 7 18
t 773 21 30 16 0 18 37 5
t 725 5 14 7 12 34 13 4
t 23 8 635 6 0 40 38 31
t 32 12 25 26 618 25 21 25
t 11 20 4 7 10 591 16 13
t 5 25 4 597 7 1 23 1
t 23 3 10 592 18 21 12 25
t 4 572 1 24 7 8 1 18
t 26 10 32 32 25 23 39 696
t 4 29 27 34 615 3 21 31
t 24 15 567 9 25 5 14 7
t 19 13 26 28 644 4 23 34
t 11 20 12 23 14 8 565 24
t 612 7 36 36 30 29 14 6
t 7 22 13 586 22 6 12 24
t 36 22 10 1 13 18 658 13
t 18 20 22 580 18 15 24 7
t 19 13 19 567 2 10 3 3
t 37 21 24 19 5 13 749 33
t 4 6 5 17 4 570 17 25
t 6 13 5 2 13 596 12 9
t 11 38 39 17 607 40 32 9
t 22 14 19 5 9 24 3 574
t 10 9 8 593 7 1 22 18
t 673 23 18 21 20 25 17 17
t 25 35 3 20 4 22 32 786
t 25 23 582 14 17 13 11 2
t 566 18 17 10 20 18 12 9
t 21 29 11 23 35 724 37 22
t 27 34 738 29 7 34 17 26
t 8 12 1 19 2 588 25 24
t 5 16 8 25 2 568 6 2
t 6 12 16 16 24 11 564 5
t 1 18 23 17 8 3 564 10
t 37 32 3 17 21 33 18 664
t 9 9 578 24 17 10 8 20
t 25 15 4 1 1 8 25 583
t 35 9 29 27 15 30 629 23
t 31 22 40 796 17 36 11 28
t 22 18 17 570 7 8 3 18
t 3 18 27 12 16 773 15 16
t 40 5 37 11 705 2 8 20
t 25 14 2 21 587 4 7 6
t 12 22 8 24 17 16 11 569
t 21 23 25 566 10 4 2 10
t 16 5 588 1 18 4 6 12
t 21 7 25 579 9 2 10 1
t 18 11 20 1 15 599 13 24
t 7 23 591 10 4 2 20 7
t 22 8 13 590 11 14 15 5
t 22 24 17 8 36 32 0 624
t 565 13 23 3 24 21 13 24
t 33 1 22 670 22 1 4 5
t 5 14 13 8 6 24 13 572
t 24 16 9 583 24 7 18 14
t 0 668 28 29 3 6 15 12
t 582 11 1 3 23 13 15 11
t 27 730 36 37 12 16 28 7
t 21 28 12 604 38 35 34 35
t 23 2 596 17 7 23 25 18
t 14 10 10 23 18 19 19 596
t 20 14 16 9 19 23 8 567
t 1 8 2 11 31 26 31 765
t 17 30 4 13 7 24 709 15
t 24 581 25 17 11 5 23 7
t 560 25 3 25 9 25 4 1
t 25 15 598 2 19 11 22 21
t 20 25 14 5 25 572 18 1
t 10 22 1 25 563 9 19 12
t 1 2 579 9 17 17 19 19
t 651 35 30 8 38 20 18 25
t 7 22 16 6 21 569 10 22
t 7 597 6 10 13 19 9 22
t 7 9 25 775 19 32 16 18
t 21 16 23 6 7 23 565 18
t 4 2 6 584 16 18 18 11
t 22 619 31 29 31 19 19 4
t 9 3 15 5 25 14 574 20
t 10 7 15 22 35 655 0 18
t 17 5 1 15 2 577 20 2
t 0 764 38 40 11 27 15 9
t 724 12 16 4 28 31 26 31
t 4 36 652 38 15 27 9 6
t 4 18 32 7 729 31 24 11
t 15 40 760 6 9 22 29 20
t 16 8 4 1 27 23 701 21
t 2 15 593 7 22 3 22 24
t 6 17 17 583 22 10 21 11
t 16 21 21 9 587 17 14 16
t 5 561 5 21 10 6 6 18
t 8 573 18 25 16 11 3 12
t 39 11 32 27 38 13 4 758
t 573 23 7 15 6 6 2 17
t 23 2 11 6 656 27 1 15
t 594 19 24 12 10 11 6 4
t 11 7 5 21 36 28 34 665
t 9 571 22 7 13 1 5 1
t 33 14 10 10 1 669 19 36
t 40 1 22 19 36 33 22 600
t 11 24 4 4 7 17 8 567
t 31 32 20 18 649 26 33 24
t 40 29 33 639 16 22 17 38
t 8 13 594 7 14 9 25 3
t 12 24 595 10 1 17 12 17
t 13 12 1 2 696 22 24 30
t 22 13 14 3 6 20 574 1
t 585 22 18 18 17 25 7 16
t 8 6 5 5 2 576 23 14
t 20 13 2 18 4 22 3 596
t 1 563 24 18 2 8 25 9
t 19 40 28 22 28 34 12 628
t 12 3 13 569 10 5 13 21
t 21 16 20 9 22 569 17 15
t 3 598 25 12 9 4 21 4
t 3 24 23 16 1 24 17 592
t 18 14 749 33 26 40 5 34
t 17 5 2 2 8 21 593 16
t 564 20 11 23 5 12 25 6
t 12 7 19 5 8 22 14 574
t 564 13 16 10 1 18 23 6
t 4 34 39 601 7 25 10 14
t 15 11 7 15 18 22 3 563
t 17 30 13 0 39 8 25 687
t 1 31 34 9 3 24 611 2
t 22 25 36 8 21 774 34 22
t 18 6 13 37 662 21 38 9
t 15 580 15 19 25 10 7 7
t 564 6 6 9 25 18 10 2
t 616 27 10 22 16 37 5 36
t 19 800 8 27 4 26 31 3
t 8 23 8 700 5 25 8 8
t 1 3 9 572 3 21 5 23
t 23 10 19 18 9 20 591 7
t 9 31 39 28 29 2 653 1
t 0 34 35 739 16 3 16 39
t 25 18 16 3 2 15 9 575
t 20 15 11 9 11 738 4 36
t 11 6 20 25 2 569 6 25
t 11 569 25 8 4 4 21 8
t 18 2 4 583 4 24 24 23
t 11 17 9 560 13 24 1 11
t 27 15 6 26 5 7 660 11
t 675 22 12 8 26 31 15 34
t 26 39 15 0 634 19 13 6
t 28 20 630 10 31 33 7 30
t 9 569 20 21 6 25 13 7
t 22 16 589 10 4 17 5 22
t 12 596 7 11 12 9 10 2
t 10 728 6 26 34 27 16 6
t 20 9 15 19 11 563 11 6
t 9 591 21 14 23 15 19 20
t 586 7 21 4 11 14 24 21
t 21 5 712 6 16 16 10 29
t 15 4 18 2 18 576 23 12
t 17 4 9 589 8 18 9 16
t 16 16 2 24 760 15 16 10
t 562 7 8 7 8 22 8 7
t 15 1 25 9 587 24 20 19
t 11 6 671 39 17 25 8 20
t 575 20 16 14 20 2 15 6
t 21 565 7 17 22 15 6 3
t 2 3 33 1 14 2 759 22
t 22 23 8 15 23 563 9 10
t 19 564 17 25 15 9 11 7
t 20 4 11 24 15 8 2 594
t 18 16 20 7 592 12 3 17
t 1 1 17 593 20 3 21 7
t 23 23 24 25 577 2 23 25
t 25 12 2 13 21 572 19 13
t 11 19 19 21 7 571 18 15
t 16 590 3 4 4 20 8 2
t 632 35 17 14 37 37 36 26
t 2 569 3 9 7 17 21 5
t 21 3 5 16 20 1 586 21
t 30 3 6 7 31 17 21 640
t 14 23 568 6 4 7 25 17
t 12 12 570 12 6 19 11 21
t 9 22 33 6 8 29 753 21
t 4 10 1 11 1 22 588 17
t 5 8 21 582 18 11 22 16
t 22 1 4 6 595 7 22 14
t 19 28 11 0 682 16 35 23
t 20 586 13 1 6 9 4 18
t 40 23 9 17 728 0 26 19
t 30 40 13 5 12 35 712 3
t 6 22 1 731 10 40 3 37
t 573 8 3 3 12 8 8 19
t 23 607 37 3 27 22 25 8
t 6 18 22 12 25 4 586 4
t 11 7 9 19 21 17 599 17
t 2 32 600 25 19 36 12 19
t 31 32 20 35 27 17 778 39
t 20 9 30 620 11 40 20 0
t 10 10 3 9 14 597 12 21
t 8 571 24 18 18 19 7 13
t 10 777 14 33 7 37 18 17
t 22 7 7 3 5 3 597 10
t 21 36 39 31 17 734 6 24
t 10 2 24 25 1 20 12 566
t 15 25 5 14 18 582 5 6
t 14 26 31 21 13 796 34 36
t 14 22 15 25 580 1 17 25
t 4 569 6 9 12 1 19 19
t 37 3 37 37 768 8 18 38
t 12 11 570 13 23 25 16 2
t 12 596 16 2 3 4 19 19
t 23 8 36 682 16 17 2 16
t 22 6 4 8 15 13 574 14
t 2 6 10 25 17 8 568 23
t 631 22 4 12 12 28 35 37
t 6 593 7 2 1 9 25 15
t 9 39 35 40 788 2 29 40
t 749 22 39 5 21 17 30 27
t 18 23 12 22 5 10 9 575
t 18 8 5 573 19 2 3 6
t 8 22 6 11 2 6 591 23
t 3 24 2 561 23 23 11 6
t 22 17 19 569 20 7 13 13
t 15 11 1 19 17 23 571 3
t 583 16 19 17 11 13 14 6
t 5 18 22 24 13 5 22 584
t 19 3 17 24 2 24 571 12
t 40 21 6 0 28 9 32 758
t 18 25 21 580 5 21 1 13
t 9 742 9 7 3 25 36 31
t 11 567 18 12 13 6 8 6
t 596 5 15 16 5 2 3 7
t 569 22 24 15 1 2 2 25
t 0 25 684 3 11 29 3 20
t 3 596 23 3 19 6 24 3
t 2 14 20 22 574 6 5 10
t 20 2 586 2 11 1 15 9
t 22 19 8 10 5 16 25 565
t 21 13 15 21 15 570 10 13
t 4 18 24 16 560 22 15 21
t 3 19 598 15 18 11 23 15
t 4 33 619 8 5 26 8 16
t 13 37 24 22 13 35 781 29
t 7 21 8 23 17 11 12 581
t 4 12 8 18 1 5 623 26
t 36 1 20 3 737 38 10 13
t 1 589 18 14 21 7 1 5
t 7 15 40 22 30 14 760 32
t 0 30 14 19 791 3 15 30
t 13 10 16 561 1 19 13 19
t 659 27 27 30 16 27 15 19
t 38 15 35 16 655 31 1 20
t 561 3 24 1 14 19 15 15
t 4 3 21 11 571 23 5 13
t 21 23 22 1 13 565 20 3
t 8 8 18 6 567 17 22 1
t 34 5 636 19 13 26 40 40
t 25 6 7 2 1 21 563 19
t 21 7 12 593 2 9 19 3
t 575 7 3 11 17 20 17 9
t 40 35 16 634 13 37 29 23
t 4 38 689 33 25 12 29 19
t 23 22 17 11 6 18 561 18
t 751 11 33 22 39 28 32 20
t 594 17 14 10 5 2 24 14
t 4 640 35 38 18 4 25 13
t 637 7 5 40 24 17 20 27
t 4 10 12 11 561 3 11 6
t 595 4 16 20 3 12 9 5
t 7 577 24 12 3 19 9 8
t 3 7 12 756 40 40 7 17
t 11 14 578 20 18 24 23 5
t 10 28 36 9 24 666 7 3
t 15 567 19 25 21 11 10 24
t 31 684 13 25 18 1 17 2
t 583 18 1 15 7 24 2 1
t 564 18 23 11 19 20 4 16
t 20 22 4 2 24 582 16 25
t 21 32 788 9 12 32 30 19
t 25 718 40 28 40 1 11 6
t 22 9 7 1 24 12 569 10
t 10 10 4 14 567 8 20 24
t 40 12 689 14 17 22 28 10
t 4 19 14 14 598 21 9 19
t 10 582 9 16 1 7 10 8
t 17 10 6 599 12 12 2 2
t 9 16 12 4 1 26 694 11
t 562 3 17 5 20 6 2 18
t 703 40 7 26 21 21 13 0
t 11 5 20 15 5 6 561 4
t 5 15 20 17 22 8 3 561
t 21 6 11 766 1 32 22 38
t 2 11 12 18 6 17 575 18
t 9 36 0 11 26 34 32 703
t 18 572 7 20 17 8 5 7
t 562 11 6 2 15 20 5 12
t 31 34 29 14 0 724 32 15
t 23 17 724 7 27 17 31 28
t 7 27 23 17 16 34 16 742
t 35 25 4 25 22 2 38 739
t 696 20 5 3 5 6 14 36
t 25 785 1 11 4 12 16 30
t 8 24 24 573 21 11 16 14
t 15 575 3 8 10 8 12 25
t 17 4 37 8 8 18 744 22
t 1 39 731 12 9 22 3 29
t 4 33 12 646 2 17 2 35
t 13 16 18 11 1 1 2 590
t 13 9 1 1 592 23 2 1
t 570 7 24 14 18 3 5 11
t 3 592 20 3 3 17 6 4
t 33 773 16 31 7 5 5 2
t 1 36 8 19 3 746 23 27
t 3 23 32 12 650 21 1 8
t 17 658 26 40 12 26 39 28
t 16 15 22 10 23 20 575 4
t 591 10 4 18 8 14 16 15
t 5 12 7 20 19 571 25 22
t 20 19 1 18 32 12 725 26
t 27 5 16 24 704 24 39 11
t 1 12 21 573 18 22 19 17
t 8 40 12 680 11 9 33 18
t 23 26 27 753 33 32 8 2
t 22 16 3 753 22 16 2 27
t 595 22 16 20 12 15 1 3
t 4 13 20 582 4 13 13 9
t 19 18 5 4 2 20 568 24
t 25 14 25 6 9 578 7 10
t 12 29 781 13 26 23 30 39
t 3 13 19 22 25 6 20 582
t 8 37 18 35 691 10 24 14
t 8 754 39 6 22 16 11 7
t 34 5 18 711 14 8 10 0
t 20 786 31 6 22 19 25 34
t 629 11 24 21 0 11 3 32
t 6 5 15 17 1 3 590 2
t 11 10 9 21 18 23 22 726
t 28 14 40 1 32 1 685 40
t 6 700 11 19 7 17 17 33
t 10 30 655 38 35 26 8 19
t 5 11 7 22 15 563 9 24
t 641 16 14 21 10 19 8 6
t 9 19 3 24 8 569 18 9
t 2 20 8 22 16 16 12 593
t 22 39 612 13 14 35 5 25
t 13 6 5 10 20 25 590 14
t 5 30 9 30 26 29 650 26
t 2 566 14 20 13 13 5 20
t 32 2 768 1 2 33 14 21
t 39 0 1 710 23 19 19 29
t 7 24 22 21 7 16 589 9
t 6 29 603 17 20 17 39 14
t 8 12 16 18 651 30 17 31
t 40 10 15 33 34 10 23 742
t 14 2 14 20 29 623 9 30
t 24 589 10 10 23 12 16 14
t 581 6 23 22 20 15 18 18
t 12 7 581 23 14 7 15 17
t 663 5 17 0 28 10 21 2
t 12 16 20 4 586 5 14 2
t 8 20 37 15 35 655 6 26
t 17 13 19 21 591 23 13 9
t 11 30 24 32 14 741 15 13
t 2 569 6 10 18 15 22 10
t 10 23 562 18 6 2 12 1
t 5 32 12 37 0 23 31 688
t 21 3 653 21 10 6 6 31
t 592 5 13 14 5 14 11 25
t 2 569 3 20 19 19 20 22
t 19 8 4 561 5 6 20 25
t 25 5 22 6 1 16 3 593
t 2 2 23 561 20 10 21 5
t 12 12 23 1 20 589 24 20
t 24 24 8 10 582 13 4 9
t 17 8 16 21 4 1 24 563
t 8 19 13 1 561 8 15 14
t 37 24 34 732 5 16 34 18
t 33 18 15 777 33 17 8 13
t 21 6 30 40 28 6 701 7
t 9 14 13 11 592 3 22 10
t 9 25 8 23 15 570 17 2
t 26 6 4 696 19 24 36 10
t 28 0 31 33 35 711 5 32
t 3 1 562 11 4 14 18 8
t 1 8 23 6 24 572 24 21
t 36 0 8 27 4 24 17 765
t 16 11 12 21 20 23 22 591
t 10 13 11 10 11 11 14 560
t 703 7 37 2 27 5 40 30
t 8 587 23 11 18 22 1 13
t 9 10 24 3 13 15 25 598
t 33 30 39 23 10 40 683 20
t 588 10 4 11 5 14 18 13
t 6 19 12 12 20 586 24 16
t 15 1 10 5 8 3 595 1
t 15 23 20 20 12 587 17 15
t 576 15 19 23 25 2 4 13
t 6 19 17 24 17 564 4 14
t 37 16 614 22 26 5 29 19
t 4 578 8 24 10 1 20 13
t 24 23 20 16 583 19 25 3
t 23 24 1 591 5 4 23 1
t 15 23 23 20 570 21 6 10
t 18 577 13 11 23 7 16 25
t 34 28 22 643 29 13 37 7
t 12 589 17 12 12 11 14 20
t 20 5 5 16 5 20 25 573
t 10 21 27 24 698 20 32 23
t 23 11 575 24 1 17 18 19
t 11 14 6 5 19 13 22 577
t 21 610 14 12 24 29 29 13
t 16 17 1 9 1 24 25 584
t 18 21 20 3 708 12 4 37
t 5 17 3 9 3 9 14 597
t 12 23 10 3 23 15 11 570
t 25 35 39 632 22 26 19 30
t 7 586 19 21 22 18 2 5
t 40 40 32 40 30 40 22 772
t 19 21 10 20 566 8 20 16
t 13 15 25 783 16 25 15 28
t 23 7 10 24 798 35 14 20
t 12 30 612 26 0 11 13 29
t 32 28 731 3 21 32 27 22
t 6 6 11 6 17 2 17 576
t 22 564 3 10 18 7 11 14
t 1 14 14 25 19 17 25 561
t 36 18 37 38 14 17 36 705
t 38 14 35 651 24 39 21 1
t 13 39 40 21 19 739 31 7
t 589 23 22 11 1 23 21 23
t 15 29 21 14 674 11 10 5
t 9 9 15 6 766 21 9 30
t 12 3 650 32 23 7 9 33
t 31 4 14 22 26 624 39 12
t 17 25 25 11 12 1 8 579
t 33 3 32 29 21 659 27 7
t 8 33 29 9 35 40 10 685
t 17 4 3 35 27 22 625 31
t 17 14 3 569 5 15 21 17
t 764 28 6 38 20 21 0 22
t 29 11 22 740 28 29 25 1
t 19 14 1 566 15 4 25 3
t 1 22 598 25 1 19 4 25
t 3 14 8 16 4 10 12 588
t 15 22 5 8 13 10 598 7
t 37 4 694 33 3 25 40 30
t 35 19 10 6 788 12 25 16
t 18 575 3 16 22 21 8 16
t 779 12 0 30 6 9 16 35
t 23 16 4 16 25 9 597 24
t 9 11 37 3 696 28 13 13
t 27 659 22 0 27 5 25 31
t 23 621 28 16 7 14 40 27
t 24 25 21 22 25 692 35 2
t 7 13 1 19 22 16 13 561
t 615 16 28 13 39 28 25 40
t 20 24 9 10 596 5 6 4
t 40 30 720 23 26 10 33 15
t 3 23 743 38 10 28 26 0
t 29 28 11 8 7 27 662 17
t 23 17 7 4 6 593 18 18
t 24 579 10 19 23 20 8 14
t 11 12 17 21 8 587 1 24
t 35 11 16 0 752 6 8 32
t 23 11 14 598 25 6 2 2
t 15 3 5 10 13 12 14 664
t 13 11 3 22 565 1 25 15
t 0 602 11 35 26 8 1 33
t 25 10 5 570 10 5 16 6
t 16 762 38 30 35 21 23 8
t 18 1 4 582 21 17 5 20
t 5 38 635 1 10 40 14 4
t 4 24 31 21 2 11 771 38
t 593 12 22 19 1 15 24 25
t 13 5 11 3 22 11 10 565
t 20 24 18 11 9 596 15 16
t 30 32 34 738 28 12 23 29
t 14 11 5 599 22 17 1 17
t 14 3 19 38 6 22 6 606
t 16 3 25 7 617 0 6 18
t 14 1 25 25 3 2 7 560
t 36 16 27 662 7 10 19 25
t 12 20 569 20 12 5 6 12
t 561 16 15 2 8 25 24 4
t 30 23 5 7 600 7 21 19
t 17 19 25 22 7 20 11 584
t 13 26 0 39 39 6 12 629
t 17 31 624 29 17 34 1 35
t 754 17 20 20 5 25 32 20
t 16 12 5 25 32 6 15 642
t 27 23 11 28 21 17 727 7
t 38 38 21 32 773 18 33 5
t 39 627 16 7 33 20 35 6
t 13 12 39 662 4 17 7 25
t 36 780 31 26 5 34 37 30
t 11 14 13 5 10 18 5 596
t 22 10 780 26 23 30 31 37
t 29 40 2 1 34 27 606 35
t 9 24 32 600 11 26 1 18
t 8 5 7 21 23 17 18 562
t 800 28 14 10 15 32 24 40
t 8 0 747 37 31 24 3 9
t 3 606 38 35 26 22 6 28
t 591 2 8 9 13 18 10 25
t 3 585 4 9 14 12 18 16
t 570 25 12 16 6 23 11 6
t 10 571 3 4 11 4 21 18
t 5 23 13 18 11 9 572 11
t 23 20 17 1 22 9 560 15
t 590 18 3 24 12 24 15 17
t 8 14 2 11 3 19 598 21
t 624 3 18 31 37 19 11 29
t 606 29 13 8 23 39 22 19
t 578 1 4 8 9 17 22 17
t 10 16 5 7 19 590 11 7
t 25 4 1 13 22 9 589 11
t 24 571 9 7 15 15 8 22
t 13 7 8 8 2 6 24 575
t 24 10 14 19 11 9 15 591
t 730 24 15 8 13 21 26 21
t 17 8 21 21 1 12 18 581
t 14 9 18 15 20 21 572 13
t 40 35 28 36 7 23 18 739
t 16 5 10 13 21 580 1 11
t 8 1 21 16 580 2 22 19
t 21 574 21 4 11 17 12 20
t 40 12 31 23 38 1 644 9
t 17 3 10 25 23 597 24 13
t 20 587 16 8 19 13 15 19
t 773 29 40 20 13 9 0 14
t 19 23 22 1 599 20 18 25
t 40 17 4 27 27 669 3 5
t 6 11 22 15 25 9 2 568
t 6 3 4 9 17 8 568 9
t 11 9 20 577 10 1 11 21
t 25 16 14 634 14 14 9 27
t 567 19 21 21 17 5 3 8
t 2 579 10 12 15 7 18 15
t 6 584 12 23 24 17 24 4
t 8 17 23 17 572 11 6 12
t 38 27 35 736 26 33 28 23
t 0 26 11 28 29 35 687 33
t 4 27 4 12 7 8 33 671
t 20 15 18 25 13 7 18 576
t 28 744 10 27 34 16 16 32
t 40 14 643 27 31 9 1 22
t 577 13 11 3 14 11 6 19
t 18 23 13 13 17 587 15 7
t 7 6 20 22 6 589 5 16
t 2 570 6 15 8 13 1 22
t 1 594 6 3 6 13 10 20
t 36 29 667 27 4 32 15 9
t 10 15 17 19 21 22 570 4
t 1 20 591 8 23 22 4 19
t 591 12 9 10 9 16 22 25
t 756 38 0 1 13 34 25 32
t 5 3 3 6 31 654 2 18
t 795 0 21 40 39 6 9 22
t 37 754 29 6 2 36 10 3
t 10 17 37 17 4 21 20 639
t 5 29 8 28 22 36 20 616
t 23 16 5 567 19 5 12 21
t 11 16 38 668 4 0 35 9
t 10 5 6 9 14 564 20 10
t 19 13 2 24 598 7 18 13
t 39 9 0 5 1 37 18 629
t 13 18 4 21 13 10 586 13
t 20 15 2 24 592 13 9 19
t 1 16 5 17 5 37 618 38
t 7 18 1 23 586 20 19 24
t 19 7 596 8 24 24 24 17
t 16 19 569 8 23 2 15 25
t 3 13 13 21 4 10 1 565
t 7 20 24 5 19 568 21 23
t 14 7 5 20 587 10 12 5
t 591 21 14 23 23 18 1 20
t 571 3 19 25 15 25 17 16
t 9 11 586 10 5 6 23 1
t 37 29 10 11 23 11 698 3
t 18 3 21 574 14 1 15 17
t 6 714 32 23 24 37 1 22
t 22 21 18 12 594 6 17 7
t 19 568 4 23 22 17 3 22
t 18 6 15 10 11 563 1 18
t 17 10 19 12 27 35 35 672
t 37 29 735 27 13 39 3 34
t 15 16 766 10 23 34 26 21
t 8 29 619 0 15 3 7 21
t 21 9 717 16 4 1 34 37
t 37 26 0 25 12 29 17 649
t 574 4 13 4 22 11 4 5
t 13 2 30 16 8 794 34 22
t 24 24 16 21 19 1 560 17
t 682 15 19 0 14 36 17 24
t 609 0 4 6 0 6 19 28
t 22 14 578 5 21 17 10 11
t 24 23 19 569 22 2 10 11
t 7 14 1 17 571 16 25 13
t 29 9 15 35 800 0 4 37
t 24 37 23 18 35 36 791 22
t 21 2 25 15 12 6 11 568
t 23 22 29 25 7 33 13 765
t 563 15 10 15 25 25 9 15
t 18 18 34 23 652 10 37 22
t 632 7 12 11 16 31 26 10
t 581 22 3 11 2 7 10 14
t 23 23 9 11 6 569 20 14
t 789 25 40 34 13 37 11 10
t 636 5 5 37 27 5 32 33
t 14 34 707 32 35 6 5 32
t 34 17 800 40 3 34 20 18
t 12 2 577 1 4 4 11 3
t 16 15 33 25 794 13 2 36
t 1 17 18 17 18 15 18 584
t 11 18 588 8 8 9 9 15
t 14 17 589 3 18 21 24 22
t 19 563 24 7 3 15 9 15
t 20 9 2 576 21 21 13 3
t 1 565 11 8 5 16 17 22
t 1 21 20 17 575 8 4 2
t 16 7 6 5 564 25 10 12
t 22 36 26 4 21 1 730 40
t 18 25 15 21 1 15 11 599
t 6 563 15 18 5 24 17 17
t 4 8 2 12 24 5 587 3
t 20 566 14 11 3 22 23 12
t 677 1 28 12 19 22 7 25
t 775 3 7 31 24 24 27 25
t 40 28 24 14 642 5 20 18
t 23 8 18 26 2 753 14 23
t 2 8 40 16 31 774 9 33
t 5 12 23 13 18 574 16 23
t 2 763 11 38 13 27 18 19
t 21 647 0 16 12 35 29 35
t 16 6 13 14 2 568 11 16
t 591 5 16 21 8 14 9 6
t 760 19 9 32 4 4 14 22
t 4 3 9 18 14 24 579 5
t 22 4 21 8 2 16 9 572
t 18 11 13 721 22 38 5 26
t 22 753 31 18 23 9 27 40
t 10 9 20 575 14 4 14 1
t 2 9 29 32 6 617 33 6
t 10 8 10 25 37 38 640 37
t 23 17 23 10 9 593 15 7
t 3 9 598 13 4 3 12 20
t 648 18 17 13 14 4 8 9
t 1 757 18 3 28 22 33 8
t 9 1 2 22 15 22 24 588
t 15 15 2 23 18 8 598 9
t 8 6 606 31 11 5 37 13
t 771 22 25 0 8 2 39 15
t 17 1 4 39 625 31 13 6
t 20 565 17 1 18 21 11 10
t 14 21 574 21 1 25 22 15
t 701 40 40 30 2 0 11 19
t 1 2 10 19 598 9 8 4
t 732 28 11 9 23 0 15 18
t 7 6 7 13 12 5 1 572
t 3 23 23 24 22 25 10 736
t 27 20 704 5 12 1 26 22
t 21 24 30 26 16 760 10 32
t 39 686 30 32 19 40 24 4
t 17 8 565 25 3 6 17 20
t 21 12 563 10 22 20 3 23
t 22 15 2 7 18 20 24 578
t 9 22 19 4 16 20 561 2
t 17 13 29 20 12 23 671 14
t 8 10 17 564 21 5 18 6
t 785 21 36 21 18 26 28 37
t 3 22 1 5 9 599 12 14
t 24 30 4 696 12 1 29 23
t 24 13 15 19 2 593 15 22
t 27 9 642 4 37 22 38 2
t 17 25 14 15 10 588 4 19
t 7 6 7 4 1 7 582 6
t 7 20 23 2 22 22 12 588
t 18 23 12 4 577 1 19 22
t 11 24 25 6 580 8 8 1
t 9 5 5 29 19 40 39 711
t 14 9 10 14 35 769 10 9
t 4 30 34 614 13 20 29 22
t 36 16 3 23 745 28 17 16
t 5 23 582 3 17 18 6 4
t 574 6 10 8 18 21 4 10
t 679 8 40 34 10 28 29 20
t 9 574 1 9 19 20 5 8
t 28 6 37 5 28 625 38 31
t 12 17 21 567 22 10 22 9
t 740 0 13 30 31 7 36 1
t 7 1 8 12 1 575 25 14
t 12 6 4 5 25 6 17 592
t 15 6 22 564 19 12 5 15
t 32 36 622 32 18 24 18 3
t 0 34 737 15 22 18 11 15
t 13 7 17 10 17 13 590 8
t 21 31 35 775 22 11 6 27
t 1 17 580 24 8 11 3 2
t 29 9 40 741 3 32 15 27
t 575 10 12 10 11 19 3 13
t 4 8 11 18 575 19 1 14
t 31 27 33 23 8 29 40 795
t 25 1 582 10 12 25 12 12
t 573 20 9 23 20 8 7 11
t 22 27 4 21 39 15 25 709
t 17 17 9 23 560 25 12 21
t 36 29 25 32 27 4 735 22
t 14 573 13 18 1 21 13 2
t 18 6 25 22 594 6 1 24
t 23 560 15 17 17 5 14 14
t 27 795 11 19 16 22 28 17
t 13 39 37 18 649 20 31 25
t 731 25 5 2 36 3 19 14
t 32 37 27 20 31 794 8 14
t 769 6 10 40 34 40 8 17
t 2 18 1 3 1 6 572 7
t 21 771 9 1 38 10 22 18
t 6 8 14 568 16 5 22 20
t 785 12 30 27 31 26 3 36
t 40 20 21 2 9 10 732 0
t 8 20 15 588 12 18 6 9
t 0 20 28 7 27 613 39 12
t 588 12 12 3 3 12 12 5
t 1 12 40 17 674 31 10 3
t 5 3 596 20 1 14 3 22
t 718 20 16 8 17 36 4 35
t 588 24 17 21 20 10 13 16
t 575 22 22 1 10 16 13 25
t 23 7 561 25 7 5 14 20
t 34 33 21 3 7 30 764 5
t 20 18 31 22 2 662 16 25
t 0 14 17 24 23 36 628 16
t 22 11 25 11 22 596 17 25
t 16 16 2 2 564 12 2 4
t 39 24 27 18 10 760 28 30
t 6 22 24 13 9 16 591 21
t 681 18 3 6 31 23 25 39
t 28 28 3 12 39 1 13 704
t 6 13 564 17 10 1 8 11
t 14 22 575 5 4 22 20 20
t 7 1 581 2 23 7 15 5
t 13 4 1 18 9 17 593 21
t 11 573 24 24 17 19 10 2
t 19 713 25 36 22 16 3 14
t 15 24 19 16 4 596 19 2
t 20 625 10 29 35 12 13 3
t 580 11 6 12 12 22 9 17
t 17 13 23 6 13 21 580 24
t 740 39 34 21 26 5 20 28
t 30 32 14 25 32 677 31 10
t 40 9 26 20 1 10 701 39
t 11 1 4 7 15 17 572 18
t 22 8 20 12 39 11 737 14
t 14 23 24 17 576 5 25 9
t 7 24 18 17 17 9 631 8
t 20 21 5 581 9 16 17 8
t 17 15 8 9 561 19 25 13
t 11 8 22 36 648 25 0 17
t 0 28 11 9 36 6 790 40
t 8 35 23 774 30 0 30 37
t 29 2 26 722 7 24 6 15
t 604 39 16 29 19 0 13 17
t 18 35 7 35 16 17 721 1
t 568 3 23 18 12 6 23 17
t 34 5 14 14 25 716 19 20
t 33 748 4 28 39 19 34 8
t 1 14 24 586 7 13 19 12
t 7 6 592 8 19 10 11 19
t 30 32 645 3 6 0 19 2
t 25 13 5 9 566 16 7 24
t 6 9 8 597 19 15 24 24
t 11 19 23 25 13 1 587 5
t 640 19 30 7 28 11 25 31
t 39 0 26 3 30 631 25 4
t 7 14 13 5 11 575 25 3
t 564 21 3 13 21 7 16 18
t 11 10 18 726 26 39 28 12
t 22 16 11 3 0 709 14 30
t 654 24 20 14 15 39 26 39
t 23 23 25 617 16 26 13 0
t 7 22 25 24 7 2 595 19
t 34 22 16 8 31 1 2 714
t 2 579 8 6 19 18 7 22
t 25 23 17 27 21 658 17 12
t 5 22 33 19 5 22 701 5
t 20 21 16 16 574 6 18 7
t 20 765 4 28 13 11 19 3
t 18 8 27 25 17 26 38 715
t 22 20 10 20 23 21 24 594
t 634 4 7 29 23 7 17 7
t 3 15 607 22 30 3 2 25
t 691 10 16 31 33 8 29 10
t 17 40 40 628 25 3 12 13
t 592 6 11 17 19 12 4 6
t 3 577 15 22 3 16 21 25
t 766 37 10 7 7 2 0 38
t 18 16 1 35 713 3 29 0
t 9 11 18 19 14 590 11 22
t 7 9 21 22 13 17 22 599
t 16 3 7 4 7 589 16 13
t 38 2 4 30 652 39 40 36
t 12 25 11 23 15 5 12 587
t 13 1 21 22 16 12 24 588
t 34 0 640 16 3 15 32 39
t 23 719 36 16 3 0 26 15
t 40 20 11 742 23 40 36 32
t 13 17 13 6 571 9 16 17
t 15 34 28 35 20 5 5 778
t 595 22 7 11 2 24 20 8
t 1 12 15 1 587 7 4 19
t 29 28 0 39 39 750 33 17
t 11 19 10 25 2 582 6 6
t 25 29 15 4 799 4 38 33
t 565 21 7 7 2 15 22 18
t 18 9 24 23 20 6 568 10
t 23 14 21 21 10 14 16 589
t 5 3 588 7 21 25 9 3
t 1 17 14 4 14 598 9 1
t 25 661 31 9 13 28 27 32
t 25 28 20 28 32 30 634 22
t 23 21 21 2 23 577 7 14
t 683 14 8 12 27 13 23 34
t 11 28 6 26 699 12 23 8
t 39 2 2 16 643 30 18 36
t 5 13 15 587 12 1 6 6
t 2 18 21 21 10 17 1 576
t 565 21 10 17 17 2 24 14
t 6 18 36 37 718 0 23 12
t 32 8 39 22 743 25 27 1
t 2 14 1 589 11 23 10 3
t 1 22 9 565 17 2 13 5
t 10 19 3 5 13 736 12 6
t 12 5 26 662 3 8 28 1
t 18 7 15 22 9 12 24 590
t 19 25 587 6 20 4 10 24
t 14 4 9 3 10 4 569 23
t 9 13 9 24 3 23 584 23
t 5 16 8 13 12 25 1 583
t 2 748 22 18 40 36 33 0
t 29 38 20 13 707 15 5 24
t 31 24 35 21 1 22 8 787
t 15 8 18 5 17 590 13 13
t 584 13 21 22 16 2 10 9
t 26 18 37 19 10 20 730 0
t 9 12 7 16 7 578 2 24
t 23 34 27 0 24 19 35 753
t 2 572 9 16 2 21 24 25
t 13 582 22 1 3 1 16 22
t 23 7 5 1 19 0 765 31
t 23 564 1 25 15 11 15 6
t 13 6 572 12 18 23 18 12
t 3 8 2 589 6 11 13 1
t 30 23 15 752 16 9 28 31
t 12 20 33 38 19 9 735 9
t 27 3 673 0 16 32 7 40
t 21 35 13 31 6 664 27 11
t 20 6 14 29 28 2 711 6
t 17 5 2 16 593 19 4 17
t 30 3 34 36 706 16 38 33
t 24 27 28 14 31 23 659 3
t 18 714 40 6 31 29 27 31
t 12 8 10 15 591 16 9 12
t 20 17 8 8 15 4 574 21
t 2 21 560 22 22 24 4 21
t 17 575 6 1 2 22 17 22
t 12 19 9 757 31 40 30 7
t 10 17 5 15 7 16 25 599
t 33 26 781 19 37 11 7 35
t 40 30 772 7 18 37 31 1
t 25 564 1 13 5 2 15 4
t 6 8 7 25 577 7 2 17
t 20 25 583 18 13 8 19 5
t 30 38 5 27 13 727 16 31
t 2 32 9 649 38 37 34 12
t 5 20 1 24 24 6 583 25
t 24 5 3 1 7 4 583 9
t 566 14 15 23 9 20 8 16
t 20 38 29 18 2 13 761 22
t 2 20 7 566 15 19 9 25
t 562 15 14 17 15 24 14 19
t 11 20 9 3 8 572 24 4
t 21 3 3 6 579 6 12 22
t 2 10 4 5 8 581 17 7
t 605 18 12 28 32 38 32 20
t 10 32 4 37 23 678 19 24
t 26 38 5 28 37 37 39 760
t 11 30 28 10 773 14 28 5
t 17 22 23 6 16 21 581 3
t 29 6 4 16 14 25 713 7
t 18 3 3 23 24 24 569 12
t 3 15 25 14 572 8 15 19
t 17 572 18 24 20 18 25 5
t 11 594 13 1 2 12 7 24
t 19 13 36 19 698 10 12 40
t 29 704 13 38 6 32 40 38
t 22 2 4 7 17 17 588 25
t 18 7 11 16 25 592 8 18
t 19 21 2 565 25 6 9 2
t 8 25 34 36 1 5 699 5
t 1 20 5 23 1 567 25 1
t 15 15 10 23 8 5 560 12
t 27 26 18 26 17 33 600 14
t 781 21 23 20 33 6 11 21
t 4 26 33 7 15 686 8 35
t 9 5 13 15 592 23 12 8
t 24 7 10 24 3 598 5 11
t 1 6 23 570 16 6 2 2
t 2 0 32 14 20 662 26 8
t 21 5 20 6 4 29 722 29
t 6 10 22 2 592 24 4 19
t 2 566 2 6 10 8 4 3
t 7 3 14 28 9 0 609 37
t 20 20 2 24 17 7 567 24
t 596 9 21 19 18 5 17 25
t 29 6 20 4 28 33 787 28
t 31 32 14 32 8 709 32 1
t 1 22 4 33 34 4 663 23
t 15 39 37 37 5 40 746 13
t 25 18 3 21 18 581 23 18
t 18 662 10 34 20 10 40 4
t 12 14 4 17 2 2 22 583
t 40 11 23 18 25 5 39 627
t 36 23 22 33 5 637 37 36
t 566 8 5 24 18 17 6 17
t 19 31 9 0 15 620 25 20
t 8 19 12 10 9 4 19 573
t 579 1 21 11 3 22 5 6
t 11 24 17 21 20 22 560 23
t 561 10 11 10 14 7 13 1
t 6 9 599 12 6 7 11 7
t 4 5 37 16 27 603 36 31
t 16 21 10 13 24 30 22 680
t 17 39 20 693 19 30 20 36
t 17 2 33 23 3 700 16 13
t 22 25 1 11 13 575 15 11
t 3 33 26 20 18 32 665 27
t 3 15 10 695 2 17 33 34
t 29 32 29 9 740 0 35 24
t 16 32 6 36 23 16 648 8
t 0 38 0 35 2 17 26 639
t 32 727 20 14 37 16 5 9
t 2 21 572 10 8 15 6 23
t 16 18 14 8 24 5 574 25
t 22 20 7 14 579 10 4 15
t 18 23 4 19 22 597 21 6
t 14 14 12 24 590 12 17 5
t 791 29 15 21 29 38 20 36
t 38 710 21 25 35 7 22 7
t 12 28 688 4 0 13 18 24
t 17 25 23 10 24 15 599 13
t 29 31 32 16 28 24 708 34
t 2 572 11 25 6 23 10 17
t 21 9 598 16 11 19 25 20
t 7 11 23 17 562 10 17 2
t 5 16 19 33 633 10 30 38
t 2 18 23 568 13 1 16 14
t 12 6 577 12 24 8 2 23
t 25 22 24 9 782 39 12 39
t 11 7 19 16 1 578 25 9
t 6 37 38 0 0 32 31 681
t 19 10 34 4 40 682 24 22
t 1 1 16 4 593 24 2 2
t 26 23 12 20 692 29 4 12
t 12 560 17 23 4 4 19 12
t 37 17 25 769 1 26 4 10
t 19 20 12 16 570 13 5 22
t 726 3 8 39 1 4 31 26
t 16 25 19 12 573 20 23 6
t 13 16 25 24 19 3 579 5
t 1 18 574 7 7 3 13 14
t 22 8 592 17 10 4 18 23
t 8 2 14 4 10 15 586 2
t 22 2 1 5 22 18 12 578
t 14 10 9 10 14 11 16 591
t 3 1 586 15 11 18 10 17
t 594 3 15 10 21 13 1 2
t 4 4 3 15 23 5 13 565
t 779 34 21 16 7 37 12 35
t 34 10 31 19 759 14 1 38
t 37 24 23 39 31 38 735 31
t 25 585 19 20 25 6 19 17
t 19 38 17 8 675 35 5 40
t 20 23 22 25 17 598 21 15
t 5 2 17 8 6 573 13 4
t 10 11 22 734 37 25 35 0
t 40 35 737 14 24 16 17 25
t 22 20 21 30 31 691 7 13
t 23 15 24 21 16 6 6 582
t 11 23 22 3 10 17 570 2
t 6 781 25 2 14 26 31 4
t 36 27 35 34 38 9 723 1
t 588 22 8 2 19 22 22 16
t 6 0 28 8 630 38 28 7
t 19 14 23 572 10 19 6 4
t 7 589 6 2 12 4 14 13
t 18 14 30 8 37 3 0 713
t 36 23 33 9 39 22 10 770
t 5 21 1 18 2 20 6 570
t 1 583 8 20 12 14 4 3
t 37 14 19 8 737 19 13 16
t 21 24 16 2 596 6 9 7
t 27 4 4 20 38 19 40 718
t 13 13 11 9 589 7 9 23
t 22 2 2 3 11 589 24 14
t 9 3 8 1 597 24 14 15
t 4 7 11 4 12 573 14 9
t 10 21 20 16 11 578 9 14
t 9 19 18 21 7 15 15 585
t 19 21 11 20 14 23 8 594
t 18 19 570 21 3 7 7 6
t 8 18 4 598 10 12 7 15
t 5 26 678 40 35 20 25 40
t 5 16 24 21 17 6 580 11
t 3 17 571 7 25 7 21 9
t 12 31 0 670 22 26 22 38
t 23 4 729 34 27 29 0 31
t 2 590 23 8 18 20 14 2
t 2 13 35 12 23 790 21 6
t 16 13 23 13 561 9 13 1
t 0 3 1 652 39 11 21 14
t 25 14 5 7 11 10 599 21
t 19 3 17 5 12 4 25 592
t 35 30 32 6 732 13 32 3
t 8 11 25 21 13 23 15 570
t 594 14 17 9 16 14 11 22
t 5 592 11 2 20 14 18 25
t 31 0 723 10 12 18 30 31
t 10 9 15 1 590 10 14 21
t 35 10 35 16 22 21 15 652
t 12 18 25 571 24 3 13 5
t 37 18 24 22 6 23 693 19
t 27 27 27 23 39 18 26 651
t 8 15 560 18 6 12 16 6
t 39 36 23 739 21 39 0 3
t 32 645 19 39 8 25 36 5
t 23 581 15 24 6 5 14 21
t 24 11 1 570 16 23 22 17
t 11 15 14 4 14 594 21 17
t 12 17 21 23 590 19 9 20
t 21 25 23 583 8 18 12 17
t 616 1 6 4 22 38 15 7
t 7 24 8 5 16 23 598 24
t 9 20 6 20 21 23 21 571
t 12 22 14 582 3 5 16 17
t 6 5 9 5 7 17 577 19
t 4 8 8 6 11 6 18 588
t 13 10 18 596 5 13 19 6
t 36 610 14 28 11 36 24 21
t 2 9 13 11 9 15 561 4
t 16 764 13 24 30 18 26 4
t 9 21 5 22 9 2 582 10
t 37 40 16 30 36 662 21 17
t 2 16 16 5 32 23 30 783
t 4 14 586 10 22 1 4 13
t 7 14 18 15 589 2 2 16
t 28 23 36 32 777 17 15 24
t 4 583 12 3 1 11 15 17
t 10 19 23 27 20 17 12 688
t 672 14 15 33 17 5 24 37
t 12 9 1 9 8 4 585 6
t 12 562 23 15 11 19 22 21
t 29 25 34 18 19 626 12 35
t 697 8 27 5 16 15 36 14
t 12 586 20 21 23 7 5 21
t 8 6 19 13 20 16 10 580
t 12 3 601 34 5 13 0 9
t 6 31 27 18 20 26 731 20
t 4 18 9 575 19 2 12 6
t 22 17 18 20 15 16 14 563
t 28 8 13 35 38 27 602 13
t 1 22 18 15 19 594 16 23
t 8 8 20 26 38 37 21 639
t 21 23 18 25 11 6 12 564
t 2 8 8 2 12 17 22 569
t 35 7 20 1 27 21 754 11
t 5 5 1 599 21 10 20 3
t 1 1 560 5 8 10 16 12
t 562 8 2 5 5 20 14 18
t 20 19 15 17 5 578 1 9
t 18 17 575 5 1 15 10 16
t 8 14 21 563 10 6 21 17
t 22 10 13 20 16 10 594 18
t 16 8 23 570 16 9 18 12
t 10 1 11 3 23 10 2 586
t 786 25 10 19 32 35 23 0
t 31 688 22 23 19 35 25 13
t 6 1 585 22 6 22 11 18
t 14 16 15 19 20 4 561 2
t 17 25 3 4 590 15 20 5
t 5 8 16 17 3 588 13 9
t 14 22 6 34 19 630 1 3
t 6 6 3 22 8 18 585 10
t 21 25 37 10 0 27 691 21
t 717 24 7 15 15 20 3 6
t 5 584 11 18 22 8 12 15
t 4 26 27 651 0 16 16 0
t 25 20 15 13 8 6 578 14
t 14 13 9 10 20 22 575 12
t 3 24 566 7 17 12 19 3
t 10 10 593 14 17 4 21 11
t 10 582 13 7 3 5 12 5
t 29 18 3 20 1 695 0 36
t 10 8 591 18 12 18 10 8
t 15 24 16 563 23 25 6 1
t 15 20 582 19 23 11 22 13
t 15 19 14 23 593 3 4 9
t 590 12 19 17 19 17 6 20
t 15 3 10 571 14 21 11 13
t 23 25 35 698 33 1 19 33
t 19 6 25 8 18 564 9 24
t 30 35 13 616 11 1 25 23
t 7 11 796 17 35 20 1 1
t 7 1 25 17 3 2 17 585
t 795 29 28 16 30 23 38 37
t 30 15 4 27 673 23 4 2
t 26 24 27 17 15 23 18 722
t 14 13 11 22 23 5 18 585
t 11 21 1 2 588 22 15 18
t 3 18 13 560 2 23 18 14
t 7 795 38 33 19 38 26 10
t 9 10 9 583 21 20 25 24
t 13 22 1 20 10 584 8 9
t 15 11 17 20 18 7 588 11
t 6 26 17 6 1 3 658 9
t 17 745 14 13 33 11 18 22
t 38 7 27 3 30 29 616 34
t 1 39 22 11 767 10 39 38
t 13 15 10 7 614 19 26 29
t 16 24 15 17 21 8 567 12
t 15 596 2 7 9 20 5 18
t 6 34 40 27 33 37 11 742
t 12 9 19 8 15 23 38 614
t 672 4 5 1 34 39 6 17
t 37 627 18 29 17 0 4 34
t 37 23 4 14 641 8 11 15
t 17 728 7 20 24 30 5 37
t 15 3 16 770 13 6 14 1
t 25 569 15 15 4 16 2 25
t 12 16 17 562 5 8 5 11
t 20 4 560 18 17 3 14 23
t 20 24 34 699 33 23 33 31
t 20 11 14 563 13 10 1 7
t 40 610 28 33 28 11 39 29
t 13 12 572 14 1 13 7 10
t 29 14 39 38 23 673 32 27
t 7 591 24 10 19 5 13 19
t 38 20 34 16 9 16 37 797
t 22 12 12 15 5 7 1 581
t 10 2 589 2 24 20 5 13
t 583 4 17 3 3 23 5 23
t 25 6 2 11 586 3 21 20
t 4 20 21 6 18 2 584 18
t 19 15 11 1 569 20 10 13
t 23 17 579 8 6 15 17 25
t 573 22 5 17 9 6 22 17
t 36 13 17 10 0 33 779 1
t 9 7 24 23 10 19 18 572
t 22 4 18 715 37 19 31 31
t 2 39 20 18 32 11 10 741
t 3 12 20 572 4 25 23 3
t 9 589 20 19 24 21 17 12
t 15 757 32 13 6 8 24 17
t 16 1 7 572 12 1 6 20
t 11 14 27 35 2 37 690 36
t 12 12 13 569 1 15 18 22
t 1 25 4 5 1 12 12 586
t 11 22 7 6 13 4 12 596
t 36 32 28 39 27 789 30 12
t 13 16 1 22 12 2 586 11
t 37 4 10 4 14 19 615 24
t 3 16 5 19 585 12 10 22
t 690 27 10 21 26 30 21 2
t 14 598 15 25 17 20 25 11
t 10 24 11 18 758 32 4 26
t 40 7 635 37 15 40 19 11
t 18 564 14 11 8 11 1 21
t 8 21 7 8 23 25 21 563
t 10 33 8 31 34 36 652 14
t 15 8 8 3 10 11 4 585
t 11 31 15 15 21 33 12 758
t 35 27 28 778 35 28 39 10
t 8 1 22 11 5 22 582 17
t 16 622 24 14 38 4 2 26
t 21 0 32 24 21 17 687 16
t 596 20 5 13 4 5 20 12
t 12 12 20 18 11 4 22 565
t 15 7 26 719 26 19 14 34
t 38 37 23 622 27 14 6 11
t 4 7 1 590 5 1 22 21
t 26 1 10 28 32 798 24 31
t 34 15 10 15 26 643 19 16
t 0 4 20 609 4 38 33 24
t 24 1 12 575 18 13 5 2
t 12 20 12 11 5 22 18 568
t 20 19 24 19 589 25 9 17
t 584 9 9 4 13 25 2 6
t 11 562 1 18 7 12 9 9
t 25 6 20 798 25 33 26 0
t 25 577 2 19 3 16 10 7
t 11 8 40 2 28 23 9 663
t 9 596 4 12 13 7 14 3
t 15 22 21 24 37 32 15 718
t 23 2 7 4 7 10 582 23
t 683 32 5 0 21 34 16 37
t 650 32 29 32 9 31 34 18
t 5 10 2 1 21 2 23 582
t 34 663 12 36 3 6 20 13
t 18 21 17 571 9 11 13 4
t 3 18 13 581 2 16 2 25
t 7 8 32 672 6 6 19 18
t 10 13 1 12 25 18 33 786
t 17 10 24 16 12 18 10 572
t 10 6 4 2 24 10 574 11
t 11 560 9 22 2 24 1 9
t 3 23 594 25 20 8 21 9
t 19 23 594 2 24 16 21 13
t 561 18 24 7 12 24 19 12
t 23 2 40 26 40 784 9 1
t 1 17 25 19 15 14 15 567
t 35 29 29 775 24 23 7 18
t 6 17 706 4 8 33 33 9
t 18 15 595 19 21 1 15 11
t 24 19 595 17 10 23 21 15
t 690 38 5 18 15 24 26 0
t 23 12 13 5 18 593 10 3
t 22 3 14 581 18 23 7 22
t 25 3 36 794 17 22 28 18
t 17 15 18 598 19 22 6 2
t 33 688 2 26 38 4 9 22
t 16 27 739 30 39 35 19 8
t 23 28 628 6 0 10 33 33
t 13 22 746 2 14 26 14 32
t 20 11 5 598 17 14 1 5
t 33 9 745 17 23 23 1 13
t 576 13 13 5 14 19 5 4
t 582 5 18 8 5 8 21 15
t 15 23 21 24 14 574 17 13
t 33 17 620 39 31 34 0 24
t 13 15 761 17 31 28 3 5
t 5 7 9 586 17 25 24 8
t 14 19 679 18 3 21 19 14
t 33 16 733 2 11 0 9 19
t 32 15 20 26 34 632 15 5
t 1 567 18 25 3 7 2 5
t 6 32 18 36 6 4 18 793
t 22 13 5 578 2 1 7 20
t 20 23 19 12 11 15 583 15
t 599 1 6 25 24 20 24 23
t 35 36 782 30 6 18 0 1
t 579 15 5 6 5 17 11 1
t 649 10 5 19 11 23 19 33
t 647 16 11 35 7 29 3 13
t 6 10 4 561 13 18 7 25
t 33 11 23 798 9 35 36 1
t 6 566 11 25 17 7 7 23
t 9 5 9 2 16 24 17 599
t 3 567 10 2 16 12 17 10
t 1 11 561 15 3 2 6 18
t 16 18 593 25 14 11 15 21
t 33 38 11 40 25 33 731 1
t 19 25 25 35 7 4 778 9
t 783 37 21 34 36 3 9 4
t 689 20 10 23 28 20 2 34
t 10 14 21 21 15 19 12 566
t 14 13 7 14 19 566 1 14
t 13 17 14 14 18 726 16 21
t 19 32 8 37 1 10 604 4
t 22 8 16 19 29 772 0 11
t 574 21 18 16 21 6 7 4
t 24 40 28 31 26 791 6 38
t 34 24 653 27 28 11 10 20
t 22 6 13 580 9 20 4 18
t 38 9 34 39 0 37 726 37
t 32 38 32 15 37 14 19 761
t 5 21 7 25 679 1 25 22
t 6 561 7 15 17 25 17 4
t 676 28 1 8 9 28 17 32
t 15 13 7 11 24 10 577 5
t 14 9 11 3 570 2 4 11
t 3 25 24 16 12 583 21 10
t 9 31 7 26 4 764 13 25
t 17 10 5 570 14 11 2 15
t 23 13 19 708 20 7 36 36
t 742 10 21 35 9 20 11 20
t 14 20 13 17 6 578 11 6
t 587 4 13 18 21 10 17 6
t 23 636 22 21 27 1 12 40
t 33 1 10 5 33 33 16 779
t 16 33 34 721 33 18 3 34
t 14 11 654 10 40 37 1 17
t 12 24 565 5 6 24 22 14
t 12 6 580 15 14 6 11 15
t 36 22 35 37 38 21 9 685
t 782 39 16 18 10 10 28 21
t 12 5 22 11 658 1 6 33
t 18 16 3 18 773 32 6 0
t 3 2 9 572 15 11 20 3
t 17 1 20 12 14 13 596 25
t 26 2 623 35 40 15 28 40
t 27 0 33 10 608 25 4 17
t 22 798 31 32 1 19 0 2
t 24 22 22 7 23 15 585 9
t 25 20 2 4 11 571 11 11
t 15 27 14 30 33 7 22 648
t 2 23 22 3 7 3 13 582
t 27 1 11 26 1 17 32 699
t 38 1 1 8 36 693 19 25
t 14 9 23 17 1 18 580 4
t 9 9 11 18 4 574 17 14
t 1 20 569 10 22 15 9 14
t 587 18 24 3 11 12 25 18
t 40 4 27 783 25 17 15 31
t 23 11 565 12 7 1 19 24
t 19 15 19 6 9 11 8 562
t 0 773 34 33 34 40 34 16
t 9 9 18 24 25 5 573 20
t 8 6 19 24 597 7 2 23
t 1 561 5 21 10 2 23 10
t 16 14 589 8 21 7 12 3
t 12 675 0 25 28 7 13 36
t 28 25 11 31 8 34 659 26
t 3 24 12 28 39 40 784 30
t 14 17 2 8 13 2 2 599
t 3 594 8 22 13 21 24 18
t 4 580 21 3 9 3 24 14
t 4 31 0 765 7 4 4 13
t 15 21 8 23 1 593 22 1
t 671 37 17 26 13 33 26 26
t 10 19 23 570 14 22 25 20
t 15 18 11 40 39 31 734 9
t 4 25 8 19 7 599 4 23
t 12 21 5 14 700 4 8 24
t 2 22 25 16 14 579 20 7
t 11 23 12 16 585 4 24 25
t 3 25 21 560 16 3 2 18
t 34 2 17 29 8 19 34 695
t 12 3 8 21 25 14 789 17
t 37 40 36 19 26 627 33 1
t 6 29 5 19 34 754 15 19
t 4 20 9 24 21 13 3 659
t 582 14 8 21 10 14 14 9
t 14 23 560 23 11 18 13 7
t 590 18 13 5 21 24 6 16
t 38 22 686 8 26 6 31 25
t 14 13 585 6 22 21 20 25
t 29 38 2 17 662 19 24 33
t 3 3 10 12 2 10 12 598
t 18 563 24 18 25 13 9 2
t 14 16 587 22 19 19 1 7
t 19 20 25 21 571 16 24 25
t 23 16 7 561 1 3 16 13
t 793 39 17 1 18 19 27 40
t 20 675 37 21 30 20 27 3
t 575 24 18 25 2 17 23 9
t 593 16 1 8 7 14 9 9
t 23 18 3 3 588 8 25 13
t 13 37 32 11 2 616 3 3
t 27 29 37 731 29 37 39 34
t 582 5 19 2 5 5 15 3
t 20 37 26 764 11 0 27 6
t 21 792 35 39 5 28 28 12
t 23 14 9 24 10 574 22 7
t 6 7 581 19 5 18 22 5
t 580 17 9 12 17 20 16 10
t 35 13 18 11 38 2 30 708
t 12 15 4 22 565 10 19 3
t 21 6 787 11 30 12 34 31
t 28 16 788 40 0 31 22 3
t 12 37 618 21 0 28 12 1
t 17 571 20 2 10 9 13 8
t 29 5 8 15 721 35 24 37
t 578 18 10 2 11 10 24 19
t 22 5 20 13 3 17 560 18
t 19 1 14 584 10 21 24 14
t 9 29 38 15 20 3 674 25
t 25 15 10 4 582 14 15 24
t 17 571 12 23 6 2 14 3
t 12 9 25 22 596 23 1 25
t 22 7 596 7 15 11 7 18
t 11 15 6 1 7 25 577 25
t 39 25 31 38 33 23 40 793
t 18 13 13 15 33 2 637 17
t 37 8 7 785 39 1 29 6
t 15 581 20 17 14 4 20 16
t 26 39 24 32 0 39 614 26
t 1 16 35 5 682 29 25 17
t 12 6 4 598 6 16 13 18
t 21 17 34 7 683 29 28 34
t 17 21 19 13 34 30 4 636
t 35 2 30 677 10 5 6 32
t 4 20 22 563 9 24 25 9
t 25 22 1 10 745 20 37 1
t 2 22 5 7 20 31 782 33
t 34 18 27 16 1 15 645 31
t 21 27 21 23 4 23 13 738
t 13 20 594 13 1 9 20 5
t 14 19 773 10 14 28 9 29
t 24 10 576 13 1 22 11 12
t 3 8 14 11 586 15 23 22
t 8 16 18 7 24 8 3 590
t 8 19 14 11 10 599 17 12
t 25 15 586 16 13 4 25 8
t 36 34 25 28 14 23 760 12
t 3 24 5 16 18 596 10 11
t 8 14 5 21 755 16 40 16
t 10 2 12 585 4 22 18 11
t 12 11 8 582 12 21 25 12
t 715 17 8 36 38 13 25 39
t 8 36 37 3 37 20 657 20
t 25 20 17 19 14 9 19 572
t 35 12 4 678 35 28 0 20
t 25 5 572 14 3 18 22 20
t 18 12 569 21 21 24 8 10
t 5 12 590 13 2 21 21 15
t 690 27 36 3 29 39 7 40
t 6 12 0 1 27 745 40 40
t 4 785 5 23 15 8 38 20
t 663 11 18 7 29 7 15 38
t 722 5 19 23 11 28 27 12
t 20 8 26 756 26 39 26 38
t 676 7 40 9 9 25 17 9
t 18 3 10 33 7 1 22 684
t 1 21 1 599 17 13 22 11
t 10 12 35 37 637 6 21 24
t 14 2 719 21 7 31 13 15
t 37 28 19 725 35 39 0 33
t 21 14 39 23 720 24 7 34
t 1 578 16 14 14 15 16 20
t 28 35 40 30 8 39 617 22
t 29 25 10 29 31 33 3 770
t 39 5 27 652 25 13 28 32
t 6 4 13 3 9 21 570 14
t 2 39 621 0 27 8 37 30
t 23 10 15 1 582 16 18 16
t 2 4 24 13 23 15 572 12
t 7 39 7 29 722 28 22 2
t 9 7 19 23 677 15 0 40
t 5 728 6 5 30 2 24 13
t 24 765 24 11 33 10 18 10
t 4 4 13 17 560 20 17 11
t 35 9 32 759 26 17 35 35
t 3 28 11 27 686 15 10 13
t 14 13 29 14 758 5 14 30
t 7 8 17 16 14 2 11 576
t 33 38 26 37 18 20 675 12
t 22 25 10 586 4 23 8 7
t 32 23 29 10 19 9 5 741
t 4 8 602 27 26 28 22 23
t 0 7 751 9 33 21 30 4
t 29 17 32 5 37 623 15 34
t 28 23 27 758 3 9 16 8
t 25 37 25 15 6 19 5 743
t 30 33 6 2 36 10 663 27
t 13 2 11 14 25 6 8 564
t 17 14 16 23 11 9 24 571
t 2 5 5 22 574 6 20 22
t 5 25 20 17 571 24 11 7
t 26 11 30 13 30 628 15 35
t 21 20 1 13 3 15 24 565
t 1 19 15 21 9 586 9 21
t 582 22 6 16 8 10 3 1
t 32 20 39 33 20 619 23 24
t 18 11 27 28 1 29 15 600
t 10 24 18 16 40 0 24 632
t 27 23 7 31 36 21 28 703
t 15 16 18 4 32 684 20 27
t 32 25 22 17 25 4 698 7
t 20 2 12 4 592 23 17 13
t 7 1 4 17 22 3 22 586
t 571 13 9 16 23 21 14 7
t 24 582 3 13 22 4 8 12
t 12 21 565 7 14 22 8 25
t 577 20 16 14 17 10 4 3
t 5 30 22 6 0 697 19 17
t 24 22 29 26 32 708 19 8
t 13 681 33 38 5 32 0 11
t 2 20 3 38 7 660 38 8
t 20 3 597 11 24 22 20 24
t 25 4 580 5 9 17 7 16
t 5 1 5 18 18 4 596 9
t 9 652 3 6 26 25 7 5
t 12 14 18 5 14 19 778 39
t 16 4 573 14 1 18 7 24
t 8 3 24 581 9 23 15 3
t 20 587 25 14 21 15 18 10
t 17 800 39 8 3 34 14 22
t 9 569 14 13 20 8 17 9
t 28 34 38 7 17 30 699 8
t 16 678 34 33 30 30 6 18
t 11 3 8 562 24 8 16 24
t 5 15 11 592 11 16 20 18
t 34 25 705 26 17 31 19 5
t 8 17 765 40 4 40 30 5
t 4 13 2 15 19 598 13 17
t 8 15 628 33 38 34 38 10
t 22 36 24 16 692 11 39 38
t 8 23 27 34 29 7 17 764
t 38 720 36 34 39 21 7 10
t 17 24 575 13 9 9 8 18
t 9 39 3 36 36 34 12 743
t 24 19 678 10 38 6 7 32
t 29 11 5 28 727 10 39 35
t 16 12 24 571 7 22 12 24
t 12 22 21 12 11 571 4 2
t 2 30 23 692 34 14 34 18
t 22 8 711 13 34 39 13 1
t 579 5 14 23 4 6 1 6
t 632 37 13 34 30 29 29 18
t 654 24 29 21 5 36 4 8
t 14 8 6 5 636 24 19 6
t 7 575 1 21 14 12 17 3
t 22 633 25 30 22 12 23 0
t 19 8 10 7 17 1 20 594
t 21 20 19 3 19 22 565 6
t 8 742 6 21 9 2 39 34
t 18 13 6 5 582 22 20 11
t 775 27 28 18 30 21 38 6
t 7 35 18 36 769 22 18 20
t 797 3 39 1 29 9 37 25
t 9 37 26 20 15 40 13 788
t 31 16 36 16 1 28 23 703
t 11 22 25 8 10 4 567 17
t 10 25 566 18 21 7 4 18
t 3 578 8 25 2 17 5 17
t 23 25 3 24 591 14 7 16
t 3 579 15 5 8 16 11 10
t 11 745 34 0 28 24 6 35
t 23 20 712 13 34 12 15 30
t 16 12 16 18 1 18 4 579
t 10 20 788 12 14 20 7 36
t 14 11 21 35 34 719 0 29
t 8 726 14 25 29 37 3 8
t 572 21 24 15 23 18 21 17
t 11 2 575 4 11 9 7 7
t 34 4 22 9 4 9 18 697
t 35 760 35 13 40 5 5 7
t 22 575 7 14 6 21 8 12
t 7 12 17 562 16 8 1 1
t 9 32 5 35 15 9 7 657
t 598 1 22 15 20 13 9 16
t 24 21 30 691 11 22 26 26
t 720 2 25 38 13 17 2 15
t 3 11 7 638 8 14 18 21
t 14 13 1 23 18 586 18 20
t 25 4 26 711 33 13 24 25
t 21 20 0 779 6 19 15 27
t 6 15 2 12 24 595 1 20
t 2 1 7 21 19 15 594 3
t 19 6 7 13 4 593 15 17
t 718 11 35 22 29 33 13 17
t 19 24 25 578 2 3 18 16
t 575 6 13 7 5 17 4 23
t 15 16 23 13 21 12 3 561
t 15 730 10 29 4 25 4 20
t 28 705 5 25 8 20 30 28
t 7 14 2 1 8 572 15 4
t 19 12 23 567 13 22 21 2
t 6 33 16 38 722 18 16 20
t 25 10 29 9 30 694 38 22
t 20 606 37 38 35 0 14 14
t 35 20 16 16 4 793 21 1
t 728 27 29 31 1 5 20 28
t 38 21 8 711 31 17 28 25
t 22 6 579 24 13 23 4 19
t 2 15 10 9 21 564 11 19
t 9 30 26 18 11 9 20 707
t 618 28 0 21 30 23 0 32
t 22 16 592 14 14 7 10 14
t 9 581 8 2 16 15 5 9
t 11 25 576 23 11 13 11 22
t 782 30 33 8 33 23 0 5
t 6 25 573 8 14 12 9 11
t 2 572 22 12 8 23 8 17
t 31 15 767 13 28 29 36 31
t 619 35 21 40 31 23 15 17
t 23 8 27 37 7 33 4 741
t 11 27 8 16 30 635 37 1
t 571 10 15 12 21 10 6 20
t 2 573 1 1 3 21 15 6
t 36 39 19 30 28 729 28 25
t 19 691 9 13 20 39 24 37
t 33 16 17 7 21 20 11 700
t 0 35 612 12 29 18 38 40
t 591 11 8 7 21 9 7 21
t 31 18 15 40 761 8 26 24
t 6 11 18 565 18 13 22 24
t 21 8 15 568 24 15 7 2
t 2 7 17 13 19 13 568 3
t 8 14 13 1 22 1 11 593
t 10 19 26 38 6 767 8 38
t 8 1 4 17 25 23 596 18
t 710 3 27 17 33 33 24 27
t 38 34 3 731 38 39 7 33
t 15 16 590 18 1 18 3 10
t 7 589 22 21 8 7 20 22
t 20 723 7 6 1 31 14 27
t 33 7 24 31 36 37 23 641
t 28 759 36 16 17 13 11 11
t 5 11 24 22 18 11 593 15
t 34 708 19 27 16 13 13 38
t 13 0 781 19 8 1 31 20
t 29 34 15 38 7 638 35 26
t 15 3 3 590 8 18 22 13
t 21 20 24 20 15 4 565 12
t 39 31 30 10 35 23 31 795
t 21 17 2 13 30 35 40 698
t 3 4 25 5 10 3 566 4
t 717 32 23 35 27 36 12 24
t 661 6 5 29 11 37 6 4
t 16 21 40 4 726 14 31 34
t 4 3 37 771 19 33 40 30
t 33 682 18 37 10 34 6 32
t 32 34 40 754 27 8 6 39
t 11 596 19 5 24 6 19 15
t 23 20 13 13 7 7 595 4
t 25 16 21 12 589 6 8 25
t 23 16 11 2 21 728 38 1
t 1 580 3 14 1 6 21 17
t 14 24 11 575 9 25 6 14
t 18 27 38 30 688 31 1 35
t 15 15 21 20 565 3 18 13
t 0 671 38 26 2 26 21 8
t 13 21 9 22 11 1 574 16
t 14 22 647 3 4 13 20 15
t 13 668 26 10 22 14 11 22
t 12 10 19 9 19 574 25 14
t 4 1 6 570 10 13 20 4
t 26 27 37 630 18 22 17 6
t 33 9 791 15 5 21 11 3
t 33 40 38 5 604 30 13 18
t 18 7 16 39 33 649 37 21
t 35 17 20 3 14 7 6 788
t 15 2 20 31 18 691 13 2
t 39 5 4 2 36 632 14 10
t 21 736 15 3 30 3 10 29
t 686 22 7 15 30 15 22 34
t 21 18 21 572 1 21 2 2
t 32 21 618 29 23 13 18 6
t 16 3 8 4 23 2 577 19
t 8 3 24 10 20 19 597 12
t 37 29 27 17 788 13 33 27
t 591 18 10 13 24 19 10 16
t 16 9 13 703 37 33 13 6
t 17 18 580 6 2 4 18 12
t 37 31 37 6 33 16 32 736
t 21 9 648 21 7 17 35 36
t 19 583 14 7 2 16 9 4
t 20 12 10 7 23 17 581 22
t 14 25 726 38 21 20 17 1
t 6 16 24 25 19 10 590 12
t 20 10 21 12 663 20 2 14
t 40 38 14 726 10 23 32 33
t 13 587 3 22 12 6 12 16
t 38 22 8 618 40 29 16 2
t 7 39 759 20 4 38 8 39
t 35 11 37 40 5 627 31 38
t 32 24 20 25 12 642 24 32
t 14 23 24 19 23 13 7 597
t 17 6 19 12 6 6 599 1
t 26 19 0 34 32 35 767 11
t 23 640 34 17 36 40 15 4
t 594 8 2 13 14 4 19 1
t 11 21 659 1 39 14 26 0
t 22 9 20 19 14 9 17 587
t 24 8 570 3 10 3 6 4
t 22 10 7 20 20 13 577 19
t 565 10 6 19 10 6 7 8
t 27 10 25 25 25 6 742 1
t 21 14 36 40 14 3 703 35
t 25 3 569 8 12 13 21 12
t 11 21 608 24 36 7 14 8
t 9 22 18 13 4 21 574 23
t 13 23 748 38 2 24 6 29
t 4 13 9 39 23 606 24 22
t 560 12 9 21 3 20 2 13
t 593 18 24 5 16 9 18 13
t 5 12 11 572 20 21 17 10
t 28 35 10 16 18 757 33 11
t 22 564 10 24 7 9 15 3
t 12 7 19 20 4 13 599 13
t 19 16 598 13 13 13 7 4
t 19 18 5 15 8 30 15 758
t 693 32 33 15 8 35 37 39
t 34 28 36 661 0 25 36 5
t 9 20 3 24 11 564 4 12
t 594 19 11 18 22 14 12 2
t 14 17 7 8 4 22 16 560
t 14 566 8 13 4 24 24 20
t 35 20 653 29 13 39 19 27
t 22 15 23 17 794 38 10 0
t 14 6 15 25 25 581 13 3
t 9 589 9 15 8 4 13 15
t 18 28 14 14 690 24 7 32
t 8 593 15 24 7 3 10 8
t 24 20 17 24 579 20 22 11
t 567 6 8 10 14 7 3 21
t 18 32 0 603 39 22 16 1
t 732 34 37 28 2 26 30 9
t 568 7 11 20 10 22 6 9
t 33 36 22 14 13 17 6 717
t 9 580 20 4 17 7 25 24
t 34 39 17 3 36 14 0 739
t 23 631 31 4 18 16 16 8
t 12 562 22 16 10 5 7 15
t 24 20 23 583 12 10 22 1
t 38 641 25 23 21 11 31 19
t 4 569 21 14 11 15 8 10
t 24 30 2 38 40 34 613 33
t 7 8 17 9 17 11 12 598
t 15 18 6 6 4 584 25 11
t 21 25 22 18 20 5 581 17
t 14 19 565 13 1 25 13 20
t 0 18 30 0 646 35 10 13
t 21 3 18 15 20 574 21 12
t 23 766 37 20 34 38 39 20
t 24 22 10 21 13 14 573 8
t 29 38 32 26 17 31 630 5
t 7 4 587 14 25 1 25 2
t 1 5 2 562 14 5 11 18
t 576 18 14 21 19 10 15 13
t 22 9 569 10 22 17 8 6
t 563 13 25 6 17 2 12 14
t 18 8 9 0 19 14 6 635
t 37 36 23 734 10 30 29 9
t 26 7 36 7 601 38 9 11
t 12 27 705 33 19 12 11 0
t 7 17 16 18 24 6 12 593
t 31 20 34 744 29 14 25 39
t 1 5 22 9 23 11 12 587
t 19 39 613 33 12 30 39 1
t 15 710 18 3 1 28 11 16
t 17 14 23 6 5 16 593 24
t 11 9 6 4 575 16 3 18
t 11 15 3 4 8 7 21 562
t 19 6 18 17 11 17 19 580
t 6 1 29 743 38 36 31 22
t 13 26 736 31 2 24 31 22
t 23 28 17 34 713 30 10 17
t 18 592 1 22 19 8 1 3
t 33 22 16 714 38 38 21 11
t 15 739 3 2 27 19 36 4
t 14 24 8 591 16 11 6 4
t 26 18 21 12 39 664 0 33
t 14 17 575 4 7 11 14 1
t 13 18 25 9 8 593 22 25
t 13 9 25 5 17 14 16 573
t 3 12 7 14 21 578 6 18
t 15 15 11 576 7 10 24 12
t 5 5 10 38 32 726 13 5
t 1 18 14 3 12 7 12 587
t 20 12 1 17 4 16 3 561
t 10 12 1 584 1 16 13 25
t 8 35 16 781 26 40 16 31
t 17 12 4 21 20 18 7 583
t 26 26 4 686 20 0 0 14
t 17 9 19 565 25 1 15 19
t 0 5 34 767 14 2 28 28
t 7 29 18 10 24 28 29 754
t 9 29 18 21 619 11 39 26
t 13 1 38 6 37 28 748 24
t 26 13 30 25 12 726 4 17
t 40 37 3 27 5 19 21 677
t 6 2 10 18 5 568 16 20
t 18 23 2 24 12 569 14 18
t 17 2 19 23 19 3 5 574
t 2 25 10 3 6 13 22 565
t 14 38 15 15 24 635 39 35
t 7 15 5 566 19 7 21 24
t 21 20 3 12 561 13 22 16
t 14 6 16 36 31 27 698 28
t 8 9 4 7 2 579 16 19
t 40 13 8 30 2 781 6 4
t 19 0 776 25 16 37 35 4
t 28 0 22 18 16 10 743 24
t 17 18 15 7 15 1 11 564
t 1 597 2 2 9 16 1 18
t 590 2 13 22 12 7 3 18
t 16 589 3 25 18 22 18 22
t 8 8 7 4 13 587 1 4
t 6 2 26 32 22 683 8 26
t 23 5 4 22 591 12 25 9
t 18 767 33 35 39 22 34 15
t 8 575 23 18 11 17 4 23
t 25 5 571 13 10 15 20 2
t 7 24 24 560 14 25 1 3
t 8 18 31 22 25 10 11 603
t 19 20 37 796 37 10 0 40
t 6 2 10 572 18 9 2 13
t 24 6 8 25 596 12 10 16
t 9 578 10 18 17 11 15 25
t 12 18 18 1 19 16 22 589
t 18 7 36 612 0 32 17 10
t 2 667 26 16 25 0 9 30
t 749 26 13 14 35 17 1 4
t 20 580 14 5 5 16 18 25
t 12 23 20 564 11 13 25 10
t 7 21 589 6 18 8 10 7
t 6 19 19 20 6 15 592 2
t 9 21 20 598 11 15 13 11
t 19 2 17 12 593 2 1 11
t 32 740 30 33 13 2 11 1
t 23 22 7 10 590 20 25 5
t 18 592 25 25 13 25 6 12
t 17 24 35 32 2 739 15 8
t 39 37 16 0 1 28 12 664
t 788 26 40 39 16 20 30 37
t 13 24 30 28 28 650 6 15
t 20 19 18 21 8 2 595 16
t 11 2 17 593 14 15 13 19
t 7 11 9 572 18 23 6 1
t 28 40 15 658 13 13 3 4
t 16 25 19 568 7 1 20 8
t 18 6 5 15 562 17 15 12
t 12 16 6 3 10 7 12 587
t 576 14 13 17 17 9 10 18
t 17 12 16 27 635 24 40 15
t 13 18 579 7 22 21 21 5
t 4 33 7 780 4 4 12 20
t 19 9 30 24 12 19 10 660
t 10 40 12 23 618 34 23 12
t 14 589 8 6 12 22 5 9
t 7 25 23 18 8 4 25 561
t 22 23 4 567 21 24 23 22
t 10 21 5 23 9 1 29 622
t 12 36 639 21 30 28 17 0
t 19 17 33 744 19 8 26 25
t 19 21 10 598 11 22 15 11
t 12 10 15 4 577 12 2 11
t 1 25 2 26 635 29 29 26
t 14 8 4 590 10 9 7 13
t 21 5 16 19 14 10 580 14
t 25 20 21 38 40 10 718 26
t 25 761 14 1 27 14 38 34
t 797 3 26 33 33 22 39 38
t 598 21 22 16 17 16 17 3
t 31 17 11 27 771 10 27 4
t 37 37 21 35 21 693 28 1
t 23 3 5 2 8 9 587 25
t 35 15 13 7 13 13 14 720
t 0 28 9 683 30 15 2 5
t 34 13 5 21 774 37 34 38
t 25 627 13 3 12 19 29 31
t 567 1 23 9 3 15 18 6
t 10 12 20 583 6 4 23 11
t 11 16 4 588 25 21 19 23
t 25 5 14 573 24 6 25 17
t 8 1 11 21 575 18 25 15
t 13 14 25 11 40 9 7 724
t 25 3 24 36 5 31 25 613
t 16 21 1 25 1 598 13 2
t 26 17 629 20 3 21 15 8
t 4 582 8 23 6 13 21 22
t 13 20 13 596 3 22 14 4
t 575 20 15 18 24 1 4 20
t 16 706 3 0 14 8 21 31
t 14 9 28 726 27 33 11 40
t 17 11 24 1 599 23 18 5
t 1 4 15 592 22 6 3 9
t 40 6 785 7 37 7 2 2
t 15 3 5 40 6 682 1 31
t 779 23 35 24 25 8 22 21
t 14 15 3 12 572 22 22 2
t 8 22 7 25 1 23 23 594
t 23 33 33 33 35 4 16 666
t 18 38 7 3 11 39 706 5
t 8 7 8 7 23 580 13 6
t 2 703 3 27 24 7 39 28
t 40 697 17 29 22 27 31 36
t 11 776 25 26 18 40 10 33
t 28 635 37 33 34 12 13 37
t 4 12 1 24 1 11 16 566
t 6 13 22 16 11 589 1 25
t 578 1 19 13 21 10 11 8
t 798 19 37 23 32 21 28 1
t 21 3 10 12 17 1 3 588
t 19 12 15 22 25 24 578 23
t 665 7 14 22 27 11 8 35
t 36 38 794 15 38 23 21 12
t 17 25 581 24 15 17 8 2
t 8 18 21 582 1 18 15 25
t 8 568 23 8 18 12 4 9
t 1 646 24 38 18 34 22 40
t 5 17 4 636 25 26 21 18
t 2 2 15 23 9 4 575 22
t 16 580 12 15 4 20 23 23
t 9 10 12 4 13 19 24 564
t 36 755 27 40 28 9 37 21
t 5 6 13 13 23 566 19 10
t 20 30 2 13 1 726 29 37
t 25 17 8 7 5 589 12 11
t 16 10 583 2 3 20 23 7
t 31 14 34 23 16 28 27 708
t 24 21 1 20 10 572 22 13
t 11 2 594 13 2 18 17 17
t 5 23 12 25 597 18 19 24
t 757 18 36 39 7 29 21 22
t 33 0 33 10 18 27 658 20
t 37 20 4 19 19 37 655 21
t 22 584 13 22 5 6 6 11
t 648 10 6 15 31 32 38 38
t 783 34 16 36 14 4 32 26
t 23 14 2 21 561 6 19 2
t 759 39 5 27 35 11 9 19
t 681 15 30 36 7 30 23 35
t 27 21 715 29 9 26 18 20
t 11 645 38 40 23 14 39 14
t 24 9 16 16 20 17 4 591
t 599 7 6 8 22 18 22 12
t 624 17 23 6 0 22 24 7
t 40 9 26 705 39 0 32 0
t 3 22 17 594 9 3 17 9
t 20 17 11 12 2 4 12 597
t 10 590 10 18 7 22 21 2
t 710 30 8 15 18 12 20 14
t 3 20 9 14 15 20 15 573
t 29 20 24 36 35 628 39 16
t 11 10 23 590 17 13 20 20
t 15 8 24 645 23 38 27 36
t 35 768 21 33 34 14 38 8
t 593 10 1 11 24 14 16 3
t 7 14 12 23 598 8 24 25
t 31 33 9 18 38 2 20 660
t 9 14 14 579 7 15 14 14
t 23 5 676 12 31 16 31 37
t 28 29 38 698 38 36 7 31
t 2 35 4 663 27 20 1 36
t 18 20 28 19 29 34 4 643
t 35 4 10 26 798 39 12 9
t 598 14 7 12 15 15 16 7
t 6 14 15 20 586 2 7 6
t 9 19 6 26 27 22 23 632
t 18 576 22 4 2 8 24 19
t 771 31 22 10 25 4 20 20
t 1 565 14 5 17 8 20 11
t 4 19 2 582 14 16 8 6
t 611 0 24 27 22 26 2 25
t 675 27 8 28 4 29 18 25
t 3 1 3 8 20 25 584 18
t 22 15 11 1 19 11 25 594
t 8 577 3 5 8 13 12 3
t 22 21 35 749 37 1 34 2
t 20 5 604 4 17 34 27 1
t 21 7 23 5 18 14 570 1
t 7 3 22 23 7 564 6 20
t 15 753 17 8 9 32 16 9
t 0 31 29 5 768 35 17 20
t 14 27 14 741 34 30 28 25
t 22 563 23 4 18 4 20 15
t 22 25 14 21 5 12 564 8
t 37 13 700 25 10 2 30 33
t 13 7 562 17 23 24 12 20
t 11 17 1 6 16 594 8 19
t 1 14 5 565 20 6 1 24
t 29 13 26 1 690 7 40 39
t 4 3 4 24 578 12 14 19
t 23 596 7 5 22 5 11 7
t 11 19 15 20 14 12 581 12
t 13 7 18 7 564 20 20 14
t 3 14 23 5 595 25 18 25
t 12 13 4 19 5 587 21 24
t 18 707 25 26 9 20 9 12
t 35 14 12 38 5 8 606 34
t 1 15 561 25 3 3 24 23
t 2 597 15 11 19 1 13 10
t 1 18 5 25 563 9 12 16
t 4 23 15 628 14 11 2 8
t 18 10 17 17 12 4 1 579
t 17 9 22 2 567 19 13 6
t 10 8 16 6 591 19 1 14
t 23 17 7 2 7 23 20 564
t 2 589 11 14 17 17 12 7
t 21 29 39 782 23 20 29 18
t 22 25 11 16 730 31 2 13
t 1 18 680 24 3 20 29 25
t 6 37 19 31 0 707 25 8
t 800 18 20 39 26 5 1 10
t 10 13 40 39 18 18 602 3
t 24 27 737 14 11 33 32 12
t 622 10 15 19 29 38 24 29
t 588 17 11 18 7 14 19 11
t 10 21 4 0 770 37 27 15
t 37 21 13 15 40 606 9 5
t 4 748 10 37 18 23 17 22
t 23 22 21 5 751 33 8 16
t 1 5 22 2 8 572 18 1
t 10 2 630 25 36 22 4 3
t 4 10 584 7 15 12 24 6
t 20 8 725 20 25 1 2 40
t 2 23 9 4 23 575 11 24
t 26 637 7 22 14 32 14 15
t 595 11 2 20 4 6 9 1
t 12 24 40 0 0 23 747 39
t 5 5 15 19 591 8 9 4
t 12 574 24 3 16 1 16 15
t 22 18 592 2 23 13 1 15
t 588 1 9 22 3 15 9 7
t 14 15 2 785 3 4 14 1
t 580 11 22 12 19 22 18 20
t 12 3 6 567 25 13 6 15
t 7 11 2 22 6 592 15 9
t 39 33 0 15 38 734 32 21
t 13 1 15 25 3 593 12 2
t 561 19 6 21 14 14 11 25
t 574 20 8 4 3 10 24 21
t 32 18 27 784 3 30 1 18
t 2 16 599 8 1 7 11 3
t 34 15 1 24 691 16 14 39
t 587 10 4 20 21 23 13 11
t 18 725 39 19 37 33 6 16
t 13 38 35 653 9 2 10 12
t 13 1 6 18 759 21 27 1
t 8 8 571 6 21 16 12 3
t 20 20 14 2 30 6 654 14
t 4 4 23 579 20 21 18 13
t 24 8 25 7 25 3 580 24
t 29 35 29 10 37 0 29 788
t 575 19 18 20 24 10 23 8
t 16 566 14 4 18 6 20 12
t 4 15 16 3 584 1 24 20
t 5 5 2 8 16 587 4 24
t 21 1 25 593 18 17 3 6
t 19 2 572 16 7 10 12 19
t 3 15 33 27 34 31 37 774
t 13 14 40 784 38 30 7 21
t 5 13 5 4 6 566 14 18
t 574 18 9 6 23 8 19 8
t 675 10 29 10 34 33 4 23
t 22 1 24 22 11 576 14 11
t 23 17 4 572 3 1 13 8
t 7 7 9 20 5 560 11 10
t 11 26 22 13 27 1 641 1
t 13 3 569 3 15 5 2 5
t 4 33 19 1 3 12 642 18
t 15 35 12 26 28 7 30 610
t 1 24 1 15 19 569 9 10
t 20 14 16 27 753 33 9 39
t 26 8 25 30 675 39 25 37
t 702 8 29 6 14 15 21 35
t 569 22 2 18 18 2 24 12
t 9 795 11 16 11 11 21 30
t 7 10 10 8 16 21 568 15
t 8 34 1 5 32 23 773 2
t 3 1 592 22 20 6 14 2
t 15 7 39 24 36 745 34 15
t 20 10 584 22 11 4 24 10
t 1 23 9 19 22 597 13 21
t 15 25 8 16 23 12 592 2
t 18 7 3 599 7 9 25 3
t 19 24 2 17 23 1 5 592
t 15 27 24 27 28 704 5 16
t 12 5 20 9 12 24 14 562
t 31 30 40 33 18 23 10 745
t 18 39 22 11 33 19 612 23
t 5 592 14 14 7 20 5 11
t 15 0 760 13 7 33 39 16
t 17 591 11 5 25 16 6 17
t 14 11 20 21 571 16 9 22
t 22 16 5 17 11 19 2 572
t 10 2 12 36 8 679 32 33
t 23 7 562 25 18 9 7 25
t 17 575 25 3 4 23 13 17
t 4 639 3 11 21 33 10 38
t 10 12 6 22 2 595 2 7
t 9 13 11 21 25 569 6 9
t 8 572 1 12 17 25 13 7
t 10 18 11 39 18 22 640 34
t 15 8 573 10 2 5 16 14
t 584 9 9 3 24 17 15 14
t 16 1 12 4 9 22 586 14
t 19 39 33 11 4 26 724 17
t 8 9 22 3 13 6 579 19
t 9 21 2 19 20 4 584 4
t 17 2 3 670 6 36 15 34
t 21 32 11 766 25 2 0 15
t 16 590 6 2 12 11 7 17
t 14 9 25 729 8 5 8 30
t 15 24 11 10 3 571 23 10
t 20 15 23 30 28 10 700 34
t 4 597 4 6 12 18 21 20
t 31 26 17 8 10 0 21 641
t 14 10 3 591 1 5 8 3
t 6 19 6 10 577 21 17 19
t 19 22 14 10 23 1 25 573
t 6 18 699 27 18 13 14 0
t 24 8 4 578 25 20 6 4
t 6 8 8 10 1 597 19 6
t 1 36 36 26 746 9 20 27
t 5 6 2 644 0 34 23 20
t 22 674 21 33 27 24 35 18
t 10 5 7 31 2 769 8 27
t 26 5 15 35 704 21 30 19
t 5 27 12 37 12 4 31 783
t 16 26 11 619 12 38 11 39
t 3 35 9 750 31 32 24 30
t 11 8 16 6 21 10 19 579
t 21 16 1 9 19 574 22 24
t 569 15 17 1 8 3 14 20
t 37 1 684 17 0 16 30 16
t 17 5 19 593 20 23 17 2
t 3 23 14 24 560 9 1 19
t 777 38 26 22 26 40 15 11
t 23 2 639 22 20 3 10 27
t 15 23 17 634 5 21 20 18
t 8 2 5 19 4 12 23 584
t 6 2 13 18 8 14 3 586
t 39 741 24 28 14 14 6 4
t 15 12 11 3 571 24 19 4
t 32 11 32 40 754 24 6 32
t 20 743 32 26 22 32 30 14
t 10 17 16 561 21 12 18 21
t 23 599 4 18 6 20 18 5
t 3 29 20 1 6 30 657 26
t 5 25 15 711 15 38 15 2
t 14 12 15 2 591 9 13 23
t 21 13 2 18 676 29 2 23
t 10 19 5 18 8 13 570 9
t 22 14 25 562 8 18 3 24
t 1 7 608 23 10 11 35 34
t 10 16 16 620 3 7 23 11
t 12 24 40 40 31 35 10 767
t 561 2 19 9 6 23 16 24
t 667 1 32 30 21 15 13 14
t 12 4 21 18 1 22 566 17
t 21 11 594 12 10 11 17 5
t 24 2 14 13 6 16 8 585
t 625 33 25 30 1 25 38 9
t 581 12 7 15 12 24 14 4
t 13 11 3 22 17 17 24 591
t 11 583 6 7 25 11 7 6
t 23 583 1 2 22 11 20 21
t 14 4 5 564 21 9 21 1
t 24 718 1 11 40 20 12 14
t 15 1 12 19 563 24 4 10
t 23 589 22 17 9 24 24 19
t 13 35 38 610 10 30 40 11
t 30 31 681 2 25 5 3 14
t 737 32 28 23 28 2 32 23
t 3 38 748 11 35 24 16 37
t 573 12 19 4 17 6 23 19
t 17 23 18 24 17 567 24 20
t 11 14 11 11 5 17 7 580
t 13 9 22 23 594 9 5 21
t 1 33 22 37 0 18 774 30
t 19 18 3 4 4 16 22 580
t 24 24 11 9 37 24 722 11
t 12 20 5 5 27 12 4 735
t 590 15 1 11 23 17 22 5
t 26 8 9 3 744 2 27 7
t 21 4 15 14 7 657 35 25
t 8 36 21 4 40 5 757 8
t 7 688 11 11 23 12 40 7
t 17 22 5 12 21 18 9 564
t 25 666 26 23 37 24 22 12
t 37 17 11 29 18 21 0 639
t 2 9 11 18 598 1 15 2
t 29 5 0 27 701 34 13 8
t 6 676 26 7 0 26 19 4
t 649 34 3 27 24 27 36 14
t 19 28 36 26 27 13 4 605
t 4 1 571 7 20 3 22 13
t 14 573 18 1 9 7 12 25
t 18 7 14 582 25 4 20 7
t 14 22 2 12 4 581 15 17
t 7 6 677 20 7 16 3 18
t 13 1 11 24 21 17 582 18
t 25 4 660 9 23 23 30 25
t 12 13 24 595 11 4 5 6
t 747 2 8 22 4 7 35 29
t 24 4 6 27 717 28 26 31
t 11 31 25 17 40 39 729 6
t 796 33 18 30 35 31 22 14
t 602 15 17 16 26 22 39 28
t 8 3 25 22 22 598 4 5
t 15 22 22 12 576 10 10 10
t 17 15 17 568 6 9 10 24
t 2 16 23 3 15 12 23 571
t 14 7 24 592 7 22 21 9
t 22 7 5 24 2 29 20 704
t 22 17 11 9 8 562 25 9
t 3 3 2 10 20 25 3 574
t 20 20 20 24 6 27 713 5
t 26 35 23 25 9 37 670 24
t 24 581 1 8 13 1 11 11
t 10 13 1 561 7 16 16 14
t 4 25 7 12 24 24 2 569
t 12 27 15 10 7 8 35 658
t 6 5 23 21 592 15 13 5
t 3 1 22 16 566 8 23 17
t 1 32 35 0 33 19 661 30
t 570 11 18 20 11 22 15 21
t 22 37 6 40 38 692 32 16
t 24 39 30 40 12 17 16 710
t 8 3 2 590 8 24 16 23
t 18 1 13 21 1 20 23 575
t 20 586 11 17 17 1 6 12
t 23 571 13 5 12 22 11 13
t 31 32 20 35 30 27 3 707
t 25 579 17 21 1 10 22 6
t 618 35 15 28 0 27 29 1
t 31 30 27 29 629 39 19 39
t 2 13 565 24 22 8 19 21
t 14 1 15 4 12 10 577 18
t 33 4 22 21 632 25 25 28
t 31 34 20 680 6 12 16 33
t 19 19 6 11 3 23 24 599
t 12 33 34 35 730 34 12 4
t 3 15 2 22 8 19 586 20
t 2 619 14 14 24 3 29 15
t 5 13 569 5 5 14 25 1
t 21 24 623 15 39 26 24 27
t 38 38 27 27 27 21 743 11
t 10 25 22 7 562 24 3 9
t 583 14 4 18 25 11 19 5
t 22 14 20 573 10 3 4 16
t 14 7 2 20 12 11 594 23
t 15 1 13 26 9 3 659 21
t 13 775 21 33 10 37 14 3
t 20 12 14 599 10 13 12 11
t 11 10 12 24 582 6 4 8
t 15 12 23 20 13 16 572 14
t 15 34 13 31 9 694 6 40
t 11 1 565 4 5 13 24 22
t 9 3 22 574 4 24 20 17
t 5 7 40 27 13 23 701 10
t 11 11 11 20 23 21 19 590
t 12 5 36 16 3 679 16 13
t 24 594 6 11 2 7 1 24
t 17 7 24 25 3 21 563 21
t 36 2 25 16 1 665 38 30
t 19 21 5 30 643 10 10 11
t 623 21 23 24 1 22 10 31
t 34 0 12 28 28 656 40 16
t 17 8 677 11 34 0 29 5
t 16 3 10 24 11 573 13 9
t 3 25 4 13 20 565 10 19
t 25 37 22 25 36 29 611 7
t 8 18 15 25 577 1 6 4
t 9 647 34 27 37 17 37 7
t 15 5 16 18 3 11 575 1
t 4 23 5 23 565 7 24 6
t 5 2 562 10 2 14 2 17
t 12 3 13 17 14 1 561 22
t 26 21 38 7 770 2 38 34
t 5 30 667 28 11 18 15 29
t 0 25 33 6 31 28 611 16
t 17 18 17 9 24 5 574 12
t 24 22 7 2 566 8 20 3
t 9 7 599 25 23 8 1 5
t 9 7 1 20 25 15 21 599
t 18 33 13 23 34 26 1 613
t 9 16 23 566 14 2 10 18
t 9 790 7 1 25 0 17 18
t 19 10 25 15 8 17 4 569
t 11 29 23 628 9 37 3 17
t 5 39 683 22 5 17 33 20
t 10 3 36 4 13 14 687 2
t 18 581 22 6 6 11 19 12
t 25 19 14 14 573 9 6 19
t 28 39 24 23 790 32 33 36
t 766 40 3 33 10 7 24 19
t 12 7 25 19 562 7 8 3
t 3 15 16 593 5 2 8 10
t 778 10 36 40 6 24 32 29
t 18 1 18 16 13 17 586 8
t 31 795 35 35 34 38 24 31
t 15 576 21 4 6 1 22 10
t 2 22 24 7 577 21 15 2
t 37 8 34 6 40 665 3 10
t 564 5 7 22 3 24 17 2
t 587 4 11 13 7 14 25 6
t 1 27 777 26 24 2 15 30
t 2 36 39 25 610 34 29 32
t 790 29 0 2 35 7 11 14
t 11 9 17 588 1 14 22 12
t 6 15 568 25 3 15 2 23
t 23 5 1 20 6 570 14 22
t 12 9 7 573 14 10 14 11
t 11 5 5 2 19 11 571 4
t 561 21 16 20 8 17 13 24
t 25 22 2 4 23 576 24 22
t 22 13 584 21 2 25 20 3
t 759 33 7 15 37 30 40 32
t 23 22 6 5 12 16 591 10
t 15 25 565 6 7 3 15 5
t 579 8 16 19 11 7 24 14
t 27 25 627 2 27 0 13 26
t 19 21 578 25 12 7 21 22
t 594 12 13 12 21 16 21 24
t 7 24 7 15 9 3 565 3
t 12 12 15 8 582 12 13 6
t 27 6 610 9 14 29 7 34
t 2 726 31 12 38 17 26 36
t 581 14 15 25 4 11 9 22
t 16 581 10 20 9 19 2 17
t 15 11 5 6 566 24 10 14
t 27 20 14 625 40 29 36 6
t 23 584 10 1 16 20 18 12
t 25 12 23 7 588 21 8 17
t 30 4 5 1 16 644 24 2
t 25 560 17 25 11 7 8 6
t 38 38 18 38 600 12 36 0
t 6 6 2 8 583 5 18 4
t 15 30 25 39 24 25 749 2
t 586 15 14 13 19 23 14 2
t 24 7 585 23 17 24 9 25
t 3 16 572 12 21 13 2 5
t 1 30 11 27 11 34 673 20
t 2 16 3 591 1 21 7 21
t 21 11 598 12 5 1 22 3
t 20 33 21 12 17 30 601 5
t 38 23 32 13 27 6 610 2
t 26 19 610 14 34 30 17 30
t 20 18 576 5 16 5 11 10
t 12 583 19 18 19 18 6 14
t 21 24 566 8 5 7 25 18
t 1 36 13 25 31 6 716 6
t 0 30 38 27 648 36 40 21
t 22 18 2 583 4 12 4 20
t 23 707 29 7 39 30 0 35
t 15 17 18 14 25 595 11 7
t 575 22 24 24 17 9 12 24
t 15 25 10 7 1 599 24 19
t 31 610 25 8 0 24 30 10
t 20 583 24 3 24 5 22 9
t 16 9 1 23 23 571 18 23
t 11 5 25 571 2 19 10 14
t 8 16 26 3 18 6 769 34
t 14 24 15 6 8 24 6 588
t 11 35 18 715 30 19 17 17
t 23 40 17 745 23 22 22 3
t 2 23 19 582 9 17 16 1
t 22 665 9 16 36 11 3 8
t 9 17 21 10 12 599 4 5
t 8 6 18 8 7 15 17 591
t 4 710 26 22 28 19 19 6
t 3 10 39 680 27 19 0 6
t 24 4 8 588 14 4 2 11
t 6 21 679 37 30 35 36 21
t 22 6 12 7 10 3 576 2
t 1 567 9 19 10 14 11 7
t 21 18 14 7 24 13 21 566
t 13 10 9 34 24 29 774 33
t 5 28 7 14 12 28 664 8
t 2 20 13 10 17 16 23 598
t 16 12 19 589 21 14 20 25
t 11 10 20 25 595 22 17 20
t 661 33 2 5 24 21 32 34
t 18 13 10 6 5 24 7 586
t 14 2 6 19 21 1 570 24
t 10 12 594 17 22 8 15 22
t 8 0 5 1 39 15 693 36
t 5 612 4 16 21 19 30 5
t 33 34 20 18 665 36 25 14
t 36 32 707 38 35 11 20 24
t 28 1 5 632 37 36 18 26
t 28 39 36 23 27 0 23 678
t 21 8 16 660 21 22 31 19
t 639 0 21 0 15 20 12 7
t 14 2 598 23 20 13 7 12
t 589 12 24 17 10 3 3 25
t 7 23 27 34 12 16 775 34
t 14 18 595 1 20 23 17 18
t 3 36 0 5 17 715 40 15
t 5 15 16 20 567 18 24 7
t 17 19 16 669 37 18 26 34
t 22 7 23 563 14 21 8 22
t 11 9 17 21 21 562 10 7
t 7 17 18 590 19 23 13 13
t 3 16 5 560 5 24 23 25
t 21 21 37 40 9 31 9 609
t 31 653 10 27 15 30 10 36
t 784 2 36 36 0 33 18 40
t 5 21 6 599 8 5 24 12
t 40 604 15 1 19 13 4 22
t 21 1 690 31 32 14 29 17
t 0 24 38 4 8 23 19 721
t 30 10 37 35 15 730 38 20
t 11 797 30 11 17 1 9 38
t 16 20 12 21 18 21 23 565
t 32 36 34 14 38 29 18 722
t 28 6 4 640 23 0 7 25
t 3 23 12 656 38 10 21 10
t 14 24 39 14 703 38 8 17
t 750 32 16 40 10 3 5 23
t 9 14 26 5 21 1 8 674
t 5 10 9 580 25 24 22 25
t 18 14 3 10 24 580 17 23
t 606 9 0 22 28 2 26 8
t 11 11 20 9 21 4 594 9
t 1 4 19 14 9 15 570 6
t 23 570 23 16 22 10 22 14
t 32 772 13 26 40 35 14 33
t 37 38 771 12 11 0 40 4
t 25 9 13 22 7 579 15 20
t 36 10 26 768 38 11 1 29
t 572 18 22 24 21 3 25 17
t 21 9 596 18 20 21 22 6
t 18 8 9 34 30 788 17 29
t 12 19 11 5 1 14 593 13
t 11 2 7 14 6 19 600 4
t 20 24 25 0 22 663 10 14
t 16 8 10 8 560 11 7 23
t 575 1 19 13 7 11 25 19
t 17 27 34 26 36 12 9 670
t 19 34 22 5 25 748 16 3
t 9 758 1 30 20 33 12 28
t 18 564 7 11 8 17 13 3
t 747 14 10 24 22 1 12 13
t 702 8 1 13 11 39 7 6
t 586 3 4 17 14 20 23 20
t 18 17 13 4 7 17 593 13
t 26 13 37 16 12 720 12 15
t 34 37 35 11 8 29 34 627
t 23 4 19 21 560 21 23 21
t 20 20 13 18 15 11 21 580
t 21 20 773 21 22 14 14 8
t 39 20 1 16 607 13 6 33
t 35 37 37 13 714 11 22 21
t 23 0 12 6 615 9 35 15
t 15 14 13 584 13 3 17 6
t 564 23 25 13 19 10 20 9
t 22 27 16 14 34 650 10 11
t 21 14 3 18 14 566 11 17
t 10 35 22 3 679 10 16 13
t 12 695 6 0 22 7 18 13
t 17 3 5 24 21 573 7 6
t 4 17 17 0 10 628 24 10
t 2 11 25 7 2 11 584 4
t 25 24 582 8 14 5 5 17
t 16 560 13 25 4 3 19 9
t 6 4 4 7 1 570 14 22
t 616 7 18 28 25 24 13 35
t 11 25 37 11 740 23 28 9
t 8 13 26 28 28 645 15 20
t 3 21 4 9 15 20 10 590
t 15 17 24 778 25 23 15 20
t 21 13 16 12 577 7 17 6
t 11 40 24 20 12 602 31 12
t 18 31 19 14 35 28 719 23
t 4 6 13 2 10 2 576 19
t 32 2 13 0 635 20 23 18
t 16 679 5 4 16 31 38 30
t 5 571 12 23 11 10 4 8
t 3 580 18 9 9 18 15 23
t 17 8 16 14 17 17 1 561
t 17 36 20 19 7 20 625 18
t 708 21 39 4 39 9 7 24
t 13 36 5 737 17 9 39 32
t 21 9 18 16 12 24 22 594
t 21 18 38 23 12 37 677 7
t 5 12 23 16 592 10 24 7
t 566 11 5 4 2 12 2 23
t 20 3 11 3 10 25 14 566
t 778 36 8 9 26 0 37 39
t 5 742 32 33 10 3 36 10
t 25 24 8 10 23 19 666 5
t 591 23 24 5 13 24 10 11
t 34 0 753 16 29 23 36 10
t 590 7 20 11 2 7 10 13
t 3 12 10 7 9 589 24 19
t 25 20 6 26 39 40 25 782
t 36 35 6 793 19 0 1 14
t 17 11 20 32 29 15 628 32
t 594 17 19 8 2 14 17 20
t 35 10 22 25 788 7 6 15
t 2 34 769 6 26 3 30 16
t 25 735 17 11 39 12 34 37
t 15 40 32 21 707 14 29 18
t 21 7 578 25 14 21 11 11
t 5 19 24 583 13 23 13 4
t 36 23 13 1 5 14 30 709
t 6 583 13 14 16 1 4 6
t 17 18 24 569 13 24 21 10
t 17 6 584 13 7 5 16 13
t 9 9 18 14 1 589 9 16
t 22 1 8 12 17 22 565 4
t 10 16 5 15 591 6 13 6
t 38 33 29 736 2 2 7 14
t 11 599 16 1 7 17 9 25
t 35 19 3 18 4 11 695 13
t 10 23 24 20 611 28 40 37
t 24 2 9 36 640 17 3 34
t 598 22 7 5 18 4 8 13
t 20 590 11 23 4 12 5 25
t 3 17 2 568 19 18 20 6
t 786 36 2 28 5 19 38 33
t 5 570 1 22 12 16 12 17
t 18 9 13 7 4 622 8 31
t 24 12 16 3 16 583 9 15
t 589 5 7 6 19 23 23 18
t 36 25 750 16 16 34 28 4
t 16 23 7 5 4 16 25 581
t 667 0 36 15 8 23 28 3
t 13 9 3 18 5 574 9 6
t 592 8 14 3 1 11 6 21
t 598 6 20 24 14 7 8 9
t 21 18 585 24 23 24 13 5
t 800 0 27 21 0 10 38 12
t 9 9 5 582 10 4 11 19
t 15 19 4 19 12 17 16 581
t 12 8 6 2 583 5 13 10
t 33 40 3 27 5 28 40 703
t 18 11 579 7 3 14 2 12
t 16 24 10 24 17 580 21 24
t 20 2 24 646 40 5 9 40
t 23 6 21 14 596 6 14 11
t 5 8 573 4 19 10 11 1
t 22 5 22 2 1 566 8 15
t 25 8 12 24 5 594 23 6
t 10 11 588 17 4 8 18 19
t 9 4 570 17 19 9 5 21
t 0 35 8 7 39 9 17 785
t 10 3 27 763 15 23 16 28
t 5 1 15 3 561 11 5 21
t 17 8 24 563 16 7 18 18
t 7 10 10 8 23 2 25 585
t 28 15 26 23 798 40 38 15
t 7 24 4 15 9 599 11 20
t 568 16 23 5 23 16 12 16
t 33 22 34 0 25 4 16 722
t 38 37 793 25 39 10 18 38
t 18 40 6 6 638 17 4 31
t 0 40 5 1 22 12 18 785
t 9 610 4 38 19 33 20 39
t 709 2 13 4 24 21 27 4
t 9 27 644 18 12 25 38 35
t 599 8 8 11 5 22 18 19
t 0 12 35 20 664 40 11 13
t 10 23 14 2 594 16 20 17
t 20 10 14 577 14 5 16 1
t 22 14 7 5 593 13 20 13
t 4 7 8 591 1 3 16 14
t 17 16 7 574 25 25 6 8
t 15 24 25 21 22 570 4 23
t 4 4 18 24 18 4 583 13
t 25 33 22 21 28 23 24 752
t 40 17 9 4 3 773 24 25
t 1 5 11 14 25 16 570 4
t 2 8 3 4 591 1 3 12
t 19 22 8 629 40 19 4 37
t 1 25 24 10 22 10 8 582
t 9 591 9 5 15 23 12 18
t 36 38 14 38 768 40 16 15
t 596 23 25 12 22 11 19 22
t 582 10 24 8 16 5 9 14
t 7 25 8 582 3 14 15 5
t 18 11 5 569 16 6 9 2
t 11 649 16 7 22 0 11 7
t 12 21 766 36 23 11 7 2
t 21 15 3 626 38 32 31 24
t 10 741 1 23 26 20 27 30
t 671 13 34 11 12 28 9 17
t 15 10 20 570 2 20 24 4
t 21 5 11 23 24 3 24 591
t 10 11 25 21 19 1 11 577
t 17 0 27 34 26 13 11 746
t 13 14 3 23 16 23 6 570
t 35 19 13 12 20 764 34 17
t 22 1 16 9 35 21 717 38
t 13 3 595 10 20 22 7 17
t 5 14 4 20 571 25 15 7
t 33 33 36 750 19 5 26 40
t 18 22 19 32 35 34 695 26
t 20 8 5 16 3 25 564 19
t 35 27 10 5 22 638 3 27
t 13 25 23 6 12 583 6 4
t 5 566 4 25 21 8 15 8
t 5 587 14 25 24 9 21 7
t 3 20 12 4 591 11 5 16
t 745 7 25 37 21 24 17 30
t 26 9 7 1 19 689 12 23
t 10 665 0 30 9 40 9 27
t 4 7 16 20 25 591 25 2
t 19 566 21 18 13 9 4 5
t 7 29 1 786 28 29 37 23
t 0 35 34 10 38 3 28 762
t 13 780 1 16 1 31 12 15
t 2 23 579 4 12 25 8 18
t 13 1 758 24 0 17 31 0
t 10 17 14 12 15 17 9 561
t 13 16 12 22 21 23 22 589
t 565 12 13 18 11 20 10 21
t 9 4 10 20 16 8 20 575
t 24 9 18 14 2 565 13 14
t 15 24 691 10 26 26 18 2
t 38 21 30 713 14 5 15 5
t 5 12 11 666 35 31 15 34
t 8 33 21 15 24 14 13 753
t 0 24 1 14 7 23 2 722
t 11 12 0 37 780 8 34 30
t 23 10 17 7 37 38 19 674
t 0 30 21 8 601 2 12 9
t 584 15 13 21 20 9 9 16
t 35 39 10 26 25 30 15 698
t 21 10 7 1 571 17 14 14
t 9 1 22 16 6 12 588 1
t 582 24 21 3 8 12 16 17
t 28 9 11 13 619 25 40 38
t 12 585 10 1 14 5 14 2
t 7 32 688 20 18 15 18 3
t 22 3 20 8 17 593 9 8
t 23 15 5 21 596 18 7 2
t 24 36 21 38 22 29 0 657
t 4 34 17 40 11 20 25 740
t 10 2 17 10 15 21 569 11
t 17 33 741 22 23 20 4 29
t 610 28 29 11 3 20 20 5
t 2 12 15 9 16 22 598 25
t 569 4 23 5 1 21 11 10
t 16 33 5 37 4 3 611 30
t 1 7 582 12 11 23 21 12
t 17 626 19 19 10 37 17 31
t 1 9 25 13 10 9 560 24
t 7 39 9 20 19 771 37 5
t 9 14 22 9 566 22 8 1
t 23 15 573 13 12 6 1 9
t 38 27 40 31 1 765 25 36
t 18 33 35 609 7 28 31 38
t 15 19 18 641 37 39 0 40
t 12 19 563 23 10 8 22 23
t 11 14 7 23 19 583 4 4
t 760 7 12 11 21 27 22 35
t 10 27 8 17 29 33 637 27
t 2 25 15 6 25 8 13 590
t 3 17 24 22 17 589 10 23
t 26 12 7 21 36 748 21 2
t 18 23 13 13 8 14 10 597
t 10 7 21 9 7 599 18 16
t 10 8 16 13 575 25 2 11
t 7 9 4 8 597 20 15 9
t 8 7 567 17 8 4 14 21
t 1 2 5 24 22 25 595 13
t 4 14 1 24 14 20 22 589
t 22 20 19 620 25 31 40 37
t 15 14 584 1 23 18 24 21
t 13 16 563 11 22 21 9 8
t 20 7 15 16 11 584 22 8
t 20 23 13 3 28 31 32 645
t 5 0 34 3 643 0 30 5
t 769 26 34 33 28 11 1 28
t 13 1 32 0 758 36 0 40
t 34 28 734 31 25 1 38 10
t 560 9 1 12 17 19 25 6
t 2 19 21 25 8 23 572 16
t 8 37 8 17 708 9 2 10
t 13 14 17 15 20 12 561 2
t 2 10 5 6 20 590 18 21
t 6 17 7 25 6 12 8 582
t 9 24 595 16 13 20 8 20
t 2 13 25 563 23 22 23 4
t 21 1 6 7 10 23 20 576
t 13 4 562 18 21 11 9 14
t 10 8 17 14 6 6 595 14
t 40 5 16 38 23 6 2 622
t 22 21 22 584 24 13 21 20
t 16 10 21 20 17 12 17 594
t 15 5 12 1 4 23 23 587
t 20 16 29 36 18 735 18 22
t 570 17 17 16 8 2 18 6
t 15 665 22 38 40 40 9 31
t 9 15 18 579 25 24 5 25
t 27 0 39 37 26 736 14 34
t 31 616 33 3 29 24 16 39
t 33 1 10 674 9 15 21 35
t 736 32 15 6 32 35 2 5
t 16 35 4 726 31 4 4 26
t 560 16 25 11 6 19 3 24
t 22 4 10 24 18 4 569 12
t 6 1 595 13 22 23 4 2
t 566 19 10 18 23 6 20 24
t 23 780 32 7 1 25 38 8
t 9 16 9 1 584 19 13 16
t 24 583 22 20 22 25 17 11
t 26 24 15 28 5 2 0 623
t 24 9 13 585 7 17 13 3
t 19 4 14 24 590 10 25 14
t 22 25 3 16 563 18 2 11
t 40 29 14 711 5 8 36 19
t 4 799 14 11 35 20 5 32
t 10 8 30 38 2 21 23 800
t 38 5 19 11 794 1 19 16
t 22 21 16 1 11 21 618 7
t 24 35 11 1 618 4 36 16
t 13 9 10 20 595 18 11 3
t 15 579 10 13 21 11 4 25
t 7 18 18 644 22 17 4 2
t 587 21 11 25 19 14 12 3
t 792 0 23 38 12 5 14 38
t 37 2 26 40 0 20 649 33
t 1 21 19 36 677 5 23 36
t 568 9 7 2 19 25 5 14
t 1 3 19 21 23 25 587 12
t 0 3 18 17 730 17 12 36
t 3 602 19 3 18 0 15 28
t 13 23 9 22 1 12 20 579
t 6 30 664 23 9 11 32 13
t 32 7 12 27 21 26 31 701
t 36 30 30 741 20 12 19 29
t 22 16 19 23 568 20 20 17
t 639 39 21 36 16 21 15 30
t 21 561 16 15 14 12 19 10
t 18 32 4 10 745 9 18 3
t 9 8 2 5 8 4 596 17
t 9 13 574 11 3 9 23 1
t 24 583 12 15 12 13 21 2
t 20 576 12 19 5 25 4 5
t 7 3 34 3 32 28 32 723
t 2 11 29 3 8 12 608 7
t 17 10 19 28 17 34 693 38
t 583 6 5 10 16 21 2 20
t 7 11 570 5 19 2 4 11
t 687 17 22 37 20 4 9 11
t 15 31 30 9 28 786 2 8
t 19 21 28 30 10 18 800 12
t 597 11 20 16 7 25 8 22
t 1 37 26 9 648 22 21 4
t 2 769 0 28 24 35 0 31
t 562 9 8 24 22 24 13 14
t 25 563 20 6 15 19 15 16
t 15 21 13 13 583 17 17 16
t 13 15 7 20 21 8 19 565
t 4 15 12 17 15 578 22 12
t 595 1 1 25 25 24 14 23
t 2 16 15 32 33 6 600 19
t 764 11 20 32 40 24 32 21
t 12 10 12 574 25 24 4 8
t 38 16 31 34 669 22 22 12
t 5 36 27 603 18 39 4 18
t 1 4 8 23 7 594 15 13
t 6 593 23 22 9 19 14 14
t 4 32 36 34 32 610 9 33
t 7 1 33 35 605 7 23 39
t 16 21 17 11 18 22 587 2
t 4 27 25 29 15 624 30 5
t 21 25 7 13 34 711 26 20
t 3 15 2 7 579 1 12 7
t 24 7 2 592 21 6 12 11
t 20 12 23 6 16 20 20 577
t 25 28 39 2 3 33 693 10
t 791 30 34 35 29 2 36 9
t 6 35 7 26 8 16 675 3
t 25 16 23 11 590 8 5 10
t 15 40 24 11 616 26 10 4
t 4 0 15 28 37 38 10 767
t 7 673 1 39 7 2 20 15
t 20 21 5 18 17 572 24 18
t 21 40 709 27 6 6 18 6
t 17 20 7 19 7 14 19 583
t 12 10 9 2 10 592 6 12
t 8 714 3 22 40 39 30 3
t 4 11 11 586 13 11 5 3
t 15 15 14 564 19 24 5 11
t 587 3 3 10 2 15 19 22
t 12 13 25 578 23 18 2 10
t 13 21 4 599 2 20 1 13
t 13 7 4 8 6 1 24 596
t 35 0 0 1 23 3 604 32
t 25 5 24 13 12 22 1 580
t 601 14 5 15 26 19 25 15
t 0 40 30 37 14 32 36 660
t 652 19 25 35 28 25 4 28
t 2 34 4 29 3 33 758 23
t 11 6 604 6 10 6 1 27
t 561 6 22 13 22 15 25 21
t 21 24 579 2 14 14 16 7
t 24 575 21 12 17 3 7 3
t 3 23 25 11 19 763 12 17
t 30 5 25 38 21 23 620 1
t 33 16 36 16 10 36 26 792
t 39 28 633 17 32 2 28 39
t 577 25 11 1 6 12 24 21
t 23 3 15 564 9 12 8 24
t 23 19 562 15 11 2 14 3
t 26 34 5 10 40 28 17 658
t 39 1 728 5 37 4 6 19
t 3 22 677 37 29 25 19 18
t 35 12 23 34 769 6 26 8
t 31 25 13 31 677 3 14 4
t 17 14 12 25 2 4 579 13
t 5 10 22 8 585 1 20 19
t 24 18 21 2 11 3 575 2
t 16 590 23 18 6 9 8 16
t 19 12 560 4 20 8 23 3
t 15 1 21 16 20 572 14 14
t 26 17 40 5 3 20 33 604
t 570 23 12 19 18 3 12 1
t 25 563 21 16 2 22 23 7
t 18 3 38 35 26 764 12 23
t 15 3 25 13 10 584 1 6
t 28 1 2 24 15 733 1 37
t 30 15 24 21 26 32 783 9
t 19 24 24 8 9 570 7 16
t 32 621 30 14 38 25 35 33
t 16 40 20 7 39 23 31 712
t 2 666 36 16 32 39 40 21
t 23 24 30 6 16 32 36 795
t 14 23 16 25 10 597 18 9
t 21 20 640 21 27 9 18 31
t 7 12 14 4 2 25 24 574
t 588 11 3 13 16 19 24 23
t 20 5 1 3 2 593 17 20
t 15 1 28 16 2 768 9 6
t 10 20 26 1 12 10 608 0
t 16 679 18 0 33 28 4 24
t 655 33 21 19 0 8 15 34
t 16 9 24 5 23 568 18 22
t 28 24 16 38 603 8 23 35
t 9 25 13 16 23 3 9 598
t 1 38 766 17 0 3 13 35
t 21 25 7 25 23 15 17 583
t 8 35 2 18 19 9 623 6
t 19 30 22 5 600 1 22 37
t 14 18 22 19 6 2 3 561
t 32 9 23 16 7 34 14 642
t 25 13 8 567 2 1 14 7
t 20 8 24 15 4 8 570 20
t 10 7 1 25 2 8 24 592
t 40 29 34 31 6 16 790 21
t 24 16 9 25 11 574 6 18
t 37 729 10 26 33 26 21 0
t 657 14 11 38 5 39 10 40
t 13 6 9 2 7 573 16 11
t 631 36 1 12 14 21 34 36
t 25 21 594 8 14 12 24 9
t 12 7 18 9 9 13 591 7
t 15 4 2 8 585 9 1 22
t 594 17 10 1 23 15 14 10
t 598 11 18 11 7 1 1 6
t 13 13 17 10 562 14 9 2
t 2 10 23 589 16 13 11 24
t 26 30 681 39 35 15 13 0
t 37 22 5 695 4 0 20 38
t 25 27 707 37 27 10 39 18
t 22 8 6 1 19 17 591 25
t 14 20 6 2 12 750 5 1
t 1 21 7 15 10 23 2 577
t 11 13 9 12 21 32 0 731
t 9 5 24 23 593 24 20 1
t 21 4 16 12 23 8 597 5
t 609 0 0 32 40 30 14 29
t 5 3 3 2 11 15 590 18
t 18 25 20 15 18 20 595 18
t 16 23 25 22 26 698 33 31
t 5 19 6 735 38 35 30 1
t 5 13 1 15 7 593 23 19
t 577 7 10 24 25 1 4 1
t 17 9 4 15 580 6 21 11
t 18 11 8 596 19 21 10 24
t 38 9 1 14 34 30 625 7
t 595 23 14 5 12 14 14 23
t 13 618 38 35 22 40 17 26
t 9 36 36 39 33 32 707 11
t 7 563 21 24 2 10 15 22
t 587 25 19 22 6 12 21 22
t 1 10 8 18 586 25 6 25
t 19 35 677 17 25 20 28 23
t 23 18 5 580 20 19 10 17
t 30 35 0 1 5 20 601 36
t 21 40 17 604 12 24 11 22
t 22 20 1 23 17 9 13 598
t 1 783 33 1 37 0 9 13
t 9 563 13 10 21 9 16 1
t 19 11 569 23 18 25 8 5
t 8 26 701 5 39 2 12 1
t 5 12 20 21 575 8 17 8
t 23 8 24 21 9 23 590 5
t 753 40 26 4 13 10 16 25
t 3 38 29 8 792 1 32 2
t 20 24 33 3 2 691 4 37
t 27 17 783 3 38 13 3 7
t 17 579 10 12 2 15 13 20
t 25 4 560 22 13 19 7 20
t 24 21 37 39 23 38 609 13
t 35 38 6 40 7 0 695 23
t 10 703 23 23 4 23 25 33
t 16 31 29 3 782 22 23 13
t 19 11 582 15 20 4 18 14
t 7 21 3 19 12 7 576 20
t 23 18 23 2 21 4 15 596
t 0 28 23 30 15 1 619 8
t 23 23 16 17 4 26 18 686
t 35 9 18 17 18 11 27 609
t 1 12 14 594 8 4 6 18
t 18 17 12 13 18 17 569 25
t 5 17 11 598 4 1 2 10
t 36 29 652 1 9 15 29 6
t 23 22 2 8 2 598 12 21
t 590 17 15 20 4 23 9 5
t 4 3 25 8 586 7 14 6
t 17 4 12 3 20 24 576 23
t 22 6 40 20 35 693 27 19
t 17 22 3 573 3 24 3 15
t 16 26 17 684 12 19 15 28
t 13 580 21 3 22 11 18 9
t 22 11 569 12 6 17 7 12
t 8 34 15 22 659 20 9 6
t 9 1 21 569 24 13 23 14
t 12 22 4 18 594 16 24 25
t 15 20 23 591 1 1 25 3
t 12 16 9 2 722 25 36 21
t 2 1 20 18 20 10 10 590
t 17 7 722 12 1 26 22 13
t 630 35 1 6 40 27 18 13
t 8 569 5 6 21 1 12 3
t 21 13 11 16 14 20 3 566
t 16 23 576 4 20 12 6 4
t 567 12 5 11 14 7 25 14
t 4 1 19 23 592 16 22 24
t 24 597 8 3 6 8 25 5
t 5 30 5 26 0 730 2 22
t 4 25 5 14 11 8 7 583
t 14 9 599 25 5 11 24 9
t 7 35 658 28 30 24 39 34
t 16 589 1 17 20 8 13 9
t 19 584 17 6 14 6 6 1
t 8 594 5 14 11 20 24 12
t 2 14 20 11 21 1 562 4
t 23 9 12 13 18 593 8 2
t 24 1 12 598 23 8 16 8
t 29 2 15 14 762 7 16 33
t 17 17 17 592 1 25 17 17
t 6 23 3 19 11 14 5 580
t 21 20 6 562 4 19 25 12
t 25 8 17 9 20 25 593 6
t 12 16 8 14 21 5 584 19
t 20 16 569 9 7 15 5 2
t 4 12 20 22 570 5 8 23
t 8 13 11 8 585 17 14 23
t 1 23 1 3 7 23 1 574
t 2 560 5 15 13 6 14 1
t 2 14 27 8 9 706 19 21
t 14 19 3 1 21 8 21 590
t 594 12 5 8 2 15 8 9
t 16 17 10 582 22 6 1 16
t 598 9 7 11 4 25 2 1
t 9 18 5 13 672 2 15 16
t 27 15 10 18 4 602 4 2
t 21 31 14 16 40 727 39 16
t 14 17 6 6 566 14 18 10
t 32 31 674 10 33 0 13 13
t 13 22 22 16 18 9 8 587
t 38 4 40 1 39 24 30 750
t 6 20 2 771 17 17 21 5
t 12 1 21 9 22 560 12 10
t 24 14 0 3 2 30 13 745
t 2 3 14 22 40 11 28 758
t 7 592 19 12 16 17 6 6
t 2 570 8 23 18 25 7 23
t 25 35 23 4 761 12 26 29
t 14 9 5 22 6 4 10 585
t 23 656 25 27 10 10 37 37
t 566 22 2 16 19 24 5 14
t 23 6 16 9 12 595 22 8
t 19 10 609 33 10 12 13 14
t 21 22 39 8 40 798 34 34
t 30 6 29 799 34 25 10 33
t 697 29 3 35 9 37 7 8
t 4 25 20 565 10 6 4 12
t 14 6 19 2 10 20 15 576
t 16 15 5 570 2 1 19 17
t 716 0 15 13 7 27 31 1
t 12 10 14 19 24 23 4 584
t 13 1 17 12 9 571 5 1
t 16 37 15 0 19 706 23 38
t 34 33 11 37 784 39 19 10
t 0 3 23 10 12 23 18 728
t 12 30 735 39 22 18 27 36
t 584 21 23 4 21 7 20 6
t 23 8 11 15 25 592 24 17
t 24 11 24 18 3 589 7 23
t 24 1 20 16 14 577 20 5
t 597 20 11 23 1 4 12 5
t 30 25 9 12 4 3 15 779
t 19 674 5 24 29 19 32 1
t 16 14 13 20 778 19 22 12
t 13 597 13 21 7 8 12 21
t 21 11 12 21 16 595 18 14
t 770 32 7 11 40 1 2 28
t 14 15 3 778 13 34 15 21
t 12 1 11 12 7 9 589 15
t 588 2 10 9 17 5 18 12
t 18 586 8 9 14 19 23 13
t 19 23 21 588 12 7 20 6
t 9 34 18 19 40 20 6 657
t 35 15 8 8 740 29 38 23
t 22 585 23 2 13 15 23 16
t 23 7 13 23 15 31 14 742
t 0 22 13 38 24 11 653 35
t 16 738 10 33 34 23 24 32
t 3 11 28 1 5 17 7 788
t 570 10 14 18 19 3 16 10
t 14 641 13 19 38 12 33 37
t 11 13 12 25 24 593 5 9
t 2 8 595 1 8 19 7 6
t 16 21 3 9 576 1 2 11
t 23 25 4 33 5 1 0 696
t 13 9 561 22 22 3 21 4
t 13 560 1 1 19 9 18 5
t 19 9 7 24 16 11 590 22
t 1 18 8 16 596 20 3 14
t 25 1 34 13 22 1 38 646
t 623 14 21 13 10 23 3 0
t 2 16 17 565 10 4 6 11
t 17 595 5 4 2 22 4 5
t 3 25 566 16 20 17 3 19
t 580 5 21 17 12 21 1 11
t 22 0 793 2 21 6 35 17
t 10 20 595 16 2 23 15 10
t 23 638 23 8 35 22 34 32
t 23 10 2 16 12 597 22 21
t 17 1 21 20 562 19 8 21
t 562 9 24 16 2 1 17 7
t 594 22 12 10 21 12 16 23
t 16 39 11 16 10 3 788 36
t 1 12 9 24 15 7 596 18
t 13 19 12 675 7 16 10 1
t 5 25 8 5 19 582 13 14
t 34 602 11 23 25 1 9 22
t 8 781 1 31 20 3 3 13
t 12 20 1 16 15 6 11 560
t 3 2 596 5 5 18 13 7
t 799 20 32 22 20 30 38 20
t 15 24 4 15 9 24 578 11
t 7 39 11 17 642 6 2 38
t 2 25 21 27 10 0 13 775
t 593 12 10 21 12 9 14 9
t 12 15 5 8 18 571 16 21
t 15 3 22 579 19 4 15 19
t 4 7 4 34 606 12 32 31
t 20 8 6 20 23 2 15 574
t 4 1 593 25 12 21 17 4
t 7 4 37 24 10 40 698 9
t 9 8 17 1 24 8 572 19
t 18 2 564 18 25 1 1 15
t 24 5 576 10 24 21 5 22
t 37 791 34 40 24 33 10 0
t 12 18 18 16 25 19 9 587
t 15 13 19 599 14 21 1 2
t 570 6 18 19 10 21 17 21
t 23 20 21 572 18 15 1 20
t 18 10 36 5 770 3 27 14
t 14 711 25 4 18 24 29 11
t 18 21 14 26 9 28 626 3
t 23 24 17 7 5 10 573 18
t 21 4 15 14 9 22 8 568
t 3 12 25 5 16 12 30 745
t 1 10 3 599 23 7 21 19
t 6 1 9 25 582 2 16 16
t 10 20 24 2 18 7 9 585
t 9 2 17 21 5 15 10 585
t 14 19 20 20 589 7 2 17
t 17 565 7 19 18 17 9 8
t 1 2 751 32 33 14 29 13
t 582 18 5 16 23 17 1 21
t 22 6 18 29 22 33 611 27
t 574 2 25 6 9 2 10 18
t 18 593 7 20 4 1 1 1
t 23 13 19 5 16 1 7 576
t 19 6 5 4 8 17 580 16
t 3 1 3 592 25 9 23 10
t 7 562 10 5 3 20 13 5
t 1 18 18 19 7 581 11 11
t 8 21 10 2 13 2 580 17
t 587 7 17 17 5 16 23 15
t 18 11 25 20 19 24 18 579
t 2 794 3 3 6 23 1 14
t 30 0 17 40 18 37 626 37
t 2 682 11 11 28 24 1 15
t 2 17 8 23 17 17 2 565
t 10 22 16 14 4 20 594 11
t 9 4 675 36 40 23 31 6
t 15 33 18 17 15 6 776 35
t 23 23 7 16 645 31 6 21
t 21 19 12 13 2 16 594 11
t 3 18 10 9 576 24 9 14
t 15 22 12 0 34 35 11 627
t 588 14 22 20 20 21 15 7
t 18 0 20 22 31 14 20 605
t 6 22 31 2 15 758 21 28
t 21 2 18 5 10 2 583 2
t 19 14 15 7 12 2 712 4
t 1 11 23 9 12 582 20 3
t 25 25 19 17 17 10 566 12
t 25 23 12 12 16 8 13 563
t 12 2 21 705 38 13 24 30
t 22 24 587 2 8 24 4 10
t 15 24 7 571 5 1 10 21
t 14 8 22 16 13 588 15 8
t 14 5 2 7 25 573 17 24
t 28 30 738 36 7 20 21 21
t 11 21 15 4 16 14 8 563
t 14 707 5 38 34 34 32 5
t 5 6 19 12 21 7 20 576
t 657 13 24 27 32 31 20 10
t 27 33 24 24 13 40 4 751
t 40 11 13 28 15 22 635 38
t 11 22 7 23 7 599 10 7
t 27 30 19 6 29 13 5 772
t 37 32 34 0 1 16 40 622
t 36 38 22 773 9 26 18 27
t 21 8 19 14 738 36 40 26
t 35 35 2 31 34 40 710 40
t 24 31 630 25 34 13 29 27
t 16 11 3 11 7 593 6 16
t 10 20 8 5 576 23 14 10
t 15 25 16 20 8 25 12 578
t 37 32 40 29 697 6 19 35
t 19 24 10 566 15 19 2 11
t 24 5 1 2 17 15 23 583
t 22 1 21 6 589 21 10 25
t 4 10 589 23 8 20 22 24
t 18 23 5 39 22 19 0 619
t 2 25 25 4 4 18 586 16
t 17 19 25 3 730 38 19 7
t 8 22 579 9 24 18 25 11
t 20 25 14 32 38 629 19 21
t 9 37 35 35 25 634 32 30
t 26 36 728 4 8 33 21 4
t 598 24 6 17 10 15 18 18
t 14 18 579 14 8 22 21 18
t 6 21 13 8 598 14 23 10
t 23 748 22 11 33 30 25 39
t 10 573 5 25 24 21 2 14
t 11 20 13 13 8 1 21 567
t 674 37 19 15 21 26 28 19
t 19 12 13 5 18 19 20 582
t 21 7 11 3 9 15 561 9
t 2 35 27 699 3 11 31 2
t 22 566 12 13 11 2 10 3
t 15 24 20 22 13 8 20 575
t 16 22 19 3 24 7 598 4
t 20 585 24 12 5 12 19 23
t 17 6 22 597 18 13 15 8
t 8 764 20 17 4 16 21 8
t 22 21 20 16 20 5 22 578
t 19 16 23 17 24 7 591 2
t 17 25 9 21 3 5 12 565
t 31 33 34 20 32 15 728 34
t 6 22 15 15 583 21 20 19
t 10 8 3 21 569 11 23 6
t 19 566 18 8 11 13 7 2
t 628 20 23 18 38 12 5 20
t 593 20 14 20 13 2 9 15
t 24 23 4 1 1 647 6 33
t 11 1 2 11 11 599 6 13
t 572 18 10 4 15 8 23 9
t 9 17 9 23 574 8 20 5
t 10 583 22 22 16 5 22 18
t 22 13 583 5 3 15 11 9
t 18 21 1 24 3 625 6 31
t 766 3 33 25 2 21 27 40
t 17 20 2 11 582 6 20 14
t 598 24 16 18 11 15 10 17
t 20 561 16 16 3 2 5 16
t 40 705 26 8 32 4 0 24
t 9 6 14 17 16 10 566 7
t 20 24 17 0 707 29 23 29
t 11 587 10 15 8 2 3 20
t 37 2 23 38 15 770 14 17
t 12 7 1 19 38 31 800 27
t 11 15 24 2 16 23 598 11
t 22 20 25 10 21 21 568 7
t 29 12 27 14 28 611 18 21
t 6 18 8 4 573 22 8 16
t 8 23 11 25 14 11 2 584
t 18 8 25 15 587 13 22 5
t 34 6 32 6 30 664 1 6
t 3 18 643 37 1 39 4 27
t 20 38 36 6 26 38 719 13
t 11 3 687 19 9 23 36 25
t 28 16 36 11 628 7 3 16
t 5 18 13 4 10 16 5 594
t 18 8 32 1 7 2 26 716
t 768 22 28 13 35 30 25 18
t 4 560 18 21 16 10 21 13
t 16 3 7 25 10 8 569 20
t 23 8 1 13 23 14 567 14
t 589 18 20 24 2 1 3 7
t 30 5 27 17 0 34 21 774
t 36 32 27 12 799 11 37 34
t 9 15 23 19 19 25 4 569
t 12 4 15 37 3 19 18 706
t 14 3 4 24 7 19 23 577
t 17 7 5 38 30 772 37 15
t 12 5 8 5 15 574 24 21
t 13 35 15 6 11 706 3 12
t 24 7 15 590 5 3 3 2
t 25 13 585 11 6 3 6 17
t 30 19 11 661 5 27 28 35
t 24 15 21 572 11 10 7 5
t 583 18 21 13 6 2 9 7
t 21 3 570 4 22 11 14 20
t 1 14 7 17 592 20 8 3
t 11 25 8 582 8 25 13 23
t 20 39 695 7 24 24 2 25
t 22 20 10 19 9 596 7 25
t 32 13 716 2 1 25 13 31
t 18 16 4 21 5 32 702 30
t 8 2 14 5 10 12 576 4
t 40 22 34 774 11 15 26 20
t 25 16 760 21 27 21 25 8
t 17 4 16 22 6 564 13 2
t 635 1 7 5 17 15 35 7
t 14 1 727 34 31 35 38 20
t 0 11 22 10 29 621 1 39
t 17 9 16 14 22 574 4 2
t 10 27 38 768 19 0 13 12
t 12 23 23 25 2 11 595 14
t 24 3 15 20 591 10 7 20
t 37 13 39 13 39 2 22 758
t 19 10 581 22 5 24 22 2
t 7 19 19 22 9 7 570 22
t 2 13 22 591 3 17 22 21
t 31 14 3 12 16 2 670 28
t 7 572 23 17 12 4 18 20
t 25 21 4 9 18 568 14 1
t 24 38 16 637 13 30 8 34
t 741 21 36 11 25 38 0 19
t 571 8 13 13 18 4 12 23
t 727 22 21 37 2 24 29 28
t 12 15 25 567 19 3 10 23
t 776 5 39 18 14 27 27 7
t 22 21 1 8 598 3 20 23
t 13 599 25 16 20 12 15 1
t 4 566 19 22 9 4 20 15
t 25 9 19 585 25 9 2 1
t 39 40 8 17 10 629 29 13
t 14 14 19 13 16 2 567 18
t 19 5 1 574 11 18 25 19
t 32 36 0 14 35 790 15 17
t 3 11 25 20 579 14 11 22
t 25 16 579 12 18 20 25 15
t 17 10 10 17 5 14 592 11
t 671 6 30 12 8 34 11 31
t 3 21 583 19 20 22 11 20
t 5 677 15 13 0 19 13 26
t 565 8 16 4 13 19 4 2
t 5 2 4 626 17 0 27 0
t 560 7 19 16 22 15 5 25
t 738 36 7 25 26 0 19 20
t 7 22 722 9 7 40 27 0
t 27 23 30 695 18 9 36 20
t 20 4 569 17 9 13 15 1
t 18 1 26 39 8 754 36 37
t 16 22 4 5 33 5 690 40
t 16 14 16 571 10 18 23 11
t 6 576 1 14 18 10 10 7
t 3 22 25 14 12 574 21 13
t 11 617 9 32 39 9 35 5
t 14 565 5 5 17 13 12 9
t 3 569 10 22 2 14 12 12
t 20 568 13 7 1 22 23 16
t 13 25 21 14 17 597 1 6
t 34 0 14 33 719 11 29 22
t 19 6 24 22 22 573 19 16
t 14 29 798 8 18 13 8 19
t 29 1 16 27 35 680 2 20
t 8 34 11 36 19 14 10 799
t 13 27 22 40 719 15 21 28
t 3 25 4 580 11 8 23 24
t 25 10 12 7 7 10 14 597
t 2 8 9 17 21 561 15 20
t 16 14 595 24 23 11 15 6
t 15 20 4 1 569 16 24 6
t 8 3 23 24 9 7 14 566
t 20 9 12 599 11 14 18 2
t 9 6 8 4 10 15 7 583
t 12 11 5 1 564 5 22 4
t 4 772 15 18 35 20 37 40
t 19 20 28 9 4 15 20 686
t 6 21 3 5 13 585 16 14
t 8 23 4 14 23 23 566 23
t 37 705 37 8 40 31 11 11
t 627 35 0 26 30 39 1 22
t 7 695 32 19 16 28 35 3
t 1 10 5 565 13 23 9 24
t 31 789 5 40 14 13 32 2
t 16 14 15 8 10 590 17 17
t 13 8 22 22 568 11 6 4
t 40 32 781 3 22 14 13 23
t 22 7 599 25 2 6 18 12
t 33 31 37 667 24 31 24 7
t 1 6 5 1 7 2 9 596
t 15 26 33 12 38 718 35 4
t 9 10 11 10 15 586 4 4
t 2 1 580 17 23 1 7 8
t 9 20 14 15 580 10 23 8
t 23 17 14 12 18 593 25 8
t 21 18 4 3 25 567 13 18
t 25 16 11 10 23 14 584 22
t 5 9 17 4 580 13 17 15
t 11 9 15 8 0 699 1 29
t 771 22 40 10 25 4 37 35
t 25 12 9 19 7 20 15 597
t 11 6 1 13 3 20 13 584
t 22 4 747 29 34 9 14 0
t 9 9 6 17 12 18 568 20
t 27 10 20 34 11 3 6 722
t 9 36 680 31 35 9 12 26
t 30 3 1 15 38 36 764 16
t 7 14 1 5 10 23 565 5
t 28 13 1 35 781 6 26 28
t 11 25 34 27 19 627 35 23
t 12 15 19 12 6 576 18 12
t 15 17 563 13 24 7 9 5
t 32 27 601 8 24 13 22 36
t 27 9 39 24 5 21 652 12
t 16 14 567 23 10 17 10 22
t 11 582 11 15 17 21 14 18
t 17 1 39 791 31 12 20 25
t 31 30 12 15 2 20 651 40
t 658 8 25 30 27 12 22 6
t 17 19 17 15 2 586 20 15
t 27 745 31 31 23 3 10 17
t 12 4 13 14 18 583 12 1
t 17 22 4 20 583 5 15 7
t 34 31 12 691 21 40 34 5
t 26 641 18 6 14 7 24 16
t 10 17 11 11 10 31 632 15
t 7 720 37 38 27 35 18 19
t 19 3 22 6 6 598 19 4
t 18 25 598 16 2 17 6 11
t 29 40 3 29 20 692 24 23
t 16 22 16 11 11 21 25 593
t 24 17 22 22 24 19 3 563
t 4 4 15 18 582 24 19 6
t 14 11 8 575 24 15 10 22
t 582 4 7 11 6 6 18 16
t 16 17 591 1 20 6 8 5
t 22 10 591 14 19 20 8 23
t 688 26 27 22 18 25 3 40
t 17 15 21 6 563 3 5 13
t 29 14 26 13 679 38 8 23
t 11 27 11 18 23 748 19 0
t 22 12 597 10 12 17 25 12
t 14 5 16 14 2 34 24 629
t 10 620 9 12 19 37 17 22
t 21 18 3 13 16 15 25 565
t 4 21 581 25 9 23 10 18
t 4 23 565 9 6 24 25 2
t 4 595 18 12 9 23 6 11
t 23 6 22 4 39 757 33 6
t 17 19 19 18 9 4 21 593
t 15 15 36 28 17 789 8 13
t 24 0 37 9 11 691 31 25
t 8 6 8 6 581 6 2 18
t 7 2 11 797 26 40 9 15
t 22 6 18 25 13 9 562 5
t 588 9 7 16 17 11 4 9
t 11 9 626 35 28 6 26 14
t 20 4 6 35 13 707 30 36
t 659 18 19 15 17 22 29 40
t 25 10 19 12 5 579 8 9
t 17 1 784 5 36 40 5 14
t 9 8 9 23 575 19 20 2
t 9 22 22 19 4 573 1 22
t 8 9 7 15 11 2 582 7
t 9 8 573 22 3 24 20 4
t 25 12 6 14 17 19 5 584
t 12 2 1 19 24 15 9 574
t 8 583 5 16 5 11 6 7
t 598 15 7 4 25 21 25 1
t 603 14 17 12 18 21 35 37
t 15 10 8 8 20 589 3 22
t 1 21 18 688 7 19 37 3
t 29 5 1 12 723 31 5 15
t 14 20 33 20 20 653 8 37
t 23 31 16 18 1 27 33 791
t 6 15 10 6 3 577 19 20
t 31 20 13 8 644 17 5 29
t 25 4 11 701 19 33 15 29
t 566 25 2 25 3 18 18 12
t 11 3 577 10 15 14 9 18
t 2 15 12 641 40 5 29 15
t 10 579 19 8 22 21 3 16
t 2 13 7 744 23 2 36 27
t 14 15 0 673 33 22 4 35
t 25 13 12 15 584 3 20 21
t 22 594 6 23 6 14 2 12
t 22 8 706 38 16 37 18 2
t 1 5 5 565 14 17 1 4
t 2 39 20 674 14 6 36 29
t 12 7 15 17 5 19 565 12
t 8 11 9 16 22 564 4 18
t 7 18 15 11 592 19 14 4
t 24 685 39 1 22 1 26 21
t 30 1 22 20 3 669 17 27
t 4 9 12 597 25 22 13 24
t 19 12 3 11 6 11 595 17
t 22 12 15 574 4 24 13 16
t 714 36 11 20 14 9 26 6
t 27 27 25 33 35 5 649 16
t 35 644 23 34 18 2 6 25
t 6 29 37 3 40 9 26 718
t 23 19 589 25 8 6 7 23
t 785 29 16 30 18 8 1 29
t 5 2 9 23 21 569 2 17
t 17 10 21 580 23 5 18 22
t 7 21 563 1 23 2 12 7
t 25 10 16 18 738 39 4 31
t 3 696 10 40 14 37 27 2
t 22 0 726 32 16 29 31 26
t 39 24 782 32 30 6 25 15
t 35 32 3 31 25 645 29 32
t 21 4 5 18 585 21 24 8
t 34 4 0 764 20 29 11 26
t 679 0 32 16 1 3 35 32
t 23 21 10 16 22 573 13 12
t 39 746 29 36 2 18 4 3
t 26 9 13 3 22 668 37 28
t 679 22 18 17 36 2 17 36
t 20 597 23 14 22 12 24 24
t 8 682 40 6 13 16 16 24
t 575 18 25 18 1 23 13 10
t 29 15 0 726 25 29 37 12
t 13 580 17 25 16 2 6 14
t 24 9 16 591 16 17 16 20
t 23 15 4 7 6 12 560 19
t 13 25 13 34 31 7 38 707
t 30 18 674 15 21 38 22 28
t 20 24 13 23 589 15 15 19
t 15 566 14 8 2 19 15 6
t 714 8 13 32 9 26 17 28
t 34 7 3 778 28 1 5 30
t 2 9 22 21 12 23 11 594
t 40 744 40 19 8 34 25 38
t 12 10 34 14 35 798 36 34
t 6 17 10 799 30 18 25 20
t 3 33 40 760 30 19 30 9
t 582 1 23 2 4 11 9 23
t 21 18 24 706 2 3 6 9
t 8 746 1 12 8 36 7 25
t 5 13 1 17 594 5 13 25
t 14 17 25 23 596 2 4 14
t 37 5 23 630 32 24 21 37
t 4 9 14 21 1 561 13 4
t 5 5 18 5 7 594 11 22
t 16 17 28 23 37 25 24 638
t 14 9 21 23 13 688 13 31
t 609 2 19 31 31 3 20 26
t 31 15 18 2 631 24 22 2
t 12 25 12 1 12 560 9 25
t 38 17 28 781 12 9 22 20
t 22 586 3 19 21 8 25 6
t 23 9 1 5 584 10 1 21
t 24 16 22 5 14 16 23 591
t 8 22 14 592 23 3 6 9
t 35 35 12 22 5 34 9 644
t 3 568 3 2 17 9 12 23
t 560 23 3 16 4 2 1 3
t 11 575 13 17 22 14 2 17
t 23 17 571 3 10 9 4 25
t 10 10 9 23 25 595 8 16
t 15 13 2 599 1 1 16 3
t 1 12 25 16 597 5 15 17
t 581 18 3 14 15 18 24 1
t 596 22 16 9 19 10 15 24
t 34 19 7 30 600 4 38 35
t 22 1 8 575 5 19 2 10
t 593 2 21 13 8 25 8 9
t 590 2 19 25 13 14 24 10
t 25 20 18 7 595 18 20 23
t 10 7 30 639 17 21 33 35
t 32 794 40 13 24 40 21 9
t 582 14 23 14 13 25 2 8
t 34 683 33 4 18 24 9 7
t 22 10 11 636 18 21 10 0
t 752 22 27 21 0 13 32 15
t 570 5 2 11 9 24 18 13
t 2 4 24 19 12 586 19 23
t 585 23 10 10 21 1 19 14
t 4 20 12 2 22 21 560 4
t 8 8 24 10 24 3 5 598
t 16 17 12 24 21 6 587 12
t 23 17 20 24 591 3 14 11
t 6 11 6 24 24 573 13 1
t 7 6 18 24 2 3 21 574
t 19 563 4 20 6 14 6 15
t 9 10 776 35 16 10 2 28
t 2 24 5 14 583 14 21 10
t 26 6 14 19 689 16 9 40
t 4 10 19 7 6 575 11 12
t 24 13 31 13 626 36 33 30
t 6 25 697 15 35 25 40 29
t 22 35 7 716 32 40 24 22
t 25 18 17 33 26 636 6 35
t 9 671 8 0 22 16 4 39
t 28 11 24 34 9 779 39 35
t 8 3 23 10 15 568 2 16
t 20 23 14 17 680 34 12 29
t 8 11 26 717 32 14 26 6
t 2 24 790 34 34 26 25 18
t 10 627 27 27 11 27 26 17
t 20 10 27 0 8 40 2 690
t 2 15 23 12 22 14 2 584
t 31 26 33 17 40 22 769 40
t 16 3 16 31 796 21 2 10
t 20 19 1 1 4 23 9 567
t 35 2 2 3 30 5 694 4
t 18 21 9 13 19 10 595 6
t 12 21 582 6 3 7 2 10
t 20 19 24 8 594 15 25 15
t 22 24 5 578 1 5 8 16
t 576 16 20 5 21 1 3 15
t 17 606 2 11 5 17 3 14
t 18 11 20 571 23 25 21 11
t 9 31 3 37 15 611 17 23
t 599 10 7 1 5 8 17 18
t 19 12 2 3 13 567 20 7
t 15 24 586 25 3 16 18 12
t 7 17 10 23 588 9 25 20
t 11 35 21 17 12 604 22 35
t 32 783 25 23 9 22 30 11
t 8 6 2 19 21 586 17 12
t 15 2 3 19 18 7 12 569
t 20 21 571 9 19 3 17 14
t 8 6 29 40 8 24 787 5
t 12 28 21 7 38 682 17 34
t 19 27 27 30 4 37 15 689
t 586 22 13 4 5 10 25 13
t 23 17 9 15 21 2 12 585
t 6 0 693 39 35 36 17 20
t 18 19 2 2 10 7 10 598
t 24 16 3 9 15 8 2 573
t 593 25 8 4 7 22 22 5
t 569 13 9 8 7 8 23 25
t 19 7 3 16 14 586 15 4
t 594 17 9 5 18 4 6 2
t 16 9 7 24 571 19 18 23
t 4 28 8 31 15 38 19 638
t 13 15 9 25 15 2 588 8
t 22 3 29 18 37 719 26 2
t 10 7 18 13 5 24 581 4
t 32 7 16 33 30 765 31 22
t 569 8 4 13 12 2 9 8
t 19 8 779 9 25 38 21 3
t 18 5 24 586 10 7 6 15
t 5 1 20 15 21 577 12 10
t 1 14 22 9 22 23 576 15
t 4 7 21 17 5 18 8 574
t 579 19 25 18 5 2 1 22
t 566 15 2 25 12 18 14 24
t 3 16 8 12 14 560 12 4
t 15 20 1 23 4 14 4 596
t 19 9 25 20 20 12 564 19
t 4 8 14 17 19 1 22 560
t 22 13 563 24 19 17 18 12
t 611 11 31 40 6 17 4 37
t 17 5 588 11 18 21 17 13
t 24 8 20 24 20 32 39 733
t 5 760 16 38 16 5 34 5
t 35 34 27 16 23 716 9 3
t 30 20 637 30 3 0 19 5
t 18 24 21 656 30 14 26 19
t 8 2 7 755 1 12 34 10
t 17 22 25 4 569 7 9 14
t 2 23 20 13 19 594 10 24
t 19 22 14 22 576 9 25 8
t 15 563 12 23 13 15 11 23
t 563 11 2 4 7 4 11 17
t 2 4 25 567 21 15 16 5
t 566 19 24 19 11 16 17 6
t 6 31 10 22 26 5 760 33
t 16 9 10 593 13 24 12 23
t 25 10 642 14 28 28 35 33
t 23 20 585 13 5 11 17 17
t 21 13 3 10 5 24 631 20
t 14 22 35 31 39 24 2 740
t 10 8 22 595 16 7 6 6
t 567 15 4 25 5 15 3 2
t 743 31 11 23 29 2 27 9
t 23 9 35 773 27 14 14 21
t 7 6 15 10 24 24 585 21
t 31 759 40 10 25 11 29 30
t 36 25 706 20 2 33 24 24
t 22 10 23 11 3 598 2 24
t 15 13 35 30 39 13 767 5
t 563 1 6 8 24 6 12 3
t 15 10 37 10 758 22 4 8
t 22 13 12 1 585 6 24 16
t 19 586 16 4 12 10 16 2
t 14 713 1 11 19 21 13 10
t 16 3 20 17 595 18 17 14
t 27 35 36 748 19 4 5 5
t 17 25 4 4 23 560 21 9
t 594 6 22 15 15 11 15 20
t 20 11 24 6 30 10 662 0
t 1 14 15 2 590 5 8 25
t 562 17 22 5 6 18 8 25
t 737 14 5 13 16 21 37 13
t 30 16 16 39 623 38 3 26
t 12 19 13 6 15 12 593 25
t 24 8 2 19 20 20 2 598
t 38 3 671 37 38 22 29 11
t 24 576 6 1 6 22 12 18
t 27 7 10 685 40 32 7 20
t 25 17 1 584 21 11 1 15
t 1 4 564 10 20 21 5 4
t 25 23 40 9 40 786 20 30
t 23 1 18 12 738 9 13 12
t 16 5 9 28 32 34 5 760
t 16 36 1 4 719 9 11 10
t 578 22 14 5 11 5 16 24
t 25 0 37 22 27 2 742 37
t 596 14 10 18 3 17 10 2
t 24 5 13 589 24 12 22 11
t 9 12 3 23 17 12 585 25
t 0 717 24 33 21 15 37 5
t 15 31 32 17 20 17 792 23
t 19 1 15 11 16 20 4 594
t 20 36 7 29 40 779 0 27
t 4 676 14 1 40 17 4 40
t 7 2 583 11 17 8 1 16
t 1 1 24 39 25 29 6 600
t 14 13 7 16 17 6 584 1
t 4 17 15 583 5 24 16 4
t 25 25 13 18 11 563 19 21
t 17 23 7 564 11 15 12 5
t 18 4 9 589 12 13 12 4
t 591 17 1 13 25 21 25 13
t 7 2 579 19 1 16 22 24
t 5 18 597 22 17 19 2 2
t 32 38 27 15 17 659 11 23
t 24 18 2 1 19 21 594 25
t 13 24 18 581 21 4 5 9
t 39 22 36 752 25 2 11 33
t 24 19 7 687 22 38 2 27
t 10 4 17 24 20 18 599 24
t 11 12 11 3 14 19 24 581
t 2 11 13 560 6 11 14 11
t 6 2 20 570 6 10 11 19
t 39 664 10 34 6 14 3 31
t 691 16 29 12 38 19 11 11
t 9 7 23 18 569 10 6 25
t 690 3 26 7 25 19 8 25
t 14 590 23 9 13 14 13 5
t 5 1 3 12 5 2 584 25
t 22 594 1 23 17 24 18 23
t 23 8 577 13 20 6 25 10
t 18 24 25 3 587 2 24 20
t 32 16 7 17 6 31 767 21
t 31 16 37 9 613 36 8 27
t 14 799 31 24 34 32 27 27
t 5 589 23 8 4 24 20 14
t 22 39 36 6 714 37 32 3
t 6 18 24 594 22 24 16 11
t 16 19 3 575 13 22 11 25
t 17 3 19 20 598 8 1 15
t 14 19 25 7 773 5 35 7
t 1 19 4 13 3 3 562 25
t 30 24 29 23 19 39 714 24
t 2 18 584 24 25 2 5 19
t 23 16 592 23 7 15 5 13
t 23 672 37 37 22 10 28 34
t 12 594 2 17 2 10 19 19
t 34 23 35 5 2 764 24 3
t 17 31 5 4 31 643 36 0
t 35 687 6 30 1 16 29 13
t 23 577 7 6 4 19 8 10
t 564 10 15 8 23 23 9 20
t 622 20 19 23 33 8 21 40
t 10 573 18 25 16 18 20 6
t 9 24 24 25 12 9 598 14
t 6 15 1 22 25 588 9 3
t 2 20 8 25 1 2 592 19
t 36 40 38 11 32 600 33 29
t 24 9 13 6 14 564 9 24
t 22 2 6 7 19 10 593 24
t 19 1 12 15 23 35 737 7
t 5 32 27 9 25 621 7 0
t 7 584 6 23 20 14 5 18
t 25 3 15 23 21 4 21 590
t 23 579 23 12 21 11 7 9
t 10 30 9 15 10 693 38 39
t 19 9 24 15 578 14 4 19
t 17 17 16 7 5 15 15 576
t 562 23 14 13 18 5 7 10
t 780 25 3 20 0 17 4 33
t 9 0 10 5 724 5 10 8
t 19 5 29 34 741 30 28 34
t 33 19 11 7 9 23 633 1
t 590 24 6 21 13 14 9 11
t 4 22 10 564 24 15 11 23
t 7 29 6 2 0 714 39 37
t 1 10 10 21 21 18 588 24
t 37 5 29 38 612 27 3 1
t 22 5 14 590 10 5 17 25
t 9 6 590 6 1 5 23 23
t 25 10 588 5 5 16 1 1
t 9 599 18 20 10 7 21 17
t 14 11 585 16 12 14 4 25
t 23 757 24 39 39 19 14 2
t 29 10 13 10 9 724 38 31
t 17 21 22 574 9 17 24 10
t 1 5 29 9 29 763 12 15
t 28 37 14 35 12 39 19 660
t 2 13 13 9 14 11 4 589
t 19 12 591 1 23 10 19 3
t 738 10 40 29 0 38 36 37
t 568 4 12 4 4 17 15 17
t 15 18 17 6 24 20 20 574
t 33 32 16 34 12 25 15 666
t 33 28 22 8 614 2 33 27
t 2 570 8 5 11 23 24 14
t 9 21 19 1 561 12 1 12
t 590 4 17 14 20 15 14 10
t 23 25 6 19 578 20 5 20
t 24 23 3 5 591 7 8 22
t 17 586 25 10 18 22 23 23
t 25 786 12 37 23 19 11 29
t 25 4 6 597 4 15 9 15
t 781 23 30 0 33 40 1 24
t 19 6 720 4 35 20 39 15
t 12 24 8 25 22 8 580 2
t 14 636 39 2 6 3 6 27
t 33 27 23 710 4 29 29 25
t 4 593 21 21 21 18 17 19
t 766 9 32 24 34 27 16 21
t 20 25 564 24 6 10 10 19
t 34 6 39 28 9 2 783 2
t 8 27 36 23 33 12 32 731
t 24 23 5 22 6 24 561 1
t 25 10 11 7 25 4 4 572
t 10 650 39 23 17 36 31 2
t 36 13 29 36 6 799 33 24
t 578 3 4 19 17 3 11 8
t 591 15 1 24 14 5 2 10
t 570 2 19 11 9 20 11 23
t 16 19 11 15 25 9 567 22
t 21 2 10 12 16 23 579 16
t 31 16 0 730 9 24 39 22
t 16 5 580 17 19 19 10 12
t 7 6 22 21 19 589 16 3
t 10 19 33 17 782 3 32 27
t 13 22 20 568 20 11 21 24
t 24 1 11 593 3 9 19 6
t 39 15 27 21 13 29 31 647
t 18 7 596 17 3 13 8 22
t 20 23 8 6 15 6 588 23
t 16 10 2 566 10 7 23 9
t 9 21 14 7 7 618 32 31
t 673 1 10 38 9 37 11 25
t 614 17 4 1 39 6 9 36
t 6 22 582 2 14 20 7 15
t 9 18 2 12 14 603 8 2
t 6 574 18 10 1 15 18 7
t 12 627 30 15 11 4 34 24
t 24 28 673 32 34 6 15 22
t 12 7 717 12 18 21 9 40
t 15 17 12 4 11 14 573 16
t 21 20 21 2 24 800 14 35
t 19 25 18 37 654 4 16 20
t 0 9 33 12 4 8 29 652
t 36 32 36 38 790 17 30 1
t 21 3 568 20 1 17 4 12
t 13 1 5 5 9 24 18 579
t 2 15 3 596 17 7 21 5
t 25 30 18 4 26 639 28 3
t 5 19 19 5 9 599 15 1
t 606 26 10 39 39 33 30 11
t 20 33 37 8 6 22 766 10
t 27 7 16 2 25 608 3 35
t 30 796 38 7 34 9 14 26
t 8 9 594 24 11 7 17 16
t 8 8 22 574 14 14 19 24
t 7 25 6 13 12 19 11 568
t 18 21 769 9 14 20 11 19
t 4 3 24 1 9 756 6 0
t 21 21 585 5 19 5 25 18
t 575 9 25 1 21 23 16 4
t 32 16 28 731 30 13 2 0
t 36 37 738 19 34 31 37 0
t 20 6 18 12 18 567 20 9
t 40 7 38 674 18 29 19 40
t 2 4 23 9 1 4 773 26
t 33 5 23 0 40 28 23 755
t 4 22 13 22 2 568 13 7
t 4 6 32 24 21 798 34 33
t 16 9 9 13 19 7 570 6
t 678 0 33 3 29 2 0 1
t 6 2 12 22 23 21 597 3
t 22 7 23 6 4 1 586 8
t 3 23 6 22 8 1 572 17
t 35 5 9 645 29 0 7 4
t 23 6 10 584 8 23 12 4
t 571 16 24 14 17 11 18 3
t 14 17 22 25 668 36 18 39
t 11 25 9 4 10 15 592 4
t 6 11 25 21 564 19 8 6
t 8 3 16 10 592 2 20 17
t 23 717 28 39 33 5 39 15
t 8 12 36 22 700 0 39 16
t 3 16 590 19 12 1 5 18
t 7 8 587 7 12 25 15 7
t 703 35 10 13 30 37 26 20
t 34 13 602 29 31 26 9 29
t 4 11 5 594 15 13 25 16
t 28 34 33 603 12 4 10 6
t 567 4 25 12 17 6 5 24
t 18 589 16 22 21 7 20 14
t 3 11 36 17 696 16 16 27
t 9 10 25 23 12 3 8 577
t 23 6 596 20 23 5 12 23
t 11 14 37 23 760 20 22 8
t 24 10 3 574 10 6 20 23
t 730 38 4 0 4 28 18 30
t 4 18 20 8 19 17 10 584
t 25 700 4 11 18 6 2 8
t 23 31 24 11 19 37 4 792
t 19 31 19 10 35 10 18 726
t 750 17 25 8 32 3 26 6
t 36 35 777 16 12 11 7 15
t 2 1 2 7 568 17 22 3
t 5 20 19 11 12 6 23 586
t 9 660 8 38 11 18 35 32
t 4 22 5 8 19 23 583 9
t 2 561 1 13 13 24 7 18
t 618 18 22 1 35 15 25 28
t 21 630 12 16 25 3 30 10
t 724 28 30 39 34 10 2 8
t 582 9 11 21 16 20 2 24
t 5 567 17 3 22 15 18 24
t 4 20 797 4 32 22 33 8
t 6 15 14 570 6 15 25 19
t 2 38 1 34 17 14 619 17
t 27 11 34 37 10 26 8 627
t 11 771 8 4 31 32 23 34
t 8 24 3 570 6 15 10 21
t 5 719 1 25 23 9 1 1
t 22 1 18 13 20 568 24 22
t 23 13 19 20 6 22 597 17
t 8 3 4 22 24 589 6 13
t 15 574 8 15 13 15 17 18
t 9 17 2 4 4 24 573 15
t 19 3 12 7 582 6 4 20
t 9 14 2 11 5 17 588 15
t 10 1 14 20 18 6 578 17
t 40 19 33 713 15 33 10 22
t 32 40 27 0 663 35 27 36
t 13 18 17 589 19 1 5 7
t 20 1 23 576 18 23 1 24
t 20 13 16 17 579 6 5 6
t 12 20 19 1 18 595 5 22
t 657 4 38 38 39 0 8 37
t 686 10 3 12 13 23 11 10
t 0 2 16 7 701 37 22 39
t 574 20 14 18 4 10 15 5
t 6 568 13 2 12 3 12 24
t 17 23 24 575 23 21 16 4
t 4 2 11 14 20 11 569 5
t 1 8 16 6 562 7 11 14
t 19 629 12 36 30 20 37 6
t 4 591 19 7 17 9 22 20
t 10 2 20 15 8 587 17 22
t 24 9 582 23 1 25 19 14
t 571 10 24 24 19 23 17 18
t 40 631 20 8 11 13 19 4
t 2 16 4 4 20 597 17 23
t 6 592 6 12 17 23 10 1
t 23 11 14 4 598 22 12 12
t 21 18 591 20 15 12 16 16
t 2 4 14 18 11 2 21 586
t 20 21 561 9 8 14 20 17
t 29 34 8 18 36 8 30 751
t 3 7 16 23 24 25 574 22
t 10 14 17 16 578 13 10 7
t 9 22 16 20 25 592 24 11
t 568 15 1 6 4 1 18 5
t 23 2 13 576 8 24 11 4
t 581 14 5 15 21 13 21 8
t 31 699 29 7 27 20 37 40
t 599 23 17 7 10 7 17 23
t 11 12 10 25 17 586 25 12
t 21 26 22 659 32 20 35 31
t 5 3 580 9 25 13 5 21
t 19 1 24 21 25 5 564 2
t 629 22 34 24 27 14 17 39
t 14 23 12 694 7 29 32 10
t 29 22 15 7 22 20 35 733
t 34 7 31 23 13 725 39 24
t 6 570 3 7 11 23 9 23
t 29 20 20 676 35 39 4 10
t 4 20 19 1 20 17 571 17
t 18 19 752 1 33 36 29 22
t 16 13 21 5 24 14 592 18
t 14 713 6 10 17 13 40 1
t 19 26 672 18 36 13 21 31
t 22 16 17 23 19 2 10 596
t 13 36 0 34 3 729 36 16
t 40 26 2 700 12 19 33 3
t 580 18 7 7 4 8 8 25
t 593 23 20 15 16 22 13 11
t 10 3 15 587 9 10 6 9
t 17 25 11 15 594 5 7 11
t 25 10 7 4 25 2 570 6
t 27 11 34 23 34 738 8 18
t 17 14 563 4 15 10 24 17
t 19 24 7 22 25 587 24 11
t 18 24 25 25 20 10 592 3
t 6 6 23 582 7 1 8 16
t 31 32 27 28 3 11 5 793
t 8 1 7 0 23 707 20 5
t 14 16 4 22 585 13 2 5
t 30 660 28 13 40 11 20 16
t 4 20 22 1 1 14 596 15
t 20 30 0 676 6 18 33 9
t 9 8 5 11 31 688 1 11
t 14 23 14 586 6 23 7 17
t 12 5 22 17 579 4 24 20
t 21 16 3 14 561 6 9 5
t 28 689 18 38 17 1 21 25
t 16 16 31 776 9 3 28 34
t 8 19 621 29 20 40 34 5
t 3 11 15 565 11 3 23 2
t 5 13 2 578 11 19 12 12
t 36 36 40 797 9 30 34 34
t 14 7 7 24 20 577 16 8
t 2 566 13 22 5 23 22 18
t 25 25 17 4 2 18 23 593
t 2 39 5 5 763 35 27 29
t 23 14 10 5 20 599 8 22
t 7 19 21 9 39 677 36 10
t 21 2 37 8 32 689 33 14
t 25 39 733 11 26 28 15 6
t 17 10 14 22 588 1 11 9
t 23 11 8 15 2 1 596 8
t 14 7 2 33 19 772 10 2
t 22 29 18 14 774 32 19 8
t 8 17 35 21 40 6 14 790
t 25 19 568 21 12 16 14 13
t 26 35 692 3 37 37 36 21
t 21 2 18 18 580 18 2 17
t 4 38 30 38 725 21 22 38
t 562 17 17 10 23 4 3 2
t 16 6 714 20 7 10 16 23
t 13 14 18 10 5 15 597 5
t 39 16 39 6 11 27 613 26
t 584 5 3 5 9 9 6 19
t 1 13 25 23 596 3 10 8
t 20 566 20 1 9 8 14 2
t 13 35 17 37 3 753 33 25
t 10 40 25 31 8 34 741 39
t 565 18 14 8 9 9 7 3
t 21 9 576 16 11 21 6 19
t 5 22 18 3 7 17 586 13
t 32 38 16 10 38 0 761 36
t 12 5 2 2 2 569 5 24
t 19 586 9 4 5 4 23 17
t 21 560 23 13 12 2 7 9
t 17 25 21 12 596 23 13 16
t 33 18 768 13 9 12 39 20
t 17 19 13 24 565 19 7 13
t 3 8 24 6 21 576 21 8
t 21 24 598 21 25 8 22 6
t 21 593 6 20 14 7 20 14
t 37 8 7 35 12 34 5 800
t 15 579 7 1 11 9 23 6
t 21 25 667 8 36 30 9 8
t 26 28 19 15 35 23 753 13
t 6 36 16 14 755 38 37 12
t 17 18 4 28 790 39 15 15
t 25 11 23 2 575 17 9 7
t 0 4 39 724 3 19 14 9
t 15 25 4 20 12 16 1 580
t 3 579 15 24 15 4 10 6
t 22 25 8 5 12 22 25 577
t 11 11 20 591 23 20 21 5
t 25 2 38 36 7 37 2 664
t 23 39 778 38 40 6 12 32
t 28 23 1 727 23 15 0 36
t 10 20 7 724 30 4 6 38
t 2 21 12 15 6 5 15 587
t 25 6 571 5 2 25 14 25
t 8 20 2 16 16 17 578 4
t 16 30 15 14 713 29 10 21
t 1 7 563 3 13 25 5 8
t 750 20 12 14 9 34 20 36
t 22 23 13 20 599 15 21 19
t 30 40 34 25 24 698 20 5
t 17 18 21 11 569 1 24 17
t 25 10 566 10 18 18 18 15
t 27 29 21 13 6 697 34 39
t 0 15 29 39 751 16 7 9
t 5 23 23 4 18 588 16 13
t 10 27 26 40 715 40 0 30
t 24 18 11 20 9 560 10 25
t 34 12 32 18 605 3 3 0
t 6 17 10 3 579 1 1 17
t 17 625 18 28 24 18 3 20
t 35 9 19 13 736 40 11 9
t 4 4 25 16 586 8 10 7
t 39 38 29 39 15 657 13 18
t 37 773 16 30 36 4 22 3
t 4 0 795 31 5 4 36 31
t 20 20 563 3 20 8 7 1
t 1 14 22 11 6 576 7 13
t 4 5 23 20 582 4 11 19
t 23 25 12 10 568 21 1 16
t 20 21 24 9 1 3 569 9
t 21 667 26 0 26 4 10 30
t 624 28 35 2 33 34 15 37
t 17 1 579 3 9 8 23 10
t 12 2 19 560 4 9 3 22
t 1 2 20 561 15 14 1 12
t 27 11 21 27 40 688 36 27
t 599 6 22 19 12 25 5 8
t 3 19 24 8 14 597 4 18
t 3 3 5 11 8 668 11 0
t 25 8 9 13 22 12 19 568
t 4 10 39 9 695 19 25 17
t 14 21 24 5 11 5 19 596
t 22 3 20 9 597 5 18 7
t 10 8 10 593 9 12 18 3
t 790 26 32 37 30 16 15 40
t 597 22 5 20 9 22 6 20
t 11 40 39 18 706 25 4 26
t 19 604 6 30 17 4 18 8
t 567 23 17 2 8 20 13 4
t 21 25 3 12 575 19 9 5
t 8 15 17 13 14 586 7 10
t 27 32 39 612 25 29 6 19
t 35 38 0 30 728 24 16 29
t 21 11 720 25 17 7 13 12
t 14 10 563 17 19 12 19 19
t 24 580 4 3 6 16 22 21
t 32 10 25 9 15 20 709 3
t 1 18 20 579 3 6 7 12
t 23 27 40 661 1 16 31 1
t 2 3 694 6 25 17 21 15
t 592 24 7 6 6 23 7 13
t 13 582 6 16 21 23 8 8
t 10 23 14 580 8 20 7 2
t 14 35 3 11 678 5 5 22
t 796 34 25 38 16 34 0 27
t 7 699 19 4 21 5 30 34
t 35 10 30 22 29 39 8 618
t 25 16 7 29 607 18 4 39
t 16 571 10 9 11 5 2 4
t 39 11 29 754 12 28 16 17
t 25 1 22 7 11 9 13 581
t 20 11 4 6 25 19 568 17
t 569 19 2 9 24 8 20 10
t 11 37 9 23 34 17 738 31
t 34 0 7 764 22 10 37 36
t 1 1 17 30 28 742 5 17
t 14 36 38 15 14 40 664 26
t 18 771 29 11 9 21 40 24
t 1 17 17 592 4 23 25 3
t 1 11 10 594 3 23 7 2
t 1 4 16 651 38 16 37 31
t 19 595 22 4 7 22 2 24
t 3 20 8 5 22 4 13 581
t 8 19 24 615 39 40 29 22
t 25 29 31 23 31 705 6 8
t 22 33 686 15 4 9 37 15
t 36 2 28 34 0 9 32 644
t 34 30 0 32 675 37 24 17
t 616 15 3 38 8 19 18 34
t 15 572 4 24 22 9 3 1
t 24 21 23 33 27 27 1 733
t 30 16 781 31 34 2 37 38
t 2 40 24 10 32 18 38 622
t 36 773 4 32 25 0 18 1
t 1 586 21 4 3 20 13 22
t 23 22 15 582 8 3 1 1
t 17 24 10 17 571 9 7 24
t 5 12 14 594 8 11 14 3
t 30 13 756 1 6 4 28 40
t 6 15 565 9 24 19 4 19
t 746 31 7 6 13 23 2 2
t 17 787 35 29 1 30 13 31
t 23 5 23 6 2 588 16 10
t 1 19 17 563 10 23 13 14
t 25 20 19 6 12 650 19 37
t 28 3 6 6 23 20 23 613
t 24 4 23 587 3 23 13 4
t 36 14 11 3 635 8 8 35
t 12 8 16 13 579 2 23 10
t 725 14 16 11 28 19 39 0
t 33 25 12 17 23 757 8 26
t 24 31 20 735 31 27 29 22
t 39 667 5 12 14 7 3 27
t 28 14 31 664 14 11 4 11
t 21 24 12 21 633 6 23 39
t 18 5 25 22 570 2 24 3
t 17 11 34 715 4 31 0 17
t 6 21 37 23 717 11 8 14
t 4 18 13 16 19 592 11 5
t 2 7 5 25 8 1 560 1
t 30 5 12 736 7 7 32 13
t 567 8 9 25 21 14 18 3
t 1 17 9 25 563 4 22 7
t 39 9 3 0 33 758 7 5
t 591 1 4 1 24 15 23 14
t 14 3 12 575 19 23 14 6
t 15 28 12 10 22 734 18 1
t 25 38 8 20 12 37 631 28
t 25 38 6 8 675 27 33 28
t 10 12 34 780 2 4 27 1
t 19 4 579 21 20 6 19 11
t 37 21 12 31 0 23 780 14
t 17 645 31 18 31 35 38 5
t 30 37 7 23 15 21 773 31
t 593 17 21 21 10 1 11 4
t 13 18 20 7 13 571 6 16
t 9 2 25 6 20 3 573 10
t 1 12 8 19 18 582 5 16
t 24 2 19 788 20 12 9 25
t 17 17 33 30 17 37 600 39
t 28 4 20 2 26 694 33 39
t 1 14 20 30 36 700 21 2
t 4 26 20 18 18 658 21 12
t 8 38 5 31 10 740 23 13
t 22 4 23 25 4 589 17 18
t 35 12 36 13 685 36 19 35
t 564 10 6 22 9 21 7 12
t 2 5 17 2 14 7 583 19
t 23 5 0 3 661 14 28 26
t 23 22 16 1 23 598 9 15
t 2 2 592 22 19 20 19 16
t 19 19 2 14 34 681 9 18
t 16 13 25 11 576 6 3 12
t 28 25 22 34 36 23 10 629
t 22 12 17 20 566 18 6 21
t 9 13 18 22 20 576 16 24
t 33 644 39 5 2 39 27 15
t 16 3 21 573 16 3 10 9
t 23 20 2 2 17 5 18 567
t 7 579 21 2 9 21 2 4
t 7 23 7 574 8 15 20 22
t 14 18 2 797 35 17 27 27
t 12 595 18 24 7 11 7 21
t 15 5 39 797 38 34 38 37
t 17 18 8 20 24 10 581 21
t 26 39 38 7 614 29 22 16
t 2 573 9 24 5 9 24 21
t 595 17 8 13 4 24 25 17
t 602 35 12 22 30 1 21 16
t 11 19 2 16 2 23 590 9
t 25 28 6 13 17 11 33 729
t 4 5 23 5 572 21 24 11
t 14 24 582 8 10 10 20 3
t 757 4 36 33 9 28 35 14
t 12 17 22 22 38 10 776 21
t 13 3 10 564 25 13 5 15
t 16 8 13 21 3 567 14 4
t 16 24 17 6 9 6 17 574
t 7 7 23 2 4 25 5 573
t 22 13 574 16 21 17 3 21
t 1 8 11 24 12 592 8 17
t 677 32 19 19 29 5 6 16
t 33 30 1 0 660 33 20 19
t 586 22 18 14 11 20 1 18
t 16 23 23 7 578 20 19 8
t 17 1 21 23 23 3 20 586
t 1 38 7 16 38 749 33 24
t 3 562 19 18 22 2 15 24
t 22 11 3 571 11 14 10 18
t 589 20 25 21 22 17 19 1
t 22 2 598 12 9 19 21 24
t 9 21 0 31 19 734 25 27
t 22 4 32 605 5 6 31 0
t 7 1 11 4 9 13 582 8
t 664 36 29 14 6 37 21 8
t 28 1 20 5 23 12 710 32
t 17 14 8 718 36 26 36 18
t 16 25 4 16 4 6 570 2
t 12 16 10 598 25 21 7 2
t 37 9 20 16 757 16 30 5
t 16 13 24 733 26 18 1 12
t 8 10 24 21 24 19 587 8
t 725 21 30 21 14 32 8 11
t 19 16 6 21 576 14 9 12
t 37 37 18 3 37 33 756 1
t 3 586 22 2 7 16 4 10
t 22 30 22 19 7 10 633 36
t 21 11 21 24 14 17 13 581
t 19 6 12 20 11 566 2 2
t 34 667 26 10 15 24 15 5
t 698 33 27 10 12 6 40 8
t 12 4 3 594 24 10 7 1
t 2 735 17 4 4 9 26 22
t 34 17 21 17 38 19 23 778
t 5 26 694 21 14 26 5 15
t 35 17 20 12 8 687 16 14
t 34 19 3 31 18 786 0 36
t 8 20 666 36 4 39 34 26
t 667 7 40 11 4 12 1 21
t 8 25 26 24 775 8 14 38
t 5 25 4 7 2 15 564 12
t 567 9 25 12 2 11 23 4
t 15 17 33 790 40 36 8 12
t 20 14 599 2 14 1 7 9
t 5 37 787 23 3 35 22 5
t 40 4 616 31 5 26 4 7
t 17 22 31 12 16 658 15 36
t 7 561 11 22 4 21 22 18
t 37 25 4 630 1 24 34 12
t 23 2 14 7 588 13 22 4
t 4 14 19 15 597 16 15 22
t 2 14 7 585 23 7 19 13
t 16 4 25 564 21 1 20 16
t 2 7 3 14 592 1 2 11
t 11 10 18 2 5 16 3 578
t 24 35 4 20 35 6 36 787
t 5 569 13 13 18 14 7 3
t 6 10 16 14 17 13 18 583
t 39 704 10 13 17 40 11 14
t 39 29 34 797 39 15 39 35
t 22 7 9 576 23 15 19 10
t 21 4 9 4 25 27 34 714
t 23 15 13 21 564 17 23 1
t 16 14 3 16 5 596 14 5
t 16 1 588 18 19 25 23 12
t 15 597 14 23 21 17 5 19
t 17 17 23 18 10 4 560 15
t 13 3 1 588 11 12 4 15
t 15 25 2 586 12 18 21 11
t 0 27 6 708 38 18 21 28
t 23 9 24 579 23 3 19 9
t 13 794 20 30 2 26 31 12
t 12 21 2 18 19 1 565 6
t 590 1 23 9 12 17 20 19
t 8 15 4 12 14 19 25 573
t 35 4 30 25 25 27 13 609
t 24 7 12 627 3 24 6 2
t 39 3 5 2 3 5 786 19
t 3 20 23 20 13 591 20 24
t 16 1 2 24 22 588 23 17
t 11 709 7 37 22 38 3 16
t 1 18 6 9 587 10 14 9
t 9 7 4 9 8 572 3 2
t 595 5 21 20 4 19 5 3
t 4 28 753 8 26 3 31 17
t 4 1 18 577 16 19 15 10
t 40 35 29 23 768 18 38 16
t 12 25 24 23 20 9 625 25
t 24 4 1 581 10 19 19 12
t 14 19 9 22 8 581 3 18
t 25 15 9 1 9 15 591 18
t 641 18 15 21 38 32 32 33
t 8 14 6 15 19 20 21 595
t 22 5 5 570 16 1 13 19
t 9 9 575 22 11 25 13 5
t 39 2 21 13 4 31 713 33
t 24 3 28 17 620 19 6 8
t 13 12 13 14 12 38 695 0
t 682 22 12 8 24 35 23 33
t 1 16 3 567 16 15 2 9
t 32 13 724 2 3 23 21 13
t 7 1 25 577 9 12 11 22
t 19 9 23 22 23 24 13 572
t 6 10 14 16 20 2 7 590
t 3 599 7 5 6 16 13 1
t 591 18 24 21 13 9 17 16
t 10 39 1 25 606 17 12 9
t 8 40 1 21 799 11 11 12
t 9 23 11 5 23 580 3 1
t 16 3 17 11 7 580 8 9
t 783 18 14 29 11 13 34 14
t 561 7 11 5 21 19 18 21
t 25 18 15 5 23 11 21 577
t 3 12 5 18 560 1 15 11
t 578 15 4 15 24 3 11 17
t 25 6 684 12 31 36 34 30
t 6 17 580 18 19 11 22 23
t 618 34 32 4 22 25 24 2
t 1 38 39 1 635 0 16 15
t 28 32 605 38 0 5 3 18
t 28 31 30 40 24 24 27 773
t 1 39 26 11 38 1 38 722
t 9 6 11 13 8 17 13 566
t 10 16 7 17 33 17 742 21
t 28 12 3 9 1 32 676 26
t 31 20 27 37 21 609 28 13
t 652 15 14 26 21 29 14 13
t 27 2 19 742 2 32 34 19
t 10 1 6 23 7 25 569 12
t 25 11 25 597 2 22 16 10
t 667 10 14 13 6 35 5 17
t 655 21 25 15 27 11 11 14
t 15 16 13 8 17 17 591 5
t 38 608 32 27 23 13 21 2
t 11 12 14 8 571 2 10 18
t 21 16 10 1 1 4 25 598
t 2 760 11 38 8 19 21 8
t 607 28 13 31 26 24 8 22
t 21 18 9 18 11 3 10 587
t 30 12 18 10 654 26 21 6
t 12 28 11 16 32 20 15 777
t 12 4 3 13 15 592 22 1
t 31 20 22 2 30 39 7 696
t 22 747 20 33 17 7 20 11
t 24 18 592 5 6 12 5 8
t 20 23 25 585 22 2 11 24
t 566 9 2 4 4 13 15 9
t 15 22 4 14 574 16 22 22
t 666 15 27 2 35 3 8 16
t 16 8 562 16 15 21 4 24
t 586 5 3 17 21 20 8 4
t 19 594 19 7 17 9 1 21
t 23 572 3 2 13 22 4 3
t 28 36 16 40 640 20 24 14
t 613 10 29 26 6 37 3 3
t 25 16 10 18 8 642 34 7
t 9 16 3 23 3 561 1 15
t 1 1 12 2 22 574 25 10
t 22 563 20 24 20 1 22 4
t 19 1 10 5 5 16 574 18
t 32 17 11 28 4 24 15 719
t 623 4 3 35 25 9 8 34
t 623 9 38 21 35 4 23 38
t 17 16 14 25 578 25 6 1
t 9 563 3 21 4 9 9 16
t 9 17 10 15 3 17 595 7
t 19 22 23 2 22 20 8 583
t 23 24 14 2 24 17 588 10
t 14 6 16 15 5 25 15 609
t 24 21 16 15 574 24 1 6
t 31 31 11 771 17 4 22 38
t 561 14 8 19 22 1 13 4
t 23 5 590 2 5 2 1 22
t 14 24 6 16 8 577 24 8
t 566 3 25 13 5 12 22 15
t 25 11 25 8 9 13 17 581
t 29 36 26 24 7 687 28 16
t 4 18 9 6 33 30 9 793
t 18 22 18 567 11 12 5 12
t 31 29 21 24 15 28 23 676
t 23 8 5 560 24 10 11 12
t 2 17 2 26 728 21 5 34
t 577 16 7 9 23 13 23 6
t 38 668 15 31 19 13 23 28
t 14 24 593 9 14 5 16 17
t 783 39 22 21 25 1 22 7
t 24 38 40 16 20 28 693 35
t 726 7 18 29 40 1 31 2
t 12 16 591 23 11 23 8 10
t 15 1 4 18 574 11 5 10
t 8 18 18 6 6 13 597 18
t 21 7 592 21 5 2 2 21
t 24 14 583 7 22 6 17 23
t 24 4 24 7 584 15 13 9
t 10 33 39 28 32 19 766 12
t 2 14 20 12 2 572 3 23
t 10 596 20 1 13 11 15 18
t 8 16 8 592 20 24 10 23
t 25 30 3 634 30 40 6 30
t 21 22 11 599 20 14 13 4
t 668 0 1 8 38 32 4 14
t 1 11 4 20 561 18 4 10
t 667 9 33 38 31 2 15 40
t 0 797 14 18 20 3 28 2
t 2 22 15 22 2 16 7 584
t 21 23 20 22 15 578 13 23
t 1 3 13 777 11 23 23 15
t 5 24 17 18 590 14 6 8
t 40 35 27 11 4 22 28 610
t 10 5 18 36 24 691 5 35
t 28 625 1 37 29 23 23 21
t 18 8 576 9 21 1 25 2
t 11 18 6 25 10 21 19 587
t 17 18 22 574 6 22 18 18
t 12 20 10 579 19 25 6 19
t 13 5 19 564 25 15 20 9
t 10 5 24 13 20 573 18 2
t 776 0 12 31 30 22 20 37
t 19 2 1 17 578 3 12 14
t 25 3 15 574 17 21 5 16
t 563 25 23 21 16 3 10 24
t 13 1 14 14 4 18 562 21
t 2 25 3 18 13 584 22 24
t 14 22 9 576 8 5 3 14
t 6 578 19 12 18 14 14 21
t 31 781 19 5 27 11 3 35
t 8 1 32 28 28 23 40 682
t 20 22 707 25 10 12 25 12
t 22 14 9 580 9 17 9 9
t 642 40 2 5 6 31 15 20
t 1 17 25 14 581 8 6 19
t 591 2 8 4 21 24 20 5
t 30 742 5 24 25 34 7 17
t 13 25 19 17 3 3 571 21
t 17 2 13 597 16 19 21 2
t 19 15 14 576 14 11 17 14
t 573 9 18 2 19 14 25 14
t 19 7 2 24 585 24 16 13
t 19 22 593 21 15 8 12 22
t 11 10 562 22 17 10 17 5
t 21 14 39 16 34 680 39 15
t 578 25 15 3 6 12 18 19
t 2 11 16 25 17 578 24 11
t 18 587 20 12 4 16 12 6
t 0 2 9 716 11 32 28 0
t 23 572 21 25 25 14 11 13
t 24 8 3 17 12 36 634 37
t 20 3 1 577 25 12 20 14
t 4 3 4 9 18 575 10 23
t 28 20 9 1 5 15 16 601
t 9 18 17 26 695 35 35 23
t 28 18 22 662 26 19 25 22
t 16 25 25 19 20 19 18 563
t 2 23 10 7 1 22 25 594
t 8 22 11 18 12 570 3 21
t 27 23 25 26 32 34 687 34
t 21 21 24 22 15 567 5 2
t 23 1 11 17 16 17 21 597
t 1 5 14 21 7 568 18 17
t 16 4 8 593 15 3 3 18
t 16 4 25 564 1 11 3 24
t 5 7 32 26 16 35 680 16
t 6 25 20 14 7 13 594 22
t 28 14 9 20 10 663 33 30
t 23 6 36 609 31 40 37 23
t 24 11 3 596 9 14 23 4
t 4 691 32 28 19 30 4 34
t 6 582 3 11 11 23 1 21
t 2 19 8 38 18 30 7 772
t 8 12 13 582 8 6 9 12
t 6 33 8 25 8 775 0 37
t 36 23 14 39 38 33 727 29
t 20 16 0 14 37 8 735 35
t 6 567 18 24 2 15 19 4
t 7 774 22 14 1 30 7 0
t 8 560 24 3 18 4 8 3
t 0 38 25 659 7 26 40 0
t 35 683 14 35 34 16 3 8
t 1 30 30 662 8 23 28 32
t 12 16 35 30 33 798 39 4
t 14 40 37 13 17 34 749 4
t 687 4 29 30 14 26 0 5
t 20 7 1 18 579 7 10 15
t 17 5 14 22 21 19 572 24
t 732 23 5 10 9 6 2 21
t 30 11 693 26 24 26 10 22
t 11 17 567 22 10 18 25 2
t 22 17 14 19 7 7 14 563
t 38 18 17 39 647 17 37 37
t 4 21 587 12 25 11 20 15
t 25 40 24 736 29 26 20 6
t 11 19 10 3 22 9 21 571
t 22 31 687 9 33 35 16 31
t 1 17 23 11 18 1 578 13
t 13 9 24 8 23 21 13 562
t 20 18 21 23 21 20 576 18
t 681 16 12 15 3 9 33 18
t 38 22 3 25 33 6 798 9
t 580 1 21 9 20 18 7 1
t 14 31 17 17 773 38 10 31
t 12 11 7 2 21 566 24 2
t 21 25 8 5 592 23 9 21
t 11 10 21 28 6 721 11 36
t 39 17 38 17 28 33 22 600
t 5 4 2 6 19 2 18 579
t 632 7 11 16 13 27 28 21
t 5 6 17 8 12 11 595 7
t 18 14 18 591 18 19 7 12
t 13 760 38 9 28 11 10 5
t 25 11 2 18 21 6 577 15
t 6 6 565 1 5 2 6 17
t 696 24 8 18 28 9 1 26
t 12 13 22 17 590 14 16 16
t 1 599 18 22 1 8 12 4
t 9 25 8 568 13 16 23 14
t 15 13 574 11 24 6 24 4
t 8 18 604 27 9 34 33 28
t 25 11 22 7 7 565 20 18
t 18 24 1 22 596 22 25 19
t 14 791 12 33 26 28 11 18
t 14 35 5 4 10 676 19 27
t 40 28 16 38 28 622 24 37
t 673 3 5 14 26 19 21 15
t 14 27 24 7 38 20 20 708
t 22 7 578 9 23 16 12 10
t 3 13 28 656 24 21 39 30
t 4 737 18 32 37 33 6 18
t 21 18 19 23 6 2 3 562
t 735 30 27 21 3 11 27 20
t 6 724 36 6 20 4 31 14
t 29 688 21 20 26 37 39 32
t 2 5 24 20 3 582 24 16
t 23 632 34 36 36 23 36 26
t 20 17 14 7 7 2 597 4
t 6 590 19 13 16 17 9 12
t 599 21 20 18 15 11 7 5
t 566 6 7 8 3 6 24 2
t 576 6 21 22 18 9 13 24
t 7 5 699 24 12 21 34 24
t 10 568 11 5 16 22 14 8
t 1 587 25 12 18 24 22 24
t 6 8 18 713 9 18 26 14
t 5 737 3 5 28 4 2 12
t 20 709 7 39 36 19 16 36
t 23 3 26 31 28 8 619 37
t 793 8 39 37 16 22 33 5
t 584 18 21 21 24 3 9 1
t 10 3 13 594 17 16 6 17
t 3 19 16 10 14 17 25 576
t 17 611 34 1 18 12 20 40
t 7 9 38 10 656 32 14 10
t 12 5 18 19 587 6 3 3
t 25 23 31 7 23 715 27 17
t 2 15 33 695 20 15 11 11
t 577 15 12 18 25 21 25 3
t 0 8 675 31 30 26 17 32
t 10 565 8 9 17 12 1 6
t 22 3 16 17 7 24 25 569
t 24 12 563 3 24 4 14 3
t 28 39 7 701 36 2 10 26
t 4 21 19 7 15 763 9 38
t 24 3 14 24 39 19 635 4
t 591 5 7 4 15 12 20 15
t 5 32 22 29 19 786 27 9
t 24 12 9 12 7 598 12 14
t 7 14 3 7 6 5 14 592
t 7 21 594 25 12 10 13 14
t 10 15 19 9 14 12 9 564
t 25 6 16 8 563 7 25 21
t 6 27 29 39 4 26 9 694
t 40 615 37 35 33 30 29 38
t 17 36 33 15 26 743 19 18
t 23 10 16 10 23 24 587 10
t 13 23 671 1 7 40 31 33
t 566 17 21 2 24 22 5 19
t 585 14 18 21 18 20 3 13
t 27 27 682 20 10 0 24 21
t 10 10 1 9 24 599 13 17
t 636 17 0 4 29 27 22 12
t 3 9 25 11 575 15 13 17
t 9 10 11 9 6 4 12 568
t 616 23 11 2 27 9 37 25
t 2 25 4 22 2 24 566 17
t 25 8 24 25 2 8 593 20
t 24 14 591 15 14 1 10 1
t 16 23 13 597 21 3 2 13
t 25 35 37 17 629 20 36 33
t 34 4 9 15 35 11 653 25
t 731 35 24 2 34 31 27 26
t 37 13 24 710 6 28 19 37
t 7 698 15 6 22 3 30 18
t 18 22 23 6 23 581 9 14
t 21 566 13 24 2 10 25 17
t 24 21 13 37 14 652 1 14
t 37 28 11 4 25 663 31 8
t 9 9 1 22 8 15 592 16
t 31 8 26 30 22 669 2 5
t 25 25 12 583 18 5 25 1
t 28 38 38 22 14 9 14 621
t 24 3 5 14 5 20 565 20
t 0 10 10 21 30 27 38 692
t 2 7 17 12 17 19 16 569
t 11 13 577 6 17 15 18 6
t 701 38 30 7 6 38 13 6
t 35 34 18 3 21 2 699 30
t 9 598 14 2 24 13 9 22
t 2 15 12 32 6 10 708 15
t 17 21 16 16 24 22 3 573
t 34 39 20 693 31 39 12 4
t 20 7 17 25 25 22 5 592
t 29 9 15 25 21 19 22 742
t 31 29 29 18 8 10 39 646
t 21 1 19 562 11 2 6 3
t 24 15 22 595 15 9 16 21
t 23 572 24 10 2 17 25 14
t 19 15 10 8 3 7 598 4
t 21 22 6 14 32 0 17 735
t 18 13 2 11 25 593 8 12
t 25 15 17 12 16 5 753 8
t 18 565 17 9 22 20 8 13
t 9 13 7 13 8 15 568 9
t 7 24 38 35 13 11 24 679
t 669 8 8 38 8 24 34 13
t 20 9 598 19 7 2 7 9
t 2 20 1 0 22 6 15 737
t 25 10 15 4 11 18 573 11
t 25 1 18 594 16 3 1 17
t 596 1 18 25 7 22 8 7
t 20 32 793 6 16 31 34 8
t 13 13 11 19 563 13 19 14
t 18 15 20 10 10 33 779 33
t 3 17 16 10 25 2 23 588
t 4 23 14 17 12 24 591 12
t 22 1 24 35 26 18 22 762
t 661 0 15 12 30 23 39 13
t 21 589 4 20 6 6 19 19
t 18 20 20 5 5 591 9 20
t 5 33 712 26 11 11 14 9
t 1 562 16 23 10 20 4 4
t 32 28 31 4 8 623 33 18
t 14 16 10 572 10 19 10 15
t 6 36 23 636 25 31 20 15
t 17 23 1 594 13 24 5 1
t 17 11 9 21 570 10 13 10
t 4 0 753 31 16 12 36 39
t 36 26 38 1 602 9 9 2
t 636 14 22 31 40 39 34 13
t 773 38 24 0 4 13 26 39
t 35 36 736 25 25 18 18 19
t 12 17 20 11 8 796 32 25
t 2 18 19 21 22 10 13 593
t 579 22 13 24 17 24 11 25
t 578 1 19 16 5 15 7 18
t 26 8 9 1 28 20 4 720
t 9 22 18 12 20 19 596 22
t 23 20 2 0 1 28 26 607
t 21 16 17 18 10 567 9 18
t 21 672 14 27 31 8 10 10
t 5 17 12 592 18 23 23 13
t 5 15 19 3 24 17 560 11
t 632 10 6 3 11 11 20 18
t 4 7 22 4 12 38 31 753
t 22 599 24 23 17 25 14 4
t 0 32 26 33 16 2 788 10
t 12 8 27 26 25 38 703 18
t 38 30 27 21 28 35 5 780
t 9 16 22 16 25 22 576 15
t 1 34 606 4 10 34 40 5
t 25 10 23 14 21 18 15 589
t 14 7 1 12 567 13 4 15
t 37 38 25 12 22 757 28 28
t 17 9 6 19 19 24 3 595
t 18 11 18 35 725 38 3 22
t 6 18 13 4 10 9 561 10
t 39 622 24 5 4 14 17 23
t 582 22 10 22 10 9 16 20
t 33 17 39 671 26 13 23 25
t 20 34 12 16 2 12 19 745
t 6 3 25 35 771 29 37 24
t 583 23 5 8 1 16 12 22
t 21 15 25 18 23 23 575 15
t 562 8 3 13 21 5 8 3
t 38 666 23 22 22 21 20 28
t 3 799 18 29 14 15 4 26
t 19 15 2 3 24 4 14 580
t 20 583 3 5 1 18 18 6
t 20 22 9 13 7 3 17 580
t 14 16 19 10 17 27 629 28
t 6 24 14 4 5 23 24 593
t 37 31 726 30 33 13 5 26
t 4 4 6 596 8 7 18 4
t 36 9 23 7 35 9 647 19
t 25 22 21 15 22 571 20 23
t 583 21 13 8 5 15 7 23
t 6 19 5 3 12 573 11 16
t 5 32 613 1 37 39 38 11
t 3 599 22 5 10 5 4 2
t 27 23 20 30 19 646 19 10
t 7 4 8 592 18 12 25 19
t 20 23 8 17 12 24 6 599
t 38 38 28 784 9 33 29 20
t 10 21 1 568 12 19 3 4
t 579 24 16 18 24 23 19 3
t 560 14 7 17 17 8 20 20
t 564 12 10 19 9 14 4 12
t 31 40 33 19 0 1 23 779
t 8 5 20 17 27 26 22 679
t 2 570 23 7 8 15 12 3
t 10 570 5 24 4 25 15 17
t 21 10 19 14 10 12 598 5
t 627 19 32 11 26 5 7 26
t 14 22 18 579 13 13 7 4
t 776 19 7 19 5 40 19 37
t 750 3 5 27 7 31 20 10
t 2 0 2 25 28 8 15 789
t 16 40 696 14 0 29 16 30
t 579 13 17 11 5 21 9 24
t 688 17 3 16 21 37 16 40
t 7 12 22 585 24 22 17 8
t 34 39 37 31 646 16 5 1
t 572 14 17 25 11 18 7 21
t 31 34 635 26 19 10 30 2
t 11 2 20 593 13 25 25 24
t 4 26 39 1 15 2 765 38
t 21 5 1 8 20 585 19 11
t 20 36 10 691 8 5 28 3
t 1 16 618 40 8 29 24 12
t 19 27 29 704 35 25 6 25
t 16 16 570 22 25 2 5 13
t 19 587 8 20 21 15 20 9
t 8 2 8 6 577 25 19 21
t 40 5 28 637 1 12 40 17
t 39 26 10 727 31 27 21 18
t 593 21 1 13 16 12 24 21
t 36 15 1 665 12 35 10 30
t 33 25 31 17 16 677 29 5
t 22 3 3 574 18 25 22 10
t 21 4 16 7 7 625 7 35
t 23 7 4 35 668 39 12 15
t 23 24 584 14 15 3 12 2
t 20 761 39 21 19 31 2 35
t 24 8 20 5 10 3 1 595
t 11 2 17 14 22 23 570 15
t 40 34 8 675 2 3 0 33
t 8 24 23 6 2 18 3 579
t 17 4 587 6 10 21 21 8
t 38 6 7 5 29 631 17 16
t 40 14 3 24 669 29 3 25
t 21 34 29 13 21 2 695 10
t 17 7 6 10 24 564 13 9
t 38 36 38 32 31 19 38 673
t 23 604 5 25 28 13 27 26
t 7 37 32 9 20 9 771 21
t 3 17 20 24 6 23 10 580
t 38 28 5 5 4 8 645 26
t 13 1 2 7 560 21 7 15
t 19 9 15 25 10 2 3 708
t 2 18 20 11 7 585 11 17
t 37 12 20 36 16 19 670 36
t 31 5 34 753 6 30 31 5
t 27 36 700 20 24 0 30 32
t 639 13 38 22 38 11 40 21
t 598 10 4 24 7 23 25 19
t 39 17 2 33 11 37 696 11
t 598 15 9 1 7 2 17 14
t 28 32 32 35 692 23 28 13
t 13 16 5 573 25 6 3 13
t 10 13 583 11 22 12 25 13
t 23 599 16 6 8 19 20 8
t 14 594 24 22 25 3 8 7
t 30 6 17 39 30 28 9 779
t 571 8 14 8 11 12 25 16
t 13 10 573 13 24 25 8 8
t 31 25 24 4 36 26 768 11
t 6 23 3 9 7 637 2 2
t 11 7 16 582 2 10 7 25
t 4 36 16 39 14 729 8 2
t 18 23 33 11 12 31 10 643
t 9 37 21 12 11 32 1 710
t 3 8 5 587 21 18 24 17
t 631 38 8 18 0 31 11 30
t 1 639 11 19 30 28 38 21
t 21 4 24 2 566 25 5 4
t 23 2 9 580 1 18 1 18
t 25 18 746 30 32 37 20 22
t 13 17 23 576 5 20 11 21
t 14 18 23 1 11 691 21 0
t 34 40 3 9 1 20 738 31
t 4 15 6 16 572 21 25 11
t 22 30 25 671 7 9 22 20
t 20 1 9 12 701 26 2 39
t 1 16 14 15 25 24 24 580
t 739 5 15 13 1 7 35 5
t 575 22 10 1 12 17 12 19
t 1 23 676 3 15 16 36 4
t 33 614 29 13 5 32 40 15
t 5 7 22 16 569 25 18 22
t 23 21 3 25 18 15 11 599
t 21 17 599 4 9 4 5 15
t 6 0 706 11 38 2 9 30
t 8 2 24 3 582 8 16 14
t 22 579 21 11 19 19 4 17
t 24 36 26 18 39 614 7 3
t 11 31 36 22 40 26 664 39
t 9 24 11 12 15 596 6 23
t 579 22 3 24 19 20 18 5
t 23 13 597 8 16 4 25 19
t 3 3 10 13 3 6 565 18
t 31 17 10 729 16 27 16 39
t 7 597 25 16 2 25 13 20
t 3 571 8 10 4 21 22 22
t 19 17 561 23 16 23 20 15
t 8 20 39 1 1 34 620 5
t 13 8 11 22 16 25 18 564
t 578 7 11 11 5 4 13 7
t 23 7 17 36 31 23 23 699
t 23 2 25 765 0 20 40 24
t 9 15 24 22 40 39 0 682
t 6 6 12 592 16 14 19 15
t 22 18 22 4 571 19 6 7
t 31 16 39 33 31 40 31 768
t 22 25 570 6 13 8 14 15
t 573 5 5 13 8 9 22 16
t 1 22 2 591 15 12 17 4
t 16 19 25 14 11 573 24 7
t 2 7 22 22 9 9 596 2
t 4 25 567 24 21 3 21 16
t 31 16 37 40 0 23 10 778
t 6 572 20 16 13 13 10 22
t 12 18 13 10 9 20 562 18
t 15 40 31 627 25 25 25 17
t 8 27 0 21 668 13 23 2
t 17 14 582 8 2 4 23 7
t 13 3 596 3 24 15 5 25
t 14 3 15 23 18 562 10 24
t 2 12 17 5 14 15 578 21
t 13 21 574 19 23 1 10 25
t 24 654 15 28 6 7 30 24
t 3 9 16 8 8 24 584 19
t 8 29 2 2 12 650 21 25
t 11 20 39 15 789 27 5 6
t 16 23 15 22 22 597 15 14
t 10 7 10 12 21 19 17 562
t 38 23 28 15 21 6 15 656
t 20 12 29 748 21 23 21 3
t 15 20 0 744 12 13 40 10
t 595 18 4 5 8 23 17 25
t 4 2 6 14 2 7 575 22
t 11 5 18 582 13 24 11 2
t 15 5 1 2 563 8 7 19
t 23 14 594 8 9 14 5 10
t 17 9 14 19 13 1 591 4
t 7 1 565 4 4 14 9 20
t 14 12 2 4 6 25 21 577
t 16 16 6 6 39 787 9 27
t 9 15 20 1 24 563 1 14
t 14 10 10 14 9 19 568 1
t 578 11 23 9 19 11 4 2
t 10 35 17 37 17 31 755 19
t 40 5 37 17 16 36 36 795
t 588 5 11 7 4 16 7 22
t 30 6 14 3 22 39 798 27
t 12 17 758 35 38 21 13 33
t 35 10 30 16 20 16 27 735
t 595 24 3 20 21 4 13 15
t 37 2 21 1 22 762 23 7
t 20 20 40 755 29 23 6 3
t 25 6 3 13 14 575 24 8
t 15 7 23 15 24 30 752 0
mb
t 17 19 581 10 3 4 22 6
t 9 14 15 11 25 572 13 15
t 5 21 10 18 12 19 572 8
t 17 24 23 30 8 753 19 14
t 798 8 15 15 24 31 0 30
t 738 30 16 20 9 22 20 1
t 19 8 22 9 17 587 9 10
t 1 22 4 22 580 3 4 18
t 7 5 8 8 0 608 3 35
t 17 2 571 13 25 14 6 22
t 37 600 17 4 13 6 32 13
t 3 39 10 8 613 7 5 37
t 6 7 568 18 6 8 9 6
t 21 17 573 16 21 18 13 17
t 8 20 3 3 16 22 15 577
t 25 3 12 34 8 21 11 618
t 24 4 564 5 24 13 16 11
t 12 29 16 782 16 31 22 26
t 10 562 6 4 16 12 14 22
t 11 610 4 17 8 25 4 16
t 3 3 3 19 4 22 24 582
t 4 21 719 5 26 16 23 40
t 608 39 0 17 26 10 18 16
t 28 17 26 663 5 12 34 3
t 20 20 17 12 587 3 1 14
t 30 33 27 682 7 38 35 33
t 29 33 22 4 13 30 16 630
t 14 14 6 3 11 20 24 564
t 18 12 22 22 567 16 16 24
t 12 20 567 8 17 15 4 11
t 19 8 3 9 21 2 17 580
t 7 594 16 12 1 23 17 6
t 35 19 5 21 9 722 37 4
t 31 0 704 29 35 3 13 14
t 14 25 576 21 10 11 23 6
t 34 21 21 1 18 674 34 38
t 1 18 2 17 578 14 17 3
t 21 10 660 9 37 31 19 31
t 25 25 16 7 580 19 11 25
t 40 734 22 20 40 39 23 18
t 12 654 38 28 34 13 28 16
t 11 14 18 5 585 17 3 11
t 600 32 21 29 6 6 11 28
t 654 24 3 10 25 0 29 28
t 7 2 14 5 7 11 24 591
t 23 17 6 21 3 29 627 21
t 34 34 8 14 37 696 23 4
t 2 2 13 15 11 593 17 4
t 9 7 3 23 21 20 11 573
t 15 5 10 24 23 18 588 1
t 21 7 11 16 21 582 17 25
t 32 690 3 30 33 17 10 40
t 35 36 17 7 36 641 2 11
t 26 699 16 19 36 30 3 39
t 13 24 14 2 8 14 2 594
t 23 24 19 726 12 29 2 33
t 21 10 4 16 13 571 25 6
t 12 599 10 13 14 2 18 21
t 3 12 741 6 5 39 5 11
t 725 22 20 36 6 13 11 17
t 21 9 571 25 2 13 24 11
t 14 15 2 5 21 10 32 665
t 4 579 15 18 5 14 13 6
t 3 586 6 21 16 19 12 2
t 40 4 36 20 25 782 26 21
t 20 13 11 18 3 9 13 636
t 34 18 5 30 35 680 21 18
t 5 4 6 560 17 4 13 7
t 28 5 7 714 18 30 34 4
t 3 8 2 6 6 6 3 569
t 560 23 13 12 23 3 9 23
t 584 21 25 4 1 8 10 9
t 2 21 5 20 17 5 585 19
t 13 5 25 3 577 11 10 19
t 8 0 11 35 30 13 33 684
t 3 1 3 18 20 573 15 12
t 33 20 2 8 25 5 33 677
t 25 19 23 23 14 5 22 599
t 12 789 0 20 29 37 37 1
t 40 3 29 32 8 1 13 617
t 32 11 21 6 5 12 8 655
t 11 18 9 19 37 612 25 8
t 23 799 7 38 14 3 15 6
t 0 10 31 38 26 611 37 25
t 21 577 3 22 8 18 10 9
t 643 38 40 35 34 40 34 35
t 16 33 0 27 771 33 16 17
t 1 2 8 12 14 12 24 582
t 6 577 7 25 16 16 18 5
t 35 30 32 4 619 18 38 39
t 563 19 23 1 19 8 1 23
t 21 14 18 16 23 20 577 11
t 15 36 4 35 29 24 758 35
t 13 17 32 23 13 31 691 30
t 591 23 8 1 13 8 10 22
t 6 23 19 18 4 12 3 594
t 15 588 14 25 8 14 10 1
t 13 2 595 1 2 12 22 1
t 579 2 24 8 21 25 7 10
t 6 23 563 15 8 4 5 15
t 35 716 0 23 23 26 26 24
t 24 2 20 22 24 8 578 9
t 8 10 10 9 593 9 4 1
t 5 2 14 8 1 9 21 576
t 36 9 32 28 14 32 690 16
t 33 726 1 26 17 22 20 11
t 8 6 16 37 725 40 11 1
t 22 589 6 22 9 21 8 18
t 580 1 13 18 6 18 14 18
t 24 14 10 22 587 18 19 9
t 657 23 18 21 30 8 19 15
t 1 33 20 21 12 16 21 771
t 14 18 21 8 14 8 593 6
t 4 36 35 34 6 38 740 30
t 21 24 18 6 10 598 15 7
t 16 4 16 24 23 19 4 567
t 17 7 12 712 32 31 38 24
t 584 22 9 6 3 15 10 25
t 770 28 18 2 0 26 10 5
t 11 17 20 1 595 20 24 25
t 5 11 15 6 39 23 706 22
t 25 13 20 17 16 17 614 1
t 21 23 7 568 4 12 14 1
t 40 11 4 22 20 40 29 660
t 16 4 7 19 12 24 599 8
t 11 11 588 14 14 18 21 6
t 30 28 33 38 779 21 19 11
t 5 12 22 16 20 24 1 575
t 21 35 17 670 8 34 3 0
t 612 21 8 8 24 13 4 10
t 13 8 22 8 5 7 18 574
t 39 20 7 665 19 20 31 16
t 3 38 5 25 35 22 649 11
t 12 18 22 8 599 8 13 21
t 13 742 20 18 16 11 10 35
t 20 26 34 604 10 0 12 5
t 26 679 36 8 13 26 27 16
t 12 16 568 1 2 13 5 3
t 596 10 21 20 8 2 15 2
t 20 23 8 18 5 18 574 17
t 587 18 15 4 12 14 22 22
t 5 14 1 40 37 628 38 26
t 40 29 631 36 35 32 26 6
t 21 1 25 5 14 15 578 6
t 23 24 2 561 5 12 18 22
t 17 15 576 10 15 7 5 22
t 17 19 11 7 592 24 15 5
t 25 9 21 1 592 10 25 14
t 7 32 33 18 27 3 11 681
t 38 8 23 14 4 762 3 10
t 12 31 8 9 10 13 24 769
t 7 3 8 37 15 26 9 632
t 14 607 11 6 22 24 27 38
t 16 10 15 598 15 12 24 10
t 4 24 20 25 20 571 14 24
t 14 10 15 19 582 19 2 18
t 31 28 26 790 40 12 4 17
t 2 25 19 9 7 578 3 3
t 2 18 597 18 10 13 18 1
t 34 16 38 1 39 29 780 4
t 30 9 29 14 797 40 23 12
t 578 19 18 6 24 17 12 21
t 574 13 20 4 6 5 6 3
t 9 14 13 25 17 8 580 2
t 18 32 663 38 10 4 8 28
t 1 13 16 4 9 19 562 7
t 17 9 14 25 587 3 24 2
t 10 15 15 30 39 647 8 12
t 23 40 14 1 14 792 29 6
t 11 16 36 37 8 14 40 682
t 19 573 2 24 5 23 1 8
t 0 0 3 752 17 5 0 17
t 33 28 35 27 10 32 25 738
t 21 20 0 6 20 8 22 743
t 31 38 34 24 27 5 1 619
t 4 692 37 0 35 1 18 22
t 12 12 12 9 599 22 21 22
t 664 40 24 18 1 31 33 3
t 11 6 30 16 32 37 34 755
t 586 7 22 24 13 17 15 8
t 12 2 25 13 21 16 589 8
t 2 1 18 572 19 15 7 14
t 15 2 16 579 17 20 12 16
t 24 20 12 9 17 16 10 579
t 12 14 3 714 6 18 8 18
t 22 16 3 562 9 15 15 10
t 37 14 6 38 618 40 13 12
t 16 12 38 7 0 27 751 16
t 12 7 14 21 628 28 12 31
t 29 37 36 32 24 0 21 760
t 14 10 16 8 19 1 570 19
t 23 2 2 12 18 572 2 14
t 4 24 4 0 39 30 648 20
t 11 592 12 12 18 20 24 18
t 2 680 18 14 13 39 30 34
t 12 5 575 16 3 4 15 18
t 10 3 19 23 8 586 3 10
t 33 33 751 27 36 4 6 24
t 646 14 1 23 38 19 23 7
t 7 24 14 35 7 4 643 35
t 19 13 21 29 16 726 16 1
t 672 38 11 37 19 31 29 34
t 22 21 5 563 8 7 12 2
t 11 12 19 17 9 6 20 574
t 17 12 570 8 3 23 18 19
t 1 5 15 14 20 573 10 21
t 10 21 23 14 9 20 593 7
t 8 11 12 4 16 14 17 597
t 16 34 33 40 27 623 10 33
t 24 691 26 35 24 5 8 15
t 25 3 586 16 8 7 20 16
t 36 736 39 10 39 35 32 38
t 3 8 21 13 35 36 763 28
t 10 7 19 583 17 19 25 4
t 1 16 37 25 39 2 767 15
t 739 40 6 23 37 10 30 19
t 8 29 30 39 662 11 30 9
t 3 10 574 23 3 1 4 11
t 30 29 1 20 2 17 37 750
t 9 3 5 5 12 563 3 12
t 37 40 780 24 11 31 37 31
t 15 8 8 591 1 14 21 14
t 33 7 729 27 21 13 12 3
t 715 4 6 33 7 18 9 32
t 19 18 7 17 13 13 12 561
t 40 27 14 685 5 28 3 10
t 5 25 22 18 584 12 14 14
t 8 566 6 2 12 22 6 22
t 597 20 3 2 12 18 1 20
t 39 15 8 28 40 25 29 652
t 8 31 37 13 36 12 632 35
t 31 17 21 5 20 1 4 647
t 18 5 15 21 18 567 12 2
t 32 17 40 21 32 691 30 26
t 20 1 5 2 16 16 591 25
t 3 16 18 563 4 25 16 17
t 6 18 3 8 591 24 10 14
t 24 17 598 22 10 16 8 5
t 7 9 31 16 17 768 21 1
t 39 39 11 5 8 22 10 655
t 581 9 21 1 19 6 7 1
t 4 2 563 13 16 9 5 16
t 562 12 6 10 11 22 18 19
t 6 12 12 23 579 23 16 24
t 39 25 734 19 27 40 36 2
t 21 3 9 21 12 597 16 19
t 34 21 24 36 0 621 24 37
t 5 20 14 25 2 11 20 571
t 31 10 32 31 26 703 28 7
t 5 8 789 34 39 17 38 1
t 11 24 3 13 589 23 3 11
t 567 17 11 22 20 6 19 16
t 23 4 15 11 565 4 4 2
t 27 16 754 8 24 2 3 40
t 17 22 653 28 29 28 1 30
t 2 5 16 11 25 13 595 20
t 713 3 15 18 36 1 19 25
t 21 36 22 4 621 13 40 26
t 786 36 25 16 29 0 39 7
t 37 11 4 9 705 0 40 33
t 12 8 7 19 590 22 12 6
t 27 28 10 1 7 689 36 22
t 10 11 4 13 25 9 4 626
t 16 733 28 30 33 30 27 21
t 5 603 28 37 34 19 24 22
t 565 4 5 18 6 6 16 20
t 24 14 590 20 10 9 7 21
t 11 13 21 592 25 8 4 14
t 4 12 1 5 590 11 1 23
t 19 2 21 4 2 14 560 4
t 733 6 12 21 5 4 12 27
t 2 3 14 24 22 17 578 18
t 16 24 2 20 599 1 22 1
t 2 17 1 13 17 13 652 22
t 20 9 696 14 37 22 25 5
t 5 10 6 3 561 19 2 21
t 15 6 1 21 22 24 598 15
t 4 5 10 3 23 7 561 12
t 20 31 21 10 0 37 710 24
t 19 11 3 3 566 7 24 2
t 2 9 23 19 564 25 20 3
t 5 15 588 2 9 7 15 18
t 14 8 570 22 3 12 12 12
t 22 8 598 20 11 21 18 8
t 1 24 22 17 14 4 588 11
t 14 8 8 3 11 9 567 23
t 7 15 11 9 21 8 22 599
t 3 15 22 8 597 2 13 20
t 16 18 8 6 7 21 6 580
t 567 20 10 16 3 1 12 10
t 14 9 21 24 7 17 578 9
t 17 588 2 11 20 17 4 1
t 21 22 11 5 25 579 11 6
t 764 11 32 37 17 37 14 3
t 0 20 31 8 711 16 29 16
t 14 6 35 16 30 35 29 610
t 6 11 10 23 20 22 18 598
t 16 21 17 8 1 21 20 580
t 9 16 592 23 18 25 18 10
t 13 10 15 22 17 576 8 13
t 24 16 25 782 31 2 19 25
t 34 39 606 27 8 39 9 22
t 7 6 596 11 17 7 17 19
t 2 24 18 21 22 6 592 6
t 24 6 21 14 568 14 3 13
t 15 23 6 16 594 1 15 10
t 37 675 13 24 11 15 18 30
t 21 39 21 8 775 9 11 32
t 5 30 26 764 25 11 7 35
t 9 32 13 35 13 23 617 24
t 21 12 12 0 34 21 608 9
t 18 23 8 11 25 563 15 4
t 578 12 5 21 9 19 19 14
t 19 15 12 1 6 21 22 591
t 689 11 37 40 40 34 15 16
t 12 789 20 24 20 28 2 22
t 20 7 5 572 17 2 3 1
t 19 20 29 610 27 26 31 39
t 3 18 23 1 9 9 595 11
t 4 4 23 10 17 19 22 567
t 16 16 565 13 2 24 24 24
t 26 11 743 1 15 20 33 3
t 2 10 25 723 38 21 3 39
t 685 0 16 3 33 21 26 36
t 26 24 10 37 602 6 21 14
t 28 768 7 39 23 9 17 0
t 11 24 5 6 560 1 11 2
t 10 576 16 19 24 1 17 1
t 34 20 34 8 34 27 668 26
t 13 580 21 20 21 25 24 14
t 567 12 3 7 4 22 2 13
t 24 585 20 15 9 13 21 13
t 8 7 701 34 4 4 16 8
t 0 31 15 30 655 13 38 31
t 33 18 29 33 40 14 25 705
t 23 4 30 4 31 18 33 777
t 22 560 4 8 25 4 16 19
t 18 8 22 25 10 564 18 3
t 2 21 598 4 17 20 16 2
t 29 21 16 1 714 26 3 10
t 6 1 13 2 20 16 40 788
t 571 6 5 15 20 2 8 8
t 747 14 23 12 10 15 16 7
t 10 20 4 10 2 10 584 7
t 13 17 14 13 566 24 7 10
t 35 11 665 16 26 33 17 33
t 14 25 21 3 24 17 576 7
t 699 34 23 29 8 2 35 29
t 6 1 25 585 10 4 3 22
t 32 4 10 6 33 632 15 5
t 9 626 15 8 20 19 14 8
t 1 20 16 11 12 22 10 599
t 9 16 33 657 37 8 16 26
t 18 14 17 596 18 25 19 22
t 13 8 9 17 17 6 720 5
t 4 28 13 32 25 2 747 5
t 21 17 21 1 11 19 21 562
t 27 16 34 14 13 22 11 642
t 16 20 35 677 36 26 11 4
t 25 2 7 575 24 21 19 12
t 13 18 3 4 14 13 569 4
t 20 597 21 7 9 21 20 23
t 1 11 23 20 586 2 6 1
t 40 38 36 4 29 10 10 696
t 4 14 6 21 579 24 11 19
t 16 14 24 11 17 17 17 599
t 24 7 18 593 18 7 4 23
t 19 8 25 29 14 36 728 10
t 7 40 637 33 15 39 39 7
t 24 38 38 22 39 709 39 38
t 12 11 13 10 13 8 24 583
t 16 610 27 5 20 15 21 27
t 17 0 26 13 740 15 19 29
t 5 2 2 564 18 3 4 23
t 25 13 7 6 22 7 598 6
t 3 16 38 36 9 2 26 777
t 13 24 19 7 16 21 12 574
t 30 36 628 35 16 37 7 12
t 3 20 11 703 1 40 36 21
t 28 691 25 8 4 39 39 3
t 9 15 16 16 32 28 742 10
t 22 21 24 3 21 7 7 565
t 1 2 7 3 25 8 581 7
t 12 10 8 13 22 706 8 21
t 5 19 24 0 639 14 38 38
t 11 16 6 22 25 14 8 564
t 8 15 37 4 656 23 23 20
t 12 16 597 8 13 25 25 10
t 3 9 15 593 9 1 21 14
t 28 9 28 635 40 38 12 28
t 13 0 38 0 28 648 26 39
t 11 8 24 617 29 13 25 31
t 10 1 707 6 21 25 6 14
t 24 23 23 14 19 15 3 578
t 577 16 15 9 25 1 21 22
t 18 18 6 584 12 13 17 2
t 26 40 37 33 7 39 12 686
t 14 4 11 8 590 13 15 8
t 19 27 680 34 23 31 27 27
t 587 8 22 5 5 18 5 2
t 27 24 9 747 33 17 28 6
t 15 695 15 28 25 15 19 30
t 16 3 6 12 573 9 2 13
t 610 4 30 26 17 38 24 21
t 560 12 1 9 13 20 25 8
t 591 2 15 13 7 2 10 2
t 12 2 7 23 20 23 665 15
t 572 17 23 4 25 18 13 6
t 1 4 2 18 562 7 16 6
t 24 10 659 30 18 22 16 8
t 581 18 7 10 23 7 14 24
t 18 2 770 13 17 20 30 24
t 10 27 36 30 19 0 28 683
t 4 2 32 622 4 9 12 39
t 12 11 3 7 21 4 582 10
t 11 18 13 3 24 9 4 576
t 2 3 12 12 25 568 17 14
t 28 7 768 9 26 32 29 27
t 18 32 16 37 21 25 788 34
t 12 11 21 22 7 591 22 16
t 586 6 4 15 22 20 15 22
t 7 5 25 37 25 30 21 759
t 32 8 3 0 12 27 757 2
t 20 30 16 631 27 24 2 18
t 25 15 591 12 19 19 14 9
t 27 628 40 33 16 31 28 31
t 7 17 19 25 8 1 565 4
t 7 3 5 581 21 6 25 6
t 10 23 639 40 35 7 33 25
t 34 30 6 645 24 17 3 25
t 575 14 7 17 24 11 14 22
t 22 5 21 5 5 567 4 23
t 15 690 37 39 14 3 38 29
t 23 27 38 24 36 10 752 26
t 13 3 7 14 5 13 12 596
t 18 623 9 3 1 28 36 40
t 15 564 15 1 5 4 9 9
t 35 13 17 24 2 16 29 758
t 19 1 9 10 573 5 20 13
t 5 16 19 16 23 560 4 4
t 21 13 19 722 25 37 39 4
t 15 8 24 675 12 40 2 9
t 22 3 654 31 10 3 12 10
t 18 30 768 16 30 8 28 13
t 6 581 7 8 14 25 17 7
t 40 731 28 39 12 16 26 5
t 0 34 24 36 778 22 38 28
t 24 20 8 583 5 19 6 17
t 9 11 11 24 571 8 15 18
t 9 20 34 9 22 618 18 17
t 17 588 5 8 4 18 2 17
t 16 587 25 3 1 16 14 6
t 696 20 39 27 38 17 22 21
t 15 12 14 3 582 2 2 1
t 39 693 32 28 9 8 28 20
t 7 634 8 39 40 30 24 13
t 579 6 20 19 13 5 15 4
t 23 10 589 12 5 8 15 17
t 25 22 762 33 36 33 35 7
t 4 8 39 14 11 19 721 14
t 6 19 2 4 20 11 17 582
t 3 7 24 7 563 14 7 23
t 21 11 3 24 17 595 17 21
t 16 7 21 15 574 20 6 19
t 10 11 25 34 7 11 15 646
t 10 34 14 676 13 38 22 17
t 20 1 8 646 7 10 14 20
t 25 3 1 19 17 593 17 24
t 10 575 11 11 25 21 21 25
t 10 30 690 4 14 31 27 2
t 14 37 8 22 29 663 36 3
t 3 23 4 24 8 5 5 596
t 9 589 18 19 14 9 5 24
t 13 25 581 8 14 24 2 8
t 19 6 8 18 20 14 5 584
t 15 40 13 16 23 22 758 33
t 23 3 5 9 18 587 20 24
t 7 576 8 6 5 14 21 17
t 22 1 27 11 36 719 40 30
t 609 4 38 6 32 27 1 0
t 20 748 25 32 20 2 29 4
t 584 16 6 5 3 12 13 4
t 10 21 10 16 10 7 560 10
t 3 16 14 17 598 11 8 15
t 17 40 26 16 601 38 10 38
t 1 17 4 18 9 8 4 578
t 36 23 608 7 27 34 36 19
t 18 22 7 9 25 24 589 22
t 3 6 563 23 12 6 2 21
t 28 24 19 35 37 15 10 767
t 31 32 21 29 606 33 12 8
t 29 25 40 655 40 33 36 22
t 18 575 1 13 17 8 14 4
t 7 13 17 18 568 8 9 22
t 31 666 27 9 23 35 22 39
t 586 23 7 23 7 4 16 5
t 18 11 778 24 20 3 6 12
t 18 5 19 34 701 36 27 34
t 8 15 12 592 23 4 14 18
t 22 25 16 798 22 39 3 33
t 1 10 20 10 4 3 599 7
t 9 6 12 2 14 23 573 9
t 632 21 13 22 8 37 1 8
t 583 23 7 24 16 7 12 14
t 4 9 24 14 13 17 23 574
t 22 560 22 18 19 21 4 15
t 5 17 13 13 19 589 1 16
t 7 13 10 14 24 586 7 22
t 36 9 1 15 9 25 27 665
t 36 5 22 31 626 7 29 25
t 9 20 19 23 17 22 595 14
t 20 20 20 18 592 9 22 22
t 39 624 11 25 14 33 12 25
t 12 6 8 1 598 9 3 22
t 16 14 577 15 9 24 21 11
t 8 0 36 20 35 771 24 38
t 4 3 13 15 18 598 22 9
t 18 10 2 1 21 19 7 582
t 18 17 5 4 593 23 5 4
t 598 1 25 20 2 15 20 9
t 12 21 563 25 9 22 10 15
t 12 1 23 564 4 7 7 5
t 8 729 26 37 7 2 36 6
t 34 34 3 712 16 31 35 4
t 25 651 7 27 14 15 16 28
t 31 33 16 22 25 40 19 617
t 25 7 570 4 4 11 20 21
t 1 585 3 16 21 13 8 25
t 19 20 12 11 11 21 6 589
t 11 1 21 565 9 19 15 23
t 3 578 14 12 3 22 1 12
t 682 3 36 24 30 29 36 34
t 3 11 29 31 11 3 734 13
t 6 23 2 6 585 16 8 5
t 36 12 35 27 34 790 2 20
t 29 19 29 16 6 29 770 25
t 717 3 27 37 40 7 6 7
t 13 8 22 19 18 19 586 7
t 618 38 15 35 15 0 25 26
t 18 1 16 569 22 7 2 12
t 1 33 6 21 34 20 701 9
t 799 13 20 37 25 32 24 24
t 25 12 16 582 17 25 25 2
t 36 4 32 11 30 28 781 30
t 560 12 3 15 13 22 5 9
t 4 22 11 576 6 25 25 21
t 1 12 583 22 12 4 24 22
t 23 36 38 32 8 10 24 723
t 27 748 3 19 19 14 22 16
t 29 2 9 779 27 13 27 17
t 34 10 9 19 28 629 18 17
t 10 18 22 6 7 566 20 11
t 6 11 1 12 21 21 572 15
t 2 5 19 3 14 4 7 571
t 28 2 9 16 24 14 623 16
t 5 11 612 0 35 38 1 39
t 23 38 23 28 771 8 0 25
t 562 4 7 7 4 23 9 4
t 780 25 12 31 15 5 32 28
t 22 23 9 560 20 23 2 15
t 8 5 27 695 30 28 3 10
t 18 21 661 35 22 40 34 12
t 6 25 8 23 565 5 15 2
t 11 646 17 28 25 24 36 27
t 39 4 12 33 32 27 774 26
t 34 35 639 30 31 7 38 27
t 5 19 4 21 25 562 13 21
t 568 11 12 25 13 12 17 11
t 4 2 579 22 25 1 25 7
t 4 6 12 16 12 17 1 561
t 663 17 35 20 35 21 14 5
t 567 10 3 5 7 2 19 17
t 13 20 7 11 12 24 566 9
t 10 19 562 8 13 5 12 3
t 19 40 10 25 11 653 4 4
t 13 24 31 5 10 10 34 701
t 31 17 27 25 36 35 34 690
t 572 22 4 20 25 16 23 5
t 37 29 40 23 0 35 606 19
t 1 3 25 4 21 24 592 11
t 1 1 9 2 7 572 1 19
t 13 19 597 15 15 23 19 22
t 7 22 25 6 15 3 2 589
t 34 35 35 25 736 16 7 5
t 20 3 693 0 32 10 6 24
t 11 641 20 0 18 32 9 23
t 742 36 20 15 20 27 24 9
t 15 35 13 27 34 642 30 35
t 2 25 28 32 668 24 30 30
t 30 16 31 20 8 8 742 39
t 21 1 18 21 560 6 5 3
t 2 36 22 13 759 39 8 22
t 40 40 39 35 34 753 4 0
t 9 2 19 591 16 2 1 4
t 563 15 4 7 12 4 9 10
t 5 10 8 12 1 586 21 3
t 11 1 23 3 14 575 11 23
t 623 12 4 34 24 8 32 14
t 6 6 32 6 24 18 5 612
t 33 30 40 28 633 39 21 11
t 22 6 8 27 40 3 656 1
t 12 18 2 574 11 5 12 15
t 28 9 23 36 26 31 684 36
t 26 700 17 20 30 16 38 22
t 3 2 7 24 2 9 573 17
t 22 599 11 15 22 6 1 16
t 1 23 9 8 596 18 15 17
t 24 22 13 5 22 20 16 581
t 8 16 14 4 40 23 702 38
t 20 5 8 1 5 7 1 580
t 2 15 5 3 15 575 20 12
t 3 577 16 20 9 6 23 4
t 16 2 19 5 16 15 580 20
t 19 12 14 8 599 1 1 18
t 4 712 31 40 7 27 18 14
t 1 19 0 35 13 628 1 16
t 14 17 13 11 2 567 15 4
t 1 0 21 4 14 768 37 24
t 578 24 8 15 14 9 7 17
t 39 31 38 37 11 31 5 614
t 1 13 3 21 585 21 19 24
t 5 758 19 35 29 27 10 21
t 15 597 17 21 12 20 3 22
t 708 13 4 24 22 15 30 11
t 14 9 6 10 564 6 18 22
t 592 23 4 12 6 11 10 10
t 22 626 4 12 7 4 9 26
t 4 18 23 14 567 23 6 13
t 8 16 586 14 7 1 15 11
t 13 1 3 584 21 20 10 21
t 6 25 23 6 15 8 10 565
t 768 7 14 7 27 15 33 22
t 11 13 12 13 18 575 23 14
t 34 728 0 24 24 15 33 36
t 28 8 26 4 30 704 16 15
t 9 19 567 22 17 13 8 5
t 10 9 596 17 25 23 11 1
t 582 5 9 15 12 11 10 8
t 12 20 23 12 18 4 13 572
t 2 16 3 23 593 12 11 24
t 7 2 599 24 6 7 20 16
t 10 18 22 1 22 22 561 6
t 17 34 3 33 22 616 34 27
t 3 21 27 31 17 669 31 28
t 16 571 10 13 6 19 20 15
t 32 698 36 11 18 4 18 40
t 33 40 18 694 11 40 24 40
t 21 760 26 28 7 11 36 18
t 7 11 9 7 24 19 798 28
t 13 14 21 25 16 8 569 18
t 3 2 3 15 7 25 18 597
t 664 40 24 30 17 13 32 13
t 18 36 40 7 665 26 27 35
t 9 24 25 10 8 575 6 16
t 18 9 20 568 22 8 20 18
t 23 22 0 16 40 747 24 5
t 766 9 16 33 16 21 23 34
t 570 19 5 10 25 12 18 1
t 17 597 13 10 15 12 1 20
t 5 8 14 17 629 32 4 32
t 3 15 4 21 575 13 16 18
t 9 14 8 7 9 9 587 3
t 16 24 4 24 20 20 560 15
t 28 12 28 29 6 770 6 24
t 18 17 17 5 7 597 20 9
t 17 1 22 18 24 16 571 8
t 596 20 25 18 1 1 1 22
t 9 568 17 19 15 13 16 8
t 24 567 7 25 23 25 7 7
t 1 4 20 592 6 21 23 20
t 22 7 1 12 2 579 24 3
t 9 13 24 583 7 17 20 8
t 687 19 28 39 25 2 9 0
t 12 2 9 1 5 25 16 568
t 28 6 2 6 14 31 9 660
t 27 24 21 34 25 19 30 630
t 771 14 22 39 31 15 7 11
t 22 7 561 7 2 11 17 25
t 37 11 37 20 28 37 1 683
t 19 13 23 565 9 6 14 17
t 5 23 1 573 2 21 11 5
t 14 40 10 32 39 6 723 14
t 580 23 20 15 12 15 9 19
t 11 4 39 4 2 19 626 15
t 13 8 13 11 18 590 21 4
t 575 18 15 6 22 16 17 4
t 38 30 39 620 34 25 7 21
t 16 21 593 9 10 1 7 8
t 723 4 11 36 36 8 7 21
t 22 13 595 25 20 4 18 7
t 12 8 5 7 34 27 708 8
t 585 6 17 3 18 13 22 10
t 8 5 12 4 14 1 568 15
t 31 17 30 32 40 778 28 28
t 21 35 9 0 30 39 0 675
t 29 16 35 27 37 21 653 30
t 25 17 11 9 14 589 7 18
t 12 15 36 1 21 11 15 745
t 8 3 4 25 11 13 11 578
t 19 16 8 11 14 7 8 567
t 579 9 5 11 13 12 4 21
t 17 17 6 1 4 9 11 560
t 681 25 10 7 38 26 33 13
t 589 21 14 10 9 4 10 3
t 14 9 22 3 9 594 7 4
t 5 21 2 25 20 589 19 21
t 27 796 17 38 30 36 34 14
t 40 2 34 38 28 20 29 644
t 11 8 565 6 11 12 17 8
t 11 19 25 5 10 24 576 17
t 598 19 10 11 2 5 7 2
t 634 2 40 17 23 24 20 38
t 21 20 18 11 5 577 16 9
t 2 16 13 9 7 9 13 593
t 11 7 11 15 18 13 564 21
t 7 8 16 22 575 19 25 24
t 3 568 17 15 19 11 3 1
t 650 31 26 21 12 19 2 3
t 3 18 580 8 12 10 13 13
t 38 707 35 6 30 0 17 2
t 32 30 35 4 3 768 39 20
t 13 12 8 17 2 6 10 588
t 640 35 8 8 34 18 38 9
t 626 35 16 38 7 20 9 17
t 27 8 15 17 40 10 710 23
t 33 5 9 14 791 4 4 0
t 18 24 20 19 564 25 14 9
t 4 18 12 583 17 4 11 21
t 576 15 7 4 1 13 15 20
t 21 573 4 7 1 14 5 17
t 29 24 8 0 18 9 3 657
t 594 2 5 2 11 21 16 20
t 14 18 10 19 15 568 24 16
t 9 26 37 36 26 28 0 800
t 4 5 578 21 19 10 13 25
t 1 23 19 7 598 25 16 7
t 2 20 3 12 3 18 17 597
t 5 14 9 14 1 12 573 10
t 11 23 714 26 28 36 37 34
t 3 755 19 27 39 29 32 7
t 32 32 33 745 38 9 33 34
t 12 2 3 16 10 21 22 563
t 15 6 592 5 13 25 11 4
t 14 24 24 22 24 4 4 563
t 21 598 18 2 13 19 18 20
t 17 6 13 591 13 4 12 20
t 17 4 25 16 38 780 23 18
t 3 16 25 24 19 565 1 4
t 30 627 11 16 2 13 30 9
t 1 6 20 577 3 8 2 8
t 34 30 606 21 18 28 16 31
t 5 20 34 11 6 11 9 774
t 663 20 12 28 28 32 0 38
t 2 3 13 10 4 24 593 9
t 13 24 40 680 15 21 7 11
t 16 9 10 5 18 596 22 14
t 37 721 28 30 26 40 2 38
t 23 596 4 16 9 13 13 6
t 19 7 15 23 13 584 7 21
t 7 10 17 735 34 20 8 32
t 22 18 23 560 21 19 24 2
t 11 12 15 20 0 8 33 741
t 35 22 16 4 36 20 34 722
t 8 574 11 17 8 24 18 7
t 4 25 32 33 31 26 25 617
t 6 11 1 39 10 20 34 726
t 3 21 23 23 574 12 2 11
t 6 17 3 21 1 582 4 6
t 24 9 9 571 22 14 20 5
t 572 16 8 23 8 15 24 5
t 4 23 20 586 20 9 9 3
t 9 36 40 3 34 39 35 685
t 16 4 25 13 22 583 25 18
t 21 4 24 1 13 13 577 14
t 36 685 32 24 17 17 13 13
t 27 15 13 33 22 6 676 26
t 599 23 14 20 14 19 22 24
t 17 8 562 7 5 23 9 9
t 7 9 31 4 781 29 29 28
t 10 12 591 5 1 10 14 20
t 12 5 654 14 3 22 34 7
t 8 18 567 17 15 18 8 19
t 24 12 25 11 15 11 19 593
t 15 10 18 27 12 671 35 15
t 17 22 14 21 590 7 16 21
t 36 26 25 6 616 11 3 6
t 596 19 17 24 5 19 13 22
t 20 12 21 571 10 6 25 12
t 571 8 5 6 23 1 22 25
t 2 17 20 1 13 602 23 22
t 37 760 20 2 22 15 14 39
t 9 8 25 12 18 8 4 590
t 22 32 20 8 21 31 795 31
t 8 19 5 24 38 744 39 5
t 0 38 622 40 26 30 6 22
t 16 15 11 593 23 18 6 18
t 31 27 1 607 23 0 20 15
t 7 14 9 598 16 5 21 23
t 4 2 589 18 9 17 14 17
t 8 24 699 37 23 13 39 12
t 40 13 16 1 13 23 18 663
t 23 23 12 9 15 583 11 6
t 16 19 25 23 9 594 8 5
t 642 13 19 21 24 28 30 40
t 7 717 30 24 17 2 15 20
t 21 18 36 0 4 38 32 774
t 10 11 7 586 24 15 5 1
t 3 28 7 0 0 20 665 15
t 8 10 18 598 2 12 5 12
t 29 13 18 1 755 18 32 10
t 15 4 12 23 16 5 11 574
t 29 8 25 5 13 37 11 761
t 3 15 19 583 4 1 14 25
t 32 33 30 783 22 20 4 19
t 38 39 22 25 628 30 30 36
t 19 629 2 36 36 15 17 28
t 0 25 32 30 640 11 34 1
t 21 29 665 28 11 7 34 30
t 22 650 2 8 39 10 11 26
t 595 20 24 23 4 20 14 19
t 21 17 19 25 21 577 7 2
t 23 570 25 21 25 6 16 13
t 569 15 19 16 12 5 13 3
t 13 19 16 6 5 25 561 11
t 3 584 16 25 2 15 21 6
t 13 5 22 14 14 583 9 9
t 8 597 23 25 2 24 17 12
t 28 28 27 35 6 646 15 22
t 2 32 9 26 4 670 19 22
t 15 6 31 26 0 5 666 11
t 14 35 37 9 19 724 12 23
t 24 25 576 5 10 2 15 9
t 5 16 14 566 24 18 12 20
t 22 15 13 20 9 7 5 570
t 21 22 13 3 7 17 574 16
t 33 656 15 5 34 30 15 38
t 9 13 1 24 16 25 19 581
t 7 22 10 9 5 14 598 13
t 782 10 13 10 19 26 34 25
t 7 19 18 11 604 14 11 17
t 11 15 769 37 2 38 25 27
t 15 2 614 22 15 25 6 20
t 5 24 8 24 588 10 6 2
t 3 22 754 34 1 36 36 33
t 3 6 602 10 17 37 4 29
t 34 18 29 24 36 787 22 15
t 18 21 2 1 1 11 568 17
t 567 25 8 23 12 4 23 22
t 27 25 20 13 707 6 7 2
t 745 31 13 21 31 20 4 23
t 2 562 2 14 22 12 19 5
t 24 10 675 27 36 3 22 13
t 14 20 3 595 12 9 17 5
t 39 604 11 5 16 10 2 9
t 565 5 18 11 24 7 12 14
t 31 28 37 24 682 11 27 33
t 9 5 34 663 22 12 7 35
t 18 9 569 19 1 21 20 10
t 26 18 14 37 32 35 20 759
t 34 34 33 34 5 24 11 683
t 22 11 38 601 20 38 28 3
t 6 637 29 29 39 11 31 13
t 25 32 6 12 16 766 7 4
t 24 4 18 13 25 21 14 568
t 589 9 6 19 19 14 13 17
t 2 597 17 20 1 12 18 15
t 9 10 14 765 16 35 7 22
t 10 16 22 565 8 24 25 6
t 30 1 9 27 23 2 663 19
t 17 15 560 20 16 3 24 9
t 34 26 32 33 19 712 39 22
t 7 23 20 24 21 38 8 724
t 15 793 1 37 39 16 1 26
t 11 1 23 1 1 689 6 31
t 0 29 2 36 31 38 2 689
t 24 24 19 18 6 7 22 563
t 18 20 22 18 565 11 8 2
t 16 29 2 10 2 18 667 19
t 9 32 14 27 6 32 754 2
t 655 29 16 30 0 32 14 21
t 25 3 7 19 20 24 20 563
t 12 22 2 25 5 4 576 14
t 16 33 681 14 11 10 0 8
t 11 766 21 25 26 12 9 8
t 10 4 3 28 779 9 25 28
t 25 1 646 24 9 39 2 38
t 6 7 3 14 571 16 5 10
t 11 34 702 4 17 29 7 4
t 758 29 38 9 18 16 22 34
t 4 31 17 33 35 23 28 678
t 20 15 22 1 1 585 13 17
t 12 23 578 18 6 10 2 13
t 793 5 37 15 35 15 27 19
t 4 2 20 21 25 567 10 7
t 568 21 22 12 15 9 18 17
t 21 13 680 25 7 23 16 28
t 9 17 15 21 25 9 573 5
t 573 15 2 5 20 25 20 25
t 10 13 623 23 38 36 25 15
t 20 8 4 562 19 21 21 14
t 586 9 21 3 3 22 13 14
t 35 35 26 717 0 20 25 6
t 588 14 17 4 14 6 18 7
t 20 3 6 7 17 22 587 24
t 34 762 2 13 23 28 13 27
t 13 1 6 586 16 15 19 14
t 14 13 640 3 30 23 32 34
t 567 13 24 16 12 15 20 7
t 18 17 3 566 1 15 19 19
t 36 31 40 12 12 13 19 796
t 13 11 16 10 18 18 23 588
t 8 11 12 577 25 5 23 3
t 19 22 27 1 16 749 33 3
t 692 20 2 8 38 23 2 21
t 0 796 3 5 1 10 15 4
t 17 8 8 2 11 579 6 15
t 11 0 0 26 709 37 21 10
t 20 30 34 613 24 28 14 40
t 24 20 9 3 22 583 9 3
t 15 18 24 579 8 21 3 17
t 17 14 0 641 11 34 35 11
t 3 577 4 23 13 8 19 9
t 19 19 1 3 577 8 5 5
t 28 20 7 25 29 37 756 37
t 12 23 20 574 25 1 20 22
t 21 586 11 15 25 24 20 7
t 7 9 17 561 6 13 3 2
t 14 599 1 10 21 3 9 25
t 32 13 0 26 32 623 15 33
t 26 780 25 31 12 26 18 15
t 584 1 15 15 6 25 7 15
t 5 20 10 7 37 12 733 22
t 37 17 16 6 38 14 11 669
t 17 34 36 2 756 15 8 37
t 763 37 2 4 14 8 10 24
t 21 4 8 24 10 22 591 3
t 18 0 12 21 34 24 7 780
t 653 5 32 7 12 22 26 22
t 1 6 14 647 13 38 20 28
t 39 8 771 35 18 16 8 38
t 21 561 25 6 19 24 10 20
t 21 5 567 22 22 11 19 8
t 15 4 788 29 27 24 6 3
t 12 8 15 12 9 692 34 39
t 731 27 36 0 18 10 38 6
t 17 14 593 2 21 16 24 1
t 583 23 10 7 5 20 16 7
t 4 737 4 24 0 6 4 0
t 4 15 11 7 13 4 568 10
t 10 3 38 15 7 12 40 612
t 23 17 8 12 9 569 4 6
t 11 18 6 3 20 584 21 13
t 20 18 21 3 11 583 15 10
t 13 739 27 35 40 37 14 9
t 14 9 648 20 28 32 5 4
t 14 2 16 595 11 25 10 5
t 6 21 21 22 16 15 582 12
t 10 10 24 564 15 22 18 16
t 10 12 23 598 18 20 12 13
t 16 2 2 30 37 33 618 8
t 36 24 1 40 0 14 745 19
t 14 8 19 11 7 2 574 11
t 15 7 3 7 595 24 21 17
t 11 593 14 12 4 22 10 7
t 33 24 13 25 733 33 3 28
t 25 565 21 12 13 2 1 25
t 10 11 695 30 0 26 38 8
t 11 7 20 16 7 24 560 23
t 11 15 36 40 21 7 9 779
t 10 16 6 3 11 25 4 562
t 25 563 19 15 9 4 23 8
t 13 9 29 21 12 780 10 0
t 19 19 21 3 24 20 587 14
t 17 12 22 592 7 17 11 17
t 6 10 8 25 18 18 11 578
t 572 16 12 25 18 12 3 9
t 18 11 23 15 10 18 24 598
t 18 37 34 611 17 30 18 11
t 17 10 30 21 660 36 34 12
t 3 25 28 24 747 34 38 7
t 25 15 13 585 2 5 7 16
t 28 13 17 607 39 15 10 21
t 1 6 18 12 3 5 2 591
t 590 5 16 1 21 19 25 4
t 14 25 1 10 15 591 19 20
t 24 659 40 7 16 10 9 3
t 30 36 17 18 14 25 12 800
t 21 35 16 34 36 36 701 28
t 20 11 18 11 3 24 584 7
t 15 13 11 566 16 2 21 13
t 2 576 23 3 19 25 19 1
t 25 21 583 10 3 5 20 8
t 22 9 18 2 588 2 9 4
t 25 5 7 22 5 21 14 589
t 2 20 7 14 574 18 3 11
t 25 12 35 39 720 17 7 33
t 40 0 34 40 20 793 4 31
t 6 2 2 599 2 4 11 19
t 11 20 6 7 573 15 10 12
t 29 30 725 22 36 10 32 36
t 39 5 4 673 23 35 17 35
t 1 7 1 1 5 23 584 15
t 22 19 5 12 569 23 20 19
t 4 17 3 12 588 12 13 24
t 2 15 31 4 31 600 38 31
t 19 11 17 5 6 18 583 6
t 11 590 22 12 19 16 19 22
t 22 7 6 23 577 25 14 1
t 3 23 15 13 15 588 18 20
t 11 7 591 20 14 18 18 24
t 16 23 5 665 31 18 35 34
t 13 14 672 37 30 0 5 36
t 7 688 12 18 14 14 14 20
t 22 33 661 21 37 11 6 40
t 654 12 37 11 35 8 7 33
t 21 10 1 565 23 16 13 22
t 10 16 11 7 2 18 11 583
t 14 30 24 5 31 703 11 1
t 10 25 16 797 15 7 32 2
t 14 24 20 3 598 13 21 5
t 18 22 1 4 592 25 10 15
t 18 25 1 578 20 5 18 25
t 13 1 5 5 8 3 561 1
t 2 674 15 22 22 2 0 15
t 23 583 21 8 13 22 18 4
t 766 13 14 24 16 39 19 31
t 7 39 27 27 2 7 729 3
t 3 24 36 19 692 25 26 9
t 23 25 23 24 598 3 24 1
t 11 39 8 39 31 2 0 768
t 3 20 24 14 576 23 8 1
t 2 18 22 5 17 24 16 565
t 6 4 5 20 20 21 652 14
t 15 22 15 5 1 15 9 568
t 4 5 8 10 16 2 9 579
t 5 14 22 4 20 7 4 583
t 28 31 0 35 25 4 29 713
t 6 20 582 3 12 25 20 8
t 10 23 16 1 14 5 7 588
t 23 11 25 32 17 23 634 36
t 4 6 0 22 34 28 13 720
t 16 24 10 7 560 19 12 4
t 5 38 33 11 24 17 770 11
t 1 6 23 37 17 34 23 680
t 10 5 10 2 8 13 735 12
t 7 6 588 20 22 12 8 24
t 11 749 0 7 2 9 30 16
t 586 3 5 18 25 14 22 22
t 3 26 784 7 28 2 29 22
t 26 36 602 31 27 7 10 12
t 38 29 8 29 26 4 26 797
t 691 37 38 39 4 11 29 31
t 14 599 20 10 5 19 4 2
t 601 6 40 34 37 9 9 18
t 5 573 12 13 13 9 9 7
t 0 29 27 34 27 15 642 4
t 22 20 7 596 14 2 15 3
t 24 8 691 38 37 2 15 2
t 2 22 620 40 30 31 23 6
t 24 577 20 18 9 6 23 6
t 582 4 24 3 10 24 16 5
t 24 12 2 18 24 20 582 19
t 1 2 1 27 27 40 10 771
t 7 7 5 25 10 577 22 14
t 16 8 566 12 4 20 2 1
t 25 22 590 15 18 20 16 20
t 21 21 11 17 561 11 1 7
t 1 565 11 7 13 10 14 3
t 23 10 9 16 12 567 23 3
t 16 27 11 646 26 33 25 35
t 29 15 32 23 28 793 26 40
t 9 23 12 18 567 1 22 23
t 7 6 5 13 23 20 566 4
t 570 13 24 18 15 9 20 13
t 579 15 10 21 7 14 11 8
t 8 599 5 19 7 19 24 24
t 3 14 574 24 20 19 10 12
t 9 37 3 31 37 622 13 1
t 7 12 9 25 12 13 2 587
t 6 24 10 24 12 11 6 560
t 12 4 3 566 8 2 12 21
t 14 5 2 7 18 3 588 23
t 22 7 25 5 7 4 587 5
t 3 36 30 9 0 14 673 31
t 9 585 2 20 9 22 10 25
t 9 9 17 23 13 10 22 656
t 32 7 22 25 6 15 29 758
t 572 16 10 20 14 12 12 11
t 11 8 3 597 20 3 3 25
t 35 27 8 38 16 660 29 18
t 574 19 5 23 23 19 11 13
t 25 22 11 19 620 36 7 29
t 31 3 634 22 1 7 9 6
t 5 7 4 37 6 12 15 637
t 591 17 5 12 6 10 16 23
t 3 11 24 22 562 6 15 3
t 33 711 11 8 2 27 1 18
t 673 6 1 1 7 37 15 4
t 25 2 597 17 19 24 7 2
t 15 25 15 8 8 16 583 13
t 17 5 37 24 14 22 21 714
t 10 1 19 5 597 4 25 8
t 6 40 25 23 20 25 12 666
t 34 15 16 39 13 27 15 743
t 11 13 14 40 7 20 609 2
t 23 4 583 1 17 5 2 24
t 19 24 1 564 4 4 15 24
t 22 1 24 3 593 9 9 9
t 27 0 29 17 38 26 616 12
t 4 11 12 23 5 24 17 565
t 7 566 1 3 17 18 17 11
t 1 20 18 39 742 38 10 34
t 11 14 580 7 1 7 3 23
t 38 12 21 33 601 31 29 28
t 785 13 23 25 13 30 36 2
t 23 30 30 35 17 662 35 1
t 18 17 23 23 573 25 14 18
t 4 19 5 3 23 572 19 10
t 13 590 12 19 4 22 20 15
t 8 11 17 561 25 25 4 15
t 8 570 8 11 11 9 20 22
t 596 3 10 25 24 8 2 21
t 3 19 11 20 24 13 595 16
t 37 23 9 38 687 1 12 32
t 5 581 10 14 2 7 12 9
t 39 30 722 26 6 24 13 1
t 28 625 12 24 0 33 26 33
t 21 800 10 9 26 23 34 33
t 10 4 688 23 32 7 7 25
t 11 21 5 561 2 9 19 19
t 7 17 581 19 12 7 9 23
t 3 24 3 2 2 590 11 24
t 5 19 19 598 15 4 18 7
t 28 32 22 39 664 38 18 16
t 24 14 20 18 23 13 10 596
t 23 25 8 16 750 17 14 30
t 21 584 15 7 7 1 17 2
t 3 16 15 6 2 583 4 3
t 4 25 2 9 599 10 14 22
t 5 1 7 21 744 1 15 25
t 2 7 21 23 14 4 585 10
t 584 2 5 3 17 17 10 18
t 31 13 16 32 36 631 16 8
t 5 564 9 10 12 16 6 21
t 40 24 35 33 661 28 4 1
t 573 19 16 16 14 10 17 24
t 19 9 19 20 17 15 1 591
t 3 2 11 3 5 18 566 13
t 23 8 17 23 569 7 18 15
t 28 32 25 35 37 788 13 34
t 15 578 7 12 18 21 6 15
t 19 7 568 14 20 23 2 16
t 3 22 24 576 10 14 5 23
t 21 22 10 11 3 580 19 24
t 20 589 23 2 17 16 9 10
t 1 13 1 31 18 6 4 734
t 3 8 568 6 22 1 2 25
t 14 24 19 633 31 9 4 13
t 719 31 2 18 40 4 33 40
t 28 18 665 5 34 4 31 27
t 29 696 15 2 27 0 13 2
t 37 665 31 15 7 3 21 25
t 23 15 3 16 18 25 594 6
t 34 17 4 20 24 13 711 32
t 7 12 9 3 7 590 8 7
t 591 21 8 13 3 4 13 21
t 598 25 1 7 16 23 23 2
t 38 26 3 638 2 12 4 18
t 585 1 17 23 7 9 16 1
t 39 15 38 6 20 38 634 13
t 578 18 3 9 11 22 15 9
t 21 24 24 27 601 28 35 9
t 15 10 684 8 14 23 1 3
t 5 572 12 20 1 15 6 1
t 1 3 13 36 2 631 20 25
t 19 37 1 19 26 37 10 663
t 25 17 6 16 22 13 593 23
t 32 785 15 27 16 15 28 12
t 4 12 21 2 16 14 582 7
t 4 9 669 10 26 27 8 16
t 17 25 17 25 8 4 573 9
t 2 14 25 560 13 22 22 15
t 7 11 4 27 34 13 25 738
t 38 22 22 761 22 25 25 39
t 14 6 18 9 580 8 19 23
t 1 3 23 10 0 23 9 685
t 15 15 4 598 4 20 2 11
t 588 20 18 5 2 8 23 17
t 17 13 11 8 22 5 13 566
t 29 720 29 40 12 27 16 4
t 648 10 14 2 11 25 25 33
t 12 2 9 18 590 16 15 12
t 12 24 10 16 560 11 18 22
t 6 9 18 6 17 23 579 14
t 20 749 29 37 31 14 18 22
t 16 9 1 26 6 21 14 738
t 11 22 13 22 563 23 7 3
t 29 35 25 602 29 21 38 37
t 6 3 21 24 6 577 24 9
t 30 20 30 645 8 4 32 19
t 7 6 23 20 13 9 25 575
t 7 16 2 16 560 2 10 10
t 598 7 20 1 20 1 8 24
t 26 38 11 37 16 9 35 739
t 36 16 18 12 29 31 30 760
t 28 2 1 0 32 24 34 738
t 37 14 19 1 24 20 26 649
t 22 24 776 15 31 26 32 35
t 654 36 12 4 38 23 9 36
t 33 26 734 39 16 17 26 30
t 10 3 15 18 5 3 7 560
t 11 5 18 582 19 21 12 14
t 22 40 39 27 13 780 31 21
t 17 25 1 586 5 21 19 10
t 3 2 11 23 20 576 3 25
t 22 3 7 11 4 26 701 4
t 24 12 15 7 595 22 2 5
t 16 10 7 20 1 583 8 21
t 37 38 37 4 39 770 12 25
t 17 40 18 31 3 39 15 652
t 3 10 19 31 23 759 6 3
t 20 13 22 37 669 1 22 14
t 8 20 22 5 1 5 17 586
t 19 29 14 34 37 799 6 34
t 3 24 1 25 12 581 22 21
t 595 7 7 15 24 6 7 6
t 11 16 22 571 11 23 11 14
t 15 5 1 5 7 645 5 32
t 8 27 16 18 30 8 667 16
t 1 6 574 12 19 9 12 20
t 4 2 6 16 6 4 583 10
t 23 11 575 19 22 23 23 3
t 12 4 19 23 13 3 19 592
t 25 39 6 20 1 698 17 18
t 4 11 17 10 3 585 18 4
t 5 22 12 18 5 597 1 12
t 11 7 19 12 572 10 11 15
t 17 20 9 9 24 8 3 576
t 17 20 15 12 16 568 16 16
t 5 593 22 11 24 23 18 9
t 21 6 571 15 4 17 7 20
t 14 10 12 3 585 8 24 13
t 15 13 5 20 9 12 721 24
t 14 19 11 25 7 17 2 572
t 19 17 4 9 597 22 12 9
t 16 20 10 6 23 580 12 1
t 33 30 784 3 23 26 34 19
t 6 2 21 19 19 785 18 0
t 10 3 6 576 19 22 10 1
t 797 20 1 11 14 13 25 15
t 4 22 4 25 10 25 22 646
t 16 2 21 14 21 22 565 12
t 10 1 15 21 583 6 24 5
t 18 15 3 593 18 24 16 11
t 12 8 13 13 5 16 596 6
t 12 5 6 571 15 19 17 25
t 5 777 13 28 23 39 5 1
t 599 2 5 20 11 11 16 17
t 567 8 23 2 23 16 18 13
t 39 9 2 7 714 19 33 38
t 25 17 37 27 23 4 670 7
t 5 5 6 27 31 31 621 28
t 23 570 9 24 9 11 18 5
t 1 9 2 21 23 8 598 22
t 16 32 30 613 22 24 21 11
t 22 5 7 23 23 18 566 25
t 585 22 1 8 24 8 8 22
t 7 20 583 1 12 21 17 5
t 15 24 17 19 25 572 4 18
t 0 21 29 7 28 752 26 20
t 13 20 591 19 24 13 4 24
t 11 22 598 7 17 18 5 24
t 39 683 13 0 1 28 17 23
t 787 15 5 38 33 28 6 35
t 16 23 20 594 11 16 6 16
t 16 16 21 10 594 21 19 20
t 2 10 24 6 571 23 5 12
t 13 726 1 1 14 29 27 19
t 1 11 37 1 37 669 11 35
t 39 8 8 1 30 754 12 1
t 18 34 30 723 0 30 23 3
t 13 22 19 2 7 573 22 5
t 21 6 1 31 25 12 713 5
t 21 19 785 5 39 5 7 17
t 23 22 646 40 11 12 6 27
t 13 3 587 8 4 17 13 16
t 39 0 1 603 21 14 24 26
t 34 30 39 25 34 15 10 703
t 14 1 5 24 19 9 14 596
t 4 12 12 21 4 573 19 12
t 7 9 0 3 17 600 28 31
t 569 25 2 17 24 12 12 19
t 3 575 7 20 4 3 15 8
t 35 5 15 15 18 0 10 690
t 3 21 588 15 2 25 17 11
t 27 24 30 21 36 20 617 17
t 26 17 8 5 686 19 14 10
t 7 591 19 11 5 1 22 25
t 24 22 18 25 23 13 16 563
t 9 684 22 22 31 9 26 20
t 22 10 30 759 27 36 14 36
t 15 12 4 10 31 754 28 36
t 5 18 7 23 580 17 6 12
t 13 4 10 19 591 14 25 20
t 15 40 25 21 619 36 39 24
t 18 10 16 5 25 578 13 12
t 635 12 2 12 18 25 23 11
t 20 2 588 19 10 16 2 4
t 23 5 7 12 3 12 11 599
t 17 18 3 7 25 578 2 18
t 6 26 0 36 768 23 18 13
t 2 19 15 8 40 40 13 691
t 5 7 31 14 0 5 8 617
t 22 2 3 16 4 1 10 589
t 23 5 18 7 7 14 571 4
t 16 38 25 649 14 10 19 12
t 15 8 23 786 6 12 1 35
t 33 12 697 18 0 24 30 6
t 16 18 17 23 588 10 21 9
t 22 11 21 6 8 23 14 576
t 14 26 12 40 27 36 20 798
t 8 7 8 11 22 12 596 22
t 579 21 7 9 22 2 25 4
t 0 33 35 762 0 26 40 35
t 25 18 10 21 17 9 565 5
t 5 28 39 0 27 33 766 28
t 19 17 13 17 3 20 19 589
t 21 3 567 13 20 23 21 3
t 19 3 12 11 567 7 1 23
t 37 1 731 20 6 3 34 17
t 19 1 11 597 6 5 22 2
t 10 578 1 5 1 1 18 8
t 36 29 20 703 16 6 19 1
t 16 22 14 608 9 30 21 21
t 5 15 789 6 16 27 24 0
t 14 7 2 684 37 30 40 15
t 25 21 12 16 25 11 14 587
t 15 32 13 663 25 21 1 16
t 566 16 19 8 14 7 10 7
t 580 8 14 5 19 7 15 20
t 26 39 25 23 28 16 743 2
t 4 20 7 24 22 562 13 19
t 31 39 34 11 15 672 9 15
t 7 560 17 21 24 3 3 24
t 603 27 26 23 25 13 3 22
t 17 12 14 12 583 14 17 11
t 22 4 21 14 23 9 584 18
t 24 576 15 8 2 24 12 12
t 18 6 15 10 21 21 4 575
t 11 18 20 40 40 668 13 7
t 20 15 15 2 593 2 2 1
t 6 18 16 24 2 5 590 1
t 20 17 574 1 18 3 21 15
t 7 17 14 26 30 9 36 782
t 11 606 6 2 30 10 7 8
t 40 7 14 6 35 11 30 664
t 31 8 639 26 11 16 35 19
t 12 22 22 3 560 1 3 18
t 9 17 10 562 10 17 19 21
t 23 22 3 11 2 19 587 22
t 36 28 40 22 23 40 602 34
t 626 2 17 5 0 24 10 30
t 14 18 8 34 769 21 10 39
t 589 7 4 13 24 18 14 10
t 33 21 23 3 30 4 730 13
t 18 19 12 21 25 25 4 576
t 4 24 576 21 23 19 3 5
t 24 36 18 25 37 3 682 32
t 25 22 10 563 18 21 23 14
t 38 3 2 21 5 14 798 0
t 38 13 34 712 35 6 24 24
t 737 5 6 2 36 23 33 37
t 18 5 21 22 2 588 20 13
t 762 21 18 24 25 4 23 3
t 15 8 7 10 6 14 21 580
t 0 40 22 23 661 32 29 8
t 20 3 587 25 20 9 24 6
t 19 25 17 7 20 4 19 580
t 591 1 1 6 9 1 16 11
t 742 36 12 20 1 1 28 40
t 9 21 24 21 17 13 589 17
t 691 30 40 38 10 8 4 18
t 572 25 18 21 6 17 16 24
t 1 11 6 17 30 39 689 29
t 5 10 25 17 21 589 18 16
t 11 560 15 8 2 20 25 1
t 26 7 6 26 657 4 21 2
t 12 16 1 17 571 19 14 7
t 21 732 32 22 21 30 38 3
t 600 15 26 20 40 8 17 15
t 40 34 25 3 21 774 5 4
t 562 15 12 11 1 6 6 13
t 10 588 23 4 17 21 20 3
t 8 674 18 4 10 16 8 39
t 17 29 0 643 13 5 6 15
t 18 13 6 12 25 22 25 586
t 16 23 17 3 17 7 574 10
t 20 3 4 20 569 21 12 22
t 20 23 5 16 7 14 14 578
t 35 6 31 12 30 747 31 6
t 27 0 25 12 15 0 36 639
t 39 22 31 764 37 33 31 40
t 11 11 25 24 19 8 573 20
t 8 15 12 9 18 25 6 581
t 10 39 642 26 34 15 1 13
t 15 13 9 4 17 12 585 17
t 11 6 1 599 8 6 21 18
t 19 15 19 574 22 11 20 4
t 13 10 13 5 19 10 2 563
t 23 4 24 11 586 19 11 23
t 687 10 11 14 27 14 15 0
t 14 1 14 23 7 7 563 18
t 21 15 18 10 4 599 6 24
t 35 17 30 707 23 30 0 9
t 3 18 579 15 19 21 17 11
t 24 19 25 25 588 24 8 24
t 13 17 699 32 2 18 24 2
t 5 25 16 12 6 566 7 3
t 707 12 10 35 27 30 32 13
t 13 4 10 12 19 16 589 24
t 32 38 26 640 17 40 1 19
t 587 22 6 18 6 6 4 2
t 17 25 6 8 588 14 15 10
t 13 32 646 21 37 35 8 9
t 17 13 20 21 8 709 9 7
t 40 26 0 3 9 33 714 2
t 19 4 581 4 25 8 18 22
t 568 1 2 19 9 3 20 16
t 21 565 13 5 5 6 22 14
t 5 11 5 11 25 4 596 10
t 3 7 4 17 7 14 18 590
t 16 14 5 14 25 22 17 595
t 20 584 21 11 5 16 10 4
t 596 25 15 12 6 16 12 19
t 600 22 19 10 11 35 37 26
t 13 570 7 22 11 17 25 20
t 0 14 8 27 33 31 20 717
t 8 25 12 3 15 7 4 577
t 3 34 6 34 34 24 654 3
t 16 36 19 3 760 2 38 5
t 11 23 19 2 8 12 22 575
t 34 4 25 32 5 31 613 6
t 589 10 10 25 11 15 25 13
t 25 16 586 5 15 2 12 5
t 7 29 40 0 24 676 34 1
t 4 30 771 10 16 35 32 38
t 7 20 2 1 591 22 9 23
t 22 23 32 27 12 39 17 600
t 583 25 3 15 2 22 2 13
t 15 7 31 22 11 7 786 15
t 7 14 14 6 18 13 5 571
t 15 7 3 2 13 22 595 18
t 20 16 770 25 37 3 11 18
t 22 31 40 5 16 694 6 2
t 38 10 21 36 25 14 28 758
t 22 580 20 3 17 12 19 4
t 34 13 10 20 22 646 22 20
t 24 571 8 10 24 24 14 9
t 0 20 12 33 25 756 27 9
t 10 23 6 580 21 25 14 6
t 20 9 8 15 8 21 2 577
t 0 33 14 37 14 40 14 729
t 27 8 730 29 16 11 23 19
t 37 8 13 3 9 667 24 37
t 11 15 10 612 19 6 13 38
t 12 7 21 5 9 6 587 25
t 2 574 17 20 2 18 1 19
t 11 5 567 18 7 12 11 25
t 16 36 12 639 21 25 40 13
t 1 15 37 646 31 11 18 7
t 14 23 24 596 7 25 7 15
t 16 762 37 23 25 37 8 15
t 23 589 25 10 11 16 9 20
t 34 36 10 40 13 20 649 21
t 19 23 10 16 3 578 10 11
t 37 776 20 0 24 2 20 7
t 3 16 19 20 11 17 5 587
t 36 11 29 35 718 11 0 10
t 6 562 10 10 10 6 15 23
t 24 3 25 18 5 17 17 592
t 16 11 8 24 24 14 593 7
t 25 23 17 22 569 15 12 17
t 24 22 9 30 19 0 671 8
t 16 3 39 4 13 717 25 15
t 3 32 36 37 1 3 623 1
t 20 33 7 3 31 648 2 5
t 9 8 26 14 741 35 4 37
t 22 23 17 7 585 11 3 10
t 30 697 4 16 5 8 26 27
t 14 8 20 5 6 2 597 12
t 15 6 736 17 36 36 19 2
t 25 25 26 3 742 20 37 28
t 24 564 24 7 6 12 6 23
t 20 575 13 3 12 18 2 3
t 32 36 29 27 738 18 21 3
t 23 13 11 15 13 10 24 596
t 29 19 22 621 14 19 32 10
t 14 792 39 25 24 2 40 35
t 15 2 5 22 23 21 594 10
t 15 13 19 10 15 17 8 587
t 23 36 5 28 678 20 18 25
t 18 13 19 16 24 2 4 596
t 567 1 25 25 1 19 18 24
t 2 565 5 20 19 23 2 11
t 567 1 4 23 14 2 21 23
t 34 32 5 637 1 23 25 24
t 714 33 15 11 18 23 25 10
t 13 15 6 11 578 14 23 5
t 2 24 589 3 3 18 24 17
t 25 28 736 8 23 8 9 11
t 0 40 22 40 28 35 28 696
t 23 14 12 2 596 8 16 14
t 22 16 12 17 15 7 9 594
t 8 25 3 24 10 563 2 22
t 598 23 15 7 19 10 3 24
t 10 20 16 593 2 6 1 23
t 27 21 22 30 37 29 744 1
t 6 25 21 23 17 18 585 17
t 14 10 567 12 15 6 15 6
t 23 3 36 0 10 3 785 15
t 8 16 25 10 13 574 6 23
t 1 32 4 25 30 26 715 15
t 4 17 14 2 23 20 15 560
t 6 4 18 3 4 572 5 4
t 579 11 17 5 25 7 18 3
t 19 20 25 11 12 560 10 18
t 12 2 751 5 18 3 16 32
t 28 27 31 19 39 711 21 2
t 22 3 10 21 572 3 2 5
t 590 3 5 18 19 1 19 11
t 10 15 577 8 4 15 6 5
t 2 694 31 1 30 0 12 33
t 23 11 36 617 11 0 21 40
t 18 24 589 15 17 14 8 11
t 9 4 1 657 32 32 9 22
t 20 16 20 25 16 3 582 19
t 6 0 12 34 9 734 4 10
t 595 2 2 22 15 2 13 2
t 11 4 11 5 5 569 23 5
t 14 25 12 5 20 567 16 14
t 32 692 34 9 0 35 4 20
t 592 2 6 8 15 14 11 18
t 14 12 4 4 7 1 570 21
t 14 5 21 17 11 778 6 34
t 21 9 592 22 3 25 7 5
t 596 20 24 20 10 10 21 25
t 29 774 18 20 35 16 18 4
t 564 6 9 22 21 7 7 17
t 4 0 21 7 2 10 679 23
t 13 8 20 1 10 586 1 8
t 24 6 564 3 6 13 13 20
t 32 21 34 39 28 35 758 28
t 12 13 595 5 8 11 15 4
t 9 704 13 31 7 23 40 39
t 31 3 28 38 15 18 20 675
t 3 17 25 25 37 14 750 34
t 10 587 10 21 1 24 11 15
t 17 17 21 8 5 562 11 17
t 22 20 16 5 9 25 7 594
t 34 15 15 8 7 731 15 19
t 18 732 21 27 33 27 22 32
t 12 15 32 5 10 30 662 38
t 22 1 9 21 11 9 583 24
t 6 2 17 10 22 14 571 22
t 18 20 9 638 18 37 18 26
t 0 9 1 752 22 5 20 19
t 3 23 29 34 790 3 18 28
t 16 7 23 4 4 14 13 568
t 3 5 19 3 580 22 12 6
t 7 13 8 12 564 21 6 11
t 580 1 14 6 14 20 13 4
t 591 4 15 1 22 13 19 3
t 23 9 1 30 6 6 4 796
t 28 11 0 26 40 35 7 751
t 567 20 20 23 9 7 10 21
t 10 1 23 19 23 579 11 7
t 6 5 40 24 4 635 26 38
t 13 17 7 3 24 571 13 4
t 5 6 583 5 25 17 6 21
t 11 30 26 1 2 18 661 34
t 7 1 16 17 24 2 23 574
t 26 740 22 22 24 29 23 12
t 566 22 23 17 3 17 3 16
t 12 6 22 35 11 10 681 18
t 19 597 16 14 18 1 18 1
t 19 8 32 0 788 15 2 30
t 33 727 10 17 9 2 23 4
t 1 11 18 19 13 8 595 20
t 15 16 10 6 566 12 22 17
t 16 22 16 14 13 569 22 15
t 773 7 40 1 14 0 30 32
t 597 9 1 15 5 25 20 3
t 17 17 16 22 19 6 596 25
t 6 19 13 578 25 15 12 23
t 25 9 608 21 7 31 4 26
t 1 23 15 9 19 560 3 17
t 23 2 40 5 2 629 13 23
t 23 14 14 584 5 7 10 18
t 23 18 592 19 22 14 21 17
t 583 9 8 8 19 6 11 11
t 38 0 27 36 15 18 39 780
t 8 582 4 8 15 10 20 14
t 585 17 24 20 1 1 19 23
t 2 4 31 28 4 2 773 4
t 25 582 19 17 21 7 11 17
t 40 26 26 38 1 17 25 702
t 9 15 39 1 6 35 629 39
t 25 29 21 715 15 3 40 26
t 596 19 3 21 13 15 7 18
t 583 8 22 22 3 6 21 17
t 11 3 25 16 12 33 9 668
t 27 24 36 22 19 670 1 13
t 10 17 20 2 1 19 564 10
t 19 23 11 585 6 13 14 14
t 4 783 28 16 4 27 26 10
t 10 9 24 9 21 6 3 573
t 17 14 17 10 10 17 597 11
t 791 37 32 3 22 22 7 5
t 28 35 37 21 37 650 10 21
t 600 10 28 39 15 5 33 3
t 40 30 15 3 617 21 11 17
t 36 17 7 767 1 21 32 38
t 581 6 17 5 22 12 11 5
t 1 26 29 8 27 749 25 12
t 10 17 28 631 39 19 20 9
t 596 24 10 15 10 13 14 6
t 580 23 24 7 23 24 5 24
t 23 18 717 18 19 5 25 25
t 8 12 1 17 599 24 2 2
t 25 560 3 19 19 6 9 23
t 18 1 739 4 37 20 16 21
t 20 19 25 30 38 747 14 33
t 9 16 588 10 15 18 23 16
t 13 5 24 16 10 567 2 22
t 1 17 4 18 9 564 15 2
t 1 1 6 16 20 16 712 1
t 18 38 615 30 34 38 21 17
t 38 1 27 17 655 31 6 1
t 21 602 30 29 19 26 25 31
t 25 5 20 20 17 560 24 25
t 12 2 1 12 17 583 2 17
t 16 21 16 9 2 5 589 21
t 7 18 655 38 27 18 28 25
t 31 2 773 8 26 28 36 19
t 25 24 568 13 12 25 8 21
t 643 7 39 30 6 17 16 14
t 591 1 4 17 3 4 25 1
t 13 6 17 591 9 16 20 24
t 738 32 19 25 29 14 11 37
t 36 38 0 8 617 38 14 21
t 14 25 6 17 9 20 575 5
t 25 16 580 21 8 25 3 23
t 13 2 11 2 22 599 16 10
t 16 597 16 8 4 10 10 13
t 36 27 1 17 33 3 709 36
t 21 7 12 3 13 588 5 10
t 20 23 23 584 2 8 7 3
t 13 17 25 14 4 21 658 23
t 3 25 1 583 3 11 14 14
t 5 583 16 4 5 13 21 17
t 24 23 10 20 5 595 17 21
t 23 7 3 6 569 23 24 9
t 5 2 24 19 21 11 571 13
t 628 34 13 40 17 38 15 30
t 39 25 12 711 10 15 23 28
t 23 26 22 31 6 33 694 21
t 598 24 16 25 2 23 19 12
t 16 9 576 6 9 20 10 5
t 40 18 3 786 13 4 12 8
t 6 24 10 18 14 23 13 580
t 15 8 8 6 20 13 25 579
t 20 2 3 26 721 24 21 9
t 704 39 6 4 3 4 28 8
t 38 6 31 29 25 31 624 30
t 24 5 14 624 17 24 3 23
t 10 5 32 636 39 8 34 40
t 14 24 21 583 17 14 12 23
t 32 770 28 40 33 38 27 40
t 12 7 14 24 576 20 24 17
t 15 8 12 594 4 6 5 9
t 31 23 22 4 33 37 34 673
t 7 19 33 36 631 22 13 22
t 12 2 10 3 22 595 16 22
t 12 22 23 8 18 16 23 562
t 585 7 13 14 18 25 6 18
t 3 6 22 12 2 599 6 19
t 10 12 20 25 17 11 594 21
t 31 40 8 5 11 5 754 32
t 631 24 36 20 36 4 32 18
t 37 26 1 640 0 33 14 4
t 25 19 20 10 1 592 10 18
t 21 22 1 22 9 579 4 12
t 587 23 17 20 20 17 8 15
t 0 2 13 732 23 1 32 40
t 18 35 26 14 10 13 26 755
t 570 16 4 21 20 8 17 22
t 17 8 5 8 22 17 27 725
t 30 26 1 28 10 34 742 8
t 21 20 21 21 1 561 16 1
t 23 8 752 33 6 32 8 17
t 14 5 8 4 17 8 3 586
t 19 597 10 4 8 1 10 5
t 8 696 11 31 27 28 19 19
t 19 4 4 0 700 6 8 18
t 19 3 20 597 14 19 24 13
t 3 38 10 650 6 18 29 1
t 0 772 8 0 3 36 20 32
t 20 30 1 4 33 17 633 38
t 36 28 32 5 36 8 30 778
t 19 36 5 8 18 761 38 27
t 5 24 1 19 1 8 14 562
t 3 13 26 729 39 6 22 39
t 16 7 18 11 10 11 19 583
t 35 685 22 19 13 29 3 31
t 6 588 2 25 8 22 3 14
t 20 747 37 34 40 22 17 18
t 6 14 28 7 24 14 39 617
t 8 2 23 13 14 595 20 15
t 19 25 561 8 25 1 10 11
t 31 39 665 19 32 8 26 35
t 33 17 18 12 727 32 31 37
t 3 25 3 14 10 577 22 21
t 716 12 31 4 4 5 3 16
t 30 10 768 18 1 15 12 25
t 10 33 32 16 618 15 23 17
t 596 19 16 12 17 13 21 5
t 24 22 31 612 11 20 23 23
t 14 30 31 33 33 8 708 5
t 1 4 10 11 25 580 11 24
t 14 7 16 583 11 20 16 22
t 9 21 610 29 36 39 25 31
t 39 726 10 20 1 8 20 16
t 592 23 4 19 23 19 10 6
t 11 26 15 18 20 35 739 34
t 11 6 8 594 5 21 1 11
t 9 27 6 39 14 9 665 21
t 22 4 19 24 3 23 13 579
t 26 16 23 16 28 22 11 682
t 14 765 7 24 35 30 20 1
t 8 3 20 20 19 595 6 3
t 5 5 729 25 13 0 19 1
t 24 12 1 24 573 11 8 14
t 561 10 1 1 17 20 17 21
t 6 26 37 18 11 636 31 29
t 22 16 20 599 11 11 12 20
t 6 4 15 18 16 23 22 596
t 18 4 592 3 1 5 11 20
t 8 563 9 23 10 25 6 8
t 5 14 585 3 13 8 2 16
t 10 22 8 38 18 15 40 737
t 18 22 6 16 4 9 10 572
t 13 569 11 10 24 19 17 9
t 621 16 16 15 8 9 39 13
t 29 791 29 14 19 37 24 25
t 15 13 10 18 12 20 585 12
t 571 17 16 10 9 24 1 12
t 5 18 572 17 18 20 18 11
t 4 21 7 20 581 5 25 13
t 8 3 23 19 4 563 15 6
t 26 689 34 14 20 36 2 5
t 15 11 23 33 9 746 17 6
t 563 25 18 1 16 14 14 21
t 36 25 10 19 782 21 17 33
t 21 1 3 2 563 5 22 20
t 6 15 16 2 12 577 19 25
t 11 23 8 12 15 20 585 21
t 17 2 38 28 17 10 27 699
t 12 638 5 33 30 33 25 18
t 35 35 28 644 14 4 25 33
t 30 17 40 14 2 35 788 37
t 9 8 20 11 570 17 11 5
t 600 30 34 5 18 9 6 23
t 20 596 13 15 23 17 10 18
t 593 11 17 3 13 4 14 20
t 21 585 9 4 6 20 9 14
t 36 4 33 15 10 690 15 33
t 2 25 20 631 40 8 33 3
t 584 1 21 22 5 17 13 17
t 581 21 13 13 20 9 5 10
t 28 25 12 656 26 16 37 4
t 1 579 25 6 17 24 21 19
t 19 40 600 16 31 16 31 18
t 8 39 24 686 27 11 4 36
t 29 666 36 14 3 34 17 35
t 8 564 16 22 18 8 21 24
t 1 11 2 29 18 721 40 16
t 609 14 4 37 32 34 19 21
t 17 10 34 37 22 651 23 29
t 22 3 597 18 9 9 2 23
t 19 10 14 24 23 17 22 574
t 33 737 0 19 11 40 37 2
t 27 7 23 14 13 37 33 735
t 582 21 2 18 18 21 23 19
t 2 22 21 3 22 10 25 587
t 9 40 5 17 760 1 13 37
t 7 22 21 22 16 733 27 15
t 22 9 24 11 12 572 24 12
t 7 13 8 20 6 22 8 569
t 14 20 5 17 12 17 589 4
t 5 2 24 655 1 40 39 1
t 23 25 571 25 25 2 7 22
t 32 14 605 2 35 13 1 31
t 4 16 590 12 24 15 11 24
t 9 23 13 6 4 587 7 17
t 14 7 21 587 13 14 23 16
t 36 15 14 26 702 21 24 33
t 21 15 9 19 597 4 25 24
t 26 8 4 31 35 32 733 11
t 16 14 24 587 16 14 4 18
t 28 10 21 12 27 692 36 23
t 22 597 11 11 9 25 14 7
t 562 3 8 3 16 21 1 19
t 25 5 570 13 13 22 24 9
t 29 8 650 8 16 13 9 5
t 36 11 25 13 18 704 11 9
t 27 36 3 13 16 12 40 633
t 3 641 38 29 38 8 11 11
t 11 6 586 22 14 2 11 25
t 14 7 13 10 584 9 4 17
t 33 11 23 23 711 8 11 18
t 15 16 21 38 677 19 23 24
t 25 13 8 10 588 15 7 17
t 24 14 23 585 2 1 4 5
t 35 29 8 8 0 677 19 7
t 1 22 21 13 594 14 9 14
t 37 638 36 34 18 19 2 8
t 37 27 21 731 24 7 15 20
t 7 5 22 1 16 733 4 8
t 12 580 25 2 20 8 20 18
t 13 586 25 23 1 1 24 18
t 20 21 24 18 16 20 13 570
t 24 18 6 7 20 583 2 10
t 19 4 9 35 25 784 33 21
t 21 2 2 23 11 6 563 14
t 24 1 15 13 12 584 5 12
t 40 37 0 35 39 633 31 31
t 15 4 3 5 578 19 10 4
t 24 14 19 8 590 24 12 17
t 25 24 23 27 25 26 23 684
t 18 6 563 19 15 20 10 22
t 4 8 1 8 19 5 14 585
t 27 30 7 0 4 18 12 611
t 10 11 13 24 9 2 577 21
t 9 8 3 597 16 20 18 8
t 31 12 15 36 40 683 8 31
t 29 15 24 29 606 10 0 33
t 2 15 22 28 689 4 25 4
t 3 10 23 561 24 4 23 4
t 708 35 3 36 38 10 31 11
t 30 1 645 11 17 39 32 30
t 674 14 24 5 21 1 39 11
t 6 14 9 588 16 18 3 2
t 17 32 32 31 6 30 646 8
t 25 4 17 11 10 12 21 581
t 12 1 669 13 24 37 33 12
t 1 572 5 14 2 13 9 7
t 9 4 591 21 20 12 17 4
t 18 3 10 15 4 599 18 14
t 20 6 571 10 14 25 17 22
t 1 6 17 607 19 12 2 35
t 9 17 4 9 24 622 11 21
t 17 589 8 5 18 10 23 11
t 25 21 573 22 16 6 4 8
t 14 742 6 1 14 39 10 3
t 21 5 29 0 775 11 23 33
t 7 18 584 12 24 1 9 5
t 793 0 39 16 22 31 26 38
t 8 21 571 24 9 23 3 22
t 13 4 655 40 17 25 1 6
t 17 10 9 19 21 589 3 24
t 23 1 9 3 11 2 577 10
t 6 3 25 25 765 36 29 1
t 10 24 19 20 8 22 22 599
t 33 20 743 8 27 31 15 10
t 23 15 8 12 11 10 8 588
t 11 3 16 22 22 7 22 595
t 598 7 12 5 5 21 22 6
t 21 599 22 23 22 25 23 14
t 18 13 5 575 22 9 15 16
t 8 31 40 34 720 4 29 32
t 13 21 594 15 24 22 10 17
t 18 11 7 8 3 597 8 1
t 29 20 15 18 18 744 6 3
t 3 0 8 24 2 748 20 3
t 12 38 625 35 11 25 14 37
t 4 19 17 8 593 18 9 7
t 15 35 1 776 24 13 33 5
t 29 21 31 0 40 723 38 2
t 33 22 12 38 37 604 9 40
t 2 32 32 26 730 40 23 14
t 3 3 11 27 21 704 40 37
t 34 4 38 37 689 29 37 5
t 4 23 13 11 2 18 9 562
t 13 597 25 18 23 10 24 1
t 0 3 16 7 22 35 6 756
t 4 11 22 2 20 626 6 30
t 19 20 10 10 14 569 16 8
t 733 29 30 1 34 27 12 15
t 18 6 36 3 20 5 789 35
t 36 28 22 10 32 655 11 9
t 28 7 6 25 684 25 11 14
t 17 13 4 24 24 3 14 599
t 36 21 10 40 27 26 38 678
t 0 35 722 0 36 32 25 7
t 22 23 23 3 14 5 24 562
t 7 26 3 28 656 16 25 23
t 31 18 39 10 33 18 17 721
t 15 19 9 24 12 582 23 13
t 1 39 755 14 40 29 22 22
t 31 3 33 6 31 25 18 736
t 40 25 39 18 1 10 649 24
t 605 36 1 25 20 20 17 10
t 21 27 22 11 21 15 759 20
t 24 623 38 13 27 27 14 8
t 735 33 29 6 17 3 40 3
t 22 4 3 711 18 23 27 17
t 28 40 15 25 39 14 21 787
t 36 666 7 11 19 7 28 3
t 23 15 18 581 11 22 7 25
t 12 25 4 561 11 20 3 7
t 19 6 1 4 0 17 659 20
t 1 5 19 28 15 756 28 16
t 2 29 736 18 32 26 9 15
t 17 570 2 5 4 13 7 6
t 561 2 3 24 4 25 16 15
t 21 598 25 23 18 25 4 15
t 20 2 20 1 9 571 14 10
t 22 599 15 4 8 2 17 16
t 6 23 4 9 17 24 581 12
t 15 8 1 571 18 9 11 10
t 3 5 18 18 17 40 781 7
t 4 38 3 7 600 5 2 39
t 12 21 578 18 7 19 10 17
t 5 720 40 16 39 14 16 19
t 593 20 7 1 22 25 1 13
t 1 22 24 583 17 3 23 5
t 10 579 21 9 25 6 21 2
t 6 21 2 8 568 16 15 12
t 24 15 6 17 568 18 3 19
t 16 36 3 14 717 21 27 18
t 19 12 589 22 25 8 9 12
t 16 11 21 10 8 572 10 19
t 11 3 16 12 564 17 11 12
t 3 9 19 588 12 25 7 17
t 625 19 0 11 3 27 13 14
t 31 39 31 724 19 12 19 10
t 39 38 679 2 29 32 16 21
t 11 701 31 15 40 9 19 15
t 9 592 18 24 18 13 5 11
t 36 17 26 40 20 693 37 6
t 13 13 590 7 13 23 20 11
t 35 2 759 17 8 7 1 10
t 27 2 17 29 23 16 645 2
t 30 620 28 5 39 32 26 33
t 39 9 1 27 18 27 30 735
t 6 5 5 8 667 38 10 40
t 19 33 9 795 10 2 20 19
t 572 2 10 8 13 11 22 17
t 1 10 34 18 12 9 776 24
t 23 23 11 584 6 6 18 12
t 19 9 10 565 13 8 18 20
t 21 15 25 23 7 19 587 1
t 16 1 40 700 15 21 16 33
t 14 13 5 588 17 1 21 22
t 3 0 764 21 33 34 23 0
t 34 1 767 0 28 36 35 15
t 16 29 3 37 31 29 6 745
t 777 12 35 23 34 16 5 3
t 9 6 22 22 7 2 582 7
t 10 9 12 13 566 11 8 5
t 22 622 11 1 37 22 27 10
t 661 0 0 17 1 12 7 18
t 9 18 17 7 24 582 5 13
t 698 26 7 4 9 15 15 38
t 11 30 18 20 762 33 18 3
t 12 21 590 14 18 14 1 2
t 19 18 18 10 24 5 562 7
t 25 19 586 23 18 22 23 16
t 9 16 3 567 15 6 16 22
t 34 27 4 30 26 32 6 668
t 7 23 14 21 14 599 13 8
t 4 39 0 11 24 38 15 704
t 19 6 19 15 5 586 24 23
t 569 7 16 18 8 14 5 3
t 1 18 13 6 11 561 9 21
t 5 7 5 4 15 592 25 11
t 40 34 18 12 35 10 15 712
t 10 13 19 8 596 3 15 17
t 19 11 8 14 3 596 8 5
t 9 6 24 562 2 11 23 14
t 14 9 560 14 11 2 9 13
t 763 38 34 19 35 12 13 14
t 19 20 21 11 20 1 592 17
t 8 16 11 598 17 8 22 2
t 589 5 25 22 7 17 4 17
t 20 27 35 25 20 30 759 35
t 25 786 16 37 35 23 19 18
t 33 39 26 10 18 36 641 20
t 7 15 9 15 24 3 10 589
t 14 24 22 25 18 7 569 16
t 2 1 8 20 25 3 14 575
t 2 10 4 5 12 17 561 1
t 27 28 36 7 40 630 11 14
t 18 38 11 39 17 25 718 16
t 27 684 18 35 39 12 13 17
t 17 665 33 15 18 2 21 31
t 20 16 9 568 17 7 1 19
t 2 2 19 15 23 11 20 574
t 22 10 598 17 11 3 20 17
t 15 17 4 17 649 6 13 8
t 15 569 3 6 3 11 8 12
t 2 11 730 10 24 11 11 36
t 712 21 34 40 15 39 27 17
t 9 21 585 23 2 12 2 25
t 8 10 17 25 18 11 12 560
t 20 17 4 9 2 19 568 10
t 0 28 37 14 13 32 625 20
t 9 4 17 583 14 22 24 21
t 26 707 9 37 21 25 35 35
t 13 9 32 29 28 7 28 736
t 30 21 40 28 0 11 780 40
t 20 4 15 6 11 13 705 16
t 4 598 9 16 5 12 12 24
t 4 2 8 1 565 1 17 1
t 9 2 1 1 10 560 25 19
t 599 15 8 3 16 8 19 3
t 3 5 11 23 599 22 4 4
t 26 15 6 13 724 11 10 40
t 20 22 577 15 23 2 24 23
t 11 40 19 4 694 9 16 31
t 14 793 20 35 20 18 13 25
t 11 9 7 22 17 588 4 23
t 20 26 24 1 24 39 660 8
t 13 7 2 560 16 18 4 18
t 12 34 3 787 3 8 28 36
t 25 21 13 588 22 18 13 5
t 0 24 36 5 20 22 757 20
t 19 19 16 15 6 563 1 7
t 35 1 25 2 40 10 32 775
t 578 2 12 3 22 1 8 5
t 19 18 20 6 778 37 12 22
t 12 22 9 24 560 3 20 5
t 25 25 16 18 575 3 3 7
t 24 19 33 717 10 18 13 8
t 4 573 13 17 24 3 12 9
t 20 24 568 16 21 25 3 15
t 16 19 8 19 568 11 8 11
t 3 721 22 33 23 0 7 12
t 33 31 2 28 16 6 25 741
t 20 11 4 19 18 7 569 22
t 34 8 612 31 33 40 21 12
t 2 3 13 2 24 583 20 14
t 7 4 21 23 10 5 5 619
t 30 29 40 3 10 37 649 36
t 6 24 21 577 13 8 6 15
t 4 586 1 14 16 14 13 9
t 9 18 25 12 23 23 597 8
t 758 20 27 27 16 22 20 38
t 25 21 18 6 9 16 16 588
t 16 20 14 9 25 598 16 24
t 19 13 590 24 18 6 16 25
t 18 592 3 19 13 17 9 8
t 26 1 7 32 6 35 708 21
t 3 24 25 26 4 740 13 29
t 8 22 26 32 732 12 15 36
t 4 7 568 12 22 19 16 2
t 702 26 18 15 1 38 5 34
t 594 12 3 23 14 18 19 12
t 1 18 24 4 1 23 25 577
t 560 6 7 12 23 24 14 6
t 18 23 16 566 14 17 24 12
t 2 30 715 0 29 15 20 10
t 24 599 1 23 15 9 23 21
t 596 24 25 16 3 3 19 23
t 1 14 5 1 4 571 25 24
t 1 25 12 5 7 23 18 579
t 24 22 29 607 1 9 6 25
t 590 20 17 22 18 24 2 5
t 23 2 7 9 19 15 591 19
t 571 12 7 18 1 19 17 6
t 17 7 16 20 22 586 19 10
t 12 1 0 23 3 16 12 672
t 6 563 19 6 7 8 19 13
t 21 7 15 35 3 676 16 0
t 4 16 37 700 23 10 14 35
t 15 23 585 5 7 22 5 25
t 19 12 16 19 22 3 571 16
t 11 564 23 22 17 4 12 23
t 10 28 33 4 20 18 4 747
t 39 670 13 27 21 6 10 17
t 12 20 21 695 28 15 24 34
t 7 1 13 726 30 18 32 39
t 21 565 18 10 24 22 18 24
t 39 9 35 657 14 30 7 15
t 27 7 36 3 621 39 1 9
t 16 21 25 9 15 19 2 568
t 12 14 7 597 13 16 17 3
t 4 597 3 23 14 15 2 7
t 676 6 8 13 32 14 15 14
t 24 10 11 18 3 20 574 7
t 1 29 3 702 3 27 26 6
t 38 616 38 16 18 39 12 0
t 21 23 18 16 561 20 12 13
t 19 23 23 15 23 3 593 2
t 560 8 7 24 21 2 20 23
t 14 22 16 22 17 20 599 21
t 17 18 1 1 16 13 6 584
t 8 7 25 17 9 20 588 1
t 6 25 668 0 4 24 15 21
t 8 15 20 571 13 1 2 7
t 10 571 21 14 14 18 15 23
t 20 9 591 1 14 12 24 19
t 25 773 35 1 29 9 36 36
t 27 696 2 3 37 0 8 5
t 24 15 18 14 765 37 15 28
t 34 32 40 32 29 649 10 17
t 9 22 572 4 17 19 18 17
t 39 40 680 28 25 10 22 8
t 26 13 639 26 19 38 19 38
t 12 5 19 21 19 18 9 582
t 36 9 6 30 33 2 738 36
t 594 4 22 6 5 4 17 7
t 3 31 16 5 29 38 789 19
t 648 27 39 14 39 38 22 25
t 5 23 18 10 19 599 22 7
t 13 5 14 16 22 593 10 21
t 16 11 14 14 30 31 708 27
t 580 1 21 20 3 9 7 11
t 4 13 11 7 23 20 5 597
t 20 791 28 0 14 2 29 38
t 7 8 596 9 2 18 7 22
t 23 6 21 14 22 20 589 2
t 14 19 25 15 594 16 6 12
t 586 9 23 14 6 18 17 10
t 27 728 20 1 34 34 33 18
t 25 8 25 22 18 566 22 21
t 34 39 30 17 0 729 40 36
t 17 19 703 33 11 0 19 30
t 8 17 3 14 5 560 24 18
t 14 13 7 25 8 22 599 25
t 2 24 16 581 8 13 15 5
t 9 37 34 33 15 27 30 712
t 20 18 596 23 1 1 19 10
t 30 11 25 7 728 30 19 7
t 12 33 36 11 2 789 0 36
t 23 570 5 11 3 21 22 6
t 9 36 36 26 10 19 714 33
t 34 35 18 9 14 28 663 12
t 4 10 20 17 13 564 24 3
t 590 11 3 18 18 12 8 17
t 40 1 34 33 18 39 27 669
t 8 21 4 7 8 20 560 19
t 32 4 9 8 654 3 24 4
t 7 6 10 594 4 22 7 24
t 1 20 24 593 24 13 12 14
t 21 5 14 20 8 598 25 21
t 24 28 779 19 33 16 25 1
t 12 10 15 15 19 591 21 3
t 11 20 8 18 561 13 11 1
t 795 11 19 31 0 35 25 6
t 9 2 10 1 586 10 15 9
t 32 24 14 7 6 606 23 7
t 10 8 587 6 14 13 8 10
t 14 9 22 16 9 582 12 13
t 6 20 14 15 14 15 21 588
t 24 23 560 8 5 18 11 25
t 19 12 593 19 18 14 14 4
t 14 34 16 728 30 19 32 29
t 35 14 724 25 27 24 21 28
t 40 30 682 35 27 38 40 34
t 680 32 6 27 27 33 13 15
t 19 7 4 15 7 7 22 571
t 4 566 17 3 13 23 17 14
t 20 3 7 4 14 15 17 591
t 20 20 21 8 566 13 10 10
t 22 12 25 24 7 25 575 24
t 8 27 703 23 28 31 25 13
t 35 34 34 8 5 36 19 684
t 25 17 9 567 25 25 1 17
t 13 17 597 18 7 1 15 20
t 17 19 2 1 25 577 17 25
t 20 9 24 14 581 3 17 9
t 7 4 15 19 17 3 19 564
t 28 7 8 8 33 773 5 33
t 6 1 590 13 11 21 11 16
t 10 12 7 25 17 1 572 6
t 0 740 31 34 37 19 39 36
t 13 9 35 22 40 36 2 675
t 4 21 14 569 8 4 18 14
t 3 562 14 12 11 14 22 21
t 33 3 8 13 5 21 6 792
t 7 18 27 649 38 26 15 34
t 5 571 12 5 10 2 9 25
t 13 4 2 596 8 19 11 11
t 794 36 28 29 25 17 9 36
t 25 17 17 563 2 2 25 9
t 11 11 16 21 593 24 1 25
t 15 593 20 7 9 5 19 14
t 23 22 765 21 28 16 20 22
t 9 18 24 10 14 12 4 585
t 13 28 21 25 794 7 39 27
t 33 4 1 17 15 616 12 19
t 604 10 9 9 35 20 7 26
t 2 11 1 15 584 8 11 18
t 1 39 20 759 16 12 22 16
t 25 9 6 5 599 24 20 18
t 5 35 728 24 2 8 9 35
t 14 2 5 14 13 566 11 14
t 32 4 22 25 9 30 624 28
t 591 5 11 3 19 13 3 22
t 23 17 14 6 12 17 580 22
t 579 12 22 4 18 21 8 10
t 17 20 590 21 17 2 11 19
t 14 22 1 19 575 5 13 22
t 33 6 652 30 10 4 14 10
t 16 11 11 3 598 4 12 11
t 8 13 594 17 5 9 21 1
t 2 16 9 17 15 17 562 14
t 21 1 1 3 28 31 733 8
t 780 1 21 1 2 15 1 0
t 12 3 24 25 767 36 23 5
t 33 39 30 39 725 31 4 19
t 10 20 564 22 24 15 18 13
t 19 15 25 599 20 9 8 6
t 1 15 574 13 2 18 24 1
t 38 14 2 34 4 722 26 36
t 9 10 19 16 598 20 3 14
t 24 12 5 564 25 4 2 22
t 29 21 35 8 7 29 34 661
t 14 23 8 8 15 13 586 5
t 11 2 23 11 25 576 10 10
t 3 14 6 1 573 18 2 11
t 15 10 13 4 19 21 1 585
t 665 33 38 6 5 3 27 33
t 18 6 12 19 12 20 20 574
t 6 5 23 8 595 6 19 12
t 580 24 1 1 18 15 5 7
t 34 11 7 38 16 5 29 767
t 587 24 23 22 24 24 12 25
t 27 40 27 2 20 607 14 18
t 2 689 37 17 39 25 31 15
t 24 18 8 21 13 1 15 587
t 11 25 11 8 14 574 20 12
t 14 572 11 4 21 22 25 3
t 18 20 17 3 20 24 562 13
t 6 18 35 40 26 28 619 37
t 25 5 17 566 20 15 2 13
t 12 10 581 9 1 17 22 10
t 5 12 7 0 661 25 24 25
t 36 11 8 7 39 11 747 11
t 26 5 26 601 17 31 33 1
t 36 8 2 23 734 30 4 29
t 11 15 23 11 590 11 14 11
t 6 21 10 1 599 9 11 22
t 17 6 3 17 13 11 8 578
t 8 13 583 20 23 23 25 12
t 580 14 24 8 19 23 17 4
t 24 11 8 704 38 13 28 17
t 6 1 592 25 14 19 14 19
t 20 25 23 595 6 5 24 6
t 19 33 10 17 31 748 8 28
t 24 39 668 0 20 35 40 9
t 22 15 16 18 8 581 7 14
t 27 737 2 12 4 40 11 21
t 25 25 16 5 6 32 8 620
t 1 13 10 571 25 18 14 7
t 575 16 11 14 5 9 6 14
t 35 9 1 16 9 33 36 727
t 13 15 28 4 17 28 628 34
t 23 18 37 793 29 26 20 18
t 20 23 15 24 24 589 2 24
t 581 15 11 20 18 15 17 12
t 22 21 593 21 21 13 19 3
t 705 22 23 33 31 31 16 6
t 3 601 39 2 7 31 34 14
t 12 23 26 25 687 30 10 2
t 26 40 29 16 6 662 3 38
t 5 7 18 22 7 597 5 23
t 9 12 584 8 21 23 3 18
t 13 9 13 6 1 590 22 18
t 6 25 11 2 1 599 9 12
t 18 11 7 569 11 24 18 16
t 39 24 744 17 18 22 28 5
t 1 11 22 8 11 578 4 3
t 12 5 6 1 10 586 21 4
t 19 5 575 22 15 16 6 12
t 31 38 40 34 719 27 2 19
t 640 20 28 4 30 22 5 12
t 4 19 3 1 37 716 19 24
t 596 14 16 3 22 24 22 2
t 5 18 35 22 10 0 32 638
t 720 23 17 28 11 8 8 5
t 11 563 2 22 2 4 17 18
t 34 40 3 759 19 22 1 22
t 8 578 3 8 20 21 22 18
t 32 29 783 6 24 4 15 14
t 614 13 19 7 7 10 5 17
t 567 24 13 5 13 23 25 12
t 24 11 16 8 37 30 2 775
t 576 20 3 23 13 4 17 21
t 723 10 7 5 31 27 39 5
t 22 15 17 10 25 637 12 15
t 33 23 614 10 35 28 27 32
t 23 25 4 14 4 25 15 587
t 25 7 14 22 4 599 12 14
t 22 594 15 22 22 6 3 10
t 10 1 34 34 15 12 10 668
t 15 22 1 16 578 1 25 1
t 13 1 16 17 6 3 568 18
t 24 7 561 1 22 17 15 15
t 11 597 13 12 23 12 9 5
t 23 12 589 25 5 3 12 20
t 20 23 36 24 26 2 1 602
t 27 32 12 14 13 0 714 17
t 11 20 5 6 25 571 4 21
t 578 22 6 3 25 21 5 21
t 12 2 12 11 2 4 563 15
t 4 11 628 16 33 1 3 14
t 22 7 14 578 14 21 23 12
t 17 768 29 24 35 36 7 25
t 21 23 2 574 19 7 22 22
t 2 2 22 7 566 4 24 14
t 21 576 8 16 7 20 6 18
t 25 653 12 6 21 28 24 36
t 0 14 677 0 22 2 39 35
t 30 31 28 703 36 31 26 3
t 12 32 25 10 23 22 747 25
t 34 622 20 20 10 36 21 7
t 31 5 22 24 22 7 635 39
t 17 3 4 35 37 35 623 34
t 24 3 9 6 8 578 3 5
t 16 10 7 580 3 4 16 5
t 4 20 17 18 20 24 5 561
t 20 35 32 2 23 678 32 36
t 25 586 10 5 23 15 22 21
t 13 22 15 568 19 17 7 24
t 24 6 19 20 565 6 25 7
t 24 16 25 31 30 767 20 16
t 16 23 2 576 5 14 18 23
t 688 18 31 38 28 12 1 25
t 23 15 1 0 27 644 21 40
t 8 9 21 3 7 11 595 17
t 24 1 16 5 17 23 7 563
t 1 12 17 17 6 598 12 22
t 4 12 19 2 11 8 18 586
t 10 2 10 13 2 568 1 2
t 5 30 794 5 11 0 16 36
t 1 24 13 13 13 20 566 15
t 17 34 5 12 1 15 0 719
t 39 30 26 39 708 19 7 30
t 24 23 22 6 8 587 16 18
t 19 14 6 23 15 12 20 581
t 29 30 33 31 640 34 6 22
t 13 19 3 573 24 2 14 20
t 8 29 2 12 40 772 3 20
t 17 14 11 15 2 588 25 14
t 36 29 9 25 31 693 2 19
t 38 11 1 614 29 10 37 16
t 3 704 20 14 11 12 21 31
t 33 32 733 3 13 9 2 32
t 8 38 38 35 39 15 763 3
t 577 19 25 13 17 3 11 18
t 13 23 3 1 587 12 23 16
t 28 8 21 35 693 15 0 25
t 9 12 33 20 35 624 16 7
t 580 23 19 10 4 19 8 22
t 15 775 40 20 34 18 30 22
t 4 6 5 2 3 24 583 4
t 23 658 36 23 39 15 19 15
t 14 764 26 13 12 21 25 40
t 39 5 17 8 24 657 0 32
t 621 17 21 8 26 14 39 32
t 0 755 39 10 5 4 38 11
t 18 574 7 6 13 19 6 24
t 599 25 23 4 8 18 5 18
t 6 608 1 38 25 12 36 40
t 5 20 19 11 589 15 6 18
t 1 22 597 10 15 17 6 13
t 11 4 13 589 14 24 5 18
t 15 32 26 4 32 795 40 26
t 23 25 11 565 18 14 9 10
t 26 18 35 29 11 688 23 3
t 18 13 24 598 1 21 20 23
t 7 6 15 5 3 583 3 2
t 11 8 629 12 17 14 11 1
t 13 23 598 7 13 4 5 1
t 34 19 36 35 27 24 665 25
t 11 11 21 685 16 31 15 19
t 7 9 23 22 22 35 647 8
t 16 23 4 17 17 578 17 24
t 592 11 11 9 22 10 13 16
t 9 9 11 2 16 568 18 1
t 28 39 25 29 7 17 18 603
t 4 19 17 18 578 23 22 23
t 20 31 26 35 670 36 21 23
t 11 592 19 14 21 22 24 17
t 18 5 23 11 3 23 25 594
t 37 6 27 21 631 36 36 20
t 3 17 9 18 14 566 4 1
t 24 21 26 32 5 15 759 12
t 583 14 24 13 5 15 21 1
t 584 19 2 21 2 5 20 3
t 32 6 40 15 16 3 10 636
t 637 24 40 12 31 1 12 7
t 5 34 9 2 10 26 19 683
t 4 19 5 11 23 19 595 11
t 574 13 10 15 14 15 17 5
t 15 17 23 579 10 10 13 1
t 15 37 10 744 4 32 17 10
t 15 4 633 2 11 22 38 22
t 10 562 4 23 25 9 18 23
t 2 4 2 11 564 16 10 22
t 17 21 7 17 11 577 4 12
t 4 7 22 22 2 592 8 13
t 589 14 4 1 18 1 18 2
t 3 14 0 6 24 1 37 747
t 6 576 10 19 17 12 8 5
t 2 3 37 37 728 26 33 28
t 6 2 25 15 571 18 13 13
t 18 5 17 23 599 22 12 19
t 7 10 678 18 28 40 30 37
t 792 6 29 12 34 10 8 34
t 21 3 1 569 23 3 10 17
t 19 598 13 3 5 17 25 23
t 11 5 15 15 564 2 21 13
t 19 675 35 20 23 29 18 32
t 11 712 34 29 1 6 36 32
t 9 729 22 11 5 10 40 17
t 12 1 592 20 3 9 12 13
t 22 560 8 3 25 13 15 6
t 597 15 12 18 12 13 22 5
t 7 7 5 17 13 6 576 12
t 26 22 39 800 7 39 19 4
t 23 568 23 14 2 22 4 23
t 5 3 3 16 5 19 589 24
t 12 3 5 21 25 21 23 596
t 24 12 598 1 2 19 7 12
t 4 30 0 800 30 14 26 0
t 23 643 22 7 22 31 3 33
t 39 17 8 29 12 798 39 28
t 7 6 657 20 20 18 33 24
t 7 15 24 22 17 13 9 568
t 616 34 37 12 30 36 8 27
t 13 13 14 15 575 7 19 4
t 1 592 20 12 13 23 22 23
t 15 7 8 14 10 567 5 1
t 11 18 30 32 2 682 9 16
t 14 16 26 25 29 770 27 6
t 8 10 31 770 21 9 13 12
t 18 13 26 1 660 6 36 11
t 15 23 582 16 24 13 24 22
t 4 15 599 10 21 20 24 12
t 578 15 14 4 13 21 20 5
t 647 21 34 25 14 23 7 21
t 12 37 14 11 719 13 3 32
t 5 5 18 18 18 598 17 19
t 1 19 16 25 597 25 19 7
t 24 2 30 15 652 3 36 25
t 19 789 34 19 18 30 10 15
t 592 18 19 17 19 5 4 7
t 29 2 748 18 29 5 29 34
t 786 9 1 33 22 16 19 27
t 9 8 596 18 15 25 17 18
t 30 12 6 16 10 39 783 25
t 24 24 23 20 594 12 19 15
t 766 8 12 3 8 20 22 10
t 654 26 24 3 37 13 39 7
t 666 27 35 3 22 9 31 31
t 9 2 587 11 11 1 24 24
t 2 1 9 572 11 11 21 21
t 25 13 11 12 17 584 24 20
t 18 13 7 23 4 4 4 581
t 10 39 39 25 35 6 31 630
t 3 20 25 565 22 12 3 21
t 38 685 26 34 28 29 11 24
t 6 29 26 0 5 777 3 19
t 18 586 23 14 11 22 3 25
t 32 38 5 4 11 0 690 0
t 21 16 25 23 8 4 16 569
t 5 3 11 2 22 584 25 25
t 20 6 23 9 18 590 24 6
t 29 36 32 12 1 681 0 31
t 40 22 20 709 21 0 15 13
t 22 25 24 31 12 10 16 663
t 11 40 19 16 29 36 716 13
t 18 32 38 7 23 8 32 774
t 8 3 10 10 5 25 10 590
t 4 33 16 659 22 19 34 38
t 36 5 15 36 627 24 10 6
t 657 31 17 40 40 19 12 26
t 5 25 599 6 8 4 19 4
t 15 18 22 14 21 17 562 6
t 568 2 20 7 11 4 21 12
t 7 32 36 7 31 690 11 5
t 599 3 19 13 21 10 4 25
t 697 27 31 24 9 1 15 3
t 28 23 13 18 4 33 7 781
t 15 40 18 18 30 607 16 17
t 25 569 12 1 19 15 9 1
t 10 8 7 14 12 2 564 6
t 6 3 584 7 10 15 14 22
t 26 16 9 655 2 23 10 13
t 25 15 606 19 33 5 34 28
t 584 3 5 23 15 25 8 20
t 18 6 18 13 4 3 6 598
t 0 38 15 2 627 1 33 1
t 15 5 585 18 20 14 23 11
t 3 11 595 8 1 18 10 8
t 9 17 11 13 13 13 17 565
t 16 12 7 6 14 5 564 19
t 11 4 13 5 38 25 34 693
t 26 685 33 25 22 28 17 13
t 6 31 25 34 31 31 717 13
t 645 13 28 35 28 8 27 11
t 23 19 5 9 15 7 567 11
t 10 15 16 600 37 23 15 10
t 19 784 12 22 29 29 39 3
t 17 3 573 5 4 19 3 9
t 17 23 575 23 21 4 9 1
t 17 2 16 13 565 7 20 20
t 15 24 3 18 32 629 22 11
t 25 25 10 3 27 20 36 682
t 14 18 5 3 2 12 596 8
t 2 12 7 12 22 15 31 628
t 6 7 1 1 587 3 20 25
t 4 566 7 12 17 16 3 24
t 20 19 8 14 5 577 18 1
t 13 631 13 6 20 21 6 40
t 7 11 20 5 16 10 570 24
t 28 27 28 18 740 34 26 38
t 20 21 15 25 581 6 1 10
t 13 9 15 18 15 10 17 572
t 23 601 34 20 33 15 34 13
t 10 23 4 22 7 30 33 668
t 583 1 19 10 17 17 25 8
t 35 38 0 4 30 27 0 708
t 648 14 33 5 8 31 7 38
t 14 21 12 597 22 15 22 6
t 6 21 8 24 38 26 646 14
t 7 16 10 20 1 580 10 3
t 19 6 23 574 8 10 11 23
t 21 6 25 9 565 17 16 18
t 28 7 39 20 700 35 23 2
t 20 23 1 3 16 7 10 598
t 35 11 786 6 19 8 0 19
t 11 6 564 23 25 7 4 1
t 36 23 6 19 27 698 13 17
t 32 39 607 3 11 17 31 8
t 3 13 714 6 34 4 3 0
t 16 6 19 25 24 27 776 18
t 25 15 19 16 590 17 20 23
t 25 3 8 9 15 15 5 578
t 24 5 12 11 14 9 18 571
t 3 5 735 14 23 17 37 11
t 26 24 28 23 12 644 37 3
t 24 7 12 17 24 565 21 13
t 767 5 24 28 23 0 0 15
t 11 11 13 4 24 7 17 582
t 5 13 9 7 2 7 16 586
t 28 699 26 1 0 35 12 12
t 20 581 3 12 2 18 12 25
t 24 23 13 690 31 18 2 33
t 7 23 588 2 19 23 10 23
t 568 19 24 15 14 14 19 1
t 15 14 4 16 15 3 19 578
t 0 18 695 8 17 7 29 10
t 1 19 25 2 800 4 7 2
t 24 16 18 572 8 16 8 4
t 6 15 19 2 7 19 594 6
t 11 25 620 19 10 17 15 34
t 14 34 29 5 37 14 676 3
t 33 16 785 19 28 34 37 9
t 20 1 565 9 3 22 15 21
t 38 6 27 12 22 39 28 640
t 20 30 689 24 11 32 35 12
t 22 10 24 13 583 4 21 16
t 5 8 13 6 19 3 576 11
t 18 21 23 5 587 24 22 24
t 16 14 2 23 11 8 7 567
t 662 19 26 9 8 39 27 28
t 5 20 17 598 2 19 15 15
t 40 10 2 671 4 20 19 20
t 8 21 20 1 568 22 15 17
t 8 10 7 22 565 18 23 24
t 23 2 23 24 12 14 596 2
t 23 30 685 21 13 8 14 23
t 24 25 10 19 12 18 591 3
t 38 733 38 30 15 17 15 0
t 17 3 7 33 8 11 737 30
t 4 1 16 1 8 12 566 11
t 10 25 19 11 578 25 3 2
t 2 564 18 1 17 1 19 22
t 8 22 12 3 3 2 4 565
t 24 18 597 12 7 19 23 14
t 775 16 10 32 23 20 11 4
t 31 743 30 17 3 5 26 12
t 28 1 28 4 0 796 26 23
t 582 21 9 9 14 3 5 18
t 4 25 20 10 590 6 17 3
t 3 15 5 23 13 5 585 12
t 40 18 2 621 12 20 39 27
t 2 38 35 17 26 7 22 679
t 20 12 4 22 8 5 589 14
t 3 8 1 16 8 25 15 589
t 23 625 32 29 37 17 2 2
t 25 1 561 11 5 16 25 13
t 17 13 4 1 14 4 15 567
t 585 23 1 2 6 3 5 7
t 27 30 736 18 10 1 16 14
t 15 25 6 23 23 1 16 587
t 604 14 15 36 27 8 5 15
t 6 2 24 2 20 8 594 16
t 10 570 20 15 11 9 3 7
t 22 26 26 33 2 14 666 39
t 5 612 12 4 11 21 34 31
t 17 4 18 10 16 580 6 25
t 12 3 15 1 10 10 582 13
t 40 40 8 34 733 18 34 36
t 33 17 19 40 39 34 19 603
t 37 673 19 11 26 28 17 14
t 31 14 21 7 19 23 708 24
t 13 753 36 25 27 11 20 34
t 2 7 9 19 570 16 4 5
t 9 18 35 38 30 744 22 39
t 22 2 18 13 22 21 30 718
t 6 730 38 27 1 36 35 25
t 10 25 32 3 3 37 31 640
t 17 32 22 14 36 20 777 34
t 632 31 15 19 34 28 19 7
t 4 3 22 584 14 7 12 14
t 24 6 40 25 21 24 636 6
t 15 21 2 592 7 23 19 8
t 23 5 7 20 11 14 586 16
t 2 10 19 6 19 571 4 7
t 2 14 17 687 24 15 25 16
t 10 22 22 562 15 25 9 7
t 20 564 14 21 8 10 12 25
t 10 12 21 2 8 576 15 19
t 569 5 25 2 21 25 6 14
t 9 14 579 2 6 21 25 6
t 30 22 667 20 15 6 38 15
t 665 1 22 21 12 4 4 23
t 13 4 4 14 17 581 3 10
t 15 5 13 597 3 6 11 8
t 5 20 22 565 18 22 1 14
t 21 17 37 4 19 662 25 40
t 2 12 5 21 15 13 20 569
t 755 36 38 29 34 31 36 22
t 7 20 661 29 31 8 20 31
t 20 7 4 579 20 13 19 16
t 4 17 19 615 7 37 1 14
t 29 36 29 21 40 784 38 17
t 19 3 22 15 12 20 581 25
t 627 32 25 29 17 33 17 17
t 38 9 10 656 26 6 23 7
t 22 8 11 21 22 772 24 9
t 3 11 757 26 8 33 23 7
t 693 17 30 2 7 19 19 15
t 5 5 15 18 19 589 20 19
t 15 28 11 707 32 39 3 26
t 16 34 37 25 3 19 39 796
t 770 8 17 11 8 24 26 26
t 16 4 15 14 21 19 20 586
t 6 24 12 566 1 10 5 1
t 7 583 16 24 24 20 12 22
t 35 38 754 23 6 15 33 37
t 13 13 15 14 18 20 560 6
t 30 6 608 6 29 35 27 22
t 777 29 16 23 3 34 25 27
t 11 9 14 566 11 9 12 9
t 18 12 8 588 11 6 6 6
t 8 598 1 10 4 18 20 3
t 32 25 32 34 18 9 22 675
t 1 3 582 10 10 3 25 16
t 20 25 3 584 4 3 15 4
t 8 23 35 28 24 673 29 20
t 24 22 0 1 30 4 603 20
t 11 12 1 5 16 7 18 576
t 17 587 6 16 16 7 1 21
t 7 21 565 11 11 4 2 14
t 35 9 3 2 36 631 15 16
t 21 587 3 10 15 17 24 17
t 17 6 579 14 17 8 17 25
t 24 3 30 603 17 6 10 25
t 15 24 23 2 2 4 3 594
t 23 17 625 3 15 22 4 38
t 12 562 23 23 12 24 14 20
t 15 11 8 11 22 34 695 17
t 22 37 30 1 27 32 25 627
t 24 21 7 14 580 7 8 1
t 28 9 667 30 20 26 12 1
t 19 699 17 35 35 1 19 39
t 10 2 18 18 14 8 593 15
t 32 38 39 8 30 640 37 38
t 21 34 5 763 20 10 10 3
t 14 16 21 566 2 5 15 24
t 13 16 16 15 7 16 588 17
t 7 569 6 18 17 13 14 10
t 642 24 26 21 27 32 29 30
t 5 701 38 9 23 38 29 21
t 20 24 24 18 575 19 11 1
t 37 19 14 711 34 23 9 15
t 18 18 10 574 3 14 5 7
t 1 596 3 22 22 20 3 18
t 29 24 6 28 747 21 35 0
t 13 25 2 17 9 9 594 13
t 9 6 16 22 595 7 10 3
t 4 19 10 8 12 13 18 585
t 5 2 17 5 22 12 595 8
t 37 8 3 5 20 16 663 12
t 708 25 22 16 32 3 28 1
t 5 9 29 23 19 7 718 6
t 14 6 569 18 18 4 19 14
t 21 25 562 21 16 9 20 22
t 13 14 570 11 16 23 23 8
t 18 1 35 5 763 29 27 3
t 25 24 6 1 17 676 31 10
t 15 37 30 601 29 16 9 18
t 11 13 18 1 3 1 595 17
t 13 17 755 39 19 39 27 36
t 11 718 39 19 3 21 5 14
t 8 2 1 10 10 570 18 9
t 35 21 32 14 20 11 21 694
t 12 22 590 9 12 5 14 15
t 3 25 8 9 4 10 746 6
t 6 607 27 34 4 32 32 22
t 23 18 17 567 1 3 22 11
t 734 26 40 5 2 0 25 0
t 15 23 23 29 615 25 31 38
t 23 11 6 15 583 12 2 21
t 18 2 9 5 12 18 15 585
t 6 17 12 24 600 35 16 19
t 596 23 13 13 2 4 2 1
t 21 10 573 1 3 23 25 3
t 1 7 13 10 17 4 16 565
t 17 37 0 21 9 774 9 1
t 32 24 19 781 38 28 12 32
t 619 7 1 19 14 17 10 2
t 3 10 11 15 23 18 21 598
t 24 4 14 20 15 575 16 5
t 39 14 40 40 9 769 39 7
t 16 9 19 8 9 15 573 19
t 661 7 14 30 0 10 18 26
t 4 27 36 39 24 708 37 0
t 8 20 24 21 22 579 17 13
t 9 1 572 5 16 8 20 13
t 17 25 6 16 20 579 24 1
t 18 8 18 8 573 3 18 1
t 24 16 12 9 16 9 17 571
t 16 33 20 21 796 9 38 12
t 734 12 6 33 27 27 8 26
t 19 3 1 5 25 591 2 7
t 736 24 6 20 27 30 18 7
t 6 7 12 25 585 25 24 9
t 38 30 30 21 2 16 32 659
t 18 36 15 13 16 648 40 27
t 609 8 29 17 8 18 40 7
t 709 21 36 1 19 39 31 3
t 12 8 15 24 21 25 24 578
t 24 21 5 11 9 25 20 580
t 16 599 23 6 11 21 23 1
t 25 36 34 29 5 37 38 729
t 38 2 13 30 12 17 726 39
t 7 7 13 14 572 2 15 4
t 37 37 34 11 18 35 705 28
t 29 7 25 9 15 18 5 614
t 25 14 564 13 4 6 22 18
t 6 24 17 592 9 15 23 9
t 29 20 0 14 3 712 1 21
t 16 588 10 3 3 9 25 10
t 13 4 0 732 27 1 19 29
t 6 582 2 5 7 4 3 12
t 5 9 14 16 590 23 25 25
t 36 39 36 703 34 26 14 1
t 13 2 19 21 14 24 587 23
t 598 20 13 11 24 16 6 5
t 2 2 11 29 4 14 782 33
t 22 7 34 667 21 38 40 29
t 566 13 23 16 3 16 6 25
t 15 13 20 25 560 9 22 25
t 5 23 24 595 17 20 22 2
t 14 22 11 23 16 569 4 24
t 14 5 21 20 7 16 577 4
t 15 11 12 17 727 5 17 24
t 21 16 589 21 22 10 18 11
t 3 38 1 2 32 38 738 34
t 14 20 13 9 17 583 16 21
t 30 13 13 40 38 799 16 32
t 589 16 20 6 23 16 8 9
t 19 15 7 14 5 21 579 15
t 0 11 786 1 0 10 11 28
t 17 574 7 25 7 22 24 14
t 16 591 10 2 7 11 18 5
t 34 22 607 32 12 40 34 15
t 567 10 3 14 1 25 15 17
t 31 14 3 17 31 654 33 35
t 3 15 5 1 19 27 752 3
t 1 4 25 5 4 585 16 5
t 19 25 25 9 8 574 12 23
t 6 1 1 4 4 592 21 5
t 581 15 13 10 18 14 13 25
t 11 13 587 17 4 18 7 6
t 31 654 12 37 9 8 7 36
t 5 21 18 581 17 22 2 8
t 10 16 18 592 4 25 8 5
t 16 737 11 19 24 5 3 17
t 5 590 18 12 7 20 18 10
t 35 12 20 28 11 631 10 23
t 19 22 3 7 632 33 29 30
t 21 20 9 5 10 8 571 17
t 25 667 16 22 18 40 20 29
t 18 14 7 4 2 23 561 12
t 5 574 8 8 18 14 19 24
t 2 16 11 711 17 26 11 23
t 3 25 23 8 18 1 11 579
t 4 18 5 577 17 14 17 23
t 36 19 17 25 21 777 31 11
t 13 25 40 17 606 8 36 34
t 3 581 3 20 25 18 16 23
t 740 31 28 2 31 31 21 29
t 17 3 3 3 590 5 15 22
t 8 37 14 37 15 7 706 10
t 702 19 3 27 31 10 6 24
t 27 24 2 649 22 13 11 34
t 20 22 586 14 9 18 25 24
t 5 11 32 33 3 6 33 710
t 6 15 4 18 1 3 1 580
t 7 15 36 772 29 11 3 30
t 6 20 1 33 0 750 4 34
t 14 5 590 25 9 3 9 23
t 10 13 23 15 2 569 19 11
t 10 31 3 20 34 30 615 9
t 34 2 4 32 33 16 37 798
t 3 25 584 13 21 5 10 15
t 21 28 40 9 731 3 27 31
t 22 9 14 16 14 794 4 7
t 5 5 16 6 581 5 8 25
t 17 3 588 25 15 10 12 14
t 19 2 5 24 711 4 21 2
t 12 12 25 12 749 3 31 0
t 4 16 27 21 31 752 34 29
t 35 35 0 37 34 20 745 9
t 584 18 23 7 7 18 11 8
t 25 14 4 39 35 21 683 40
t 14 7 16 8 11 590 20 5
t 584 10 10 17 11 13 15 4
t 11 16 6 7 798 10 16 26
t 15 589 25 23 23 1 24 24
t 22 19 24 25 571 21 7 20
t 12 3 35 31 636 7 0 18
t 29 653 26 13 18 39 1 32
t 23 17 585 17 7 8 25 19
t 36 4 27 8 33 646 23 39
t 1 7 17 19 25 588 19 20
t 24 39 4 619 9 12 26 4
t 31 735 8 19 18 39 17 10
t 21 21 618 2 9 13 1 27
t 592 3 2 20 2 22 25 8
t 4 29 22 12 35 25 34 640
t 21 11 2 17 6 23 574 23
t 40 13 28 16 35 4 18 653
t 23 8 562 11 6 15 5 12
t 2 23 16 6 12 6 4 565
t 728 8 10 34 27 4 37 27
t 31 12 21 14 633 32 23 23
t 18 27 12 18 9 21 639 36
t 15 562 23 24 21 16 3 7
t 34 1 18 8 39 25 630 24
t 603 26 22 32 40 40 13 35
t 7 19 20 16 13 24 595 23
t 610 38 8 5 7 26 8 38
t 34 775 29 2 0 11 15 20
t 9 10 15 8 587 7 8 24
t 39 21 24 23 616 7 39 36
t 16 675 35 32 11 28 30 20
t 2 597 2 23 1 2 20 5
t 8 11 25 39 34 18 8 731
t 3 32 25 39 623 21 31 4
t 2 13 13 566 14 24 20 7
t 603 26 31 29 9 40 39 12
t 22 4 17 5 17 10 15 584
t 22 14 597 12 25 15 22 17
t 723 28 27 30 13 29 37 14
t 8 3 15 19 586 11 15 22
t 3 21 671 11 19 40 16 31
t 29 16 16 40 629 33 28 16
t 22 25 14 2 9 3 9 582
t 12 27 12 27 5 3 789 29
t 18 7 10 18 9 6 586 3
t 13 15 15 3 3 11 10 572
t 28 17 10 773 9 9 26 35
t 10 659 33 0 8 1 13 37
t 6 620 39 28 24 36 32 29
t 17 7 25 596 5 22 25 13
t 16 21 588 13 21 1 3 3
t 20 688 6 34 34 10 33 34
t 2 22 3 11 6 591 16 24
t 11 12 3 15 18 18 2 592
t 621 13 33 34 13 6 23 20
t 39 21 793 29 32 3 19 14
t 1 27 15 17 1 37 734 13
t 19 778 27 20 25 10 19 28
t 5 579 7 7 1 9 25 18
t 17 25 14 578 9 11 12 15
t 21 567 11 16 8 12 21 1
t 26 32 25 17 632 30 7 0
t 29 2 35 13 27 24 11 652
t 21 704 11 1 30 19 14 39
t 37 37 31 2 8 34 9 619
t 28 25 26 12 694 30 28 17
t 642 29 7 9 24 39 9 3
t 741 21 6 17 6 5 11 28
t 4 21 9 0 23 40 606 31
t 599 5 8 10 11 3 16 23
t 9 576 1 1 14 13 9 9
t 719 31 17 21 0 2 19 32
t 572 7 17 5 17 3 23 22
t 13 2 17 590 23 14 16 12
t 10 17 5 16 1 21 592 13
t 40 2 39 13 36 21 15 627
t 5 24 25 18 626 6 1 38
t 737 29 5 33 10 25 10 27
t 22 34 686 35 2 1 13 4
t 11 19 6 563 21 21 24 21
t 34 16 27 672 8 29 40 40
t 599 9 6 16 20 24 7 2
t 16 16 26 24 13 7 6 798
t 593 11 11 19 6 13 5 16
t 9 16 20 596 8 14 19 21
t 24 25 8 10 591 9 11 7
t 24 23 11 592 5 6 21 21
t 589 2 2 10 14 5 4 8
t 12 21 15 4 7 595 5 14
t 7 7 3 2 567 3 19 19
t 1 20 664 16 15 12 40 27
t 575 24 20 4 3 9 5 3
t 23 40 31 10 19 651 30 40
t 9 8 580 11 18 12 16 8
t 24 7 39 790 39 20 36 31
t 561 20 13 4 17 19 1 6
t 18 9 4 13 9 588 25 6
t 19 16 35 39 789 27 29 30
t 1 22 2 9 11 16 22 580
t 14 14 17 7 17 11 596 17
t 23 22 9 25 14 19 4 564
t 21 23 28 34 4 9 12 776
t 11 19 19 30 775 22 19 15
t 13 22 14 572 11 7 3 11
t 27 21 26 655 13 39 35 2
t 3 12 8 20 568 5 22 22
t 21 4 12 16 5 9 19 594
t 21 15 3 23 14 7 14 585
t 17 24 14 25 4 11 571 19
t 34 26 8 18 18 13 17 782
t 593 24 20 20 13 16 17 23
t 16 18 11 17 22 599 22 11
t 561 5 1 1 11 3 5 20
t 5 611 2 9 33 32 1 27
t 12 15 9 563 14 14 2 13
t 15 4 20 22 8 5 9 569
t 28 17 32 30 0 636 12 4
t 599 21 15 3 14 16 23 14
t 18 581 6 5 6 22 11 15
t 20 8 3 21 18 10 10 563
t 35 29 39 709 29 0 38 36
t 654 20 11 28 22 31 3 7
t 3 567 4 15 1 4 4 5
t 6 33 797 24 6 10 34 38
t 22 16 3 4 578 7 6 19
t 1 1 20 21 21 23 577 18
t 26 13 18 32 2 3 664 39
t 10 592 5 12 11 22 3 10
t 19 7 11 23 1 5 597 19
t 25 13 14 5 23 4 568 15
t 8 4 11 1 6 560 4 25
t 25 19 598 21 23 12 11 22
t 17 3 15 571 8 9 3 23
t 564 10 20 2 4 20 10 3
t 9 2 585 15 7 13 12 9
t 7 6 2 581 8 18 6 25
t 40 35 16 21 728 38 3 19
t 23 4 18 562 4 13 24 4
t 2 15 6 8 2 563 25 9
t 5 18 19 11 561 6 8 11
t 17 12 13 12 10 23 13 575
t 20 4 5 22 2 7 562 24
t 5 33 20 679 39 3 40 16
t 21 571 8 24 6 25 17 6
t 24 21 592 22 17 15 3 23
t 18 23 18 25 20 18 575 2
t 7 19 9 582 10 10 2 12
t 23 7 19 12 1 17 22 569
t 12 4 7 20 3 17 2 580
t 6 3 14 560 17 10 18 18
t 652 21 5 12 16 10 36 21
t 580 7 17 20 10 8 10 10
t 6 31 30 10 713 29 26 34
t 28 34 781 15 37 31 0 13
t 37 7 31 26 18 19 37 624
t 3 3 24 572 19 15 25 18
t 2 15 589 20 3 20 8 14
t 17 25 20 589 16 19 24 9
t 6 4 3 12 571 2 12 13
t 17 755 24 40 27 13 40 39
t 8 577 19 1 20 22 9 18
t 2 8 10 10 9 780 39 10
t 28 637 19 10 8 40 26 27
t 21 12 16 2 14 23 564 16
t 24 12 17 39 7 648 28 19
t 35 28 39 33 715 13 20 23
t 37 38 19 30 33 18 13 601
t 29 25 28 33 3 10 667 8
t 16 574 1 8 24 19 7 24
t 15 16 11 12 598 9 18 9
t 16 3 18 16 2 588 8 24
t 38 633 23 24 21 3 4 26
t 23 8 569 18 12 2 23 23
t 20 3 575 22 21 23 25 5
t 19 6 39 714 9 38 26 4
t 591 19 11 25 3 10 22 6
t 16 19 10 588 11 20 10 13
t 14 25 12 3 584 16 4 17
t 597 13 1 19 8 11 14 12
t 15 4 14 594 9 20 17 23
t 20 5 27 751 36 8 27 20
t 3 22 707 9 5 26 33 19
t 25 4 571 17 22 15 23 25
t 28 29 24 23 649 18 11 13
t 3 18 4 4 19 571 3 8
t 15 7 6 20 4 14 592 12
t 8 38 785 27 31 22 32 29
t 8 40 13 33 21 21 27 752
t 5 12 1 594 3 17 17 21
t 34 36 23 4 30 671 39 32
t 621 8 30 40 4 35 25 35
t 19 9 741 2 9 13 29 0
t 586 1 5 7 12 3 21 15
t 22 2 20 687 34 4 1 31
t 34 40 35 4 24 40 750 21
t 576 10 24 5 21 22 2 13
t 27 5 33 7 7 791 20 23
t 4 6 5 3 18 7 566 25
t 35 29 27 30 22 619 39 18
t 24 24 8 25 6 598 18 24
t 8 12 9 27 9 6 5 767
t 747 29 13 15 0 18 6 21
t 8 2 24 23 566 10 20 1
t 5 2 9 20 9 586 14 22
t 15 0 27 34 22 609 14 18
t 6 10 1 9 12 21 16 560
t 20 25 27 20 34 38 753 1
t 39 3 30 759 2 23 30 31
t 23 579 19 7 7 15 14 22
t 28 10 6 24 769 10 6 14
t 37 30 23 27 29 33 690 4
t 25 20 575 13 15 3 8 7
t 21 7 7 10 594 11 5 17
t 2 12 564 10 10 12 23 23
t 10 1 11 17 17 16 587 9
t 24 25 16 14 2 14 580 8
t 3 18 14 32 3 37 639 16
t 24 18 570 22 18 3 7 1
t 2 27 40 13 771 26 12 10
t 18 15 14 10 561 24 19 22
t 19 14 8 582 19 5 5 7
t 9 1 1 3 23 12 3 591
t 738 10 29 37 13 36 25 1
t 11 31 37 32 797 27 22 8
t 7 19 18 1 586 17 15 5
t 21 8 5 2 16 17 6 563
t 7 38 33 9 740 3 11 5
t 21 3 562 20 13 9 12 16
t 8 6 16 23 582 12 2 16
t 13 12 5 16 14 589 24 8
t 39 40 34 26 5 793 30 7
t 8 14 675 7 25 26 29 33
t 8 17 23 2 13 562 12 4
t 5 25 18 591 10 2 1 25
t 1 13 16 1 19 580 24 15
t 6 1 2 26 25 29 38 730
t 5 653 10 4 22 21 38 35
t 25 19 15 13 18 20 561 8
t 608 7 20 27 6 18 6 5
t 8 11 10 16 16 12 17 593
t 26 630 38 24 38 37 40 40
t 8 3 19 23 7 16 560 25
t 14 12 39 20 13 31 33 625
t 15 18 24 37 4 26 18 793
t 10 13 1 21 10 3 5 560
t 13 580 2 10 11 13 16 20
t 13 574 5 5 20 3 4 22
t 8 1 25 17 16 20 18 566
t 2 9 9 14 591 3 13 13
t 12 22 21 6 19 595 5 6
t 16 16 19 4 572 13 18 23
t 35 36 30 32 21 616 32 34
t 40 34 693 35 34 20 0 18
t 569 3 20 16 6 21 16 3
t 595 4 4 3 22 20 13 19
t 592 11 19 24 9 12 23 7
t 13 22 9 786 35 21 6 7
t 8 30 2 22 19 602 16 8
t 10 19 731 4 24 20 21 30
t 23 37 32 680 34 19 14 12
t 17 20 38 18 9 673 5 29
t 7 0 28 752 31 28 11 27
t 5 6 5 4 22 16 592 2
t 17 6 19 22 18 24 563 20
t 1 6 4 16 10 593 15 12
t 13 5 10 7 4 17 25 594
t 3 5 16 583 13 21 16 18
t 5 1 8 4 575 21 18 18
t 698 0 32 23 21 4 36 8
t 8 17 7 18 570 25 1 16
t 8 20 20 2 22 15 585 13
t 6 665 39 23 38 37 8 3
t 4 16 24 24 1 8 23 569
t 25 37 29 4 7 32 22 759
t 17 18 599 2 24 12 16 24
t 15 24 560 7 19 25 11 25
t 5 1 2 6 1 9 20 571
t 580 12 19 21 3 23 1 11
t 2 15 25 21 1 575 5 5
t 691 12 8 33 26 36 14 37
t 32 38 30 607 27 20 15 20
t 19 12 15 17 13 590 13 17
t 12 13 11 596 9 4 18 18
t 4 19 15 21 1 10 569 12
t 15 8 24 9 21 10 10 592
t 12 25 10 8 20 16 590 12
t 777 40 16 29 32 28 30 18
t 21 583 22 20 3 13 9 2
t 25 20 1 25 16 25 2 592
t 3 18 9 578 6 10 3 4
t 6 13 585 24 13 23 8 17
t 21 20 15 7 4 563 17 21
t 6 7 4 11 10 571 17 9
t 7 13 2 13 17 580 18 12
t 38 29 39 15 782 27 4 33
t 656 33 36 0 22 12 15 29
t 25 38 31 6 612 23 35 10
t 12 628 24 3 29 9 39 8
t 8 755 17 36 13 14 8 5
t 21 10 19 7 12 20 18 569
t 583 6 7 12 21 18 6 6
t 593 15 21 11 21 22 10 9
t 15 6 34 20 11 21 639 5
t 36 29 23 9 17 23 626 6
t 10 5 12 20 2 583 9 1
t 22 8 18 8 795 21 16 7
t 33 625 11 7 17 23 37 33
t 33 13 8 0 23 31 31 741
t 15 570 20 6 22 10 13 13
t 31 637 26 27 21 21 30 25
t 11 17 20 11 584 14 24 16
t 31 2 662 26 27 5 12 12
t 24 563 4 13 20 4 20 3
t 13 27 32 34 30 611 7 27
t 11 19 2 11 19 15 577 19
t 587 13 2 19 10 18 3 18
t 20 8 12 6 10 568 10 21
t 14 3 792 38 9 23 16 14
t 12 10 571 25 3 22 5 15
t 10 3 13 12 19 12 21 566
t 10 9 1 568 19 4 5 2
t 21 15 4 19 10 579 20 18
t 3 6 22 7 3 582 7 24
t 14 22 19 10 25 586 19 10
t 2 21 16 18 576 2 22 13
t 24 5 24 25 16 21 9 560
t 14 7 11 9 20 2 560 14
t 1 4 12 17 15 11 586 7
t 20 20 10 16 33 14 682 37
t 4 15 564 9 24 9 10 20
t 6 24 3 8 10 592 10 3
t 8 21 572 23 9 10 13 2
t 21 5 16 10 587 18 25 20
t 9 1 18 8 569 13 18 17
t 11 12 15 566 22 4 18 11
t 12 20 12 16 10 9 21 581
t 36 5 33 15 1 0 37 791
t 32 38 604 5 2 30 25 24
t 2 33 8 27 4 10 23 741
t 21 25 2 23 17 17 23 597
t 26 4 18 10 22 5 612 15
t 2 617 14 12 10 12 9 10
t 37 710 9 9 40 31 20 15
t 582 5 12 19 23 2 22 21
t 31 1 30 0 30 609 18 26
t 7 14 584 5 13 5 20 14
t 12 567 4 22 2 7 1 3
t 23 2 25 591 9 9 23 23
t 11 16 4 23 578 7 23 6
t 581 23 9 15 12 21 13 12
t 34 14 5 23 30 753 6 1
t 12 15 21 19 11 17 6 568
t 17 30 25 23 15 27 24 703
t 3 30 0 682 6 29 34 15
t 37 27 27 612 33 27 23 2
t 589 14 10 15 25 8 22 1
t 23 32 17 8 13 690 14 31
t 13 23 18 4 21 597 18 1
t 5 13 710 8 38 14 20 9
t 25 13 24 23 32 17 27 638
t 772 7 35 24 9 25 11 29
t 592 15 6 1 14 1 18 12
t 575 25 22 9 21 19 16 7
t 25 784 13 25 14 6 8 25
t 20 11 6 38 616 26 38 7
t 11 18 11 7 3 3 575 4
t 20 24 9 566 23 9 9 14
t 570 25 12 6 3 22 17 3
t 563 10 23 5 19 17 10 5
t 17 4 13 17 1 23 4 594
t 564 10 14 14 16 12 9 7
t 8 24 5 9 19 598 12 14
t 12 19 12 11 585 22 25 24
t 12 6 37 36 17 27 40 769
t 11 4 21 577 25 9 20 1
t 20 40 21 37 29 2 610 27
t 9 12 582 17 25 6 9 2
t 22 571 25 21 6 10 20 25
t 6 20 587 14 14 2 25 6
t 8 5 15 596 4 17 5 4
t 25 585 23 8 21 25 18 2
t 9 22 21 23 13 25 580 9
t 39 26 22 23 15 687 37 32
t 20 26 33 30 2 665 22 36
t 35 40 630 1 35 34 19 33
t 10 4 8 19 592 22 23 25
t 783 18 11 7 11 0 0 37
t 3 23 9 5 8 2 12 570
t 11 23 2 589 16 21 13 8
t 22 8 22 4 23 14 565 2
t 573 3 9 23 19 19 16 1
t 7 7 9 587 21 17 19 22
t 21 9 22 14 8 16 7 792
t 22 27 653 12 2 4 23 38
t 11 36 28 732 13 19 29 17
t 17 736 21 1 33 29 3 7
t 22 23 11 573 24 1 1 21
t 4 22 10 562 22 25 21 21
t 11 21 657 16 9 20 29 20
t 14 4 0 2 15 616 30 25
t 7 5 5 6 565 12 8 21
t 2 22 596 3 15 5 14 24
t 21 8 646 40 15 39 0 27
t 26 672 31 38 0 26 20 1
t 16 20 28 10 29 616 4 33
t 10 4 11 17 17 568 13 16
t 0 25 34 15 28 40 36 671
t 23 15 18 15 7 562 14 1
t 595 7 8 13 3 13 3 19
t 9 756 8 7 40 8 34 40
t 37 667 28 36 14 32 1 19
t 8 14 16 5 1 8 583 18
t 4 28 5 12 3 0 7 624
t 24 11 4 650 30 26 29 4
t 562 10 10 10 24 7 4 4
t 19 39 37 6 5 602 19 8
t 576 16 5 7 17 11 12 18
t 30 4 2 19 11 32 718 0
t 2 5 25 15 573 4 18 9
t 16 16 2 10 19 10 587 9
t 25 6 12 8 25 19 16 571
t 23 31 1 24 38 649 2 21
t 4 29 623 11 10 31 26 37
t 7 25 7 583 13 6 5 14
t 15 11 19 4 6 13 588 22
t 13 4 20 20 11 13 25 585
t 6 596 24 22 17 14 21 21
t 37 26 40 19 794 13 40 10
t 22 24 25 2 8 21 13 581
t 14 14 574 4 8 4 7 16
t 14 8 20 583 12 12 12 1
t 4 729 0 30 19 33 39 12
t 25 618 36 25 13 39 31 9
t 12 13 23 18 8 14 6 564
t 34 40 19 15 31 32 34 658
t 20 21 7 14 11 13 564 8
t 12 7 3 14 9 21 598 1
t 20 4 18 25 33 718 13 3
t 18 14 23 2 20 2 17 685
t 604 30 13 25 5 20 4 15
t 2 20 10 1 562 11 1 7
t 3 10 22 16 2 17 578 3
t 598 2 24 2 6 10 15 21
t 10 25 13 585 20 1 14 4
t 39 7 5 27 21 36 32 791
t 21 16 16 585 5 7 9 2
t 3 7 21 587 14 13 4 3
t 40 29 17 29 606 20 26 34
t 10 6 2 560 19 11 19 6
t 8 6 11 7 17 17 592 18
t 30 785 34 32 5 5 4 16
t 3 9 6 598 14 6 11 10
t 17 565 2 22 22 4 22 14
t 21 17 19 583 23 5 9 9
t 14 17 17 25 5 6 4 564
t 22 30 0 25 38 678 6 37
t 32 22 6 696 11 10 3 26
t 4 32 37 24 29 26 4 661
t 4 589 18 17 1 23 23 1
t 10 20 10 599 1 15 11 20
t 620 26 33 30 36 20 27 13
t 10 12 31 685 22 30 11 11
t 7 18 4 6 587 10 20 1
t 606 29 5 38 23 26 32 34
t 15 23 599 1 5 5 4 14
t 24 7 24 9 12 15 15 569
t 37 23 30 27 3 11 743 25
t 20 5 1 10 4 18 584 1
t 8 4 25 13 31 17 644 6
t 13 4 2 773 14 10 12 5
t 14 594 17 17 17 17 15 1
t 13 23 8 12 40 26 769 28
t 17 17 17 24 21 6 2 598
t 641 28 12 26 23 10 20 11
t 38 20 38 39 18 631 36 11
t 14 13 28 29 5 621 38 12
t 32 23 40 26 674 40 30 33
t 0 23 38 5 37 745 17 23
t 694 29 5 23 39 36 29 16
t 8 18 21 580 1 21 2 22
t 13 599 21 17 25 7 7 2
t 4 22 10 13 24 599 9 19
t 25 12 6 4 17 3 24 586
t 17 18 17 8 575 24 12 7
t 16 25 23 14 658 38 39 24
t 9 19 21 12 11 2 564 5
t 562 3 23 1 15 4 3 21
t 18 21 3 15 17 21 570 5
t 22 3 27 713 26 14 8 34
t 26 13 3 634 30 32 14 31
t 13 18 7 19 14 16 572 15
t 18 760 30 3 2 11 25 10
t 24 9 22 616 3 19 9 9
t 596 8 22 9 23 17 18 25
t 680 6 5 26 28 28 35 26
t 1 11 14 19 21 9 3 562
t 29 15 12 23 15 31 31 759
t 32 798 15 3 16 19 15 17
t 40 32 636 40 7 15 17 18
t 14 24 15 564 9 5 10 7
t 25 747 26 19 6 6 20 25
t 2 17 1 33 7 2 779 10
t 7 21 30 647 27 3 24 23
t 39 30 718 36 28 37 40 23
t 20 14 5 576 19 3 19 25
t 0 5 620 35 28 24 7 40
t 582 18 1 4 19 14 4 7
t 12 598 12 20 7 25 18 1
t 20 3 25 17 13 20 6 580
t 21 6 3 17 12 23 585 25
t 18 24 13 15 571 20 2 16
t 22 22 8 2 22 572 11 21
t 4 22 4 7 6 575 16 22
t 4 22 6 15 582 5 24 3
t 19 10 21 12 1 6 17 588
t 13 27 24 603 10 17 12 37
t 32 793 33 16 0 34 2 19
t 5 779 39 39 38 32 37 2
t 666 2 19 21 37 39 7 27
t 25 11 24 593 22 13 6 23
t 575 13 7 3 7 11 19 17
t 31 14 39 20 649 3 36 29
t 2 11 2 579 19 12 16 4
t 11 3 37 11 38 18 745 22
t 581 13 7 15 23 25 3 13
t 17 13 21 5 10 586 12 11
t 10 1 20 580 18 11 9 4
t 12 697 17 26 18 21 15 14
t 1 14 2 24 10 10 3 567
t 10 590 18 18 9 6 18 23
t 13 9 15 7 792 37 23 29
t 636 9 16 22 40 3 40 9
t 3 10 2 12 23 579 2 24
t 7 14 571 4 1 19 18 21
t 6 23 9 588 24 12 18 22
t 2 23 15 11 13 24 606 33
t 7 9 22 589 14 8 19 22
t 3 39 19 7 16 658 10 16
t 9 597 8 20 20 20 2 16
t 3 11 18 569 14 10 11 21
t 18 12 5 4 21 674 31 24
t 25 16 5 10 588 21 22 14
t 9 6 3 3 18 9 16 560
t 753 29 40 5 28 29 4 12
t 35 32 21 0 35 639 15 9
t 7 13 34 27 10 19 689 25
t 33 30 27 17 3 604 38 31
t 14 1 22 34 759 37 33 28
t 16 2 8 31 21 18 606 7
t 23 16 596 21 23 6 21 22
t 33 40 3 19 18 12 9 620
t 3 22 19 27 4 35 661 29
t 13 10 2 6 714 29 33 8
t 37 7 38 693 37 32 7 25
t 19 13 19 23 21 36 779 18
t 16 9 14 29 0 14 19 800
t 6 5 40 1 23 785 7 32
t 21 34 27 25 24 15 8 634
t 19 10 569 3 14 7 4 25
t 795 16 32 26 29 7 26 3
t 737 18 11 10 16 37 17 4
t 9 11 33 0 9 24 669 23
t 23 3 580 2 11 25 21 18
t 4 560 21 5 6 21 9 2
t 8 564 13 19 14 24 21 20
t 1 7 569 24 17 12 20 14
t 26 17 39 676 30 16 7 37
t 5 595 8 6 18 13 20 8
t 34 34 35 9 1 38 37 693
t 5 12 22 8 592 25 4 1
t 23 11 21 582 20 9 24 6
t 37 11 15 28 29 652 22 6
t 29 5 1 36 2 798 18 24
t 12 581 25 9 17 10 22 18
t 12 9 23 1 25 19 585 20
t 1 16 5 25 565 6 13 21
t 561 6 23 1 24 13 1 23
t 0 35 692 21 33 16 18 27
t 591 23 6 17 11 7 22 20
t 40 29 9 33 711 21 16 25
t 11 581 12 18 6 22 14 7
t 15 597 17 3 14 5 11 6
t 4 6 6 738 2 36 16 15
t 25 18 13 10 25 567 12 22
t 687 5 10 7 14 22 31 29
t 12 646 37 37 24 36 40 36
t 31 724 24 15 21 10 40 33
t 26 32 1 3 6 608 27 6
t 2 1 10 588 21 20 6 22
t 17 567 2 15 15 7 21 9
t 15 17 18 22 29 4 23 650
t 2 24 4 579 19 18 18 8
t 3 4 19 10 1 29 770 3
t 10 585 14 3 24 11 12 22
t 17 21 25 12 16 17 581 10
t 18 15 16 3 20 574 2 20
t 732 20 18 19 25 32 39 13
t 23 572 25 16 17 23 10 16
t 15 23 10 20 589 4 4 3
t 12 5 11 5 20 1 14 591
t 29 9 7 23 14 635 1 10
t 23 566 3 24 20 22 6 3
t 14 7 18 10 7 4 18 599
t 649 19 28 23 35 33 3 4
t 680 25 36 13 14 0 30 1
t 11 34 10 771 25 38 8 0
t 14 2 21 5 25 16 11 563
t 12 21 563 9 9 16 19 15
t 1 20 8 2 14 571 3 2
t 22 10 4 3 1 777 29 32
t 634 2 12 17 33 29 31 27
t 23 662 20 4 35 29 40 32
t 8 18 13 17 6 24 567 6
t 3 1 588 2 8 9 4 10
t 15 588 1 8 7 14 8 10
t 17 25 21 21 4 21 21 566
t 17 5 594 19 24 20 25 3
t 31 23 8 10 27 632 25 37
t 732 4 1 3 6 16 12 2
t 37 4 28 785 9 31 16 39
t 4 24 20 579 18 4 19 19
t 31 14 25 714 22 24 17 9
t 9 3 9 13 19 589 5 12
t 15 37 30 31 668 0 3 0
t 16 2 8 16 13 573 12 22
t 9 25 5 17 19 24 8 566
t 26 23 7 23 39 8 21 680
t 25 21 11 569 4 8 22 9
t 1 37 783 19 39 20 32 18
t 6 1 25 18 22 7 18 579
t 31 32 31 22 630 6 23 35
t 17 14 23 15 15 580 25 6
t 7 18 23 25 7 24 560 12
t 7 631 11 23 31 33 31 29
t 15 20 5 6 20 18 15 584
t 2 585 22 25 17 15 7 25
t 0 26 34 789 24 32 37 21
t 23 29 3 33 1 32 2 750
t 11 1 23 0 35 27 31 743
t 27 33 3 16 20 22 12 758
t 24 22 18 2 734 2 17 12
t 18 24 25 16 17 9 25 585
t 17 40 16 17 746 12 19 33
t 14 14 712 27 0 4 7 20
t 24 3 9 15 4 580 9 16
t 16 32 21 728 35 39 11 38
t 9 7 20 588 13 21 14 25
t 8 644 40 27 40 2 16 27
t 9 1 746 4 38 37 25 1
t 565 7 14 22 15 22 13 14
t 40 604 37 13 4 18 34 12
t 2 24 37 27 5 16 676 10
t 767 13 30 23 0 12 4 30
t 18 1 10 8 18 564 4 15
t 9 19 11 10 10 20 4 564
t 21 13 3 11 22 25 5 593
t 25 761 12 18 4 37 6 14
t 16 18 8 15 22 21 5 568
t 5 36 31 10 0 4 18 728
t 25 4 24 579 4 7 20 13
t 14 4 22 11 5 599 16 17
t 20 19 13 15 740 20 39 13
t 22 15 16 682 12 7 1 4
t 12 24 10 10 23 20 4 598
t 12 21 25 7 21 11 17 596
t 19 5 10 2 23 23 6 569
t 9 6 9 587 22 24 11 7
t 8 2 7 14 24 36 728 19
t 18 21 790 14 6 8 20 9
t 14 9 1 13 9 4 591 4
t 21 25 577 14 8 1 11 12
t 16 663 27 10 16 18 8 34
t 12 586 19 12 16 22 15 2
t 4 6 584 5 7 21 10 7
t 2 589 18 7 8 14 2 21
t 24 25 3 584 13 14 23 13
t 24 583 4 2 1 15 17 25
t 33 17 10 16 23 666 18 17
t 14 23 17 2 751 14 38 11
t 27 15 17 39 16 30 769 20
t 37 36 699 14 14 32 36 11
t 21 2 4 12 10 21 9 592
t 26 24 25 22 7 5 672 4
t 23 11 584 18 13 4 18 23
t 39 714 7 26 17 38 36 14
t 38 24 33 11 693 8 20 35
t 19 13 589 24 1 6 15 20
t 9 7 17 12 18 23 6 567
t 592 19 7 6 6 14 20 4
t 20 19 16 10 23 4 564 14
t 28 631 25 3 14 4 1 32
t 5 597 14 10 17 25 25 2
t 37 29 22 771 32 1 19 1
t 3 18 10 18 21 2 591 19
t 12 18 3 15 3 12 14 598
t 29 32 27 26 3 26 767 16
t 33 21 20 7 693 0 27 28
t 26 662 14 27 40 29 38 36
t 7 15 17 749 4 33 23 28
t 40 642 37 21 32 14 8 28
t 16 5 579 21 18 3 3 13
t 586 17 7 4 6 23 8 11
t 23 11 13 13 23 597 15 24
t 22 25 11 598 22 18 19 11
t 20 19 6 20 20 4 590 3
t 589 15 7 3 5 5 20 20
t 22 7 580 15 16 24 12 7
t 8 6 20 7 23 11 585 6
t 21 6 3 17 590 5 4 20
t 12 8 12 16 590 17 23 9
t 17 769 18 8 8 5 23 32
t 14 25 25 18 21 10 575 12
t 645 29 12 4 27 9 14 19
t 18 15 8 4 18 562 7 8
t 40 30 38 39 22 24 4 601
t 8 21 13 714 16 29 21 20
t 23 28 645 17 25 16 7 26
t 24 800 14 1 32 36 16 16
t 8 18 21 599 10 21 16 14
t 2 598 10 22 23 15 3 10
t 25 9 10 9 574 21 1 20
t 638 2 19 18 33 7 10 35
t 23 25 21 20 2 8 561 25
t 2 15 575 14 23 20 12 6
t 6 21 22 9 572 1 13 10
t 38 18 1 10 625 18 15 10
t 33 2 11 5 15 17 776 38
t 22 38 33 21 776 30 31 39
t 20 8 598 5 21 17 14 13
t 20 34 2 31 6 792 26 13
t 5 11 17 10 10 594 22 15
t 16 683 13 35 14 22 36 34
t 14 22 18 25 22 11 580 2
t 37 29 762 27 33 28 13 34
t 21 7 11 5 561 25 11 3
t 785 35 35 10 26 4 1 24
t 590 19 4 20 12 25 3 7
t 7 743 18 16 27 3 26 18
t 6 36 12 790 31 1 18 13
t 581 15 4 14 20 3 15 11
t 7 2 569 24 14 23 14 12
t 25 13 574 9 1 14 1 1
t 12 595 8 2 1 13 9 10
t 24 788 40 5 7 10 8 7
t 14 24 25 10 25 4 567 5
t 6 3 5 586 13 21 11 5
t 11 22 28 19 741 11 14 14
t 6 25 10 19 17 6 19 571
t 18 15 560 20 8 18 3 14
t 27 647 7 18 29 24 13 38
t 6 19 6 21 573 5 12 10
t 2 12 580 22 23 25 22 18
t 3 9 12 1 38 17 32 719
t 10 15 8 15 35 29 683 2
t 4 19 651 17 17 23 8 7
t 12 24 1 583 3 19 9 7
t 39 7 15 11 13 6 34 667
t 14 570 3 11 18 21 4 22
t 15 25 9 26 703 27 17 38
t 37 30 658 13 30 27 18 5
t 24 17 4 568 20 16 2 18
t 14 5 19 25 15 597 16 24
t 23 2 7 18 608 15 37 30
t 10 8 26 12 2 2 652 21
t 16 4 27 24 26 729 24 10
t 570 15 4 25 22 13 24 15
t 32 37 15 19 28 33 776 1
t 24 2 6 6 594 13 23 15
t 18 19 18 15 712 5 36 16
t 22 23 15 4 15 7 19 589
t 13 14 8 6 26 661 10 15
t 9 13 588 14 18 13 11 12
t 22 36 19 691 5 27 20 22
t 22 37 24 39 753 0 27 10
t 6 34 12 14 690 5 34 4
t 25 18 31 40 24 19 703 3
t 11 4 2 2 560 6 20 16
t 34 22 21 27 16 16 39 786
t 762 37 37 9 20 30 18 35
t 14 3 7 2 14 21 6 562
t 725 8 15 8 0 33 15 18
t 20 8 21 24 7 23 21 590
t 9 20 21 0 35 1 675 14
t 9 744 26 31 13 34 11 11
t 15 17 17 36 38 800 31 9
t 20 25 563 2 6 14 1 2
t 34 28 800 20 8 35 3 33
t 11 22 4 20 24 11 9 587
t 19 6 21 3 17 5 2 573
t 22 21 2 9 3 587 11 17
t 31 35 22 18 19 772 21 1
t 20 13 583 20 21 6 19 5
t 40 6 704 37 16 34 2 2
t 25 14 11 33 10 34 696 13
t 17 1 11 23 23 7 583 16
t 2 11 595 9 1 4 5 14
t 38 19 1 27 757 35 1 11
t 775 26 12 36 1 12 30 19
t 669 23 7 21 31 31 20 34
t 2 3 11 5 14 577 21 8
t 32 710 39 9 14 36 21 3
t 4 20 40 28 28 26 743 17
t 26 27 8 23 2 778 26 25
t 7 14 6 13 8 563 20 14
t 7 3 15 572 19 5 3 1
t 26 6 1 761 10 16 27 2
t 39 14 24 13 35 38 31 614
t 14 16 779 22 31 33 33 14
t 17 14 24 26 742 34 39 13
t 40 766 7 40 26 18 34 22
t 1 4 585 19 9 8 12 6
t 16 1 13 28 604 33 33 11
t 572 8 24 24 25 3 14 4
t 8 2 15 584 14 2 11 13
t 31 16 13 40 32 14 29 717
t 630 25 28 17 24 13 26 28
t 5 2 2 23 1 14 566 10
t 17 6 26 37 23 18 740 19
t 22 19 17 24 599 10 10 5
t 701 27 9 3 40 20 25 10
t 25 24 19 13 580 18 6 19
t 13 562 21 5 24 9 3 21
t 18 586 11 21 12 17 3 2
t 12 24 7 40 35 753 27 25
t 30 6 31 700 24 20 31 14
t 21 24 14 3 598 20 9 6
t 24 581 21 15 3 15 14 17
t 5 7 8 5 20 591 1 17
t 25 12 21 2 16 560 15 23
t 5 17 576 6 16 4 9 12
t 4 5 12 34 37 620 23 27
t 686 38 14 30 21 29 14 7
t 21 565 19 5 13 24 1 20
t 13 11 12 7 25 15 575 16
t 13 36 40 723 25 38 0 9
t 39 18 7 5 604 31 3 13
t 11 7 5 565 24 2 18 11
t 23 16 3 4 19 594 3 20
t 10 24 20 21 7 21 22 597
t 30 4 35 40 5 777 16 16
t 19 792 37 7 25 28 8 31
t 40 18 6 12 724 25 13 12
t 637 13 34 6 32 12 23 6
t 18 1 10 13 598 12 22 5
t 11 32 21 18 36 15 31 634
t 25 15 3 16 580 9 2 1
t 37 644 16 5 30 26 2 34
t 2 31 609 32 8 28 35 21
t 34 9 30 25 35 38 7 678
t 18 1 8 607 14 14 15 13
t 24 14 32 16 28 666 8 15
t 7 17 5 4 18 573 8 2
t 11 672 9 12 26 40 34 22
t 37 36 624 33 5 14 39 30
t 7 6 30 657 24 3 23 32
t 3 10 17 5 581 19 18 13
t 24 5 17 10 17 20 3 592
t 3 7 4 578 19 20 12 11
t 16 5 19 12 569 14 11 23
t 15 23 669 29 24 28 38 31
t 7 562 14 11 21 9 11 14
t 25 11 592 22 16 7 18 16
t 5 784 14 35 3 27 23 19
t 566 15 16 13 20 1 13 24
t 1 15 20 594 7 25 23 3
t 9 13 1 741 28 30 19 19
t 562 12 19 9 19 22 24 9
t 2 10 8 16 566 11 8 20
t 23 10 24 16 589 7 9 10
t 23 17 688 23 4 39 36 22
t 14 19 15 4 591 17 14 7
t 29 3 21 40 12 33 14 696
t 11 7 3 1 12 9 7 569
t 16 4 5 592 1 17 16 11
t 8 17 3 10 20 20 591 23
t 18 21 10 21 21 564 17 20
t 24 39 17 34 37 18 23 692
t 35 34 11 26 1 25 702 29
t 766 23 8 33 3 8 37 39
t 23 15 14 2 5 11 562 13
t 24 11 566 22 2 10 13 17
t 3 572 25 14 9 9 14 3
t 560 22 9 10 9 8 14 16
t 8 564 8 10 24 6 16 23
t 17 9 1 572 20 23 17 22
t 15 1 22 5 575 13 6 24
t 12 33 687 39 31 39 6 14
t 0 0 17 7 1 37 786 3
t 36 10 11 33 18 30 5 674
t 17 21 18 31 34 38 40 663
t 9 15 1 3 4 574 10 4
t 592 13 20 19 4 5 10 11
t 598 8 5 17 19 16 2 9
t 3 25 7 11 589 7 6 2
t 20 20 25 12 6 24 19 575
t 25 19 25 8 3 21 16 570
t 783 24 7 9 24 16 7 9
t 772 27 23 32 5 30 3 13
t 6 10 773 9 10 5 2 38
t 13 663 27 29 5 13 1 30
t 40 16 617 34 20 37 21 32
t 20 13 23 579 5 5 22 4
t 18 23 15 19 580 14 1 17
t 10 639 35 17 37 22 28 22
t 11 741 12 19 33 27 12 12
t 12 30 26 33 764 25 12 13
t 24 11 21 21 11 591 17 8
t 23 14 11 606 34 36 30 11
t 670 34 21 18 8 11 10 31
t 5 23 23 4 598 19 10 16
t 8 30 4 17 750 34 31 10
t 17 18 35 33 19 20 751 31
t 691 33 33 35 19 31 25 33
t 7 576 7 7 13 12 20 9
t 20 3 18 22 3 40 18 698
t 6 13 35 38 684 27 13 10
t 6 4 566 18 1 21 24 16
t 22 2 23 30 24 19 720 27
t 7 17 13 6 17 6 7 590
t 560 20 20 21 4 20 22 22
t 32 27 35 37 785 18 15 3
t 6 3 10 21 567 16 3 8
t 577 22 1 5 10 4 20 17
t 16 7 2 577 12 12 12 14
t 4 8 7 7 15 580 11 9
t 27 29 29 26 7 669 6 21
t 20 2 16 1 8 1 568 9
t 13 9 22 14 21 568 25 10
t 38 11 13 23 702 37 32 38
t 7 29 23 26 24 40 651 0
t 7 3 5 657 30 39 19 10
t 26 10 1 18 24 763 22 7
t 21 6 585 19 8 20 5 19
t 20 30 739 38 32 11 1 30
t 21 10 21 24 623 25 36 5
t 11 4 0 17 605 24 38 28
t 5 17 24 576 3 25 5 17
t 10 40 4 39 25 3 34 635
t 574 24 14 6 7 17 7 17
t 22 9 25 16 578 24 11 8
t 567 2 18 9 13 18 9 5
t 11 22 10 12 8 569 15 14
t 16 597 24 13 24 2 22 4
t 40 0 14 3 0 29 799 24
t 16 19 5 21 39 610 33 40
t 9 748 37 8 12 29 0 34
t 11 18 0 30 8 624 8 29
t 6 1 11 15 13 565 12 16
t 688 11 27 36 25 21 13 11
t 773 15 26 25 4 29 1 8
t 12 572 25 9 11 9 12 24
t 21 1 12 14 19 6 1 577
t 18 14 1 569 1 4 11 15
t 598 3 11 7 10 12 19 11
t 17 9 4 20 24 560 1 23
t 585 11 1 17 25 13 20 16
t 23 8 19 4 564 10 21 13
t 4 15 16 19 25 588 13 21
t 565 5 3 11 18 11 5 10
t 16 25 26 20 8 664 40 35
t 31 31 731 14 25 15 10 34
t 19 21 595 19 13 19 16 25
t 666 14 14 18 1 32 26 7
t 6 13 10 20 4 16 565 5
t 13 31 1 24 774 40 13 38
t 9 21 14 13 572 8 6 24
t 17 3 22 29 24 619 34 39
t 22 4 14 13 1 22 13 596
t 23 10 14 8 20 21 591 7
t 9 14 22 18 34 25 20 705
t 21 598 4 11 5 25 1 21
t 24 23 5 22 587 24 14 13
t 7 696 13 34 18 17 26 10
t 36 0 30 38 8 685 35 5
t 1 11 2 590 11 13 6 14
t 11 5 18 19 27 27 637 27
t 1 13 22 12 798 8 13 40
t 10 23 9 21 1 16 20 571
t 10 38 19 36 613 8 38 27
t 9 22 16 21 10 11 17 580
t 21 21 24 4 584 1 20 18
t 9 2 10 1 21 10 21 592
t 4 3 592 4 11 4 13 13
t 2 8 14 18 7 22 592 17
t 29 38 14 27 1 8 25 673
t 18 8 8 14 9 580 15 12
t 33 2 7 19 3 24 7 702
t 795 13 18 10 38 35 11 36
t 17 796 4 21 32 27 36 14
t 19 15 576 22 10 12 14 20
t 30 13 21 27 22 15 12 696
t 7 14 6 18 21 18 12 578
t 10 8 577 14 6 8 5 4
t 15 15 9 21 21 22 31 784
t 20 1 4 571 22 5 8 19
t 25 6 3 16 25 591 25 19
t 6 40 1 5 641 30 31 14
t 753 1 20 26 37 18 19 17
t 591 20 6 2 11 12 5 19
t 33 12 22 26 638 30 20 19
t 6 17 12 10 588 16 19 18
t 12 16 13 584 20 24 6 8
t 1 23 16 18 22 593 5 4
t 25 20 590 1 7 14 15 16
t 20 581 18 18 12 7 10 10
t 18 737 0 17 3 19 38 5
t 12 15 7 581 3 9 6 17
t 5 12 5 14 9 2 595 6
t 9 1 18 17 19 4 589 11
t 30 17 19 10 29 18 20 654
t 4 13 30 20 20 11 631 29
t 21 15 19 22 5 24 10 567
t 7 21 4 20 18 13 562 16
t 16 6 15 21 590 13 14 19
t 646 0 16 33 4 31 3 10
t 15 10 30 0 37 13 664 28
t 768 33 31 17 14 30 18 37
t 21 33 2 24 38 0 29 782
t 8 24 21 13 562 7 8 25
t 3 591 9 8 1 5 23 5
t 22 10 6 11 655 12 18 16
t 7 13 567 19 9 3 8 20
t 21 19 14 20 13 12 565 7
t 36 7 40 28 679 31 0 23
t 7 4 4 12 20 13 582 1
t 34 23 9 37 18 25 5 621
t 18 32 31 24 5 3 2 630
t 37 1 29 17 709 40 18 40
t 13 24 24 14 4 585 8 19
t 17 24 3 12 587 10 11 22
t 15 37 18 34 627 23 7 16
t 8 10 564 3 4 16 13 21
t 34 2 8 19 27 764 18 40
t 14 4 6 16 589 1 22 18
t 25 591 4 16 10 12 18 11
t 7 4 24 14 566 24 21 24
t 21 27 35 39 29 16 715 39
t 33 26 743 33 38 0 21 24
t 719 4 39 30 33 20 16 23
t 8 10 17 19 561 5 19 21
t 22 12 24 23 20 5 737 17
t 20 715 1 21 34 32 32 12
t 6 19 33 7 9 19 23 755
t 1 15 19 4 595 23 22 20
t 21 3 8 18 20 16 20 585
t 1 25 18 8 8 22 13 585
t 11 37 19 676 14 34 40 26
t 563 1 1 23 21 15 3 14
t 724 10 4 33 34 8 12 1
t 21 564 2 22 13 9 1 18
t 23 11 568 17 23 23 9 24
t 16 775 38 25 30 7 17 17
t 35 622 25 10 40 5 18 17
t 12 8 568 7 12 8 17 10
t 8 1 8 8 9 585 22 7
t 588 13 6 14 7 9 12 20
t 25 562 12 23 5 24 6 4
t 12 3 593 13 13 20 23 21
t 721 29 34 7 1 30 23 38
t 3 12 3 10 4 590 1 6
t 34 23 33 35 788 31 37 34
t 694 30 15 27 28 3 37 19
t 9 11 2 11 14 594 10 15
t 30 781 29 12 27 28 38 16
t 16 725 4 21 21 31 29 38
t 35 12 33 30 11 7 8 795
t 7 570 5 19 2 18 3 2
t 567 21 21 1 6 22 21 25
t 16 564 6 15 16 20 2 25
t 36 23 30 39 25 745 40 37
t 686 23 29 13 5 18 1 31
t 29 32 21 34 689 12 4 16
t 15 19 14 25 5 6 590 3
t 12 2 680 15 5 21 21 27
t 24 29 14 37 15 18 2 798
t 37 636 5 29 19 2 31 32
t 38 9 24 25 8 33 33 796
t 575 6 21 20 6 20 9 3
t 10 33 22 20 6 39 11 649
t 22 40 14 20 33 25 721 3
t 17 19 18 23 24 574 13 19
t 15 12 14 18 575 21 18 15
t 12 37 772 21 27 7 1 16
t 16 16 3 3 726 2 23 8
t 23 772 33 34 8 28 8 0
t 7 7 7 14 24 18 591 22
t 8 25 16 36 665 23 40 22
t 14 39 35 4 730 36 8 37
t 10 578 5 3 3 6 19 13
t 675 9 37 3 7 39 35 22
t 0 783 18 15 31 35 10 27
t 15 11 601 28 1 19 33 27
t 22 19 20 17 37 9 11 669
t 24 578 1 10 20 17 19 14
t 774 34 10 1 35 28 5 25
t 14 14 10 18 11 22 14 569
t 582 11 8 17 21 9 23 20
t 16 11 15 18 1 581 10 2
t 9 14 11 13 562 23 24 10
t 9 30 5 738 19 22 16 38
t 14 13 19 3 4 2 23 578
t 25 22 14 4 25 6 1 564
t 4 40 8 782 6 32 11 29
t 12 590 1 20 7 10 24 5
t 6 18 20 19 23 6 25 585
t 16 1 29 14 0 13 11 655
t 6 2 12 16 17 24 569 13
t 22 25 5 20 9 9 761 20
t 20 2 2 12 22 586 24 23
t 13 568 25 14 20 8 5 5
t 582 25 4 14 14 13 17 22
t 21 25 13 16 14 9 587 15
t 11 3 5 19 5 2 574 21
t 15 592 13 13 2 14 10 12
t 597 1 21 10 3 23 5 5
t 10 8 25 8 11 2 713 31
t 1 21 14 3 15 1 588 5
t 10 20 24 19 15 15 580 15
t 21 15 40 27 724 30 29 6
t 694 20 34 16 15 29 8 1
t 25 3 6 20 25 13 13 575
t 26 30 30 649 24 36 7 3
t 0 1 715 40 18 27 17 9
t 20 5 5 597 11 3 9 23
t 22 562 1 11 17 10 13 21
t 9 19 30 14 1 35 779 23
t 13 17 12 572 21 8 20 1
t 36 615 8 21 11 28 17 38
t 9 7 25 20 20 6 577 21
t 14 22 569 2 7 2 15 6
t 17 8 31 32 38 16 21 795
t 7 10 16 23 4 1 1 570
t 33 36 39 38 16 783 18 3
t 3 25 22 11 33 33 780 30
t 25 1 695 39 18 17 27 14
t 13 12 2 6 36 27 652 35
t 18 17 22 611 24 8 0 7
t 15 21 578 15 3 17 24 23
t 28 19 13 29 1 2 689 7
t 16 702 27 33 8 5 6 7
t 12 1 3 560 21 13 22 3
t 23 19 593 20 4 10 5 16
t 21 34 16 26 36 23 691 0
t 7 582 18 13 14 7 10 13
t 6 9 12 15 12 4 580 10
t 36 0 39 9 19 38 664 25
t 30 684 13 18 16 23 16 6
t 16 1 18 1 594 22 16 23
t 21 17 15 18 15 8 25 586
t 29 778 13 5 28 3 16 39
t 580 21 17 1 22 23 2 12
t 2 18 20 560 17 16 3 8
t 7 576 10 19 12 19 24 23
t 8 1 12 5 4 1 13 562
t 13 613 39 38 14 22 7 7
t 31 23 627 20 11 30 19 38
t 23 6 34 20 751 26 8 14
t 32 775 22 17 33 34 40 37
t 23 16 22 13 7 569 10 10
t 20 12 569 8 10 15 14 10
t 5 39 19 39 740 25 40 10
t 560 17 16 15 4 18 1 16
t 22 5 3 568 23 15 6 9
t 22 21 7 576 1 22 15 3
t 3 9 6 7 19 590 17 12
t 35 770 12 16 32 27 37 2
t 728 8 40 40 8 10 9 30
t 15 582 20 7 7 4 17 15
t 15 22 20 9 4 14 584 11
t 17 9 592 14 5 1 12 19
t 565 16 18 17 22 14 14 14
t 2 18 20 22 15 23 10 575
t 14 4 25 2 13 3 7 581
t 34 12 2 23 4 23 28 705
t 5 31 31 27 774 19 11 35
t 1 28 778 40 16 30 2 12
t 9 8 34 4 781 20 29 38
t 23 14 6 23 9 23 8 588
t 13 683 20 7 19 15 16 8
t 19 32 629 32 21 32 13 26
t 19 11 9 18 16 8 4 585
t 19 9 4 4 569 4 23 11
t 28 33 664 12 12 30 4 14
t 576 13 1 3 7 12 6 24
t 17 8 25 5 595 17 18 13
t 35 16 28 4 40 643 15 27
t 11 14 9 16 1 25 24 596
t 26 681 9 15 24 38 11 0
t 12 14 566 9 2 23 24 22
t 0 10 22 1 12 4 4 682
t 33 5 23 26 16 28 652 7
t 18 19 6 8 17 18 581 6
t 28 26 38 29 638 2 31 5
t 13 14 21 571 16 23 13 3
t 0 30 11 6 37 626 29 25
t 15 597 17 10 24 14 20 25
t 35 6 2 32 24 652 15 10
t 15 15 8 18 10 564 6 13
t 623 15 29 4 9 5 10 7
t 7 1 15 17 19 567 24 24
t 11 2 19 4 566 22 25 25
t 574 22 2 5 14 3 15 21
t 29 36 4 22 12 18 12 646
t 15 40 23 1 11 15 683 23
t 18 21 7 583 18 11 4 16
t 560 19 19 18 4 17 21 12
t 32 3 26 725 5 28 39 37
t 17 20 2 8 16 587 24 21
t 16 10 6 25 18 579 1 13
t 6 25 25 7 3 599 25 20
t 12 21 30 672 20 21 29 32
t 11 567 15 6 19 14 15 18
t 19 0 14 34 3 728 33 34
t 37 17 9 15 636 8 39 37
t 14 9 585 4 8 20 15 22
t 23 18 2 19 24 581 10 15
t 4 24 25 2 4 40 22 761
t 14 23 713 16 20 26 32 23
t 6 4 9 11 22 24 594 11
t 573 8 20 7 21 1 25 12
t 28 637 13 19 7 23 29 36
t 26 4 10 7 1 683 5 20
t 22 12 5 9 11 564 11 2
t 26 18 22 1 37 33 612 14
t 12 2 12 8 16 6 573 20
t 17 15 18 23 16 24 25 599
t 4 17 599 1 24 5 24 2
t 17 17 15 11 15 9 585 7
t 21 22 34 726 3 18 1 4
t 6 38 20 22 1 678 7 32
t 22 685 35 15 3 9 38 38
t 4 573 2 2 10 15 4 9
t 576 2 20 6 25 23 6 6
t 14 6 589 2 13 1 22 22
t 25 16 1 11 22 23 3 566
t 12 39 20 21 13 29 795 24
t 0 23 3 28 22 658 17 32
t 35 13 20 613 26 38 35 9
t 23 10 4 17 582 17 11 23
t 10 25 14 584 5 2 16 17
t 783 32 21 22 34 19 10 1
t 20 13 5 1 19 10 592 4
t 11 16 13 25 586 7 17 25
t 15 6 8 18 4 24 565 11
t 756 27 40 37 21 17 18 34
t 4 17 13 20 3 14 10 574
t 9 571 10 8 22 9 18 11
t 12 728 16 22 0 29 4 9
t 34 687 6 0 38 9 29 29
t 20 30 0 33 18 6 3 675
t 11 567 14 3 20 24 4 13
t 29 23 736 0 18 38 19 32
t 13 24 595 22 21 3 17 16
t 4 15 34 17 14 689 32 30
t 19 17 595 1 19 18 24 7
t 39 6 11 24 687 4 20 20
t 17 9 12 564 12 25 17 23
t 586 12 17 19 21 17 1 22
t 593 11 19 9 3 15 12 10
t 11 15 17 565 14 16 12 7
t 568 3 23 20 21 21 11 14
t 747 12 17 17 33 25 14 29
t 1 34 22 8 612 4 8 31
t 14 5 23 6 15 597 18 14
t 7 13 581 20 21 24 1 12
t 5 6 8 25 560 7 15 22
t 16 24 24 6 13 588 23 3
t 27 30 1 3 11 29 737 24
t 579 25 6 21 4 14 6 6
t 24 18 22 563 17 12 11 11
t 6 2 13 2 24 18 22 565
t 23 24 9 589 15 14 12 23
t 787 29 8 19 0 37 37 38
t 2 22 573 6 2 22 11 12
t 8 25 22 20 6 7 590 4
t 22 569 4 14 13 13 4 6
t 12 15 14 2 14 561 14 17
t 13 31 9 639 30 37 37 0
t 2 5 17 4 561 10 4 16
t 563 2 10 25 16 6 11 18
t 25 5 33 16 9 7 8 605
t 5 33 20 29 26 778 27 16
t 721 28 35 37 34 10 32 6
t 661 22 40 3 29 9 14 9
t 13 23 25 7 12 24 575 19
t 608 14 11 1 18 22 9 6
t 563 4 19 16 19 6 19 23
t 11 20 13 569 10 15 7 25
t 7 5 21 15 21 15 581 23
t 22 11 10 16 7 25 7 566
t 8 2 19 22 15 22 562 1
t 14 8 623 6 9 18 29 30
t 14 19 19 9 4 25 570 8
t 17 17 11 10 6 582 14 12
t 1 18 13 582 6 4 16 24
t 35 736 0 8 15 21 27 2
t 21 16 7 25 597 9 21 4
t 10 38 34 33 36 734 12 16
t 7 18 25 29 20 623 15 6
t 9 10 2 570 2 6 20 5
t 13 8 22 565 14 3 14 14
t 12 10 574 24 1 15 11 8
t 18 9 20 568 15 23 23 9
t 16 1 663 12 5 34 37 27
t 22 24 18 20 583 20 18 1
t 8 573 17 20 8 7 18 22
t 18 7 18 21 593 17 3 18
t 6 12 595 13 21 15 2 3
t 23 17 593 20 12 7 7 16
t 25 13 4 15 15 9 25 593
t 31 27 4 774 1 36 28 39
t 34 641 32 38 1 9 29 10
t 8 37 31 13 16 33 610 14
t 17 20 584 22 9 16 2 18
t 5 32 40 24 741 18 29 5
t 17 1 14 573 6 23 23 10
t 7 24 5 3 11 8 599 11
t 6 8 21 18 11 737 28 9
t 12 12 16 35 28 31 728 30
t 22 20 22 19 6 583 23 20
t 19 576 22 14 15 22 1 25
t 35 11 628 19 32 4 6 20
t 1 15 12 3 560 24 21 18
t 30 17 40 704 17 19 8 17
t 21 28 38 4 614 21 40 26
t 0 2 34 32 0 11 758 32
t 32 29 3 10 10 658 27 28
t 630 8 32 36 21 21 12 33
t 25 10 8 27 608 6 7 4
t 31 31 693 8 36 5 30 2
t 1 26 21 18 27 30 672 26
t 10 14 24 29 27 738 6 3
t 11 22 789 32 0 8 32 27
t 29 25 22 0 17 30 2 631
t 25 16 5 12 4 24 2 580
t 7 14 8 11 24 16 7 587
t 16 12 1 9 29 22 30 678
t 7 3 567 12 19 21 21 9
t 9 32 28 34 33 797 36 12
t 17 11 15 22 7 11 569 18
t 25 582 14 1 3 20 2 17
t 1 4 24 575 20 11 24 1
t 16 5 5 4 16 595 9 23
t 568 4 25 3 5 4 22 6
t 25 763 6 10 30 20 11 3
t 31 8 16 641 32 12 7 15
t 16 560 22 4 23 10 14 8
t 16 25 23 775 20 40 23 4
t 15 5 582 13 15 1 23 24
t 20 21 562 8 2 10 1 25
t 40 14 13 760 14 18 38 34
t 582 7 8 7 13 24 17 13
t 13 5 1 5 3 19 661 0
t 6 16 1 584 9 10 12 10
t 19 13 19 14 587 10 3 12
t 14 16 14 9 718 25 31 20
t 5 567 16 7 6 4 21 15
t 573 17 13 21 7 3 1 25
t 16 9 22 11 3 22 598 16
t 14 29 3 628 13 0 13 13
t 9 4 17 10 591 10 15 3
t 2 8 34 35 751 29 35 12
t 22 11 19 14 693 10 5 7
t 13 17 3 23 17 583 12 2
t 684 31 36 15 25 29 23 7
t 562 5 3 17 2 14 1 24
t 3 8 3 17 21 565 13 3
t 10 561 14 19 18 20 10 8
t 22 9 586 14 22 24 2 23
t 8 582 23 1 25 25 11 9
t 21 24 573 11 5 7 4 13
t 10 20 18 20 14 21 569 7
t 597 1 7 15 21 1 10 4
t 20 581 9 8 10 7 3 17
t 13 572 20 14 7 8 6 5
t 734 12 36 35 36 2 15 22
t 13 5 11 25 25 8 15 574
t 9 12 16 573 19 22 15 22
t 25 583 13 10 6 14 14 12
t 13 10 20 13 566 14 1 25
t 8 8 18 563 6 6 13 15
t 10 20 595 20 16 10 25 14
t 4 3 1 18 15 25 572 17
t 24 626 22 7 36 37 31 29
t 607 23 7 7 38 36 21 36
t 782 14 40 16 39 13 37 23
t 693 38 33 27 40 11 18 26
t 16 18 23 13 571 16 20 12
t 13 17 15 3 9 12 9 593
t 581 4 6 17 23 20 22 20
t 31 25 31 8 35 37 769 5
t 7 19 10 36 30 31 19 607
t 3 19 7 25 6 14 8 570
t 562 13 25 17 14 18 10 9
t 10 26 756 29 19 24 26 39
t 40 38 18 13 5 605 3 31
t 22 25 778 34 20 29 39 7
t 5 23 15 15 17 21 18 596
t 598 8 19 5 9 14 5 24
t 20 20 21 14 563 7 23 11
t 667 26 33 12 38 30 33 2
t 32 23 769 20 34 26 19 26
t 7 17 7 4 7 6 11 593
t 14 7 21 15 12 2 9 582
t 581 6 7 11 9 13 2 11
t 22 595 6 7 18 8 15 14
t 32 2 35 742 40 9 4 9
t 15 3 587 21 24 9 18 8
t 4 587 24 9 25 16 9 20
t 2 13 21 618 12 11 31 7
t 27 31 30 32 17 693 33 27
t 1 13 21 24 600 34 39 37
t 9 10 17 16 576 8 8 15
t 20 24 5 2 2 570 6 5
t 5 17 5 15 20 16 23 569
t 35 0 23 25 19 37 13 733
t 24 39 1 717 35 11 4 5
t 17 1 13 583 20 5 18 9
t 2 3 597 3 10 8 22 16
t 29 32 38 18 696 23 34 5
t 628 12 35 2 12 23 37 23
t 13 10 10 23 14 10 562 12
t 1 15 578 25 3 2 12 14
t 11 2 19 586 4 10 18 13
t 6 4 18 12 4 579 19 2
t 23 8 7 25 6 598 5 22
t 20 8 8 5 587 24 11 20
t 25 18 15 13 18 16 2 563
t 12 23 7 11 25 594 23 9
t 24 9 5 10 3 19 14 593
t 38 674 37 27 9 27 23 40
t 19 13 5 585 3 2 7 18
t 591 23 3 13 14 17 5 3
t 585 10 10 19 16 22 25 13
t 18 630 28 9 39 16 19 38
t 10 8 10 582 21 8 24 8
t 36 639 3 26 13 9 0 4
t 38 27 20 36 27 30 31 612
t 13 3 13 8 21 595 16 8
t 9 10 11 11 6 564 1 18
t 8 20 1 568 9 10 3 23
t 17 6 14 25 17 562 13 24
t 7 24 25 17 17 570 15 18
t 19 38 18 3 2 12 34 775
t 28 614 27 32 11 34 10 30
t 23 573 16 1 25 25 5 10
t 15 11 582 7 21 11 12 15
t 18 20 21 18 38 37 740 21
t 14 25 12 4 14 11 581 22
t 22 23 12 1 29 37 765 3
t 25 22 7 593 6 13 18 17
t 12 14 6 1 561 17 21 10
t 35 22 698 16 38 2 39 21
t 23 18 716 28 25 7 15 4
t 721 34 5 8 25 37 28 37
t 23 22 2 21 17 564 2 4
t 37 24 749 9 38 36 9 17
t 13 19 15 18 567 16 24 7
t 14 13 596 16 11 8 18 16
t 11 3 22 15 18 574 17 8
t 19 571 10 5 20 21 13 19
t 5 563 8 7 22 9 21 10
t 10 19 661 24 31 26 4 26
t 1 6 12 595 3 15 10 8
t 7 562 6 5 7 17 13 23
t 1 7 3 1 3 561 13 5
t 5 13 11 25 25 21 590 3
t 37 679 4 6 31 15 25 11
t 34 22 11 1 679 24 0 29
t 12 24 0 5 25 22 8 790
t 18 29 3 38 10 27 9 699
t 1 17 36 26 8 39 38 715
t 11 24 594 25 7 6 12 15
t 9 19 2 23 592 18 15 7
t 21 22 13 9 15 24 579 16
t 0 21 17 32 24 699 6 13
t 30 721 23 23 10 19 9 10
t 731 10 32 32 20 16 34 10
t 5 19 38 22 33 38 650 36
t 30 24 19 30 0 793 7 32
t 1 7 25 5 655 35 16 21
t 21 15 568 7 7 21 6 19
t 5 1 37 6 637 21 3 6
t 16 12 17 22 17 6 583 15
t 582 19 14 5 19 1 16 20
t 577 12 24 3 20 18 6 3
t 597 10 7 9 24 5 10 21
t 8 39 29 26 7 750 40 18
t 562 24 10 16 18 4 17 9
t 37 23 17 740 13 2 2 22
t 15 20 5 22 2 8 18 588
t 25 16 38 40 40 19 30 633
t 14 3 21 12 6 566 23 25
t 17 22 5 4 13 6 13 581
t 25 11 35 34 681 2 11 19
t 15 6 9 10 25 21 25 575
t 11 13 10 13 25 2 573 1
t 648 19 36 6 20 33 17 33
t 11 620 2 21 33 23 10 6
t 2 5 14 14 9 590 10 2
t 598 16 23 14 10 25 13 24
t 15 579 14 3 12 17 17 8
t 596 24 6 14 1 5 15 16
t 23 16 16 11 20 10 576 17
t 9 17 11 20 20 12 560 11
t 37 29 10 631 37 0 1 12
t 0 642 35 20 18 17 14 9
t 21 19 31 11 9 692 39 10
t 32 25 22 7 6 704 16 12
t 14 18 36 28 28 8 22 620
t 17 4 3 30 12 18 743 26
t 19 16 3 18 4 570 5 3
t 16 592 18 23 19 17 17 1
t 29 25 22 23 36 706 40 24
t 19 15 25 15 11 561 17 22
t 705 30 19 18 39 3 6 13
t 11 576 4 3 11 25 22 23
t 1 25 15 3 23 577 16 3
t 22 1 577 3 2 7 3 1
t 38 30 35 12 13 37 711 11
t 23 18 5 771 27 14 37 29
t 7 8 8 8 12 24 8 588
t 5 6 592 20 20 20 19 20
t 39 33 736 1 12 7 30 39
t 7 9 6 13 13 6 583 16
t 2 18 577 5 25 7 6 14
t 16 23 712 5 23 4 25 25
t 579 22 11 24 22 4 2 12
t 28 3 26 39 16 25 3 729
t 589 14 4 6 12 4 5 8
t 21 584 21 3 14 7 11 18
t 599 18 8 10 4 15 4 2
t 740 2 12 6 14 29 3 8
t 31 6 36 746 4 37 24 37
t 3 20 19 10 16 1 11 594
t 572 9 16 12 14 18 22 7
t 1 16 7 36 18 1 781 25
t 18 13 6 5 17 13 598 12
t 10 21 573 14 24 20 10 15
t 573 14 24 3 20 22 23 4
t 2 4 23 19 599 20 24 4
t 17 585 11 16 25 8 16 25
t 593 11 14 25 15 1 14 25
t 22 25 37 645 0 28 6 12
t 4 8 10 9 19 572 7 12
t 35 711 5 35 39 15 36 12
t 3 10 4 25 22 560 3 3
t 706 15 15 26 6 30 32 10
t 1 23 21 8 16 2 16 570
t 35 25 7 20 748 22 5 12
t 22 25 581 15 11 1 3 21
t 592 22 2 14 17 8 1 24
t 3 3 17 21 10 592 14 10
t 11 22 20 12 2 577 17 9
t 12 567 20 4 1 4 5 1
t 27 38 7 14 718 34 9 37
t 9 37 18 35 625 25 14 20
t 20 29 24 24 23 24 788 5
t 36 4 15 36 18 7 8 769
t 14 9 13 10 12 7 12 582
t 40 20 14 40 19 719 27 39
t 12 14 38 9 38 24 769 4
t 39 8 663 13 1 13 22 8
t 563 12 1 8 10 16 7 9
t 16 17 20 10 10 9 4 579
t 1 19 36 725 35 16 29 36
t 19 36 39 0 14 5 735 24
t 15 15 4 20 27 742 34 22
t 39 1 9 35 40 694 13 0
t 13 24 6 562 10 22 21 17
t 11 2 570 24 11 20 18 17
t 25 2 24 2 19 10 16 578
t 13 578 11 13 2 15 12 16
t 7 19 4 11 28 7 736 26
t 12 7 20 20 8 12 594 1
t 2 16 26 31 9 29 36 643
t 4 12 35 728 30 36 9 38
t 19 2 18 1 5 10 9 595
t 19 6 14 19 33 779 22 26
t 40 11 25 36 754 7 16 24
t 22 3 16 13 2 25 572 20
t 10 21 17 9 6 19 567 16
t 8 16 781 21 11 8 19 32
t 23 39 7 17 4 9 767 6
t 39 0 3 2 36 20 649 18
t 4 17 17 11 5 7 22 576
t 19 21 23 7 14 23 10 569
t 15 572 12 4 25 1 18 16
t 8 10 574 12 12 24 16 2
t 1 9 22 22 570 3 17 22
t 680 0 13 8 12 23 34 16
t 672 8 23 16 21 30 35 34
t 18 717 38 37 35 14 39 2
t 8 36 635 28 17 34 11 5
t 27 39 11 13 37 648 23 11
t 27 697 5 26 14 14 12 15
t 30 15 37 30 38 5 783 5
t 5 9 20 1 20 5 17 575
t 7 11 7 15 1 35 28 710
t 14 25 583 9 19 10 15 2
t 7 22 13 2 21 564 21 12
t 18 19 16 11 565 14 9 3
t 23 4 1 2 17 681 36 24
t 7 32 28 38 605 17 11 27
t 14 12 15 4 9 13 570 23
t 21 17 11 18 17 586 19 11
t 22 13 12 23 25 4 2 591
t 22 571 8 3 14 12 4 16
t 22 19 4 16 25 586 2 17
t 5 7 25 786 3 39 13 9
t 13 25 25 594 18 21 13 24
t 18 16 576 12 15 8 4 13
t 37 11 29 34 33 652 22 39
t 12 6 24 20 8 575 1 17
t 25 591 3 7 19 6 3 8
t 25 1 586 1 5 8 6 21
t 15 8 9 18 8 578 13 17
t 2 592 2 12 18 8 10 21
t 584 10 12 19 7 23 1 21
t 14 27 26 791 24 2 6 6
t 8 9 592 5 24 17 23 12
t 11 15 594 11 14 24 12 23
t 607 16 1 26 15 33 12 17
t 13 4 10 598 1 6 12 15
t 17 25 22 24 5 590 2 12
t 607 0 6 9 21 8 20 36
t 28 5 13 15 26 725 31 7
t 16 5 16 16 18 592 23 1
t 25 617 38 16 20 11 32 37
t 20 606 8 3 13 28 34 35
t 24 8 598 16 7 24 17 7
t 34 638 37 27 20 23 3 23
t 690 16 17 15 19 38 7 3
t 23 36 27 37 730 40 23 34
t 14 5 23 4 6 8 583 1
t 16 35 0 27 23 10 600 35
t 21 655 9 29 29 19 17 9
t 17 22 6 2 23 581 22 3
t 21 0 40 611 5 26 5 10
t 2 12 12 589 3 12 10 6
t 25 14 25 20 7 590 14 3
t 10 23 17 2 1 20 2 590
t 8 719 38 25 31 25 34 39
t 24 12 18 577 20 21 24 25
t 11 13 17 16 22 14 18 595
t 21 681 30 0 3 10 20 2
t 28 774 24 10 14 32 8 34
t 6 23 4 25 569 24 12 22
t 4 17 20 10 20 599 22 18
t 31 6 0 746 23 6 13 15
t 2 22 14 1 3 18 14 562
t 22 690 37 22 13 24 21 24
t 12 21 5 18 18 674 25 12
t 30 13 7 713 21 27 28 5
t 4 7 2 31 607 34 1 26
t 0 710 28 5 11 15 11 30
t 4 591 3 16 11 6 3 22
t 1 19 38 681 39 11 7 10
t 711 33 7 12 38 15 6 5
t 21 4 25 10 9 21 580 2
t 19 33 22 23 12 749 0 35
t 5 568 5 11 8 7 15 21
t 18 1 560 5 13 5 25 1
t 17 792 18 30 21 15 8 31
t 35 35 18 1 36 29 660 40
t 11 37 18 17 10 29 24 707
t 7 595 16 6 7 6 15 9
t 0 25 21 617 27 6 27 2
t 6 637 32 30 30 7 3 31
t 748 2 31 36 38 6 24 34
t 9 12 1 18 572 25 20 25
t 8 4 19 8 8 25 13 571
t 574 16 7 22 25 12 20 8
t 21 19 1 24 10 590 14 16
t 10 21 22 14 597 12 4 9
t 18 21 7 11 574 16 23 25
t 0 24 30 23 21 14 33 602
t 30 23 28 743 6 7 19 15
t 10 9 34 0 8 748 24 22
t 12 2 5 21 22 12 596 25
t 28 33 31 7 31 16 21 658
t 20 17 8 28 31 701 15 10
t 592 20 4 11 17 4 23 21
t 11 12 25 4 4 568 1 6
t 2 14 34 12 35 29 752 11
t 571 21 8 6 6 10 15 2
t 3 700 23 1 35 24 0 36
t 0 1 30 37 32 607 15 27
t 11 5 19 24 578 14 15 11
t 25 560 24 6 13 22 25 6
t 6 22 27 40 23 669 30 30
t 22 7 17 11 24 572 14 12
t 7 23 29 0 34 34 29 678
t 3 1 11 796 4 16 19 13
t 585 12 12 12 17 22 18 23
t 29 31 3 21 28 633 5 3
t 26 15 644 10 26 33 22 13
t 8 6 14 20 9 19 20 575
t 1 15 17 7 10 3 19 562
t 644 18 17 34 0 29 13 31
t 25 2 784 24 21 8 26 1
t 8 7 19 7 563 3 16 11
t 8 19 3 588 25 22 15 1
t 9 11 25 19 7 21 589 16
t 4 3 21 10 8 9 577 1
t 23 5 11 18 575 2 24 7
t 3 17 631 35 0 31 3 21
t 17 10 11 2 15 564 15 14
t 15 14 13 2 12 571 5 11
t 13 4 591 22 12 4 8 24
t 15 637 24 20 34 32 32 10
t 20 20 8 584 22 1 3 20
t 5 28 605 1 8 7 36 19
t 9 3 19 6 1 3 12 583
t 578 16 3 12 2 5 19 19
t 12 16 25 22 25 25 577 1
t 28 25 25 13 21 8 6 636
t 1 589 14 13 4 12 5 25
t 11 12 6 728 5 34 24 9
t 719 35 31 33 26 40 27 28
t 40 34 20 727 38 36 18 36
t 622 12 2 17 8 37 7 33
t 3 20 17 8 6 18 12 592
t 28 31 31 29 6 24 22 681
t 8 560 10 13 25 21 11 12
t 20 2 19 25 582 7 2 11
t 12 21 9 2 18 592 19 5
t 619 22 7 7 33 29 2 30
t 8 732 23 7 39 36 1 32
t 9 12 9 33 38 798 27 16
t 23 655 9 21 37 30 12 22
t 10 21 585 14 10 11 22 19
t 2 1 567 5 17 23 14 21
t 19 15 33 25 682 28 33 31
t 9 17 17 9 579 10 16 1
t 25 16 21 18 591 6 22 2
t 9 7 32 25 18 676 32 19
t 593 23 13 10 25 20 8 12
t 22 5 24 6 12 5 14 572
t 15 12 7 17 20 560 4 22
t 17 665 0 14 36 17 24 37
t 570 11 18 2 2 10 19 9
t 16 11 8 2 14 591 18 8
t 16 40 7 39 24 0 39 712
t 621 17 13 40 24 30 6 40
t 3 16 1 10 37 12 622 19
t 4 18 30 772 27 7 14 40
t 1 29 22 9 25 19 34 662
t 22 18 11 8 569 8 12 24
t 24 21 14 562 8 21 3 18
t 6 17 9 13 21 16 21 583
t 7 593 13 16 13 16 3 23
t 26 18 37 25 6 0 797 2
t 23 4 12 7 34 23 37 731
t 21 14 575 14 13 11 16 12
t 4 0 25 28 3 795 1 12
t 24 31 37 17 23 24 642 14
t 13 705 21 32 8 14 40 24
t 33 0 11 29 603 3 20 9
t 24 4 17 8 8 20 584 23
t 2 19 9 9 8 22 567 2
t 35 31 38 15 668 14 14 26
t 677 9 26 34 16 26 20 13
t 34 0 29 673 7 17 17 8
t 16 5 5 775 37 23 7 22
t 22 676 1 12 39 34 12 25
t 6 31 747 10 27 8 18 10
t 22 21 569 5 9 3 3 24
t 24 572 11 25 16 7 1 13
t 0 647 9 22 4 22 2 28
t 40 26 10 30 683 31 31 11
t 32 7 2 19 33 727 34 33
t 8 25 732 35 21 37 17 24
t 17 575 8 15 5 2 25 11
t 623 4 19 4 32 21 6 6
t 14 20 15 28 15 32 745 19
t 10 4 572 12 15 24 13 6
t 2 31 9 35 772 38 20 24
t 22 17 20 1 19 15 10 586
t 31 647 25 33 7 19 18 30
t 38 34 16 29 681 22 29 25
t 22 599 2 18 25 12 19 21
t 8 3 6 23 25 24 571 23
t 26 788 40 27 13 9 20 29
t 9 3 1 36 707 38 33 16
t 24 6 1 17 584 8 16 20
t 16 34 17 775 39 11 14 0
t 30 30 5 9 40 12 651 6
t 4 4 563 10 19 23 19 12
t 16 9 10 584 5 14 10 25
t 14 23 14 15 4 586 19 25
t 601 17 23 23 19 20 9 35
t 25 32 22 7 14 36 29 795
t 35 9 6 3 2 18 38 671
t 12 16 21 15 589 15 10 6
t 562 11 8 8 10 19 21 12
t 726 37 13 10 28 1 37 37
t 5 11 23 572 17 20 22 5
t 3 20 2 22 3 20 12 726
t 25 7 8 6 16 588 6 7
t 4 25 14 16 17 566 12 6
t 16 14 37 2 8 22 25 739
t 4 8 662 38 23 32 17 22
t 580 20 20 13 22 24 9 24
t 697 25 2 21 24 39 15 40
t 22 586 20 19 23 1 15 20
t 21 22 17 1 13 9 21 574
t 8 23 13 6 24 573 17 18
t 612 5 23 17 33 30 1 0
t 29 0 34 669 14 26 11 24
t 17 4 39 3 32 1 615 25
t 586 12 10 25 10 13 15 9
t 17 593 18 12 7 2 20 21
t 580 21 23 9 11 1 2 14
t 593 13 12 5 25 8 20 17
t 17 17 19 15 2 561 18 10
t 8 2 7 1 7 599 15 21
t 30 766 10 37 40 26 30 9
t 9 12 1 17 565 19 10 8
t 39 656 34 25 7 40 12 40
t 31 776 36 40 38 2 33 10
t 24 775 19 36 31 17 8 3
t 4 22 8 21 593 8 6 17
t 21 25 13 25 37 673 38 18
t 6 24 14 27 36 4 633 31
t 16 23 19 25 23 21 20 584
t 4 6 19 19 710 14 25 10
t 748 37 32 31 17 13 10 31
t 16 12 18 561 18 23 14 23
t 36 12 40 40 607 15 34 29
t 19 10 23 10 593 13 15 15
t 35 6 30 701 32 5 29 3
t 18 19 19 6 8 22 4 713
t 5 19 24 22 19 7 591 17
t 30 621 38 33 35 35 14 30
t 10 18 15 16 571 3 24 18
t 7 18 17 579 9 14 9 20
t 25 753 9 20 0 10 4 17
t 5 5 1 24 25 24 8 590
t 25 3 11 17 703 24 26 27
t 1 9 25 14 622 30 26 19
t 31 31 28 787 1 38 19 10
t 21 10 21 15 589 16 23 19
t 18 21 1 20 13 17 596 9
t 28 3 30 4 12 17 624 39
t 14 13 25 9 8 568 16 9
t 10 7 25 25 19 591 16 11
t 23 6 11 2 597 1 10 16
t 13 1 560 2 2 2 14 15
t 33 30 9 4 16 15 17 743
t 25 7 21 681 2 22 12 11
t 3 35 38 13 701 25 8 31
t 10 15 22 6 577 18 10 13
t 22 6 18 17 17 12 17 576
t 6 0 5 7 684 24 5 14
t 25 732 27 18 36 34 4 40
t 17 26 24 687 20 21 33 4
t 19 39 37 786 3 29 39 31
t 2 16 30 28 18 23 716 25
t 34 671 17 16 18 8 32 32
t 22 36 756 23 23 14 1 35
t 24 23 11 587 5 2 19 9
t 9 34 25 692 34 21 29 22
t 2 32 0 722 24 33 21 34
t 16 22 21 10 11 18 24 572
t 12 24 14 16 15 18 15 571
t 22 28 4 15 14 24 788 5
t 4 22 10 3 1 22 569 11
t 13 35 38 7 745 39 25 28
t 12 2 597 10 6 12 18 15
t 18 12 22 3 12 598 25 22
t 4 5 24 25 3 7 572 22
t 30 775 33 25 36 6 15 1
t 662 23 23 37 36 7 30 26
t 19 20 581 4 3 21 3 4
t 8 25 8 20 565 12 22 5
t 23 15 8 16 11 25 590 25
t 14 8 577 19 21 13 21 3
t 0 26 0 11 30 30 784 34
t 19 4 567 3 24 22 16 19
t 20 5 12 37 37 22 31 739
t 596 13 13 14 6 10 17 12
t 745 22 35 21 0 7 10 7
t 10 2 12 574 5 22 25 25
t 10 16 37 2 18 787 20 19
t 36 27 26 40 710 17 35 14
t 14 4 590 3 3 11 1 25
t 32 4 27 25 39 28 0 715
t 30 37 29 17 650 8 34 37
t 39 791 19 6 11 19 15 29
t 11 19 5 13 6 25 565 19
t 5 3 6 17 10 569 14 8
t 36 37 682 1 15 14 0 2
t 11 596 6 4 13 6 13 25
t 29 9 9 32 1 17 715 13
t 590 17 9 23 5 18 22 25
t 0 2 9 18 21 36 27 617
t 39 2 10 23 685 13 3 1
t 11 9 38 40 781 21 2 24
t 32 21 21 10 10 22 8 763
t 29 16 20 21 610 32 8 25
t 9 5 9 2 5 8 573 7
t 23 21 10 4 12 15 4 583
t 17 23 19 3 560 24 25 7
t 23 17 9 1 10 14 18 598
t 21 19 598 20 3 19 15 19
t 24 25 4 39 35 709 21 21
t 1 5 612 32 17 11 28 19
t 26 623 16 17 13 3 14 10
t 8 9 24 581 5 14 22 23
t 18 38 4 13 637 24 2 1
t 5 12 5 14 4 599 15 6
t 4 6 7 4 704 36 8 25
t 18 593 17 1 7 14 4 14
t 1 18 10 30 38 754 23 10
t 1 598 12 4 9 19 23 1
t 770 10 9 2 31 17 12 34
t 9 39 23 702 12 15 29 1
t 25 610 12 9 38 3 9 0
t 25 6 612 30 39 6 27 15
t 27 29 23 9 34 5 34 616
t 15 598 21 3 20 23 3 22
t 17 639 40 36 11 3 0 25
t 3 37 22 11 24 738 37 32
t 592 18 1 16 14 12 24 4
t 4 30 9 13 3 13 6 734
t 25 3 22 565 19 7 17 19
t 19 12 13 11 12 589 16 16
t 9 772 40 4 17 21 37 21
t 18 6 20 28 6 741 31 9
t 2 790 5 16 13 6 15 38
t 4 587 22 10 17 1 12 17
t 36 34 676 28 27 28 18 34
t 0 13 22 28 37 14 33 701
t 22 577 21 2 17 12 10 12
t 18 14 8 4 560 23 9 23
t 5 12 16 20 13 586 6 19
t 4 18 23 21 19 571 11 8
t 697 20 37 26 10 12 31 40
t 23 13 560 22 12 7 11 5
t 575 10 16 18 1 23 2 11
t 25 17 9 20 590 16 7 13
t 32 40 34 701 33 38 7 13
t 3 3 21 588 25 14 17 11
t 6 597 4 13 4 25 25 16
t 5 13 21 20 7 10 589 12
t 19 4 5 17 21 17 5 570
t 27 4 1 3 751 9 38 19
t 3 26 763 23 2 10 26 10
t 14 1 29 28 666 38 12 12
t 23 5 5 593 22 8 13 4
t 24 25 595 4 13 14 1 15
t 11 588 19 8 4 7 16 6
t 29 9 24 29 14 35 684 1
t 2 3 35 36 28 38 10 618
t 20 11 1 24 15 563 3 15
t 1 18 583 21 6 23 8 20
t 4 583 9 23 17 8 8 14
t 33 37 27 22 628 22 8 27
t 0 23 1 40 27 2 610 21
t 37 36 40 694 9 33 22 10
t 9 15 40 633 37 25 7 7
t 7 2 4 17 601 5 35 18
t 20 15 15 1 18 14 2 708
t 20 11 19 579 17 3 6 8
t 2 1 19 19 25 4 580 15
t 587 7 21 9 24 14 20 19
t 21 15 8 16 567 9 13 8
t 17 3 11 8 16 581 13 4
t 25 31 24 19 19 33 788 11
t 21 18 5 18 21 588 13 11
t 15 15 13 613 29 40 35 7
t 6 21 3 23 10 21 20 571
t 640 37 26 14 9 23 27 5
t 11 10 21 3 12 18 590 22
t 17 10 6 4 25 587 16 9
t 18 21 22 2 22 11 594 21
t 20 8 29 1 5 40 4 712
t 11 13 19 574 14 6 16 22
t 10 4 14 12 573 6 3 25
t 3 567 24 24 4 8 13 20
t 34 9 31 0 696 14 12 27
t 16 25 10 21 22 15 6 578
t 10 1 9 595 9 12 9 20
t 699 20 14 20 6 21 5 38
t 12 20 14 18 1 563 11 24
t 6 11 8 22 25 574 10 22
t 34 35 17 3 17 729 22 34
t 30 38 16 36 18 35 676 34
t 38 625 36 16 23 3 25 13
t 585 15 24 21 21 18 4 25
t 660 39 39 26 30 5 35 7
t 21 598 8 4 7 25 20 22
t 5 3 37 27 14 744 35 32
t 1 20 4 7 23 25 567 20
t 16 11 2 5 21 11 599 24
t 1 8 15 13 10 2 20 563
t 573 22 5 18 24 24 13 9
t 3 720 13 23 24 28 28 21
t 4 16 8 11 15 14 2 587
t 773 10 16 7 38 9 21 13
t 17 567 17 8 24 18 17 22
t 27 770 32 12 4 40 36 17
t 39 17 11 758 5 7 31 37
t 31 15 4 30 6 28 639 22
t 2 27 8 5 32 614 18 38
t 30 657 9 31 28 29 39 6
t 13 27 27 16 10 21 39 634
t 581 12 14 4 20 23 5 20
t 560 20 2 22 21 22 5 22
t 4 1 3 12 584 15 7 13
t 21 15 1 35 19 4 9 656
t 7 7 639 30 14 39 17 0
t 6 10 4 16 575 24 15 21
t 20 8 6 593 21 2 12 3
t 11 17 585 13 1 9 5 8
t 13 25 3 597 23 21 6 21
t 11 4 10 1 11 1 566 10
t 17 22 11 582 8 9 14 5
t 2 3 25 563 18 25 2 5
t 2 12 21 8 15 11 23 563
t 25 15 20 18 9 1 7 577
t 23 724 0 24 28 11 6 11
t 10 22 1 587 5 1 24 20
t 19 19 6 11 20 565 21 15
t 24 3 5 18 22 584 23 20
t 2 34 8 742 32 35 10 16
t 23 576 21 23 21 19 14 15
t 17 24 4 17 13 2 8 587
t 5 1 2 9 575 19 4 17
t 23 15 20 21 5 13 568 7
t 1 26 1 27 34 40 697 34
t 13 791 37 6 20 10 32 29
t 573 13 13 18 3 14 1 18
t 14 15 8 23 578 7 21 1
t 0 17 15 0 719 26 13 30
t 618 24 38 33 35 26 31 17
t 22 574 9 7 4 12 24 21
t 24 777 1 13 1 9 15 29
t 586 13 20 16 5 3 12 13
t 40 20 13 13 18 642 7 19
t 21 24 20 36 0 31 691 34
t 18 1 16 579 5 12 10 1
t 1 23 17 26 22 687 23 12
t 709 25 38 30 6 35 33 0
t 2 25 20 24 9 565 13 10
t 664 0 10 15 15 26 6 23
t 19 22 5 16 10 589 25 25
t 26 11 16 31 12 29 2 794
t 16 3 12 16 14 18 13 592
t 666 32 0 29 7 16 24 21
t 20 561 22 1 5 1 22 6
t 31 28 39 40 601 20 4 7
t 9 724 31 4 1 20 12 8
t 777 28 39 29 13 36 37 36
t 39 29 2 15 729 14 29 6
t 24 24 23 784 34 36 11 10
t 29 18 13 662 5 30 40 12
t 39 33 9 13 8 626 34 30
t 24 1 39 3 9 39 7 725
t 658 33 39 10 40 0 31 40
t 1 0 20 15 0 0 28 694
t 7 33 34 30 29 684 10 12
t 23 19 584 1 11 6 22 20
t 20 17 17 26 13 690 19 7
t 17 6 1 619 37 27 29 5
t 29 629 34 5 6 15 30 24
t 6 35 31 772 40 16 34 4
t 13 7 19 21 16 22 593 2
t 27 22 29 14 637 13 18 21
t 30 30 600 14 33 33 12 11
t 14 30 800 13 4 0 28 38
t 22 31 18 11 24 13 30 633
t 35 32 769 11 38 10 15 24
t 718 7 7 12 7 40 19 6
t 19 22 7 737 29 17 1 8
t 21 20 8 20 561 23 22 16
t 23 597 7 12 16 24 23 18
t 2 13 2 11 567 14 4 16
t 9 18 6 566 7 22 21 9
t 23 4 566 6 24 1 3 23
t 22 5 6 6 598 23 19 2
t 38 674 5 25 40 4 21 39
t 689 0 30 30 10 40 16 0
t 8 13 22 25 20 6 15 571
t 23 21 17 565 12 5 11 25
t 13 26 35 13 2 620 21 20
t 34 4 6 1 38 38 652 31
t 27 13 7 771 9 38 19 5
t 571 15 15 5 17 12 9 11
t 1 12 636 10 30 31 34 11
t 5 568 4 10 12 17 5 16
t 27 12 25 34 25 681 35 3
t 17 16 17 19 1 12 578 25
t 18 5 6 577 22 25 25 9
t 578 18 9 16 3 18 4 8
t 20 3 589 13 4 9 21 15
t 39 670 36 16 9 23 13 25
t 580 8 20 3 8 18 9 25
t 4 8 4 5 561 6 13 5
t 18 5 7 28 21 8 744 16
t 12 1 2 10 590 21 14 9
t 7 570 9 3 4 12 16 20
t 40 21 19 13 39 37 688 11
t 4 21 596 21 5 11 18 24
t 25 8 588 8 6 1 8 7
t 25 599 22 10 23 4 12 16
t 35 30 32 1 39 673 24 28
t 596 17 12 18 1 5 18 3
t 15 595 15 9 22 20 22 23
t 12 18 1 4 16 4 597 2
t 8 5 15 590 13 25 23 25
t 19 22 13 13 13 4 571 13
t 0 788 39 11 10 33 13 17
t 7 11 11 31 740 28 37 33
t 32 40 34 30 659 21 4 10
t 15 12 8 25 15 706 37 25
t 6 23 10 20 569 15 24 5
t 577 25 25 14 20 8 16 19
t 21 12 13 572 11 20 2 15
t 3 11 22 10 20 583 16 11
t 2 575 8 15 12 16 1 21
t 16 3 597 11 10 13 23 23
t 14 7 25 12 23 561 19 19
t 4 567 17 15 4 2 7 1
t 12 9 3 11 20 16 561 7
t 6 588 10 18 7 15 23 20
t 27 651 8 22 16 20 11 30
t 19 20 19 560 22 9 2 11
t 29 749 13 31 13 5 30 4
t 30 777 1 18 20 37 2 32
t 12 27 23 18 5 670 2 24
t 16 20 9 6 10 4 23 569
t 17 17 22 18 573 1 21 6
t 1 589 6 7 19 16 23 1
t 3 14 10 25 8 566 16 8
t 14 33 659 16 12 35 31 40
t 15 16 18 12 575 13 21 23
t 4 598 2 24 14 10 16 9
t 733 19 7 29 39 40 7 11
t 728 5 20 2 18 32 15 38
t 11 17 29 38 643 8 23 27
t 22 9 21 23 575 10 24 23
t 7 2 21 21 40 15 611 26
t 27 26 8 19 787 1 17 30
t 2 8 9 3 573 6 22 2
t 735 11 1 36 11 30 19 30
t 3 24 23 15 568 20 22 6
t 13 39 40 3 16 723 5 34
t 38 689 22 5 26 0 21 38
t 21 38 40 19 4 22 679 10
t 38 34 12 38 677 12 34 25
t 19 21 575 18 1 25 9 5
t 22 5 38 11 20 36 36 704
t 27 38 2 35 9 9 21 771
t 32 740 14 35 6 24 31 2
t 23 19 33 5 620 8 8 16
t 16 22 7 14 22 1 560 14
t 585 22 14 17 4 11 21 25
t 17 3 7 8 751 2 40 27
t 5 23 6 1 8 14 17 579
t 31 23 15 24 15 777 5 25
t 576 2 6 6 20 1 16 20
t 575 18 5 17 8 2 3 8
t 11 13 7 4 20 591 12 14
t 13 8 8 23 595 22 6 15
t 10 11 588 1 13 13 22 24
t 9 560 25 24 1 9 9 14
t 7 572 23 21 2 11 18 9
t 593 17 9 16 6 22 16 9
t 7 2 15 787 24 33 23 3
t 578 16 12 2 2 13 17 11
t 6 11 1 15 573 5 19 20
t 6 19 4 12 11 4 23 574
t 10 23 7 12 15 25 591 8
t 39 28 623 4 14 23 40 17
t 562 9 4 3 9 4 22 7
t 2 18 3 6 10 578 20 9
t 28 29 40 20 10 756 21 31
t 24 24 580 18 17 5 25 20
t 25 5 14 800 9 24 25 24
t 12 563 25 11 22 2 23 4
t 740 16 31 7 5 38 23 9
t 25 0 11 783 38 1 2 29
t 16 11 15 9 34 5 32 683
t 5 4 38 0 660 6 29 13
t 13 17 788 2 33 11 15 3
t 17 31 0 22 3 18 779 10
t 6 20 9 594 12 13 6 25
t 20 8 21 16 18 568 12 21
t 7 36 34 23 755 6 32 3
t 39 38 22 701 2 2 26 28
t 20 16 1 8 7 597 17 3
t 39 4 4 727 20 23 28 33
t 12 36 19 38 10 35 21 737
t 18 20 37 664 28 9 5 3
t 2 25 2 22 24 9 561 8
t 19 19 40 33 789 14 14 12
t 8 21 568 12 4 24 13 10
t 31 31 31 10 29 39 768 34
t 24 10 21 18 5 14 568 23
t 595 4 11 6 11 15 17 1
t 10 1 23 585 6 14 2 4
t 586 11 14 8 25 15 12 13
t 40 22 17 36 689 0 13 4
t 29 615 5 22 37 37 13 30
t 20 12 586 4 3 21 21 4
t 22 17 2 10 1 577 8 10
t 39 8 13 8 723 28 29 39
t 24 22 5 13 7 574 22 10
t 590 5 13 6 5 17 16 23
t 25 25 25 22 19 11 642 12
t 599 19 6 25 11 20 10 15
t 25 1 2 10 22 576 13 15
t 19 4 2 23 16 14 7 580
t 23 0 23 698 14 40 7 0
t 27 28 10 23 653 29 9 24
t 19 561 22 5 17 10 21 15
t 17 10 18 4 21 18 3 593
t 30 27 37 22 714 25 27 11
t 572 22 9 11 8 17 14 24
t 15 10 14 563 14 20 14 24
t 25 599 23 19 1 2 17 17
t 28 6 5 15 13 736 14 35
t 12 705 28 7 40 39 11 12
t 23 597 8 17 10 6 13 4
t 29 33 36 28 22 4 8 647
t 31 32 26 634 8 29 10 7
t 1 1 15 10 4 20 597 9
t 574 14 11 2 21 24 22 10
t 11 17 584 19 16 23 8 17
t 11 31 29 8 12 0 691 3
t 30 18 26 34 32 34 624 37
t 8 1 20 19 581 22 8 9
t 5 16 583 18 15 9 19 12
t 565 7 21 18 20 18 11 8
t 4 13 9 578 13 10 16 4
t 18 34 0 8 40 9 21 727
t 11 589 23 1 12 16 6 6
t 12 24 8 8 561 7 9 7
t 14 6 11 8 576 13 3 1
t 18 699 27 9 18 0 1 18
t 16 4 7 17 10 7 6 586
t 23 40 800 17 23 31 29 11
t 8 32 37 18 10 789 35 10
t 34 661 26 11 23 0 29 8
t 14 585 8 1 1 19 19 4
t 35 40 20 31 39 29 27 769
t 9 605 27 40 29 30 28 30
t 15 21 19 797 31 5 1 37
t 6 26 641 39 28 16 18 10
t 13 597 3 2 14 10 12 11
t 33 21 21 2 652 2 30 38
t 16 27 13 18 30 20 600 10
t 13 8 17 587 13 24 19 3
t 37 3 40 35 8 788 17 8
t 36 13 17 40 39 12 26 738
t 5 12 574 25 8 3 13 2
t 1 18 12 11 17 18 577 22
t 13 595 1 23 5 2 22 19
t 19 21 21 24 13 2 2 574
t 24 604 14 24 25 10 40 4
t 596 6 5 4 11 3 17 10
t 4 32 13 0 26 0 653 23
t 5 9 561 22 10 7 7 10
t 21 3 15 19 584 14 17 4
t 22 4 4 12 580 17 14 7
t 11 585 11 12 6 3 5 20
t 591 12 11 16 13 14 20 6
t 16 6 589 2 8 6 1 8
t 14 1 597 19 3 20 25 1
t 37 676 35 23 10 16 30 25
t 1 24 3 14 10 25 19 586
t 16 776 36 20 19 27 4 26
t 0 39 33 3 20 731 4 30
t 21 16 7 22 25 567 7 6
t 784 24 32 31 14 39 6 34
t 651 14 12 26 14 21 5 29
t 12 22 37 709 36 20 3 9
t 8 16 569 17 6 3 22 25
t 3 11 21 15 596 6 9 4
t 22 31 36 16 6 18 30 770
t 23 21 7 2 24 7 23 566
t 10 11 19 17 14 13 15 571
t 5 10 582 14 18 4 12 1
t 5 728 32 32 15 3 4 27
t 16 24 3 7 573 4 4 7
t 27 19 10 14 4 40 27 647
t 7 584 5 2 10 25 17 1
t 4 18 585 1 25 24 3 5
t 571 22 22 6 2 3 16 15
t 28 619 40 22 27 34 35 7
t 564 21 14 7 16 7 15 15
t 21 704 31 25 18 37 27 7
t 637 4 36 23 19 12 12 12
t 15 8 9 9 23 5 19 573
t 11 595 21 21 6 23 24 20
t 3 5 572 4 25 24 6 23
t 750 2 17 35 5 39 31 33
t 5 16 10 17 17 10 20 568
t 23 16 574 15 11 13 13 21
t 20 27 686 1 15 7 29 15
t 16 21 24 4 3 24 580 22
t 21 595 8 4 22 8 1 3
t 11 9 3 17 9 14 565 15
t 5 6 9 9 16 589 25 14
t 37 3 772 34 0 11 22 37
t 603 9 33 33 14 22 33 3
t 2 21 22 17 1 17 8 584
t 22 663 0 2 3 6 15 4
t 7 17 23 33 37 28 746 4
t 793 20 31 20 20 24 29 27
t 23 3 23 18 14 8 14 569
t 16 20 1 24 562 12 10 9
t 634 4 35 13 30 18 2 0
t 9 28 35 30 1 2 36 602
t 10 12 795 5 14 6 15 9
t 7 733 10 26 11 39 39 9
t 8 25 570 11 20 2 21 2
t 5 30 6 30 12 725 23 12
t 3 17 24 8 0 36 654 9
t 4 8 17 16 25 14 562 4
t 16 19 23 14 567 25 4 14
t 15 26 10 29 29 26 38 776
t 31 20 13 20 38 649 37 4
t 5 12 15 37 0 6 751 28
t 34 40 4 626 40 2 30 39
t 20 17 22 12 24 8 4 589
t 39 38 36 40 658 18 37 13
t 10 16 587 20 20 1 9 1
t 1 627 32 13 40 32 17 32
t 19 8 590 19 14 18 17 1
t 6 15 20 19 14 7 16 574
t 22 18 23 14 15 25 20 593
t 1 3 12 8 10 595 23 10
t 22 640 0 9 15 7 39 26
t 26 24 4 794 3 3 38 0
t 39 6 33 10 24 30 35 633
t 21 565 7 3 13 22 5 9
t 23 17 4 12 4 574 19 14
t 32 24 11 13 14 742 39 12
t 40 35 754 16 14 31 8 40
t 12 768 27 37 9 9 30 11
t 639 23 6 37 6 22 17 7
t 13 31 677 3 39 33 2 17
t 7 768 6 17 23 34 25 15
t 698 2 32 39 1 21 12 20
t 18 15 25 5 3 599 22 13
t 13 7 585 15 5 7 2 16
t 2 8 19 22 20 3 568 22
t 9 743 1 11 1 11 34 25
t 15 20 12 10 2 701 7 5
t 703 25 8 14 9 7 4 22
t 20 20 4 21 15 5 599 8
t 2 19 580 1 23 21 2 21
t 2 30 24 33 20 3 732 38
t 18 10 4 590 5 21 4 16
t 8 25 20 775 6 8 39 11
t 22 18 11 5 729 32 38 34
t 3 25 7 21 583 9 5 20
t 13 12 13 19 15 6 24 595
t 9 3 21 17 3 591 15 16
t 21 15 564 10 13 1 20 11
t 22 20 9 22 11 564 12 19
t 32 19 758 12 7 1 23 1
t 27 17 29 20 38 17 1 762
t 570 4 18 2 25 6 21 15
t 25 15 9 19 13 15 590 11
t 36 27 12 1 670 31 34 27
t 641 34 5 20 26 17 17 23
t 40 1 25 661 5 29 13 19
t 30 1 23 706 37 13 30 20
t 581 21 15 2 16 19 3 10
t 760 3 38 11 22 29 23 35
t 11 15 565 10 22 12 9 11
t 16 8 1 2 23 3 560 3
t 12 1 9 21 25 578 17 5
t 4 11 5 17 5 16 11 590
t 567 12 21 3 1 25 18 11
t 20 9 3 4 7 36 22 601
t 14 571 14 1 5 16 18 4
t 12 7 24 39 14 22 796 31
t 18 3 36 40 38 4 11 611
t 577 24 2 7 4 10 10 23
t 3 9 565 13 6 10 16 23
t 26 35 29 17 16 20 742 18
t 12 16 21 20 9 13 10 569
t 21 19 37 2 9 786 32 23
t 8 578 23 22 22 13 2 1
t 27 2 19 7 19 8 695 30
t 1 6 8 4 585 24 20 22
t 17 9 23 729 36 37 40 36
t 13 778 23 22 19 0 23 28
t 3 6 18 7 19 17 25 592
t 5 24 21 13 12 13 20 596
t 797 11 26 2 23 37 2 8
t 24 20 24 13 8 24 32 641
t 20 21 7 15 13 581 19 6
t 32 10 29 10 17 613 10 30
t 13 24 23 25 15 594 19 14
t 26 9 4 5 14 27 4 768
t 39 24 25 740 40 0 23 30
t 6 24 13 16 632 33 25 34
t 15 15 18 588 18 21 2 5
t 579 16 16 17 9 11 9 18
t 22 585 16 24 9 11 3 7
t 1 662 10 13 10 15 8 1
t 1 562 25 16 15 20 9 13
t 36 34 9 607 1 31 1 17
t 21 6 6 12 23 19 590 11
t 13 13 586 10 2 10 21 9
t 34 27 31 23 0 7 6 625
t 25 12 18 576 14 12 24 10
t 3 23 4 562 21 25 20 9
t 25 22 5 25 4 19 585 20
t 13 22 25 598 2 14 9 23
t 590 14 10 9 16 6 16 1
t 35 31 11 3 13 778 11 14
t 10 33 39 619 36 9 9 8
t 8 20 34 742 26 34 25 38
t 595 23 14 14 2 20 21 1
t 1 21 9 21 567 13 10 7
t 24 19 26 38 718 12 36 18
t 29 764 28 7 39 13 26 24
t 25 2 8 13 8 587 20 21
t 8 25 24 569 9 22 16 5
t 656 10 12 1 28 21 5 40
t 12 28 23 10 764 7 33 35
t 6 577 22 23 20 21 9 4
t 663 9 37 33 31 34 38 17
t 17 19 2 18 565 7 19 12
t 5 17 25 4 17 4 7 570
t 19 10 7 9 9 24 578 25
t 12 3 25 2 19 579 10 22
t 566 15 2 11 17 24 14 22
t 16 14 5 597 18 6 2 9
t 33 8 22 1 40 723 32 7
t 6 15 24 1 20 23 574 4
t 19 10 13 13 22 11 1 576
t 30 33 10 28 25 4 727 13
t 20 21 20 577 15 10 12 8
t 15 14 17 19 573 1 17 4
t 562 25 14 19 17 13 7 7
t 20 25 2 9 19 577 3 21
t 10 31 1 25 40 15 778 9
t 10 7 15 596 5 7 7 4
t 3 13 38 623 2 18 36 33
t 4 15 20 31 35 655 23 35
t 21 2 15 579 16 17 9 9
t 3 571 17 8 9 16 2 10
t 576 9 17 24 5 2 18 14
t 9 36 5 729 4 14 34 33
t 14 7 18 23 576 22 11 24
t 21 20 19 23 15 15 588 2
t 13 1 2 23 566 20 17 10
t 579 23 20 4 16 24 1 15
t 751 39 0 17 14 39 11 31
t 2 12 17 593 3 18 24 13
t 25 23 3 560 8 1 3 8
t 29 3 25 11 705 9 30 10
t 8 737 1 2 28 13 0 18
t 796 38 25 14 8 36 38 21
t 8 6 589 14 17 23 23 5
t 14 38 19 0 629 22 23 33
t 20 15 582 1 16 6 21 4
t 32 6 23 0 19 8 3 730
t 13 21 11 4 4 599 14 2
t 17 9 9 20 11 11 15 596
t 10 24 22 20 7 594 6 13
t 23 584 23 16 23 11 12 10
t 4 7 39 10 12 630 33 25
t 37 1 23 724 4 33 38 12
t 25 2 576 16 21 2 12 8
t 16 10 23 565 9 15 7 7
t 5 37 38 6 730 20 4 16
t 10 5 1 37 31 20 618 29
t 4 38 38 0 714 29 26 26
t 17 14 1 3 17 1 11 593
t 11 31 11 22 750 6 14 25
t 13 12 22 6 7 24 17 567
t 18 10 5 8 5 594 8 12
t 14 40 7 27 635 11 11 13
t 23 25 16 24 8 562 6 4
t 579 7 7 12 3 16 17 22
t 567 3 20 11 6 22 10 20
t 11 18 582 18 23 5 16 11
t 15 19 12 21 1 24 3 565
t 32 13 727 21 17 16 16 40
t 584 8 12 23 12 18 15 25
t 35 762 19 35 32 37 35 24
t 35 14 13 34 21 780 29 15
t 4 2 1 596 12 13 18 5
t 1 12 23 13 22 12 567 19
t 18 8 8 25 598 13 14 22
t 23 1 4 590 10 13 9 14
t 19 5 23 585 19 23 4 20
t 19 16 17 577 2 8 11 13
t 16 16 9 5 25 596 3 9
t 23 6 11 34 24 737 5 14
t 8 6 19 19 23 568 11 19
t 5 18 22 572 13 3 20 20
t 18 598 21 21 4 9 15 2
t 2 12 13 11 4 18 2 568
t 12 595 24 8 22 1 4 24
t 29 3 37 19 22 781 36 12
t 633 6 27 1 26 1 14 31
t 19 9 1 7 571 19 5 2
t 22 25 13 1 23 11 26 675
t 12 9 17 1 20 601 25 28
t 5 23 20 21 2 23 12 584
t 15 5 661 36 38 13 19 35
t 25 22 7 7 592 5 18 25
t 28 32 5 706 1 39 24 22
t 25 5 12 14 11 589 5 17
t 590 21 9 13 16 10 6 9
t 735 31 24 17 0 32 25 7
t 2 20 12 589 24 19 12 10
t 9 16 0 14 19 12 700 37
t 20 21 23 31 665 26 32 7
t 6 34 755 18 34 4 5 35
t 9 20 20 14 567 14 14 16
t 20 2 16 18 578 17 6 18
t 20 9 563 9 19 19 10 15
t 10 21 16 591 4 24 16 23
t 1 20 4 5 25 561 24 13
t 19 18 10 21 3 5 12 581
t 26 34 24 736 37 40 19 33
t 5 721 32 11 13 4 31 23
t 596 15 24 18 10 24 4 6
t 16 14 17 596 1 4 3 12
t 13 7 24 4 588 9 22 20
t 8 9 10 26 18 605 3 10
t 3 12 625 38 31 21 4 30
t 12 22 40 37 26 718 39 20
t 15 19 2 11 8 569 25 23
t 621 40 27 35 26 26 23 26
t 2 3 4 567 2 8 1 1
t 2 14 2 20 17 732 6 39
t 2 19 586 16 6 11 19 8
t 2 19 21 19 16 594 11 20
t 39 19 5 38 27 7 34 610
t 13 21 591 18 21 12 8 8
t 579 6 17 6 15 24 7 21
t 8 16 8 22 18 6 18 587
t 24 23 13 25 17 24 10 590
t 4 21 597 14 24 23 25 2
t 783 15 2 29 12 40 19 22
t 27 9 7 19 15 28 9 661
t 9 31 24 37 36 603 20 9
t 1 15 6 20 4 583 10 13
t 13 11 1 15 22 593 2 13
t 597 8 24 19 4 7 10 13
t 624 15 9 18 16 11 19 37
t 4 642 16 22 9 28 2 16
t 2 564 17 20 6 1 24 24
t 38 36 36 39 5 25 27 690
t 35 10 9 23 601 21 3 1
t 9 16 569 22 12 15 1 2
t 34 33 37 5 27 7 21 711
t 10 1 16 23 3 12 21 566
t 10 27 16 25 621 18 37 29
t 0 40 31 37 13 32 24 710
t 19 38 14 25 5 642 34 20
t 3 587 19 20 13 10 18 15
t 3 11 756 3 14 26 5 28
t 8 33 34 24 23 25 12 657
t 16 23 21 25 10 598 25 21
t 701 8 23 26 4 3 6 2
t 6 2 16 581 22 19 4 4
t 5 25 4 20 9 589 14 3
t 11 11 22 17 8 10 19 589
t 15 7 6 17 7 585 4 19
t 38 28 36 6 9 13 36 624
t 25 10 740 8 13 17 5 9
t 2 11 10 17 6 2 588 3
t 6 29 765 23 7 33 30 10
t 561 2 12 17 6 8 25 11
t 19 12 22 29 11 19 9 644
t 571 22 4 9 2 15 11 10
t 13 11 23 7 0 10 39 629
t 11 6 21 11 22 8 583 22
t 2 15 626 39 36 13 1 20
t 6 2 19 590 12 3 25 21
t 17 18 12 11 8 16 22 563
t 712 21 23 4 28 33 23 18
t 636 38 23 34 12 26 7 38
t 10 8 2 11 7 591 8 22
t 26 10 1 19 6 753 39 18
t 9 560 25 5 9 22 24 8
t 620 11 16 33 17 15 28 16
t 25 21 8 5 17 22 17 584
t 18 1 588 3 5 8 14 11
t 758 20 10 40 0 13 39 40
t 8 1 24 30 27 1 37 640
t 1 10 18 8 3 564 13 2
t 17 37 9 758 8 30 26 16
t 11 39 33 22 34 14 22 656
t 21 10 17 25 15 560 17 1
t 5 21 14 22 778 33 8 12
t 7 6 15 19 29 685 13 26
t 22 21 1 569 17 7 8 21
t 22 563 22 24 4 24 11 19
t 591 18 13 7 17 1 6 20
t 24 588 15 15 11 10 12 13
t 37 726 16 30 30 30 6 21
t 30 33 26 19 605 25 34 8
t 17 14 640 2 4 9 35 15
t 35 32 660 21 27 31 22 12
t 23 18 574 13 13 19 13 2
t 38 11 14 2 30 787 13 7
t 14 594 17 3 3 1 18 20
t 34 17 609 2 23 39 32 12
t 18 7 24 5 17 583 11 20
t 15 18 20 563 8 25 22 23
t 10 19 9 15 20 21 587 17
t 563 20 8 17 5 4 22 8
t 17 23 581 24 18 24 18 4
t 34 8 26 762 7 30 7 27
t 13 37 30 751 21 24 8 10
t 657 32 36 39 15 9 26 12
t 36 5 31 20 34 32 33 732
t 24 10 14 9 594 17 13 4
t 22 8 9 587 7 15 23 23
t 795 14 1 40 18 35 6 4
t 14 23 584 2 15 22 8 12
t 15 40 8 29 638 23 30 24
t 25 4 15 25 21 24 10 573
t 39 31 22 31 5 36 737 15
t 18 12 3 579 20 6 4 16
t 5 4 19 582 1 7 4 24
t 9 11 1 594 3 13 24 17
t 9 562 4 6 11 14 11 18
t 10 11 3 7 562 11 23 12
t 29 27 39 13 644 24 26 32
t 587 24 21 18 23 11 16 14
t 765 27 26 4 13 1 4 13
t 10 19 17 24 11 9 17 591
t 693 39 31 8 30 2 1 21
t 3 7 20 9 19 17 575 18
t 8 11 16 7 37 12 36 685
t 24 2 9 18 3 591 23 13
t 7 32 800 11 40 19 15 18
t 598 22 6 1 20 23 1 8
t 10 9 40 17 23 717 18 30
t 25 24 25 24 25 7 570 11
t 607 4 19 20 35 24 23 36
t 26 33 668 1 1 9 18 7
t 3 24 5 570 22 16 25 19
t 9 18 14 16 586 10 14 15
t 20 21 17 6 22 564 16 5
t 7 1 23 5 19 8 14 685
t 13 6 16 7 16 20 578 4
t 25 31 4 40 26 649 1 2
t 21 19 25 585 2 4 22 3
t 13 29 774 29 12 23 32 20
t 15 20 13 4 566 14 13 21
t 7 4 8 7 12 20 591 22
t 30 37 736 29 34 30 37 3
t 36 16 20 7 29 29 20 699
t 576 23 3 23 21 16 9 17
t 712 15 22 23 36 4 32 26
t 15 20 18 24 11 21 6 596
t 7 17 574 9 22 13 8 12
t 23 8 12 4 27 36 763 15
t 18 34 3 33 764 11 30 6
t 15 1 24 6 21 1 561 15
t 23 13 24 2 598 5 3 17
t 582 12 1 22 5 10 6 3
t 36 8 26 705 35 31 27 16
t 14 8 13 4 24 25 10 574
t 36 24 29 633 0 30 37 6
t 16 25 13 11 584 12 2 21
t 4 742 37 40 18 5 30 0
t 18 23 5 18 582 24 11 20
t 31 24 4 9 15 765 22 14
t 643 24 7 8 17 21 26 13
t 14 11 13 21 21 19 590 14
t 2 23 788 8 23 8 40 12
t 9 24 17 13 24 15 576 25
t 596 24 15 4 6 12 11 6
t 32 14 29 17 644 24 19 22
t 9 30 9 638 14 30 8 34
t 3 13 12 24 565 18 21 2
t 782 29 22 0 9 30 27 22
t 13 19 7 9 565 12 24 18
t 18 4 22 3 7 564 11 13
t 9 22 5 569 3 23 24 4
t 3 584 22 1 20 25 4 2
t 23 592 16 24 2 23 16 14
t 23 17 19 13 11 599 18 13
t 34 39 601 8 39 37 5 13
t 693 21 8 12 8 17 16 34
t 31 6 40 19 624 19 35 28
t 32 6 29 1 648 28 33 2
t 14 12 4 15 12 20 24 598
t 18 23 3 13 595 8 11 22
t 10 640 4 16 7 11 37 40
t 596 2 12 8 14 17 18 16
t 15 17 15 6 1 18 20 684
t 5 760 0 24 32 21 30 5
t 16 24 39 1 16 18 744 18
t 22 10 22 598 8 4 4 10
t 6 786 40 7 39 27 35 13
t 6 18 6 11 2 23 5 586
t 18 592 9 4 10 6 18 9
t 1 2 1 10 564 19 1 9
t 25 27 3 5 17 648 5 40
t 8 25 2 572 19 17 22 12
t 17 15 14 19 23 568 9 4
t 36 20 38 17 9 28 31 658
t 10 6 7 19 14 10 23 570
t 710 2 0 34 35 19 40 18
t 20 620 26 18 20 14 12 9
t 16 23 5 11 13 1 693 37
t 10 23 4 599 5 13 8 1
t 19 14 16 14 9 8 5 591
t 30 32 12 660 15 26 29 8
t 12 9 5 17 1 579 22 6
t 9 7 23 23 1 25 581 10
t 27 25 36 628 4 29 39 19
t 24 8 1 13 6 8 565 23
t 3 12 565 11 12 21 12 24
t 719 1 18 32 33 16 9 35
t 33 40 18 24 15 12 19 777
t 10 14 11 586 17 13 7 15
t 38 2 11 39 34 714 14 40
t 9 11 10 16 7 16 11 573
t 33 13 23 30 6 680 37 28
t 21 7 22 568 11 1 25 3
t 21 13 13 7 25 1 4 589
t 6 607 39 23 3 22 10 1
t 24 22 580 9 16 20 4 12
t 4 25 8 578 23 18 24 2
t 755 9 20 22 7 3 23 6
t 593 18 25 4 1 12 2 1
t 17 2 9 568 5 22 4 5
t 21 18 9 6 1 14 23 568
t 18 25 21 24 7 1 23 561
t 740 35 28 32 27 17 1 9
t 25 27 5 7 36 671 5 4
t 11 9 7 6 8 573 6 4
t 21 1 15 16 24 5 11 564
t 14 24 15 737 33 8 20 31
t 667 7 22 6 31 10 39 39
t 23 33 22 32 39 21 758 29
t 9 16 15 15 5 10 21 571
t 25 9 34 30 3 7 20 793
t 13 9 1 12 14 14 24 584
t 9 583 10 13 13 12 17 14
t 27 6 38 14 8 10 30 650
t 594 20 7 8 2 3 21 5
t 30 35 17 5 6 15 0 710
t 19 592 4 21 12 24 17 20
t 36 24 33 23 19 669 1 23
t 0 17 37 32 34 634 40 38
t 34 40 32 38 15 13 30 729
t 12 10 23 5 25 8 562 9
t 5 19 5 23 597 8 7 23
t 5 567 19 5 8 1 23 25
t 7 581 15 5 24 4 1 13
t 6 4 13 23 15 588 17 17
t 28 22 2 700 14 20 14 36
t 21 13 25 18 570 20 23 25
t 591 1 18 13 12 2 7 12
t 19 15 16 585 20 1 25 15
t 22 22 6 562 17 19 6 12
t 25 17 18 10 25 722 4 0
t 25 20 7 24 17 14 22 563
t 18 15 6 10 19 8 5 565
t 27 24 25 7 21 23 726 19
t 12 0 34 3 25 2 13 799
t 14 5 2 36 40 612 16 26
t 14 18 36 8 9 32 683 13
t 18 700 3 26 26 18 25 34
t 769 38 18 8 24 13 24 22
t 40 14 39 30 16 0 791 31
t 0 10 5 29 725 8 33 9
t 29 10 20 1 15 31 13 789
t 564 16 19 10 13 11 4 15
t 15 5 31 770 39 12 21 27
t 21 27 603 37 37 28 21 16
t 24 15 25 23 3 7 561 2
t 12 7 40 28 18 33 670 15
t 12 19 6 22 22 9 1 582
t 13 16 599 24 21 1 24 9
t 14 1 11 4 18 588 17 12
t 28 27 30 15 716 37 5 0
t 1 2 19 3 574 10 22 20
t 8 576 11 20 25 20 5 17
t 23 15 22 24 581 25 3 14
t 3 15 11 21 3 2 613 32
t 18 12 31 13 717 9 1 15
t 13 24 7 580 19 21 12 6
t 4 567 23 15 1 16 24 21
t 4 1 25 4 565 25 16 14
t 24 9 9 17 9 581 15 5
t 10 19 1 21 593 21 16 24
t 746 32 22 8 28 8 26 4
t 17 15 14 685 4 21 13 17
t 36 38 633 14 27 13 5 16
t 11 8 20 11 2 17 23 569
t 8 19 20 14 29 8 27 799
t 18 23 4 21 5 587 11 3
t 21 25 22 25 16 4 594 20
t 667 24 3 15 0 38 4 11
t 19 5 6 666 1 31 7 31
t 13 568 9 23 19 6 8 12
t 2 24 12 5 13 577 17 19
t 9 1 15 16 19 580 5 14
t 2 39 23 693 1 27 20 20
t 23 24 21 12 16 14 23 588
t 17 17 16 6 12 10 597 9
t 6 5 17 17 20 12 1 590
t 8 5 23 14 14 589 14 14
t 18 14 0 21 636 38 32 9
t 5 30 29 24 18 16 665 20
t 33 23 737 35 21 18 33 13
t 17 23 30 21 16 5 34 679
t 33 736 11 25 2 16 37 38
t 14 18 10 583 10 17 14 11
t 8 9 14 17 3 14 579 17
t 22 13 21 18 12 13 583 20
t 10 37 618 14 32 34 5 1
t 22 8 13 14 5 10 8 574
t 25 724 35 7 7 19 2 24
t 19 20 8 5 11 6 590 3
t 35 34 38 3 15 2 664 39
t 19 19 22 20 9 24 583 9
t 20 32 13 19 35 32 35 647
t 7 12 561 7 16 9 3 15
t 21 591 12 11 19 17 14 24
t 16 3 18 560 23 23 15 16
t 10 9 577 12 25 10 5 3
t 568 14 1 22 8 2 7 22
t 24 23 18 24 24 17 590 12
t 7 21 5 17 13 24 10 582
t 755 9 33 39 30 11 18 15
t 1 22 13 8 16 3 5 569
t 589 8 2 6 5 8 3 18
t 18 12 23 25 4 565 8 7
t 774 35 12 16 7 12 30 10
t 14 23 6 584 17 1 20 23
t 9 32 748 9 14 10 30 28
t 571 9 22 12 14 20 13 7
t 19 25 8 9 9 566 20 25
t 6 578 16 25 8 6 19 15
t 29 7 19 6 13 9 13 687
t 7 21 23 4 3 5 590 14
t 5 9 679 12 28 5 13 28
t 25 10 599 23 16 22 15 11
t 9 581 12 17 6 15 22 5
t 3 27 21 39 707 34 39 16
t 1 19 16 21 24 3 12 561
t 19 659 14 16 38 39 5 27
t 25 29 639 16 8 40 29 12
t 24 40 37 7 40 11 788 19
t 10 588 3 16 7 19 13 14
t 39 9 25 26 23 16 36 614
t 22 25 6 7 8 25 8 579
t 749 4 12 20 34 35 37 26
t 32 8 19 19 671 5 18 30
t 757 13 24 21 30 11 18 39
t 12 10 25 21 2 23 19 566
t 5 13 588 12 23 12 19 18
t 16 17 18 16 22 596 22 15
t 12 15 14 11 22 13 582 20
t 21 18 6 25 7 9 574 5
t 22 599 1 14 19 25 11 4
t 22 19 3 25 1 577 13 10
t 21 10 2 4 5 570 21 10
t 10 25 19 7 8 18 571 22
t 3 24 2 10 31 686 36 13
t 37 2 756 16 2 38 0 28
t 593 9 5 23 1 22 25 5
t 765 31 9 40 15 9 40 11
t 24 566 2 8 4 8 16 9
t 37 40 26 28 31 678 25 13
t 16 5 4 576 19 20 3 15
t 582 23 22 21 1 14 22 15
t 20 579 1 18 14 13 5 11
t 24 1 23 11 595 23 11 17
t 12 4 11 574 21 3 5 7
t 598 17 4 21 16 16 11 5
t 38 37 17 24 40 686 21 0
t 12 17 17 570 4 4 19 10
t 8 3 560 23 14 18 21 20
t 7 25 12 3 6 24 5 571
t 612 6 38 28 10 13 0 7
t 13 6 23 7 8 569 8 19
t 30 3 13 1 35 1 30 709
t 17 12 22 22 586 12 13 10
t 0 699 10 26 32 34 17 7
t 22 24 3 19 16 14 8 596
t 15 18 21 3 15 589 11 23
t 563 16 15 24 6 15 2 16
t 34 754 6 25 34 11 28 18
t 567 24 6 18 17 7 18 23
t 15 3 17 20 5 22 4 576
t 5 21 8 17 23 10 20 594
t 17 1 4 5 583 12 14 16
t 13 3 592 4 17 12 25 12
t 565 5 6 5 10 7 7 13
t 25 10 17 29 19 1 13 795
t 24 16 6 4 588 18 6 8
t 11 25 21 19 14 25 570 18
t 14 1 8 29 37 654 9 26
t 690 26 2 12 19 10 26 27
t 10 36 17 31 3 34 682 7
t 12 8 10 10 11 575 19 21
t 34 34 747 5 7 33 4 5
t 565 19 3 5 25 4 14 17
t 3 17 25 7 4 21 594 25
t 6 16 17 11 579 3 2 1
t 27 3 33 18 29 764 38 10
t 15 773 22 10 28 33 2 8
t 15 20 18 2 568 22 23 17
t 13 20 6 13 22 590 23 9
t 14 22 16 6 563 5 6 24
t 26 36 0 36 780 26 0 18
t 19 2 3 1 586 8 24 20
t 37 26 32 16 19 14 781 16
t 25 3 17 12 1 561 6 22
t 1 8 5 594 3 11 1 22
t 8 0 26 22 2 30 789 0
t 3 15 16 2 567 7 22 20
t 25 17 31 23 10 1 750 30
t 8 9 1 594 5 9 13 9
t 14 2 14 1 598 13 4 17
t 39 28 9 30 25 645 36 20
t 19 9 13 1 9 14 25 586
t 24 578 2 13 16 25 22 15
t 16 22 8 14 572 18 21 5
t 8 24 25 593 19 4 12 4
t 31 790 39 22 25 7 5 33
t 3 5 25 566 12 2 4 22
t 15 2 24 589 20 4 21 8
t 21 13 11 14 11 10 570 7
t 584 2 2 16 21 1 13 2
t 11 7 7 2 2 20 10 562
t 31 641 6 8 19 20 16 23
t 23 31 21 23 752 32 19 29
t 22 6 708 3 11 31 37 8
t 5 13 19 3 579 7 17 14
t 15 40 1 37 33 754 1 2
t 2 18 22 595 10 11 20 11
t 4 590 19 9 10 4 22 13
t 17 5 14 34 38 22 0 778
t 585 5 24 8 15 11 11 23
t 688 13 0 28 14 24 5 30
t 0 13 3 613 30 11 33 1
t 20 10 22 24 8 23 23 562
t 4 24 8 19 3 659 28 1
t 14 770 2 27 12 23 3 36
t 24 28 9 0 21 35 5 790
t 7 15 17 23 8 9 569 4
t 9 564 13 25 19 21 3 10
t 1 19 594 8 15 3 11 8
t 23 7 25 13 581 23 11 19
t 1 4 23 7 585 7 7 15
t 9 6 22 14 13 744 37 37
t 24 579 9 11 8 14 20 2
t 10 1 565 9 8 24 1 5
t 37 22 32 673 29 17 32 33
t 19 2 14 596 22 22 17 9
t 19 30 30 30 24 5 660 2
t 598 18 2 20 13 6 20 8
t 21 13 13 16 6 12 569 24
t 588 12 13 22 15 1 5 6
t 13 582 15 14 24 22 17 9
t 14 9 800 36 19 15 32 28
t 4 4 10 584 19 11 25 17
t 21 14 31 32 5 600 38 14
t 12 26 36 28 34 16 11 719
t 21 15 597 6 8 13 10 18
t 17 21 9 23 21 17 17 594
t 37 23 7 12 3 734 2 36
t 6 5 564 11 4 11 12 14
t 23 1 17 25 595 18 3 6
t 31 659 17 28 13 6 19 28
t 21 18 36 30 28 619 21 14
t 9 23 716 25 34 20 17 28
t 5 12 5 8 586 17 15 11
t 4 1 18 11 36 1 637 8
t 8 29 16 775 2 12 23 16
t 38 32 775 35 36 38 10 36
t 615 12 26 9 17 20 29 0
t 25 34 619 10 26 7 17 38
t 582 8 18 3 16 11 15 14
t 7 14 19 34 30 619 40 15
t 40 763 23 24 13 14 11 30
t 7 24 25 579 18 7 1 4
t 29 668 5 17 40 7 15 8
t 17 30 21 616 37 24 36 22
t 22 1 8 20 19 24 19 599
t 18 14 14 572 6 20 1 4
t 17 690 13 39 35 16 9 8
t 14 21 25 2 10 12 16 586
t 9 1 12 37 28 9 788 39
t 711 31 35 14 25 25 32 34
t 4 13 5 17 7 3 8 569
t 24 11 566 21 23 13 18 3
t 13 581 1 5 2 7 16 10
t 22 5 23 9 21 564 14 6
t 5 8 25 13 571 14 15 13
t 578 21 7 21 10 10 19 25
t 6 18 11 2 18 10 22 595
t 26 18 5 5 12 40 781 16
t 13 22 642 32 12 33 4 18
t 582 4 17 7 2 11 16 24
t 26 15 19 795 23 30 19 9
t 38 9 25 28 600 33 34 17
t 10 17 574 20 9 18 7 6
t 22 25 23 14 21 14 10 797
t 23 565 5 15 22 13 23 22
t 35 24 33 4 40 604 17 34
t 576 19 8 18 15 21 7 7
t 15 4 7 597 9 4 14 18
t 1 12 14 22 19 568 11 18
t 6 12 4 790 33 1 18 36
t 25 3 1 1 582 21 23 7
t 14 10 17 581 2 13 16 7
t 3 6 12 14 571 17 22 21
t 7 22 18 24 12 18 17 582
t 21 16 7 19 785 17 29 36
t 31 18 30 33 7 698 30 38
t 24 7 771 11 36 2 35 5
t 29 18 24 7 765 5 6 3
t 27 36 26 690 6 21 20 2
t 19 35 773 8 39 21 32 7
t 10 15 24 22 14 17 3 574
t 580 23 20 10 7 24 21 17
t 7 24 3 2 16 574 8 23
t 21 582 23 24 18 3 25 6
t 14 8 27 21 33 797 9 17
t 21 11 16 25 2 567 8 7
t 567 4 24 9 7 15 23 2
t 6 18 10 12 23 587 2 20
t 35 19 27 9 25 663 5 23
t 13 588 4 15 10 13 24 13
t 750 30 23 3 9 26 5 9
t 19 9 17 651 20 19 23 2
t 562 17 24 14 18 8 10 25
t 9 16 23 23 16 1 12 561
t 1 23 23 579 19 6 7 17
t 14 19 8 17 35 10 796 11
t 39 23 36 22 8 35 13 783
t 9 33 637 13 12 37 7 32
t 21 8 7 17 788 7 4 25
t 21 11 571 2 24 15 3 7
t 11 35 28 680 14 38 10 9
t 3 3 589 15 8 18 24 22
t 1 6 8 23 15 5 6 615
t 32 32 38 17 40 672 32 14
t 2 15 10 24 562 18 2 20
t 4 10 16 20 18 2 714 4
t 31 8 10 19 777 28 23 13
t 36 25 776 8 2 23 33 24
t 7 12 24 9 3 18 597 2
t 16 25 21 6 590 9 11 16
t 23 8 24 16 597 15 24 23
t 643 35 6 0 16 29 33 6
t 37 36 16 1 3 647 3 13
t 13 18 2 15 593 2 24 16
t 10 17 14 23 20 575 3 24
t 13 2 7 8 15 579 21 11
t 12 18 2 21 15 571 16 19
t 22 5 14 583 20 3 24 3
t 37 5 24 34 15 746 34 4
t 20 11 573 1 14 10 25 23
t 11 11 19 9 2 568 18 2
t 3 579 12 23 25 1 3 20
t 11 11 11 586 22 7 12 10
t 17 1 587 2 12 10 12 8
t 601 13 12 2 21 31 20 15
t 17 8 20 39 25 780 19 21
t 25 38 4 37 712 24 5 13
t 6 7 19 16 16 566 23 1
t 2 1 13 22 592 17 22 11
t 19 9 11 20 3 580 17 13
t 25 21 25 717 40 22 0 28
t 761 1 2 15 4 9 23 24
t 593 11 15 9 20 2 6 5
t 2 38 686 37 14 40 35 33
t 10 597 8 10 25 25 13 7
t 3 734 23 38 3 0 1 2
t 24 583 9 1 15 21 2 4
t 721 22 1 14 12 15 19 21
t 21 590 13 9 14 20 18 22
t 13 25 24 24 575 23 4 4
t 16 5 11 598 25 7 12 16
t 26 21 2 32 8 616 24 21
t 570 14 6 3 2 4 18 21
t 16 593 17 19 3 22 3 21
t 5 23 3 16 569 14 6 3
t 24 25 25 22 7 18 23 566
t 25 613 5 3 22 17 27 26
t 22 34 18 724 12 28 6 30
t 33 18 28 31 35 11 21 625
t 17 577 16 11 5 12 16 5
t 23 22 20 4 562 19 11 7
t 17 595 17 24 7 20 16 7
t 32 10 35 7 21 3 29 760
t 6 4 573 15 15 17 10 18
t 11 25 39 39 34 640 37 23
t 21 28 678 34 36 36 4 8
t 2 11 587 14 11 20 21 9
t 20 7 19 10 1 576 6 3
t 19 22 17 4 17 15 16 599
t 592 9 6 10 12 3 7 25
t 37 13 1 19 3 22 733 13
t 23 6 19 19 2 562 16 12
t 2 24 30 756 24 0 9 2
t 25 1 7 568 11 3 16 3
t 39 651 12 29 19 39 38 39
t 33 25 601 31 6 39 27 14
t 10 14 9 576 2 15 4 3
t 32 33 680 25 40 13 8 10
t 20 22 11 3 592 11 3 18
t 2 16 31 15 761 18 7 13
t 31 14 15 15 2 710 40 36
t 574 3 17 25 4 2 11 1
t 8 14 15 576 19 9 25 22
t 4 21 12 563 13 18 16 22
t 21 19 7 9 7 16 577 12
t 1 23 14 574 4 19 4 13
t 21 21 13 2 22 612 15 9
t 17 25 25 638 5 1 6 25
t 16 699 22 12 0 7 36 31
t 10 25 16 593 7 8 10 23
t 0 678 4 12 22 1 11 23
t 595 4 15 16 15 4 9 25
t 3 31 29 2 23 2 8 714
t 729 14 6 0 1 3 13 12
t 746 19 21 1 17 26 40 14
t 5 570 24 14 3 5 20 3
t 10 650 34 24 39 39 33 27
t 16 13 26 6 31 621 23 0
t 23 10 18 20 22 1 572 16
t 23 684 5 29 37 11 29 2
t 5 7 581 18 4 5 4 17
t 27 707 5 32 12 30 23 3
t 32 36 670 17 38 25 4 31
t 22 581 20 22 15 12 13 18
t 572 4 23 22 21 16 16 14
t 1 3 3 19 565 3 19 17
t 11 5 23 24 12 3 17 560
t 719 23 36 39 34 9 6 32
t 20 27 18 660 26 5 32 30
t 12 40 20 4 6 25 11 610
t 19 15 22 25 17 573 17 7
t 1 22 22 17 15 2 7 572
t 569 17 13 20 13 11 20 15
t 10 635 36 11 31 26 34 18
t 569 5 25 15 9 18 22 24
t 25 596 14 13 7 21 10 3
t 6 3 6 7 593 17 7 25
t 28 32 39 34 9 712 10 35
t 3 28 21 771 10 33 26 40
t 6 7 5 5 18 22 567 4
t 2 20 5 13 13 576 11 10
t 10 26 36 658 10 12 0 9
t 6 14 13 21 3 18 1 588
t 729 29 8 40 27 9 10 39
t 779 34 31 34 9 37 1 7
t 22 8 19 15 17 599 22 9
t 12 37 627 6 23 2 37 10
t 22 3 21 568 19 7 25 23
t 8 19 0 21 756 22 8 15
t 583 7 12 22 19 15 8 16
t 2 1 14 2 15 4 597 23
t 27 9 12 696 1 31 1 8
t 3 7 14 597 11 18 24 10
t 15 2 17 17 6 40 714 24
t 21 14 25 13 7 20 13 575
t 37 33 684 19 35 6 25 24
t 747 25 40 29 36 10 33 29
t 35 26 656 25 25 18 40 21
t 7 591 4 13 12 8 14 21
t 38 30 8 12 11 29 660 34
t 28 694 3 33 23 37 4 27
t 13 20 14 590 17 3 22 9
t 36 6 36 18 38 645 26 29
t 3 4 576 3 8 4 16 10
t 19 11 20 8 580 12 13 13
t 22 33 37 11 19 22 7 757
t 30 35 5 33 612 21 19 30
t 17 9 24 21 585 25 12 15
t 21 14 36 793 30 10 38 4
t 730 26 23 25 4 11 9 37
t 590 23 9 1 2 17 2 6
t 31 772 17 7 13 40 8 9
t 645 37 2 25 17 37 12 6
t 17 9 28 33 710 27 28 23
t 570 2 8 3 23 2 10 9
t 3 20 4 18 24 9 8 570
t 6 23 18 3 8 569 13 1
t 8 26 11 9 31 14 621 40
t 19 23 4 0 26 7 713 4
t 4 19 19 18 573 24 15 1
t 25 3 3 22 594 14 13 11
t 20 15 5 578 12 13 20 14
t 14 1 25 15 22 6 563 18
t 5 13 573 8 15 13 13 14
t 9 22 24 9 14 579 22 12
t 5 13 20 3 20 563 23 2
t 33 7 29 15 659 37 32 9
t 22 765 30 22 7 4 36 9
t 20 5 1 599 6 18 18 13
t 6 576 13 6 21 12 2 3
t 10 2 25 25 39 34 716 23
t 40 23 626 13 10 37 4 6
t 33 25 23 23 20 38 711 20
t 13 10 3 17 777 15 13 6
t 2 3 2 7 9 22 592 20
t 19 640 6 35 3 4 2 29
t 39 26 8 24 12 15 5 621
t 21 6 23 24 587 12 12 17
t 20 15 0 40 603 23 25 35
t 1 29 29 33 26 655 26 37
t 24 7 22 2 25 3 599 24
t 20 24 12 565 2 14 25 11
t 621 34 7 24 6 33 10 25
t 12 31 711 35 33 34 31 0
t 12 25 15 12 6 582 8 25
t 29 4 36 4 38 22 769 0
t 30 32 12 35 621 30 21 28
t 703 31 26 2 38 21 17 19
t 2 13 711 14 1 1 19 5
t 26 26 12 10 40 25 662 18
t 36 5 600 38 28 39 15 31
t 5 6 7 10 14 18 13 572
t 14 12 22 16 562 15 17 3
t 16 13 25 4 586 19 7 5
t 11 25 25 7 15 574 13 25
t 3 17 787 8 34 37 18 28
t 569 24 16 12 10 18 3 19
t 8 14 16 18 3 595 13 2
t 24 8 8 3 3 575 25 2
t 606 14 5 23 27 12 7 21
t 729 20 27 40 27 38 6 20
t 8 16 21 6 1 7 19 569
t 9 642 27 23 12 9 35 19
t 15 14 23 19 4 564 23 15
t 17 19 5 568 3 22 14 11
t 12 9 22 15 745 37 12 31
t 17 18 1 9 23 6 6 579
t 15 21 25 0 33 615 36 22
t 20 725 11 33 40 38 15 10
t 11 10 4 14 25 588 9 5
t 22 21 7 21 21 580 18 20
t 757 26 24 33 4 29 39 17
t 15 21 12 566 1 21 14 16
t 29 1 29 18 696 9 32 16
t 2 21 5 560 6 16 16 25
t 24 23 21 10 3 21 8 562
t 3 12 14 776 7 27 8 13
t 632 18 16 3 5 8 23 39
t 29 34 12 38 21 664 21 9
t 567 7 6 5 25 11 23 18
t 4 5 7 6 13 572 22 19
t 21 2 40 35 38 696 33 21
t 585 4 3 14 1 13 16 19
t 6 36 7 23 24 739 14 39
t 18 15 2 4 4 2 588 7
t 15 564 24 9 21 25 12 13
t 16 18 18 20 4 11 587 7
t 1 586 21 7 2 5 14 13
t 40 27 699 17 2 3 5 19
t 1 37 22 10 31 6 768 17
t 9 8 14 18 585 21 19 1
t 4 5 570 5 15 19 2 1
t 28 16 34 5 13 720 8 33
t 1 6 40 35 677 13 3 36
t 13 28 692 10 1 32 18 14
t 19 8 19 599 10 6 19 4
t 24 731 21 24 28 12 16 13
t 20 31 32 7 8 693 10 31
t 27 5 19 749 3 19 32 12
t 582 22 19 4 24 5 24 12
t 23 20 7 20 5 661 33 26
t 17 7 20 12 576 20 7 8
t 40 24 0 0 37 32 602 32
t 15 14 16 20 13 14 3 580
t 31 677 12 29 25 14 23 29
t 11 10 2 9 576 23 11 18
t 8 34 31 21 734 0 16 16
t 17 18 37 7 35 15 611 6
t 4 39 30 0 16 7 787 33
t 21 35 684 27 6 13 14 15
t 34 10 1 36 794 37 39 3
t 5 28 22 23 689 22 11 13
t 11 38 33 10 35 758 3 17
t 35 18 13 621 9 14 25 34
t 33 14 647 28 35 3 39 28
t 14 30 0 725 4 23 3 9
t 33 23 23 25 2 5 708 14
t 35 27 665 2 35 27 6 6
t 16 755 29 13 39 21 25 19
t 9 1 14 17 704 14 8 9
t 8 16 12 12 12 6 2 598
t 1 7 575 23 22 16 1 21
t 16 694 39 33 26 35 34 19
t 14 4 566 20 11 11 20 14
t 6 6 20 15 24 582 14 11
t 24 10 3 584 18 14 19 7
t 23 13 5 19 14 10 8 569
t 5 8 14 25 13 7 577 8
t 28 26 14 12 639 9 18 8
t 24 2 16 575 10 9 6 8
t 22 21 18 1 595 25 25 5
t 18 7 24 15 1 12 567 1
t 610 32 3 23 39 8 30 24
t 11 8 738 15 28 22 20 8
t 3 15 10 14 1 561 1 20
t 14 16 20 23 1 6 578 25
t 593 22 20 2 14 15 18 19
t 13 8 560 18 15 2 16 11
t 1 7 594 10 6 1 19 12
t 27 16 637 17 17 14 29 0
t 571 17 8 19 11 16 4 22
t 7 13 2 567 21 7 12 6
t 5 1 15 10 5 771 13 23
t 39 689 10 1 16 20 4 24
t 623 10 20 36 28 12 23 0
t 3 12 583 16 13 9 10 24
t 2 15 25 9 588 25 1 4
t 23 9 16 631 17 16 29 16
t 8 584 18 22 9 1 20 21
t 21 21 11 16 23 17 14 593
t 692 22 38 18 33 38 36 19
t 2 18 6 565 10 7 12 2
t 697 17 32 33 19 7 32 22
t 7 22 19 26 724 32 10 26
t 32 610 9 11 21 21 19 31
t 36 19 1 28 20 661 3 4
t 36 29 732 28 31 10 33 31
t 9 23 791 15 39 22 32 40
t 8 21 579 18 19 9 23 6
t 30 10 10 3 9 40 14 660
t 11 18 36 36 633 14 24 11
t 567 19 6 14 17 1 4 12
t 7 19 17 4 597 3 12 19
t 4 32 17 32 753 37 34 9
t 30 21 664 1 17 26 3 34
t 35 4 604 0 16 6 15 17
t 18 13 16 567 6 4 9 21
t 12 15 38 22 39 756 30 6
t 582 2 10 10 24 17 25 18
t 3 6 28 19 20 25 762 4
t 2 22 22 16 20 10 5 586
t 26 21 27 1 32 21 16 662
t 1 17 29 25 35 34 647 27
t 16 25 19 24 582 22 14 17
t 2 23 594 9 23 14 22 23
t 788 30 26 31 27 28 4 12
t 577 13 6 21 20 1 18 11
t 789 35 29 24 36 16 28 30
t 686 34 23 36 12 25 14 21
t 8 4 7 12 16 6 23 577
t 1 13 24 22 8 3 25 599
t 6 5 16 577 6 10 19 20
t 4 16 14 18 20 23 16 595
t 40 717 27 5 5 32 13 3
t 2 25 3 587 3 22 9 17
t 3 23 648 24 15 28 14 21
t 19 21 4 581 13 1 24 14
t 581 16 24 5 19 16 10 20
t 20 11 8 9 11 1 573 21
t 1 17 16 2 21 15 560 3
t 39 24 10 15 6 749 1 23
t 21 20 40 37 755 31 17 11
t 4 562 3 3 1 14 10 8
t 21 13 578 15 22 17 9 23
t 24 21 15 6 15 593 15 6
t 39 8 0 7 665 12 29 4
t 3 4 40 35 33 39 797 21
t 18 23 24 570 9 18 17 9
t 9 659 9 40 36 34 32 34
t 12 15 29 15 0 20 29 739
t 15 5 586 25 13 15 17 12
t 20 5 36 35 0 9 1 651
t 583 11 25 13 24 19 19 1
t 21 6 4 599 8 7 4 25
t 38 38 1 752 23 0 36 20
t 19 3 19 5 583 20 9 6
t 12 0 14 603 21 23 27 38
t 7 6 25 20 12 577 12 23
t 20 2 8 15 17 576 5 4
t 560 23 23 24 24 2 15 25
t 36 23 674 11 29 18 24 12
t 699 39 38 13 21 3 3 37
t 23 24 13 1 22 588 20 24
t 39 10 27 40 667 3 35 15
t 8 10 13 17 565 14 3 2
t 1 26 10 3 637 40 6 2
t 5 6 571 6 15 4 12 23
t 799 36 6 25 18 27 32 35
t 19 590 5 23 17 10 23 20
t 15 2 16 4 26 780 2 17
t 9 8 17 19 25 2 15 584
t 15 1 9 565 23 9 23 13
t 19 25 3 17 16 646 20 26
t 20 18 18 599 23 9 4 6
t 1 603 3 14 5 8 24 12
t 21 20 20 36 8 762 22 11
t 586 5 4 19 23 6 22 10
t 23 22 12 20 12 11 560 11
t 16 14 21 16 22 580 1 1
t 23 40 755 28 18 21 21 3
t 18 569 3 11 19 1 24 4
t 36 12 14 9 746 14 38 16
t 26 5 5 23 17 11 724 18
t 8 29 18 693 7 8 23 11
t 12 1 14 616 2 2 0 27
t 567 23 6 12 15 16 18 17
t 33 8 15 12 23 25 20 612
t 20 24 29 36 26 40 604 23
t 758 37 38 15 17 22 35 7
t 21 560 16 25 16 16 2 6
t 7 3 38 26 13 25 39 679
t 16 9 6 23 24 580 22 14
t 32 39 724 14 2 36 10 8
t 2 8 9 9 579 22 9 1
t 18 1 595 17 24 18 16 2
t 11 7 2 37 9 16 676 19
t 3 14 34 16 8 709 10 39
t 28 30 16 24 12 25 651 12
t 3 7 24 25 582 15 18 12
t 14 33 22 31 31 3 11 750
t 33 21 9 20 28 20 602 15
t 776 37 6 29 1 20 33 5
t 9 24 13 21 572 11 9 19
t 22 560 6 24 21 17 25 5
t 33 19 38 32 29 3 14 621
t 578 14 14 9 9 25 23 8
t 10 12 28 21 36 661 28 18
t 20 2 23 14 8 24 587 10
t 17 11 14 24 18 577 14 15
t 6 18 19 23 569 10 3 16
t 11 14 6 16 19 15 25 577
t 24 24 9 13 23 579 21 17
t 34 5 28 6 768 37 24 15
t 1 16 599 4 1 21 8 3
t 6 13 683 27 14 34 31 27
t 744 18 39 19 16 8 38 34
t 33 796 37 20 7 0 17 2
t 26 34 4 11 17 25 712 26
t 18 9 22 9 564 20 17 14
t 771 18 40 21 23 10 12 32
t 15 23 1 22 22 563 2 22
t 23 2 16 10 594 1 20 15
t 25 22 760 32 2 9 14 7
t 24 0 5 36 36 757 14 39
t 36 1 20 6 35 5 743 24
t 5 22 23 5 563 15 24 17
t 2 19 20 12 14 563 23 13
t 597 21 21 19 8 5 20 1
t 15 2 22 6 3 4 732 18
t 10 578 24 8 4 3 18 18
t 12 16 676 20 16 36 12 27
t 27 7 38 760 23 28 12 34
t 16 8 10 23 23 570 5 9
t 9 5 15 15 23 591 9 22
t 33 788 31 39 23 34 12 27
t 7 19 4 14 565 15 8 10
t 18 13 14 654 3 30 34 22
t 2 17 566 7 22 11 9 22
t 11 5 703 7 30 9 25 1
t 9 13 596 6 24 16 11 14
t 4 568 20 4 6 2 22 6
t 17 6 6 5 4 19 4 567
t 561 13 25 12 6 18 20 20
t 38 735 27 36 31 2 25 30
t 8 572 12 12 10 17 9 6
t 560 2 20 10 6 24 3 22
t 19 11 20 565 2 23 22 19
t 27 28 8 2 656 26 35 33
t 28 8 5 14 18 22 22 671
t 25 25 564 16 15 17 19 5
t 13 23 18 5 635 3 32 38
t 12 584 12 23 24 11 10 16
t 22 7 12 560 25 14 11 14
t 6 1 14 21 4 22 1 582
t 38 27 38 28 31 12 617 25
t 18 21 38 30 4 7 611 37
t 12 16 13 17 19 1 19 593
t 3 576 17 21 25 10 22 8
t 764 1 26 5 27 18 6 33
t 19 37 36 26 29 37 780 13
t 24 599 18 8 10 22 15 7
t 6 567 3 5 5 9 5 19
t 30 11 38 4 9 0 779 25
t 21 9 577 15 17 20 14 8
t 21 23 12 21 21 1 571 1
t 7 5 565 13 19 21 17 2
t 684 13 20 12 10 18 8 7
t 2 4 16 8 591 9 13 21
t 33 4 11 1 14 25 617 14
t 19 11 634 15 20 39 2 18
t 7 5 14 19 13 21 582 9
t 26 18 2 673 36 11 27 1
t 29 9 26 33 0 769 9 26
t 40 4 603 36 31 7 9 36
t 579 14 24 25 20 18 6 23
t 17 12 8 591 14 3 20 14
t 24 19 17 21 15 10 21 592
t 18 584 24 18 13 21 11 22
t 30 685 14 5 26 8 14 40
t 1 680 16 21 3 29 20 12
t 27 26 4 16 21 686 17 17
t 8 25 6 21 580 2 7 18
t 39 26 35 663 38 3 35 39
t 9 15 21 13 21 640 20 22
t 741 10 33 33 2 20 19 19
t 37 5 23 665 16 35 21 26
t 21 784 39 21 37 23 31 0
t 31 34 8 4 654 19 12 17
t 26 33 29 1 27 22 28 619
t 16 17 17 11 6 561 21 2
t 20 1 9 15 11 8 8 566
t 1 606 9 24 11 21 0 8
t 575 22 4 14 9 22 10 21
t 4 9 567 22 5 1 14 19
t 596 5 11 3 13 8 11 11
t 14 11 585 8 6 3 14 21
t 13 17 750 13 0 32 29 3
t 653 39 22 25 8 38 37 21
t 25 595 12 19 16 12 5 24
t 3 750 35 24 25 22 19 31
t 598 20 11 19 4 12 22 24
t 5 25 2 15 33 3 741 2
t 27 649 16 2 37 36 29 37
t 21 8 3 18 25 19 573 21
t 697 26 37 7 35 26 3 31
t 20 9 21 21 11 584 6 2
t 24 784 39 2 13 1 34 0
t 33 1 38 666 25 29 3 10
t 586 23 25 6 8 24 10 16
t 18 40 36 675 19 24 6 26
t 20 35 38 38 751 16 26 35
t 691 15 4 4 9 8 28 10
t 6 26 624 37 21 38 36 29
t 26 32 27 1 33 7 30 743
t 565 25 13 7 17 12 20 8
t 578 17 12 5 17 1 24 8
t 12 778 22 22 6 29 20 34
t 17 13 760 7 13 10 2 36
t 33 40 5 9 28 8 8 656
t 9 2 0 21 2 3 14 676
t 22 15 18 22 12 16 572 2
t 33 36 26 28 28 13 27 684
t 15 38 18 614 3 25 4 20
t 572 13 25 5 10 19 18 3
t 16 25 599 4 22 23 21 12
t 15 598 25 13 18 15 25 5
t 14 724 11 21 11 3 4 30
t 7 649 32 13 12 5 13 17
t 21 793 40 15 5 36 39 17
t 3 18 12 21 4 580 8 7
t 15 5 15 11 578 4 1 11
t 17 40 9 639 20 24 28 18
t 10 9 4 2 570 25 14 9
t 5 24 20 585 4 15 24 11
t 22 9 20 594 12 16 19 22
t 23 10 24 18 20 5 16 576
t 16 25 595 17 25 7 24 19
t 24 10 7 5 8 591 3 10
t 567 13 20 20 15 8 5 3
t 16 7 20 22 24 3 13 567
t 2 16 9 596 14 2 14 5
t 11 7 33 14 11 0 633 37
t 11 698 16 3 9 6 15 32
t 8 564 15 6 13 21 5 24
t 15 25 16 25 3 22 570 7
t 7 16 576 3 5 25 3 2
t 18 596 14 17 24 19 3 11
t 8 17 11 2 2 17 566 3
t 7 17 21 13 581 7 19 20
t 20 7 19 2 574 5 3 24
t 792 36 30 26 9 34 12 28
t 671 24 10 21 2 26 38 39
t 0 8 33 785 18 27 6 37
t 34 638 6 8 18 16 15 33
t 9 6 21 580 16 16 20 11
t 5 1 3 20 13 586 1 10
t 10 20 16 22 597 11 21 10
t 24 23 39 10 11 10 672 32
t 23 7 2 11 3 17 4 565
t 11 16 19 2 761 13 7 8
t 18 40 40 8 14 17 28 639
t 6 9 20 23 6 17 10 590
t 39 32 23 18 786 16 5 15
t 1 597 19 25 2 19 21 19
t 18 6 15 1 16 1 595 5
t 29 40 0 39 1 22 754 37
t 2 11 10 25 568 20 2 23
t 587 20 7 1 3 5 4 23
t 22 0 6 711 9 29 24 7
t 8 13 3 8 13 2 562 5
t 23 11 15 596 25 24 3 4
t 18 25 20 14 25 2 563 5
t 749 37 2 32 15 4 20 31
t 31 35 10 21 35 34 38 771
t 35 671 36 5 1 31 21 33
t 10 11 15 9 16 20 589 24
t 22 39 0 0 15 740 32 32
t 38 28 28 0 689 27 13 21
t 17 31 17 3 666 18 31 37
t 24 16 3 22 569 3 4 12
t 18 13 8 9 574 1 13 1
t 21 38 34 31 36 25 15 771
t 11 24 13 32 12 7 32 654
t 2 10 14 582 11 22 8 13
t 32 19 8 28 13 645 12 15
t 7 575 1 9 10 16 11 25
t 17 3 25 15 577 13 24 9
t 37 39 28 11 9 4 27 706
t 9 10 18 18 592 3 23 21
t 7 25 22 5 10 7 20 577
t 19 9 2 565 20 3 23 4
t 21 1 20 3 595 13 7 7
t 30 14 779 20 27 22 28 34
t 23 21 13 24 25 16 3 566
t 29 16 0 638 16 6 3 4
t 14 24 562 2 9 19 8 9
t 35 4 39 685 1 11 4 31
t 29 2 681 39 11 19 26 28
t 11 18 12 11 584 5 4 21
t 2 39 756 9 37 5 17 22
t 18 3 11 2 582 5 17 12
t 16 11 6 3 9 10 570 24
t 21 24 18 13 599 18 1 18
t 25 18 16 3 18 582 24 19
t 7 585 2 23 16 3 22 12
t 19 5 599 16 5 4 8 7
t 11 14 23 9 1 592 5 5
t 16 11 17 10 19 594 24 18
t 4 17 578 19 5 22 10 25
t 8 16 21 570 14 23 2 20
t 34 17 2 18 28 714 34 27
t 19 5 8 599 25 1 6 15
t 10 4 11 1 3 19 594 20
t 738 1 20 38 38 35 20 12
t 14 25 16 592 18 4 19 19
t 629 0 2 31 22 28 37 36
t 17 2 3 580 9 3 14 11
t 7 5 23 23 3 5 11 575
t 1 11 561 8 14 24 3 6
t 0 40 34 23 17 24 625 6
t 29 12 24 700 22 22 11 3
t 0 28 39 7 20 779 22 2
t 696 16 24 23 17 6 34 22
t 18 19 583 2 10 18 24 17
t 20 23 2 14 25 580 10 3
t 15 16 2 23 6 577 2 24
t 8 767 20 12 40 24 10 27
t 13 12 731 29 37 28 33 16
t 6 11 7 3 7 14 25 593
t 35 9 11 36 32 1 18 606
t 591 9 24 1 9 9 21 4
t 6 39 25 27 641 8 4 5
t 17 11 29 18 736 27 34 38
t 8 586 5 3 7 18 8 25
t 11 5 589 12 18 12 3 3
t 4 9 19 4 10 563 5 12
t 20 594 25 9 22 5 17 6
t 13 25 19 8 571 15 16 4
t 2 21 37 796 40 31 17 12
t 13 9 8 23 587 19 10 12
t 728 27 16 15 37 24 40 36
t 11 755 14 1 34 11 15 29
t 23 15 35 750 37 13 24 12
t 26 38 13 25 22 691 39 38
t 8 38 0 16 677 0 40 37
t 21 16 590 21 13 1 23 4
t 33 773 18 15 33 33 1 18
t 36 17 27 6 19 616 21 24
t 23 10 11 6 20 17 17 591
t 7 2 27 28 745 34 12 1
t 1 19 4 10 4 16 575 4
t 6 13 7 2 5 18 578 14
t 25 19 5 22 22 23 568 7
t 37 26 786 13 38 19 26 38
t 22 12 583 17 20 21 1 17
t 566 15 11 1 2 18 16 2
t 36 36 30 6 9 739 5 25
t 20 14 10 17 8 10 9 596
t 15 20 10 24 7 14 17 583
t 591 4 25 5 25 25 13 13
t 1 7 18 11 25 580 14 14
t 17 24 7 23 573 11 4 19
t 2 25 16 16 13 19 598 24
t 0 26 4 38 16 26 785 2
t 6 10 25 38 0 609 17 24
t 8 24 18 11 18 587 22 7
t 5 578 1 14 6 6 8 5
t 6 24 35 683 19 40 11 35
t 21 664 16 34 32 27 27 39
t 16 5 17 10 14 6 3 587
t 30 779 18 22 2 11 7 7
t 668 0 5 13 20 13 28 10
t 579 13 23 3 5 12 1 3
t 36 30 28 790 8 32 25 22
t 8 22 18 3 23 591 11 1
t 2 13 573 18 3 23 18 16
t 7 569 19 7 11 19 16 5
t 16 21 18 13 590 20 25 6
t 7 678 18 0 38 21 1 16
t 22 10 21 16 1 567 10 22
t 6 32 19 40 634 1 9 35
t 3 15 12 22 9 2 590 22
t 29 24 25 39 19 5 1 601
t 28 4 4 9 628 6 21 10
t 30 12 25 8 765 37 21 29
t 21 12 23 10 574 13 10 17
t 39 14 8 14 21 729 13 34
t 565 5 25 19 5 5 13 9
t 1 18 565 4 13 5 25 10
t 21 6 25 24 11 566 2 17
t 0 4 37 29 38 762 34 38
t 29 30 6 28 17 36 27 764
t 20 14 6 5 702 14 26 19
t 4 3 1 22 12 580 17 4
t 22 563 5 14 7 8 25 16
t 25 11 5 579 11 24 12 3
t 0 26 7 37 17 30 25 666
t 12 600 24 26 10 9 7 40
t 6 5 24 24 27 18 770 16
t 779 26 27 22 40 16 12 10
t 22 564 6 22 9 1 6 22
t 25 25 566 13 16 17 23 14
t 2 29 14 17 664 1 36 23
t 38 14 40 706 29 37 33 35
t 563 10 8 20 1 11 1 8
t 0 17 23 40 627 28 39 37
t 16 14 13 560 16 13 10 21
t 22 23 19 578 21 12 13 17
t 30 35 27 14 629 38 0 22
t 36 4 797 24 0 17 38 26
t 10 11 562 1 7 14 3 23
t 20 9 13 584 25 2 18 14
t 20 12 11 10 18 10 590 14
t 5 18 18 12 24 569 21 17
t 1 19 37 29 726 17 19 8
t 18 8 24 17 17 9 599 14
t 596 25 24 17 21 24 18 3
t 16 29 30 24 734 29 19 37
t 40 20 32 34 647 22 8 20
t 14 8 32 20 37 13 23 764
t 11 1 596 20 6 21 24 4
t 2 12 10 19 25 565 20 3
t 14 24 22 587 12 18 3 15
t 5 564 16 16 20 12 20 7
t 12 10 6 16 567 12 8 18
t 25 13 11 7 8 13 10 580
t 14 11 11 578 2 7 11 25
t 18 3 14 571 3 9 18 17
t 10 1 24 13 12 10 595 10
t 5 20 37 712 4 37 0 39
t 26 13 656 40 31 0 38 23
t 12 6 12 35 14 28 37 786
t 20 20 15 21 12 12 597 15
t 11 25 15 755 31 15 30 0
t 11 9 18 0 29 14 33 645
t 7 22 2 9 6 13 574 12
t 12 4 19 14 675 28 1 28
t 15 18 561 25 14 19 15 23
t 588 2 5 20 20 25 10 10
t 1 31 648 14 6 16 7 28
t 15 16 1 579 20 19 15 3
t 3 21 12 34 0 679 15 17
t 4 5 22 724 15 28 33 8
t 571 20 10 20 13 12 24 3
t 17 14 14 593 11 20 4 13
t 7 2 33 20 32 34 778 14
t 24 9 15 561 25 14 3 15
t 11 597 25 5 19 3 8 17
t 21 3 30 657 36 10 8 14
t 21 14 1 33 3 37 769 4
t 34 30 729 34 10 20 22 39
t 10 2 572 22 14 4 3 5
t 0 29 22 746 37 34 31 23
t 29 20 21 33 676 22 3 33
t 25 1 25 20 6 572 8 10
t 19 29 26 606 39 3 18 18
t 17 11 10 19 584 23 3 19
t 3 571 15 19 1 21 25 25
t 18 21 14 25 566 21 12 19
t 13 4 13 1 8 591 15 16
t 7 12 800 9 13 17 33 15
t 1 23 20 22 8 8 8 593
t 7 600 4 18 26 37 11 27
t 3 36 25 34 4 734 9 13
t 13 794 8 25 19 5 14 4
t 582 9 25 25 15 2 25 5
t 14 10 6 10 581 17 21 5
t 6 4 15 23 25 595 12 21
t 17 608 16 11 36 18 5 22
t 4 15 7 659 24 15 34 2
t 40 37 697 34 2 16 32 32
t 29 23 21 1 620 16 7 17
t 21 23 23 24 570 3 11 1
t 11 17 20 579 2 8 18 6
t 9 4 679 27 14 19 12 8
t 719 35 24 40 9 33 33 38
t 39 33 36 23 4 16 749 4
t 22 37 19 7 25 702 27 20
t 26 779 12 15 32 16 20 35
t 3 673 2 9 35 19 17 21
t 10 20 16 25 19 14 10 568
t 27 27 3 4 28 798 39 5
t 37 4 9 25 14 30 786 8
t 4 2 1 7 11 16 566 6
t 797 39 38 39 25 28 9 27
t 33 16 18 6 717 26 26 35
t 32 20 12 13 671 35 37 40
t 35 10 9 25 36 21 733 15
t 14 583 10 1 15 3 15 13
t 24 8 11 23 562 8 2 3
t 14 10 17 33 19 25 8 734
t 5 17 24 592 19 9 3 1
t 21 17 20 577 22 13 21 23
t 1 5 11 24 5 588 16 19
t 5 9 14 16 22 570 12 10
t 20 637 10 37 22 31 35 6
t 11 2 9 12 23 582 5 10
t 19 4 0 1 692 4 22 0
t 22 15 25 40 30 33 27 657
t 7 16 6 2 25 23 581 14
t 13 735 13 34 3 37 6 3
t 24 10 14 18 21 6 5 569
t 1 8 576 22 16 8 13 2
t 24 18 36 40 1 11 4 650
t 6 11 24 24 598 20 25 24
t 6 15 17 596 14 24 15 22
t 9 588 10 25 10 6 14 12
t 38 5 11 711 10 6 16 1
t 688 7 4 2 11 19 0 22
t 4 19 2 16 25 581 3 24
t 20 14 18 15 26 16 13 781
t 9 17 21 3 20 24 18 583
t 23 659 7 3 15 27 37 33
t 36 14 656 19 21 39 19 11
t 15 40 9 32 39 8 759 7
t 649 27 35 11 30 9 22 22
t 18 3 15 13 4 598 24 11
t 25 3 16 17 4 6 17 571
t 15 772 27 21 29 31 19 2
t 19 19 6 23 21 23 575 21
t 9 18 25 7 15 573 18 18
t 24 37 36 16 37 25 40 635
t 4 9 21 14 19 575 22 13
t 31 790 25 12 18 33 11 25
t 37 9 1 34 13 15 39 680
t 13 11 4 586 24 14 25 22
t 14 26 7 16 751 26 15 25
t 34 24 10 27 7 16 13 740
t 7 3 36 29 13 36 618 38
t 628 40 7 3 15 0 18 16
t 16 9 573 11 1 5 7 23
t 573 15 20 18 21 21 5 1
t 25 3 33 5 675 16 6 8
t 40 31 3 10 24 34 24 613
t 9 10 3 10 568 12 3 16
t 4 13 23 593 6 3 19 20
t 36 35 6 20 19 26 611 25
t 16 570 21 12 14 22 20 12
t 11 6 7 18 23 591 16 20
t 641 39 38 31 18 30 12 24
t 25 5 574 1 5 12 22 18
t 7 23 13 10 17 13 2 596
t 8 1 24 582 8 2 11 3
t 5 22 20 592 13 19 25 21
t 11 8 34 34 640 5 8 33
t 38 622 6 40 35 13 17 32
t 23 6 9 16 562 25 16 9
t 31 37 2 18 7 36 729 9
t 19 726 32 26 10 17 39 12
t 564 9 15 13 5 14 21 15
t 16 13 577 14 6 8 1 21
t 20 21 7 1 571 23 12 13
t 10 34 1 37 38 639 34 33
t 32 3 23 788 40 34 30 34
t 38 1 32 19 647 12 22 7
t 14 2 7 16 581 17 16 21
t 22 20 4 22 561 16 19 17
t 7 2 13 4 21 20 21 575
t 594 16 6 8 10 8 8 3
t 10 653 27 15 0 13 4 21
t 25 20 595 5 2 1 15 1
t 588 21 24 5 7 3 22 8
t 33 20 658 40 29 14 0 22
t 15 3 18 587 25 4 8 25
t 8 4 6 23 15 6 567 5
t 598 18 23 21 10 13 16 3
t 560 10 21 10 18 11 14 24
t 20 3 20 5 11 573 4 8
t 9 582 21 10 4 5 16 21
t 7 792 25 21 10 34 5 27
t 21 1 2 32 33 34 605 28
t 12 6 9 581 12 21 2 22
t 11 20 21 17 24 572 21 14
t 12 35 22 13 22 709 7 33
t 18 568 9 5 13 15 7 17
t 572 20 23 6 14 24 7 11
t 21 3 21 1 10 30 681 19
t 12 3 25 23 9 597 25 20
t 2 4 12 17 24 6 15 570
t 593 17 14 14 2 24 16 23
t 15 23 3 562 18 7 9 13
t 589 5 17 17 3 22 21 9
t 22 38 28 799 6 17 32 31
t 1 31 10 13 29 40 14 755
t 5 15 12 19 9 571 22 20
t 17 561 8 23 9 11 16 18
t 14 39 6 3 25 37 27 644
t 8 13 28 31 17 39 623 26
t 12 16 24 641 5 12 15 31
t 8 24 588 12 23 21 11 4
t 17 21 774 12 2 27 30 7
t 20 2 1 40 34 4 792 5
t 23 7 22 20 593 7 11 18
t 2 23 1 19 22 11 566 8
t 4 24 2 664 23 34 20 22
t 20 4 11 20 5 588 6 13
t 16 8 1 1 8 15 1 596
t 10 17 11 570 20 24 23 22
t 24 9 8 588 1 19 20 10
t 20 29 19 34 35 12 760 27
t 22 564 16 19 23 15 12 15
t 5 2 748 1 1 11 28 25
t 25 37 27 7 28 622 22 22
t 35 666 11 7 4 19 34 24
t 37 18 741 17 5 7 6 35
t 20 24 37 7 33 33 761 27
t 9 32 17 608 25 36 27 12
t 40 32 22 28 8 16 28 705
t 12 16 8 1 8 25 595 8
t 17 9 29 37 771 6 36 0
t 3 3 652 5 20 30 10 21
t 21 23 23 10 13 11 15 578
t 10 744 11 22 7 24 30 24
t 15 13 12 18 9 21 570 17
t 9 14 24 568 24 14 17 21
t 20 671 29 11 36 6 11 32
t 34 27 7 19 729 34 14 13
t 21 4 597 21 3 14 4 7
t 15 6 23 587 16 1 5 8
t 7 560 10 25 21 25 12 11
t 31 775 6 34 23 2 35 40
t 578 5 20 10 15 14 24 1
t 18 14 8 19 7 565 13 14
t 40 9 27 22 4 9 647 26
t 25 19 0 13 20 10 15 613
t 761 27 38 25 7 38 37 38
t 17 30 35 20 5 684 1 3
t 8 9 5 580 5 17 9 17
t 10 595 18 3 6 12 8 7
t 23 21 10 17 23 20 16 578
t 4 7 0 756 28 39 3 13
t 10 576 12 23 11 11 23 7
t 19 34 31 10 9 3 761 4
t 19 9 13 12 7 18 19 569
t 24 29 5 32 24 18 7 752
t 595 12 7 16 16 9 20 23
t 21 1 13 12 16 561 10 10
t 16 2 11 8 25 25 11 567
t 1 26 26 4 30 676 29 25
t 20 6 31 696 22 30 4 13
t 13 589 16 21 20 6 15 18
t 16 703 5 36 7 16 24 16
t 10 33 689 34 10 8 11 11
t 8 14 4 1 12 5 580 19
t 2 14 4 581 6 10 10 10
t 23 5 8 11 14 6 576 23
t 635 21 17 15 23 17 22 17
t 2 563 10 1 10 7 16 17
t 24 21 27 608 15 27 6 37
t 24 702 20 35 25 38 36 25
t 574 2 9 12 12 25 23 13
t 669 11 9 18 1 8 4 9
t 17 12 17 23 17 23 17 594
t 2 11 25 9 8 11 578 22
t 19 17 21 10 564 3 21 25
t 565 5 15 21 9 10 19 4
t 19 22 21 32 696 36 20 17
t 15 25 9 593 10 22 3 4
t 1 1 5 19 1 17 567 6
t 13 1 18 7 562 14 1 9
t 18 36 762 8 9 29 17 29
t 38 36 31 4 16 603 17 38
t 13 564 16 10 9 15 1 25
t 12 15 19 16 598 6 11 20
t 658 26 32 11 12 34 18 35
t 8 37 39 10 730 24 18 30
t 4 20 18 577 2 18 5 13
t 752 23 36 22 37 38 19 9
t 21 0 705 13 6 13 29 35
t 6 4 21 28 14 3 4 601
t 36 784 13 5 27 8 6 32
t 21 1 17 12 35 30 653 39
t 35 3 668 11 25 31 27 24
t 7 4 2 2 3 571 7 2
t 24 17 12 4 563 1 7 16
t 21 12 8 10 7 588 11 6
t 12 11 21 12 16 1 24 583
t 7 19 39 30 28 744 16 8
t 11 13 10 19 584 15 16 10
t 1 39 17 5 20 3 22 752
t 24 24 14 584 17 20 25 12
t 25 15 11 35 34 28 637 23
t 661 38 32 13 23 25 27 6
t 21 37 745 14 23 13 28 20
t 2 12 19 12 37 19 654 37
t 10 9 2 28 19 31 709 12
t 2 20 6 572 10 15 22 24
t 575 13 9 10 20 22 5 24
t 692 37 3 10 6 13 37 26
t 16 11 23 1 25 14 25 574
t 570 20 20 18 8 15 22 17
t 34 34 2 0 24 1 11 704
t 22 38 795 28 16 1 37 25
t 4 5 24 11 13 580 14 13
t 5 757 13 12 13 26 24 17
t 6 3 25 7 16 23 589 1
t 14 12 11 24 25 618 10 12
t 2 12 16 2 13 14 21 570
t 18 20 20 15 595 6 5 14
t 29 18 32 32 10 4 19 634
t 27 602 25 10 29 19 7 5
t 585 4 18 15 8 22 15 15
t 24 19 16 20 23 16 567 13
t 4 13 24 24 572 6 3 15
t 21 19 9 28 13 5 26 800
t 25 792 17 39 20 17 27 10
t 12 775 9 29 14 29 40 25
t 643 25 35 13 39 16 3 19
t 24 22 10 10 594 25 17 5
t 5 564 23 1 14 15 7 19
t 15 4 563 11 19 24 23 22
t 9 32 719 2 2 1 20 12
t 38 4 38 744 1 23 40 14
t 6 25 3 7 571 6 13 3
t 21 597 6 8 9 7 19 8
t 24 1 9 15 581 5 9 2
t 648 16 22 12 31 0 23 4
t 0 2 26 13 6 1 676 17
t 29 30 0 28 13 696 30 23
t 14 24 24 11 16 564 12 4
t 32 35 8 1 773 26 38 2
t 5 598 16 10 6 9 17 7
t 7 6 30 9 16 617 33 25
t 14 15 8 573 8 2 15 20
t 570 12 4 11 4 23 20 12
t 40 725 15 2 18 10 16 23
t 19 5 39 37 35 26 652 35
t 22 10 8 592 13 2 21 23
t 2 597 16 11 2 20 18 5
t 3 771 8 34 29 14 35 11
t 17 2 13 23 9 761 11 19
t 6 658 9 34 33 32 12 18
t 629 19 36 14 40 22 9 39
t 16 27 14 658 40 3 22 33
t 24 11 22 22 586 16 2 5
t 1 25 16 4 13 16 20 574
t 8 20 6 7 20 560 18 16
t 7 579 9 20 7 22 12 1
t 1 25 18 6 574 12 11 3
t 9 4 7 3 22 22 24 575
t 24 19 573 10 22 12 15 12
t 11 0 26 638 4 39 40 9
t 1 0 31 692 16 29 18 17
t 23 24 21 3 24 18 19 585
t 29 10 34 782 7 25 3 24
t 12 11 1 19 23 23 575 7
t 628 4 7 21 32 40 15 9
t 586 13 17 21 13 18 13 24
t 785 14 23 5 14 34 25 37
t 37 4 33 690 7 13 12 25
t 7 5 17 21 9 581 7 19
t 25 29 7 23 610 6 3 4
t 16 5 5 21 1 11 9 582
t 7 21 15 23 8 9 8 574
t 5 15 568 3 16 15 9 11
t 21 37 607 3 10 13 40 8
t 18 4 3 9 599 14 13 17
t 21 20 11 4 13 4 598 21
t 32 24 5 19 39 17 7 704
t 22 582 6 1 21 6 1 19
t 30 10 9 10 792 9 19 10
t 18 22 585 25 1 3 6 15
t 587 11 22 23 18 5 11 12
t 23 3 4 7 36 37 708 12
t 584 11 17 7 9 13 7 15
t 36 8 21 9 727 31 40 27
t 34 1 4 28 3 22 795 21
t 6 19 16 24 572 25 8 13
t 32 12 16 30 25 34 1 731
t 13 10 10 22 575 10 4 19
t 25 18 30 14 7 3 758 1
t 17 590 21 23 8 7 6 3
t 2 13 9 10 8 591 6 12
t 18 16 19 7 7 20 593 13
t 17 23 10 17 14 12 581 22
t 26 18 11 39 676 31 35 6
t 22 38 4 8 766 30 17 28
t 10 4 15 12 568 17 23 4
t 13 6 37 613 35 20 16 24
t 5 37 1 17 36 603 21 14
t 17 586 1 7 8 7 7 10
t 33 13 16 29 20 641 28 6
t 595 5 14 9 1 9 11 21
t 3 8 571 1 7 12 22 24
t 4 31 731 1 17 16 38 15
t 22 573 20 5 19 25 3 13
t 25 18 579 3 21 2 8 2
t 8 26 3 19 33 14 40 749
t 4 10 21 22 577 25 1 19
t 759 20 15 26 4 33 20 21
t 7 572 8 6 16 11 1 17
t 5 19 4 20 10 579 20 1
t 2 2 9 14 583 5 2 14
t 9 7 2 19 9 18 776 8
t 2 14 566 2 3 20 11 16
t 3 9 562 14 15 15 6 22
t 1 28 11 14 22 621 1 11
t 2 24 18 9 18 571 22 25
t 1 11 35 10 14 24 28 728
t 15 12 561 4 21 23 16 7
t 16 14 4 17 567 6 19 6
t 24 23 8 22 22 5 588 5
t 15 792 1 0 28 16 9 23
t 721 6 3 6 22 10 22 6
t 26 21 22 13 26 747 28 6
t 14 14 5 572 24 9 22 17
t 37 794 25 17 30 33 16 28
t 20 7 19 11 3 10 15 572
t 12 15 9 586 23 18 12 8
t 7 34 8 697 36 2 37 20
t 590 19 1 10 3 16 14 22
t 5 7 15 22 593 23 15 10
t 30 24 17 39 4 40 621 38
t 1 3 4 23 16 23 560 6
t 14 21 10 20 9 13 593 14
t 25 25 15 1 8 17 22 575
t 35 16 39 4 6 722 24 35
t 15 2 2 571 23 15 9 15
t 20 13 7 25 13 22 577 12
t 21 36 27 6 4 28 684 13
t 2 18 575 12 5 25 24 23
t 4 8 20 29 5 725 12 20
t 2 37 713 36 28 17 14 30
t 592 14 12 6 13 12 23 14
t 34 5 25 28 6 23 627 11
t 7 20 580 20 4 22 1 10
t 11 17 19 1 13 564 3 23
mb
t 729 24 36 9 32 28 3 30
t 3 567 22 6 2 4 9 3
t 1 6 27 795 6 18 30 40
t 565 1 16 12 6 16 21 8
t 34 17 1 36 0 618 26 0
t 13 25 9 5 576 10 9 6
t 16 23 6 17 19 23 579 23
t 33 30 768 27 11 20 21 6
t 4 8 25 576 10 1 9 24
t 2 745 9 7 0 6 27 21
t 22 590 21 10 22 14 6 24
t 10 14 1 10 4 23 595 1
t 2 13 6 2 733 22 15 25
t 32 612 40 38 21 20 30 33
t 11 10 4 570 1 10 6 21
t 21 6 36 34 22 780 21 21
t 12 0 24 725 10 38 28 0
t 14 25 758 22 12 37 14 34
t 24 9 17 13 583 20 25 8
t 19 18 633 21 37 10 35 2
t 33 17 24 17 14 34 745 18
t 22 0 10 25 36 34 719 32
t 614 14 37 22 14 11 15 11
t 25 2 8 13 585 6 24 20
t 6 570 18 23 6 23 23 7
t 692 6 19 0 14 3 1 6
t 10 4 7 10 9 1 573 13
t 27 23 33 39 8 2 18 754
t 9 2 589 9 24 1 20 9
t 19 571 24 6 20 25 10 12
t 21 9 15 1 11 20 21 594
t 20 735 27 37 23 34 2 24
t 3 26 36 2 9 657 9 22
t 25 569 1 7 11 13 17 8
t 18 19 25 19 631 29 40 27
t 27 11 799 4 3 34 29 11
t 16 17 696 40 9 31 33 5
t 13 5 16 22 23 15 7 722
t 5 25 796 6 20 26 10 39
t 15 5 22 14 21 28 34 793
t 4 6 17 13 576 21 25 2
t 22 20 11 8 13 17 573 9
t 12 570 20 2 12 14 8 25
t 6 8 17 15 23 5 591 2
t 13 3 4 592 3 7 20 1
t 1 7 1 21 1 583 20 9
t 19 3 5 11 575 2 21 7
t 587 15 16 18 2 19 11 24
t 31 707 31 35 7 15 0 20
t 10 12 2 568 6 9 13 4
t 31 24 621 32 8 36 12 16
t 24 0 28 1 33 715 28 26
t 763 5 1 4 14 16 3 31
t 14 13 19 10 15 19 581 6
t 3 13 7 598 4 8 1 14
t 779 25 13 28 23 16 7 38
t 0 23 35 2 621 20 11 27
t 19 582 25 21 11 14 17 22
t 1 20 1 582 18 5 10 23
t 1 3 23 15 6 575 19 25
t 20 581 3 22 5 10 7 14
t 10 10 2 5 4 580 12 19
t 24 19 712 35 2 32 31 22
t 35 0 29 38 19 769 4 19
t 27 1 2 2 627 18 15 33
t 17 8 585 9 16 5 16 5
t 38 4 633 26 0 12 40 30
t 723 32 0 14 37 17 27 14
t 5 24 15 29 33 29 25 773
t 5 6 6 686 40 33 23 25
t 31 20 18 34 28 747 2 40
t 17 681 24 26 17 20 27 0
t 1 7 13 15 6 19 569 14
t 24 5 23 13 25 6 599 9
t 7 31 33 763 20 38 36 33
t 4 25 6 565 9 25 17 1
t 39 799 27 28 18 9 0 39
t 40 40 8 665 4 0 29 22
t 8 35 33 30 35 39 726 11
t 19 13 24 23 12 22 5 583
t 35 23 4 763 1 30 28 10
t 23 9 14 8 7 570 18 20
t 3 9 10 10 12 19 20 595
t 2 6 0 18 28 36 9 701
t 17 23 3 19 13 10 12 584
t 16 18 10 1 13 23 574 15
t 26 31 20 35 13 34 620 38
t 18 569 14 14 21 17 12 17
t 26 26 35 17 22 34 7 673
t 733 40 7 5 17 32 17 9
t 16 22 9 33 25 14 676 32
t 23 35 10 676 20 21 19 39
t 10 7 14 588 21 10 21 11
t 17 22 8 595 9 23 22 5
t 23 19 1 18 22 646 20 40
t 5 32 25 28 38 39 7 736
t 0 36 31 676 35 30 23 25
t 9 4 16 24 12 10 21 565
t 8 25 6 3 593 24 4 14
t 36 13 732 14 18 20 18 17
t 27 14 14 763 27 35 35 6
t 12 8 37 788 17 5 7 32
t 5 25 570 11 22 4 13 21
t 4 20 24 8 11 15 24 582
t 32 21 29 618 7 22 8 3
t 17 16 12 23 32 709 28 40
t 21 6 21 23 1 583 19 21
t 654 26 20 0 40 4 36 9
t 15 15 21 16 4 594 21 21
t 21 23 20 568 10 7 15 4
t 12 25 19 25 19 16 24 571
t 14 15 19 652 23 2 10 37
t 2 564 20 21 12 15 23 14
t 2 731 19 29 24 39 40 11
t 16 7 10 18 572 3 6 4
t 23 2 6 12 23 17 565 8
t 9 37 23 19 14 10 792 18
t 578 22 21 12 22 18 6 14
t 14 21 582 20 5 1 24 8
t 587 6 21 14 14 20 25 12
t 39 39 13 16 7 2 1 769
t 622 21 17 6 40 18 21 1
t 1 19 21 666 33 7 33 19
t 2 15 23 12 24 19 587 11
t 4 567 1 3 15 12 10 21
t 12 1 1 19 598 12 2 8
t 25 15 20 17 30 33 623 8
t 584 16 12 20 5 8 13 13
t 10 24 12 596 25 22 8 7
t 10 20 561 5 17 3 19 19
t 561 1 18 12 11 17 7 7
t 13 14 25 23 4 568 2 12
t 13 37 14 15 692 0 29 26
t 21 13 24 9 23 572 16 3
t 762 12 26 33 28 38 7 24
t 2 11 578 21 3 12 3 15
t 22 25 22 15 22 23 584 14
t 793 30 31 9 4 28 35 18
t 6 5 17 21 23 7 598 2
t 595 25 4 14 19 8 6 13
t 4 16 6 22 24 2 8 582
t 577 17 11 17 9 10 2 25
t 15 9 576 3 4 8 13 13
t 22 689 22 20 35 17 12 15
t 23 23 4 564 8 20 14 1
t 37 34 17 32 7 32 733 10
t 36 35 28 11 6 29 15 769
t 16 21 18 22 595 6 3 4
t 24 24 2 2 15 21 577 14
t 627 29 12 20 27 25 31 34
t 19 5 563 10 14 3 19 17
t 1 773 27 13 14 38 39 12
t 11 14 3 5 20 2 1 566
t 12 22 569 9 15 9 10 8
t 29 34 16 13 25 27 8 635
t 16 562 10 24 22 10 5 3
t 33 38 33 0 21 17 765 25
t 4 4 34 22 39 16 20 764
t 16 25 588 25 23 2 11 20
t 584 7 22 9 6 24 6 7
t 12 15 3 581 10 7 16 15
t 31 20 20 715 38 26 3 26
t 22 9 565 20 14 2 5 11
t 723 4 37 39 15 15 27 33
t 13 15 3 2 21 584 17 9
t 6 25 0 29 7 20 687 7
t 10 12 11 9 578 5 24 1
t 19 650 22 12 8 26 4 37
t 23 40 39 30 30 34 614 0
t 9 13 10 22 1 9 591 6
t 792 29 37 23 29 17 17 12
t 23 16 590 24 11 10 1 10
t 13 9 21 666 18 31 22 0
t 9 30 2 22 1 658 37 29
t 9 28 32 35 39 3 675 9
t 20 12 570 20 21 8 6 24
t 2 3 2 8 11 21 583 4
t 18 2 6 2 24 12 561 6
t 4 24 6 25 578 11 25 19
t 2 23 593 17 14 12 5 23
t 37 12 11 22 11 723 29 17
t 18 1 35 37 34 756 30 1
t 19 9 17 4 24 28 782 13
t 6 17 5 23 4 10 9 568
t 20 7 11 11 21 583 5 19
t 12 3 23 15 565 9 2 6
t 18 24 11 12 7 22 10 588
t 5 20 16 16 4 11 13 597
t 4 15 8 25 19 24 12 579
t 25 25 595 16 25 12 21 20
t 3 24 577 9 13 3 12 11
t 20 12 8 10 560 23 21 16
t 592 15 24 19 19 3 5 25
t 20 35 29 3 25 4 784 14
t 12 17 583 8 21 19 3 22
t 21 7 20 17 5 597 4 6
t 37 32 725 17 19 15 18 15
t 24 24 5 21 18 13 586 19
t 3 24 560 4 11 7 21 3
t 38 7 13 7 28 29 694 24
t 17 11 7 18 21 594 8 18
t 8 7 15 11 11 12 565 4
t 3 8 561 3 2 11 13 22
t 593 23 2 10 13 20 22 9
t 747 29 8 28 2 1 18 15
t 38 1 33 647 32 24 34 22
t 24 15 596 12 16 3 17 6
t 16 15 587 12 8 9 8 19
t 20 7 4 8 11 20 577 15
t 23 572 9 7 20 1 10 7
t 4 0 36 653 12 10 14 14
t 8 10 25 3 0 632 4 5
t 10 19 24 25 8 578 20 5
t 26 28 19 748 24 40 26 17
t 1 9 6 10 8 568 10 17
t 24 37 6 7 8 762 8 13
t 9 7 1 752 17 33 33 4
t 16 2 584 19 13 22 20 13
t 658 39 7 30 10 6 21 8
t 1 24 19 1 15 572 3 18
t 12 2 580 20 19 21 10 17
t 37 40 11 14 612 28 37 13
t 584 17 15 20 17 16 24 8
t 6 14 23 578 10 23 19 16
t 17 598 10 2 11 24 1 9
t 9 16 623 14 0 1 25 31
t 24 8 12 18 584 8 13 6
t 26 37 14 746 32 25 28 1
t 21 28 14 12 5 25 631 20
t 9 569 21 13 1 5 3 5
t 37 25 8 29 1 16 6 695
t 17 20 25 22 581 9 25 24
t 5 18 6 17 1 594 14 6
t 1 19 574 18 4 7 19 25
t 13 3 721 23 34 31 21 22
t 25 3 39 31 39 18 614 26
t 16 10 6 13 5 19 566 11
t 1 16 19 2 1 3 16 585
t 6 583 6 4 16 16 15 14
t 16 15 574 18 17 15 20 25
t 20 18 14 9 18 9 20 564
t 5 19 10 10 5 13 17 592
t 13 23 5 1 5 12 1 577
t 25 14 19 4 2 6 25 582
t 8 31 25 35 36 24 738 19
t 21 18 25 8 15 13 569 3
t 25 19 1 570 1 2 11 5
t 585 7 19 1 20 20 19 23
t 8 24 584 24 13 10 6 10
t 17 722 25 21 27 2 30 15
t 677 39 38 33 9 8 30 25
t 29 688 26 14 11 14 32 13
t 25 16 576 17 8 9 23 17
t 7 13 7 21 596 25 13 19
t 20 563 25 23 10 20 24 12
t 27 756 5 30 20 22 27 12
t 5 34 34 601 9 19 9 5
t 8 21 6 4 582 3 17 11
t 23 10 7 13 8 17 599 3
t 36 39 12 37 31 28 11 755
t 3 563 21 15 11 8 8 5
t 5 23 8 22 579 20 11 17
t 14 10 2 25 21 9 591 14
t 9 21 20 10 20 9 562 5
t 11 12 4 590 18 18 23 5
t 18 20 14 19 589 5 2 9
t 17 24 1 1 1 23 10 592
t 28 0 29 34 24 2 705 15
t 19 1 573 18 8 13 8 1
t 21 4 11 7 595 25 10 17
t 27 5 716 7 11 11 6 26
t 29 22 696 12 8 37 20 40
t 8 5 9 10 21 568 24 20
t 10 2 18 11 592 5 13 25
t 16 9 568 1 20 25 8 5
t 18 782 33 26 34 2 24 11
t 2 18 29 17 39 36 694 8
t 2 16 14 11 30 1 4 625
t 9 14 16 570 8 4 14 9
t 32 611 38 26 26 2 24 32
t 8 21 2 587 2 8 22 3
t 4 14 19 8 593 20 9 12
t 22 4 13 17 24 39 13 647
t 38 19 4 14 35 4 29 738
t 15 23 9 13 25 16 11 595
t 33 769 27 38 22 34 26 9
t 15 25 8 10 11 565 13 24
t 3 3 16 13 22 22 561 15
t 5 596 8 10 6 15 22 17
t 36 29 17 708 39 26 24 38
t 15 24 13 595 13 15 4 24
t 32 0 785 1 13 7 11 5
t 38 23 647 0 19 17 30 32
t 17 14 20 9 23 597 18 7
t 30 31 17 19 0 713 39 37
t 25 14 6 595 7 2 15 24
t 595 11 1 13 14 6 20 13
t 11 34 37 741 28 20 34 27
t 21 12 578 4 22 12 15 8
t 577 24 15 16 4 19 22 18
t 14 14 575 25 21 6 16 9
t 11 14 3 20 13 11 25 594
t 17 18 16 17 25 9 4 569
t 33 25 12 21 4 6 743 40
t 745 13 19 0 30 10 15 14
t 8 10 9 5 619 22 6 21
t 23 24 14 20 22 575 9 7
t 39 38 30 31 654 4 31 37
t 6 24 22 578 13 10 18 13
t 6 9 12 22 569 3 22 14
t 18 40 16 756 22 1 17 1
t 36 22 752 3 22 17 18 32
t 705 16 10 25 11 31 37 20
t 29 30 3 776 27 30 3 16
t 22 6 19 573 1 14 20 20
t 1 7 18 9 591 25 3 4
t 13 30 752 12 24 19 19 1
t 0 739 21 7 16 14 4 39
t 563 20 6 9 22 16 24 8
t 12 14 8 30 22 796 11 30
t 21 11 2 6 6 562 4 7
t 2 15 21 598 3 3 16 20
t 10 13 37 785 39 5 34 35
t 14 25 17 1 25 25 597 14
t 14 31 21 13 22 687 22 18
t 25 23 2 9 21 7 9 579
t 11 16 12 580 16 3 3 18
t 560 24 1 18 4 22 19 21
t 19 14 34 652 7 19 0 0
t 15 21 2 565 10 8 24 4
t 9 570 10 22 15 15 15 2
t 3 9 33 26 20 23 708 3
t 10 19 20 589 22 25 23 19
t 615 38 25 11 23 6 36 28
t 7 3 19 10 18 7 573 3
t 11 590 16 17 7 20 4 10
t 596 18 10 3 3 4 14 2
t 31 5 39 30 24 622 13 10
t 31 35 704 22 37 21 1 2
t 25 22 7 34 31 790 18 29
t 17 8 27 27 28 30 707 8
t 6 22 566 17 22 12 5 13
t 8 20 23 1 18 3 5 588
t 579 5 16 13 16 10 24 8
t 2 2 17 20 9 25 591 2
t 24 18 6 576 19 18 3 21
t 6 21 33 21 16 27 761 24
t 3 24 599 1 22 20 17 19
t 10 2 12 21 11 566 20 1
t 579 17 17 24 2 2 20 10
t 39 17 642 32 21 40 23 6
t 36 26 644 25 11 0 25 5
t 3 11 2 8 13 586 10 10
t 24 13 11 13 586 15 4 7
t 584 21 19 24 3 18 5 1
t 8 14 583 10 20 23 16 15
t 14 6 569 5 23 8 5 2
t 2 4 13 34 15 18 693 22
t 17 14 765 19 37 15 3 32
t 15 40 26 38 20 39 668 6
t 599 10 14 18 24 6 2 15
t 20 14 563 7 16 3 22 8
t 2 1 1 1 9 579 6 11
t 570 13 9 15 14 19 17 25
t 35 40 35 8 743 5 18 29
t 25 21 4 16 585 3 7 13
t 14 8 25 3 4 567 5 23
t 724 19 35 13 17 20 16 27
t 30 7 26 3 757 3 29 17
t 2 18 3 40 11 12 17 690
t 1 8 18 1 564 10 6 1
t 36 21 38 27 18 653 9 40
t 11 581 14 1 4 1 19 10
t 17 23 18 594 7 6 8 11
t 18 25 17 22 4 570 16 9
t 16 799 33 6 14 25 22 39
t 29 33 14 9 716 27 10 30
t 12 32 36 30 1 9 771 0
t 9 5 14 28 0 672 1 18
t 11 22 583 21 17 2 1 15
t 4 13 12 8 589 14 17 3
t 3 22 6 11 11 593 2 15
t 3 589 10 23 8 8 14 14
t 5 1 37 25 730 15 16 33
t 13 36 20 30 24 31 767 5
t 13 13 12 24 17 584 10 13
t 6 18 6 16 6 582 11 21
t 25 17 597 10 5 6 11 11
t 6 6 24 13 15 5 20 578
t 9 17 13 13 564 20 23 9
t 566 12 25 22 7 7 3 12
t 24 6 13 1 596 4 20 1
t 10 39 15 0 29 781 23 0
t 25 3 17 593 17 1 3 25
t 4 582 9 5 13 5 3 5
t 647 21 40 10 29 28 15 23
t 1 4 2 6 585 7 20 21
t 16 19 1 17 4 11 583 15
t 14 25 18 12 581 3 5 2
t 594 12 1 8 21 19 13 15
t 3 14 13 562 2 25 16 24
t 3 4 24 21 5 1 1 563
t 8 14 20 797 16 17 19 38
t 1 21 6 571 24 8 16 11
t 17 4 15 23 11 595 20 20
t 10 14 18 9 9 23 25 567
t 2 5 4 578 1 14 3 18
t 36 662 0 11 31 26 13 18
t 19 15 13 24 16 3 571 11
t 12 577 22 25 19 4 1 15
t 14 5 8 11 8 576 18 8
t 24 18 23 14 668 1 22 23
t 8 15 9 568 10 14 25 20
t 25 24 11 7 7 20 566 17
t 14 38 15 16 15 36 14 749
t 22 15 4 710 13 23 40 16
t 4 5 577 5 2 22 20 22
t 0 719 27 26 28 30 31 3
t 4 18 13 15 589 25 22 21
t 37 6 8 25 12 3 687 1
t 2 13 3 12 14 569 13 7
t 18 25 1 24 12 20 2 561
t 23 25 17 572 15 4 19 20
t 14 11 13 572 20 9 8 20
t 36 29 16 1 11 6 674 2
t 560 2 21 19 19 10 6 3
t 23 751 30 30 9 30 29 5
t 7 23 25 5 17 24 568 16
t 22 16 22 13 565 24 7 4
t 2 734 31 21 7 17 34 16
t 4 14 29 9 39 606 5 35
t 19 6 6 6 19 25 561 12
t 4 37 25 5 39 34 24 752
t 8 15 23 560 23 4 2 14
t 585 22 17 7 24 25 2 13
t 17 35 29 17 23 40 742 13
t 19 0 4 30 9 633 29 40
t 22 25 21 5 18 21 598 20
t 4 565 22 22 2 1 11 3
t 27 27 7 685 21 28 37 10
t 17 24 18 5 14 599 10 5
t 4 21 8 5 22 19 566 7
t 15 14 23 8 6 4 582 22
t 31 15 39 1 35 4 652 32
t 7 7 31 39 782 13 12 24
t 11 14 13 25 11 6 17 569
t 23 29 25 0 4 14 741 27
t 1 564 19 7 12 21 11 22
t 28 10 40 9 17 11 705 4
t 33 14 26 4 39 769 30 32
t 36 7 29 20 18 10 731 39
t 39 723 35 6 1 10 9 6
t 2 12 4 14 1 578 10 8
t 17 11 25 21 780 3 31 5
t 8 592 4 11 15 19 14 7
t 5 1 24 7 5 1 566 8
t 29 7 776 25 14 4 20 13
t 14 3 1 9 571 5 23 12
t 32 12 24 36 701 19 3 30
t 15 595 24 17 17 6 11 1
t 6 589 20 13 10 3 20 14
t 26 36 37 4 4 9 14 660
t 22 6 24 23 10 6 10 570
t 9 14 14 24 587 3 15 22
t 9 28 11 5 35 33 40 796
t 705 39 19 37 16 2 27 5
t 40 26 26 662 32 36 3 23
t 25 580 2 6 17 6 3 5
t 577 1 19 15 5 13 14 3
t 12 13 772 9 16 9 3 32
t 647 27 27 17 39 40 14 2
t 6 6 3 21 593 22 3 14
t 1 592 25 21 12 14 15 14
t 9 11 23 595 23 15 8 9
t 8 33 28 755 22 20 24 40
t 23 38 11 25 15 684 14 34
t 4 13 20 21 8 577 25 1
t 36 13 7 27 624 34 31 23
t 22 2 16 3 20 16 578 19
t 5 28 656 12 11 7 18 32
t 704 8 30 24 20 1 40 27
t 1 7 18 19 21 6 3 596
t 20 733 15 40 13 5 34 39
t 3 23 24 9 591 10 1 5
t 1 16 15 17 8 12 589 14
t 19 21 11 3 11 20 18 589
t 15 26 21 613 12 28 32 21
t 5 7 1 586 23 14 11 2
t 23 575 17 25 24 3 25 7
t 35 694 40 29 9 12 15 35
t 22 566 2 21 18 8 5 11
t 17 7 597 7 19 13 24 9
t 11 15 577 16 19 16 5 13
t 4 25 20 22 6 20 592 16
t 23 19 765 40 6 21 17 32
t 7 6 13 562 2 14 17 20
t 16 21 21 585 20 14 21 13
t 24 37 7 38 10 663 28 19
t 23 22 572 24 24 4 19 20
t 11 21 10 25 579 10 20 25
t 664 37 34 22 40 13 37 24
t 591 18 12 13 21 21 23 7
t 7 16 6 34 627 14 2 24
t 23 8 21 6 573 1 23 3
t 34 14 13 9 17 23 21 780
t 12 17 11 7 9 582 22 20
t 25 5 4 4 8 565 9 19
t 7 8 18 4 6 21 561 18
t 15 7 6 24 14 3 569 14
t 28 18 12 0 11 23 3 667
t 5 14 25 20 19 573 14 13
t 23 1 579 3 1 13 22 12
t 740 31 31 12 18 14 17 30
t 9 1 598 1 21 2 25 19
t 2 18 1 16 6 570 11 17
t 25 5 596 24 14 4 8 17
t 6 734 5 3 12 33 38 23
t 7 11 587 3 17 13 10 8
t 19 7 11 14 22 22 24 592
t 24 22 571 10 3 6 1 12
t 22 0 728 4 2 14 2 36
t 21 8 6 584 22 12 6 16
t 679 17 38 28 12 4 35 5
t 19 19 9 13 587 9 10 2
t 8 23 15 2 767 24 18 10
t 0 25 681 38 35 4 35 21
t 13 18 577 15 12 17 18 9
t 27 32 624 15 35 9 19 20
t 15 14 8 698 10 19 10 1
t 3 578 25 21 14 25 20 16
t 33 35 12 661 7 37 14 5
t 31 40 27 34 9 731 25 37
t 4 18 13 24 10 13 590 25
t 10 26 3 28 12 24 715 10
t 7 14 1 10 3 574 7 7
t 14 562 15 21 15 9 1 4
t 20 16 4 7 766 23 30 19
t 15 22 16 21 23 571 24 21
t 1 9 9 565 9 2 4 6
t 36 14 12 16 10 6 749 38
t 1 1 696 12 37 12 18 10
t 760 7 8 7 18 12 32 17
t 9 23 21 597 11 22 11 16
t 25 17 6 33 756 23 10 26
t 562 13 6 14 8 4 16 13
t 8 707 19 22 34 18 9 18
t 10 10 6 18 3 10 570 1
t 18 582 8 3 15 4 20 8
t 9 8 5 10 18 11 5 599
t 4 13 2 5 585 16 20 1
t 1 11 574 7 7 21 6 10
t 20 3 14 1 23 581 5 4
t 22 10 594 1 3 23 22 21
t 36 16 691 31 32 31 27 4
t 27 695 12 32 39 40 21 13
t 6 590 17 1 3 2 2 21
t 7 4 24 2 19 18 4 560
t 5 24 569 5 21 2 23 8
t 40 10 21 1 22 24 701 6
t 10 17 606 15 20 25 9 32
t 21 581 25 13 1 9 14 1
t 5 19 12 13 592 16 12 11
t 24 8 0 760 7 23 14 21
t 14 16 9 584 11 11 2 14
t 15 6 9 24 691 12 13 0
t 2 598 1 14 23 6 7 4
t 15 5 8 9 7 576 13 15
t 36 24 36 627 7 8 10 22
t 6 9 26 27 18 640 20 16
t 727 14 21 7 4 26 25 9
t 8 30 18 702 32 35 0 37
t 770 18 5 14 9 12 30 5
t 1 33 2 2 13 677 24 20
t 629 24 17 4 4 16 37 12
t 2 24 25 15 8 7 599 25
t 12 579 25 10 2 21 7 1
t 11 32 786 15 20 28 16 13
t 15 19 17 569 10 10 19 6
t 4 12 31 691 15 25 16 14
t 597 9 17 16 8 12 5 12
t 39 8 38 12 13 0 33 777
t 10 19 37 725 3 0 32 5
t 11 9 15 18 6 560 5 7
t 12 12 35 34 21 10 623 1
t 19 564 12 16 17 1 25 9
t 3 4 15 21 23 17 2 595
t 19 37 13 29 623 6 33 36
t 1 39 24 29 9 19 12 794
t 19 23 25 12 24 11 595 6
t 14 25 14 705 9 18 40 2
t 21 5 14 4 8 20 5 581
t 789 9 27 23 24 0 5 23
t 18 13 25 26 34 28 672 28
t 18 15 30 2 609 17 25 40
t 14 15 21 6 18 13 20 583
t 11 3 21 23 3 581 25 12
t 29 0 733 21 34 4 22 12
t 6 15 16 9 9 4 589 3
t 1 17 597 16 24 24 20 13
t 30 11 40 748 21 35 26 17
t 24 19 14 27 11 28 11 791
t 12 11 583 12 7 11 5 15
t 582 9 12 12 10 24 1 19
t 1 18 20 15 21 575 25 9
t 0 638 17 34 20 22 23 11
t 32 13 5 6 1 35 624 22
t 29 765 17 31 18 31 8 18
t 598 25 24 22 2 11 6 7
t 40 613 14 8 4 24 6 37
t 572 25 2 24 14 2 15 6
t 24 39 0 36 30 29 738 37
t 10 3 17 10 4 4 19 578
t 32 14 754 20 30 15 2 34
t 10 3 33 13 19 786 17 10
t 14 8 2 9 593 25 11 13
t 0 33 8 14 32 718 38 19
t 9 20 25 595 24 7 15 11
t 19 578 10 5 7 24 22 3
t 22 19 18 20 15 11 7 566
t 2 567 2 20 4 9 18 25
t 5 4 32 14 711 36 6 6
t 11 582 22 19 9 19 5 16
t 25 2 578 2 8 2 21 5
t 39 26 16 27 40 662 11 0
t 11 16 14 632 25 5 38 17
t 23 11 1 594 20 25 9 2
t 1 9 21 2 19 580 25 4
t 1 10 12 17 5 5 9 564
t 18 37 22 6 720 12 7 5
t 798 27 1 7 31 11 8 35
t 11 20 594 4 1 15 10 4
t 15 39 664 29 3 24 16 16
t 568 18 12 18 23 8 15 20
t 27 4 24 7 612 22 25 2
t 1 21 24 3 593 9 13 15
t 717 2 5 25 4 28 39 37
t 25 11 17 586 25 11 24 22
t 13 23 9 569 9 10 12 1
t 4 12 32 725 19 16 14 19
t 657 10 10 40 36 10 34 38
t 20 2 10 7 7 24 592 20
t 22 29 16 13 14 7 667 19
t 1 10 14 18 12 589 2 5
t 7 562 8 13 14 6 22 10
t 9 39 21 7 648 39 21 30
t 24 34 1 27 24 666 8 38
t 25 22 562 2 9 12 4 5
t 755 38 26 31 12 12 31 29
t 8 22 3 587 8 9 17 6
t 2 20 36 14 24 31 663 30
t 569 11 8 23 1 18 8 5
t 25 38 28 24 7 1 17 673
t 21 15 17 11 20 21 2 575
t 23 15 22 564 9 25 14 4
t 568 12 20 13 10 19 1 9
t 4 9 6 9 25 582 6 25
t 11 2 18 7 2 10 10 595
t 594 5 10 11 4 2 1 14
t 20 24 29 27 23 35 3 736
t 10 20 6 26 652 20 25 37
t 13 21 563 12 24 20 12 9
t 5 27 39 31 24 33 11 750
t 22 564 22 4 19 2 11 15
t 573 5 24 16 23 25 25 7
t 11 16 2 1 6 594 19 2
t 17 1 577 15 18 13 10 24
t 27 13 2 9 779 32 16 21
t 2 2 20 7 36 628 30 5
t 39 635 20 38 3 24 27 8
t 23 25 710 14 0 23 15 34
t 21 22 15 15 20 20 576 20
t 18 9 591 17 7 16 6 15
t 22 6 6 14 573 14 4 3
t 40 20 32 20 13 693 29 24
t 1 576 1 21 23 3 20 14
t 17 21 25 18 7 25 8 566
t 2 7 16 9 11 11 1 573
t 14 18 575 17 6 16 11 24
t 23 1 4 19 3 3 573 4
t 12 21 11 32 16 9 630 16
t 35 38 1 24 0 37 16 777
t 563 25 2 6 13 20 9 7
t 38 7 635 10 32 20 18 3
t 19 12 5 21 25 11 11 576
t 24 6 14 11 564 13 9 4
t 16 25 588 15 23 20 13 21
t 21 12 13 3 8 24 17 588
t 9 32 715 12 8 13 27 5
t 10 20 17 16 14 21 10 575
t 24 24 16 581 5 7 14 21
t 30 39 742 14 25 5 8 7
t 10 23 749 17 36 17 19 6
t 15 16 15 7 4 23 5 588
t 17 20 21 598 25 16 13 9
t 28 19 2 12 0 6 765 32
t 24 2 38 27 798 38 1 34
t 3 20 17 623 32 3 0 29
t 24 15 5 11 24 12 13 567
t 28 4 7 33 0 799 21 34
t 681 21 6 5 19 20 30 39
t 21 15 590 2 10 24 1 24
t 9 3 9 23 18 18 19 571
t 2 9 13 20 22 5 20 563
t 34 21 8 36 40 34 624 3
t 18 569 3 14 21 21 13 12
t 8 1 18 5 8 7 586 23
t 2 602 0 38 19 37 35 20
t 23 6 11 5 23 12 599 8
t 785 0 35 29 10 29 22 18
t 16 23 667 0 10 2 0 6
t 35 1 29 32 796 27 20 36
t 9 564 4 2 1 13 3 5
t 35 27 30 12 684 0 10 10
t 23 19 20 14 641 6 34 13
t 2 1 9 21 14 24 586 2
t 24 11 9 7 750 3 36 4
t 8 1 20 10 24 569 11 2
t 19 570 23 23 5 4 13 21
t 2 18 24 8 5 22 585 1
t 13 579 3 4 21 3 7 11
t 20 3 32 627 25 24 26 34
t 37 759 32 12 8 26 17 36
t 1 8 22 1 23 10 2 569
t 581 8 1 10 20 4 12 8
t 4 3 14 14 9 28 26 607
t 24 749 15 15 32 12 16 12
t 34 21 29 32 8 21 638 16
t 17 23 14 16 22 2 560 9
t 2 11 0 753 19 30 13 23
t 27 6 667 3 5 10 16 2
t 8 32 22 32 733 13 15 11
t 7 15 560 12 7 16 9 5
t 18 3 24 568 17 11 3 7
t 18 18 21 8 561 15 4 1
t 6 579 3 16 4 11 21 1
t 15 2 31 708 6 17 13 24
t 8 24 26 20 701 6 13 0
t 7 2 560 18 19 17 1 19
t 22 12 1 3 2 13 21 570
t 617 22 2 37 4 0 13 30
t 35 3 4 771 18 14 40 30
t 13 16 19 15 17 10 588 19
t 31 31 9 1 11 22 2 646
t 20 6 20 5 22 14 9 597
t 36 31 8 24 27 19 18 619
t 9 2 24 11 17 14 24 587
t 25 32 34 30 35 38 601 1
t 5 15 4 5 17 17 13 590
t 25 16 18 583 12 24 18 3
t 2 596 11 6 1 20 19 25
t 19 13 14 32 675 0 40 31
t 26 703 35 8 28 21 27 1
t 21 34 10 630 14 32 37 4
t 0 23 36 16 40 719 36 18
t 6 12 27 12 2 7 29 627
t 19 9 21 12 10 13 17 592
t 23 594 14 4 25 21 17 16
t 22 4 6 21 10 7 1 568
t 11 25 25 16 2 597 3 3
t 18 23 28 15 26 21 719 39
t 683 30 37 28 18 22 21 16
t 10 7 593 20 1 11 12 12
t 31 25 14 38 17 32 1 695
t 29 14 671 7 8 14 22 11
t 1 10 4 15 20 18 582 17
t 6 640 0 23 20 15 5 22
t 20 6 23 575 1 21 15 10
t 5 11 6 608 27 20 30 39
t 14 12 9 24 581 11 21 23
t 38 30 38 14 5 635 11 19
t 14 1 0 5 12 770 26 30
t 20 27 7 737 6 9 21 40
t 27 10 15 39 20 22 16 611
t 9 5 3 568 5 16 10 8
t 25 23 5 26 35 8 730 14
t 27 22 628 27 26 26 8 10
t 24 40 627 23 20 5 16 17
t 29 11 10 10 22 710 18 31
t 1 13 18 14 22 565 17 3
t 19 697 26 2 17 23 32 7
t 671 36 3 7 7 14 10 28
t 19 604 19 26 37 34 37 7
t 799 20 28 38 18 14 27 28
t 39 766 2 27 6 0 32 7
t 2 17 11 21 576 2 12 2
t 13 12 19 704 8 31 23 18
t 1 13 17 564 6 3 11 18
t 12 10 18 7 578 25 23 25
t 571 7 8 20 10 20 18 2
t 675 40 33 27 29 12 14 2
t 14 713 7 40 14 12 15 8
t 29 3 703 4 24 11 37 1
t 0 38 14 14 613 20 11 12
t 16 20 16 10 7 588 19 23
t 16 19 9 25 13 20 13 576
t 1 12 10 9 598 10 25 2
t 0 27 14 30 22 20 695 28
t 18 10 7 590 15 9 18 23
t 9 4 16 596 13 8 6 5
t 595 17 17 10 1 14 1 12
t 7 4 17 20 4 12 597 4
t 7 25 24 19 18 4 573 8
t 2 36 612 16 26 6 27 36
t 791 4 33 34 37 6 7 3
t 2 24 4 10 21 18 596 24
t 33 35 21 7 24 4 11 635
t 589 18 24 9 7 20 7 25
t 17 9 24 34 23 26 775 38
t 16 1 36 8 33 28 725 18
t 14 560 5 5 19 24 4 13
t 14 693 28 31 15 11 40 14
t 34 32 10 730 33 15 8 11
t 6 20 15 581 21 5 22 19
t 7 20 15 34 783 4 2 13
t 34 26 647 29 8 37 34 38
t 37 35 40 711 24 3 40 32
t 22 15 36 37 24 2 646 35
t 7 14 25 8 596 13 1 22
t 562 18 10 16 7 6 19 25
t 15 29 35 37 18 0 625 31
t 6 574 5 8 6 23 23 17
t 2 8 560 7 11 25 8 19
t 13 40 13 1 762 6 19 26
t 4 15 9 11 2 585 24 20
t 8 1 14 5 23 598 20 13
t 1 15 19 20 18 8 19 598
t 9 2 24 17 8 587 18 25
t 10 23 40 20 0 32 8 631
t 14 2 1 23 24 4 1 596
t 649 33 11 25 7 14 2 33
t 21 29 15 21 660 26 4 34
t 8 29 13 3 32 748 21 10
t 2 12 38 601 35 13 1 7
t 10 586 3 4 1 3 11 24
t 23 17 7 1 3 12 25 591
t 632 19 32 3 20 31 2 32
t 19 33 28 5 3 23 784 30
t 25 10 22 568 10 17 20 17
t 10 16 16 1 579 5 2 9
t 27 13 32 732 26 9 23 33
t 22 27 0 2 35 37 14 666
t 14 15 18 570 2 7 16 23
t 16 25 3 14 593 10 1 19
t 6 22 562 11 5 7 5 23
t 37 35 38 6 0 34 626 35
t 18 20 578 1 15 7 11 16
t 19 27 28 11 605 19 18 9
t 31 669 9 1 0 23 8 3
t 3 595 21 11 20 21 18 18
t 2 24 21 566 24 15 10 1
t 570 9 10 12 21 3 25 25
t 24 2 6 12 565 23 7 25
t 15 9 18 589 15 2 15 4
t 30 20 9 10 34 32 624 14
t 39 9 718 21 0 8 37 29
t 36 2 34 12 4 1 749 34
t 3 584 25 9 5 25 19 6
t 15 10 20 13 17 20 577 2
t 24 19 1 18 560 19 2 5
t 599 18 11 13 14 6 20 25
t 34 2 779 23 12 33 26 21
t 569 3 7 3 12 4 2 23
t 11 13 11 23 2 564 14 18
t 33 40 746 22 0 37 22 29
t 17 10 15 19 14 16 573 2
t 585 2 4 3 12 4 3 9
t 28 17 17 30 21 608 35 18
t 18 17 7 4 4 10 592 21
t 18 2 14 18 569 8 13 8
t 2 13 4 5 23 18 23 598
t 17 697 36 0 33 35 8 11
t 39 14 4 12 720 8 10 26
t 591 17 8 17 12 14 6 8
t 22 756 37 34 27 39 15 11
t 23 7 10 34 0 644 20 10
t 29 21 25 623 34 24 37 13
t 0 39 3 709 26 40 25 5
t 649 25 28 30 15 24 19 21
t 4 621 18 26 19 21 37 31
t 22 2 679 23 24 38 17 6
t 17 7 6 11 13 16 572 6
t 7 4 565 18 18 6 22 15
t 11 5 592 6 11 25 7 14
t 15 27 795 38 33 5 6 17
t 7 13 5 567 10 14 25 11
t 11 9 716 30 0 37 20 38
t 6 17 25 4 12 10 565 24
t 564 3 16 21 11 10 9 5
t 4 15 626 17 26 8 12 3
t 596 6 3 15 9 3 4 12
t 566 8 6 12 10 25 8 25
t 11 13 12 3 19 4 575 11
t 2 23 1 11 582 18 20 7
t 11 0 779 31 5 31 30 36
t 15 5 12 13 15 562 25 25
t 12 24 36 4 725 23 32 38
t 15 25 3 619 9 1 27 39
t 1 16 19 5 20 9 575 25
t 7 40 22 23 22 9 2 663
t 25 17 18 18 8 19 581 23
t 24 18 19 8 5 594 11 2
t 23 670 2 25 10 33 0 28
t 6 11 590 19 6 5 18 12
t 25 27 20 5 723 30 16 20
t 16 15 11 10 591 8 10 18
t 1 5 12 9 2 12 574 1
t 17 1 566 4 11 7 5 1
t 12 15 17 716 10 37 8 13
t 18 35 36 7 776 27 4 13
t 584 14 20 22 25 13 10 3
t 24 22 11 13 571 18 2 15
t 7 12 587 3 17 4 4 3
t 9 33 607 31 5 22 21 15
t 32 759 26 22 8 3 14 31
t 5 18 8 576 17 25 1 20
t 798 20 25 36 26 11 29 25
t 36 27 25 32 34 789 30 14
t 39 33 38 27 28 16 651 6
t 1 19 18 13 14 17 11 596
t 0 13 28 38 774 16 7 8
t 11 3 20 7 17 571 14 11
t 18 19 4 12 570 18 9 18
t 13 593 14 7 20 20 13 2
t 11 3 7 579 5 21 23 14
t 3 17 8 14 23 19 5 591
t 6 8 4 11 570 4 5 18
t 10 10 8 2 569 16 22 20
t 18 9 569 8 7 4 23 8
t 38 23 11 24 729 31 40 18
t 562 18 7 15 13 11 17 1
t 31 36 38 39 26 9 34 712
t 3 28 38 6 37 707 36 40
t 26 17 26 9 619 34 6 21
t 3 36 18 18 17 13 35 669
t 31 18 20 16 6 686 34 16
t 14 27 2 39 787 33 35 21
t 9 21 2 23 10 23 25 575
t 567 18 16 9 4 6 25 17
t 32 17 7 12 34 698 11 12
t 9 12 587 19 14 24 21 1
t 5 35 793 21 23 17 24 32
t 19 12 18 25 648 26 7 21
t 21 16 22 10 27 734 1 35
t 24 16 28 5 701 32 1 30
t 19 30 23 31 32 16 37 607
t 8 24 12 10 20 11 593 12
t 23 18 17 8 21 798 33 12
t 563 1 22 6 15 3 12 8
t 28 20 9 30 39 33 6 669
t 23 6 37 29 612 26 10 18
t 14 40 40 616 39 32 25 12
t 24 7 7 3 38 18 1 629
t 17 568 4 13 25 15 1 19
t 6 9 564 10 19 6 12 15
t 6 10 21 2 19 599 15 23
t 17 25 1 16 23 1 566 18
t 6 0 32 770 32 37 16 3
t 1 11 36 32 16 21 24 646
t 14 20 23 9 11 19 588 17
t 7 14 16 7 21 575 7 3
t 1 12 1 2 12 11 595 18
t 17 690 30 9 24 34 37 28
t 25 596 3 3 19 10 17 16
t 568 15 1 20 16 9 14 25
t 6 3 14 736 34 19 39 30
t 5 17 2 596 11 13 6 15
t 16 24 19 21 25 595 1 5
t 14 16 8 28 8 29 21 627
t 23 5 2 596 3 4 20 12
t 4 9 14 584 13 17 1 5
t 6 628 10 16 24 11 4 27
t 7 21 1 12 698 34 37 26
t 18 11 21 24 17 5 592 20
t 587 13 19 16 22 16 3 4
t 561 25 22 5 19 21 14 25
t 19 17 3 17 7 686 39 27
t 18 9 2 23 24 567 6 1
t 9 1 2 19 16 567 13 3
t 22 6 586 14 21 13 6 17
t 23 23 567 19 16 10 11 11
t 19 21 573 3 6 21 15 13
t 15 6 572 16 7 23 15 20
t 21 21 36 38 10 32 37 618
t 19 16 5 11 587 4 5 15
t 9 796 23 35 34 36 8 35
t 24 15 10 571 4 16 13 18
t 33 21 18 0 38 16 19 750
t 25 24 3 9 18 740 32 5
t 7 2 25 8 2 10 13 590
t 9 31 30 6 658 2 10 17
t 26 24 601 23 3 10 30 32
t 23 3 23 8 6 576 19 13
t 17 16 22 7 18 5 575 11
t 10 17 18 17 5 29 768 11
t 23 34 3 654 5 29 21 25
t 4 26 0 607 25 18 32 13
t 5 8 23 4 6 579 17 9
t 22 22 2 706 17 7 3 31
t 13 579 13 2 20 18 21 4
t 10 600 19 4 29 3 28 25
t 8 12 12 12 23 2 569 17
t 21 2 16 2 35 767 28 27
t 20 11 30 14 21 28 619 30
t 20 17 4 579 7 23 13 3
t 16 19 597 18 4 16 17 10
t 13 5 6 22 577 23 21 7
t 645 11 13 28 25 17 35 9
t 21 24 15 16 25 3 7 577
t 20 565 22 7 8 5 19 20
t 3 1 12 21 17 567 25 8
t 32 29 31 21 26 39 36 694
t 686 3 25 25 21 5 32 6
t 16 22 5 6 2 574 20 2
t 11 760 15 22 16 14 6 25
t 29 40 13 28 40 12 32 686
t 9 18 11 15 9 19 21 597
t 1 570 1 24 1 21 7 1
t 5 648 30 37 32 15 33 5
t 22 3 19 2 11 567 19 20
t 13 25 20 13 29 644 14 12
t 10 22 572 10 18 11 13 21
t 12 20 10 39 734 33 35 7
t 17 16 14 6 24 579 18 18
t 14 30 31 25 24 759 34 24
t 22 14 10 10 24 598 11 3
t 23 25 17 6 23 10 7 589
t 28 5 18 16 19 23 33 661
t 7 12 37 34 12 9 617 10
t 25 9 26 28 37 614 36 23
t 5 596 1 2 2 15 15 12
t 16 15 580 19 9 24 12 18
t 15 13 561 10 19 18 4 22
t 32 39 31 22 20 16 769 9
t 13 6 5 567 18 17 8 20
t 15 8 24 12 20 38 716 17
t 4 22 16 663 11 12 10 9
t 632 31 28 13 33 29 5 39
t 16 14 35 18 5 28 708 16
t 28 15 23 14 36 656 40 17
t 638 31 20 26 13 6 23 10
t 1 14 8 20 580 25 7 11
t 10 11 9 1 8 5 573 7
t 28 35 22 24 10 34 657 25
t 2 4 11 10 11 587 7 24
t 3 17 9 1 25 4 19 587
t 5 7 584 12 24 23 19 15
t 648 3 22 16 27 28 0 13
t 6 9 1 15 20 13 581 23
t 19 6 19 19 24 24 4 592
t 20 9 40 31 16 28 40 600
t 10 7 2 13 579 13 14 6
t 33 11 15 39 15 2 40 720
t 8 592 11 20 16 12 18 22
t 16 13 6 595 5 2 18 20
t 10 20 33 777 25 7 34 33
t 35 23 20 12 7 24 6 688
t 4 10 5 8 16 23 17 572
t 11 23 25 19 574 22 15 10
t 20 22 10 6 11 4 575 14
t 9 36 25 17 18 5 9 682
t 570 18 2 10 10 22 20 25
t 21 24 13 11 587 17 6 15
t 6 15 15 721 22 14 40 39
t 29 1 36 26 631 11 14 5
t 21 583 22 20 20 22 12 11
t 1 13 12 17 4 4 563 3
t 584 17 23 12 2 12 10 22
t 11 15 23 8 3 20 586 8
t 593 14 12 14 7 4 12 11
t 588 10 21 10 3 3 20 19
t 2 31 16 687 0 39 37 27
t 25 22 1 15 9 568 1 18
t 38 0 3 664 7 1 10 14
t 17 5 576 18 14 12 9 2
t 19 25 8 740 37 28 19 24
t 6 4 576 16 22 21 16 9
t 6 570 18 9 6 10 10 14
t 745 39 17 21 17 29 37 22
t 27 14 673 2 17 37 3 38
t 1 12 748 23 36 0 11 10
t 9 24 712 13 3 29 39 4
t 39 0 21 647 28 0 33 23
t 15 583 21 3 20 4 7 4
t 12 14 20 25 13 25 562 7
t 1 2 21 576 3 18 2 1
t 32 15 39 12 38 35 600 20
t 25 3 8 3 18 6 593 10
t 2 8 13 17 3 581 4 10
t 22 27 657 28 22 17 18 34
t 26 30 677 35 32 22 31 17
t 740 29 20 13 25 33 21 32
t 17 8 599 2 15 18 20 1
t 16 18 12 9 560 22 9 9
t 33 23 36 24 38 14 650 5
t 561 18 25 9 2 13 10 19
t 7 19 567 20 7 12 9 25
t 36 32 28 24 18 758 13 31
t 18 13 18 33 629 13 38 38
t 22 16 25 11 2 593 17 19
t 4 596 14 17 22 18 17 9
t 17 14 7 1 16 578 4 16
t 10 23 6 24 563 23 19 4
t 38 25 4 621 10 35 12 38
t 3 40 11 15 0 39 719 2
t 784 21 3 33 1 22 39 28
t 7 21 12 14 29 18 662 19
t 15 7 7 583 7 15 3 7
t 566 9 21 17 24 3 2 15
t 25 6 17 33 693 4 20 23
t 682 36 8 30 32 15 25 15
t 1 25 29 797 40 31 39 26
t 16 7 9 19 32 1 30 634
t 16 11 7 19 15 9 3 561
t 7 13 35 23 7 17 686 26
t 28 34 31 800 23 12 18 0
t 39 27 0 744 27 16 6 16
t 12 11 17 1 7 569 18 3
t 11 35 2 4 35 776 25 36
t 2 8 584 10 7 19 21 1
t 27 18 613 39 35 35 40 6
t 15 596 21 4 1 20 13 18
t 40 762 6 27 29 2 8 16
t 3 15 2 763 0 20 22 30
t 12 4 22 11 592 7 4 18
t 40 39 4 33 7 716 26 4
t 4 39 12 21 29 14 1 705
t 20 797 3 10 29 28 19 14
t 19 4 591 14 13 22 13 13
t 12 3 3 14 23 2 14 594
t 596 4 17 3 22 8 12 8
t 599 12 23 17 7 13 14 22
t 571 15 17 17 22 5 20 15
t 580 16 14 10 2 5 17 4
t 17 20 585 17 23 24 22 10
t 28 680 34 18 19 11 21 40
t 36 6 35 13 774 10 4 35
t 12 39 22 772 24 31 7 21
t 10 2 593 5 2 17 4 7
t 29 10 19 40 787 12 9 26
t 24 7 2 5 4 566 13 19
t 21 645 22 19 22 38 10 34
t 38 38 784 22 26 9 7 24
t 2 21 568 14 22 8 19 19
t 18 767 17 1 2 19 0 24
t 637 13 21 16 9 5 13 27
t 8 22 561 22 21 9 17 25
t 15 17 594 12 12 12 24 7
t 25 31 16 14 743 24 37 6
t 3 6 560 1 7 19 24 11
t 588 19 8 3 25 24 10 20
t 22 7 5 583 11 9 14 22
t 1 4 13 7 16 23 23 589
t 33 15 10 39 21 680 7 22
t 17 569 7 8 19 8 13 9
t 30 7 33 722 3 8 5 1
t 14 19 573 7 6 23 21 15
t 32 20 40 40 9 655 25 5
t 599 9 7 6 15 6 25 12
t 37 780 33 13 31 38 15 31
t 14 7 591 14 23 5 8 10
t 29 9 622 35 7 34 35 16
t 20 6 693 24 25 8 15 1
t 23 12 13 20 14 1 18 579
t 16 657 12 26 37 9 0 22
t 14 19 8 3 15 8 11 579
t 570 12 2 11 22 13 19 3
t 564 21 11 24 6 14 3 17
t 721 38 20 38 13 25 10 32
t 6 0 778 15 4 12 13 22
t 18 22 23 15 598 25 8 3
t 3 603 33 0 7 16 30 36
t 5 12 16 12 571 6 14 21
t 15 22 777 3 31 7 14 22
t 25 25 13 11 5 21 23 574
t 23 23 573 1 1 4 15 16
t 25 32 36 10 26 746 22 19
t 31 5 658 18 3 1 26 25
t 759 20 11 18 12 30 15 28
t 8 21 569 12 12 14 19 12
t 14 34 11 800 15 34 37 22
t 25 9 15 732 6 7 11 31
t 34 1 38 25 778 2 32 1
t 27 2 17 667 31 13 15 4
t 17 18 10 5 10 20 578 14
t 25 694 0 23 39 18 14 7
t 40 23 11 681 39 3 8 4
t 20 8 39 23 24 4 14 674
t 14 16 674 9 22 24 28 15
t 30 24 714 13 5 34 33 0
t 576 24 1 22 22 20 10 23
t 39 0 5 15 1 716 5 12
t 19 6 16 5 18 1 7 567
t 11 1 580 1 1 16 21 21
t 3 15 591 2 22 24 2 13
t 40 29 39 9 784 29 30 20
t 9 31 27 644 13 11 6 26
t 12 16 568 13 16 14 1 1
t 4 37 799 39 9 30 4 5
t 7 18 8 8 8 10 11 582
t 10 9 565 10 16 15 13 21
t 2 4 9 6 22 23 590 8
t 0 5 4 13 40 11 6 747
t 4 12 16 36 625 5 21 15
t 37 36 0 33 17 777 35 1
t 11 24 560 14 16 9 19 10
t 36 21 29 14 689 7 31 33
t 14 17 587 4 17 13 5 9
t 13 13 15 5 24 583 21 3
t 16 23 36 34 36 27 22 659
t 26 9 29 23 18 34 693 37
t 6 38 36 10 707 40 0 16
t 23 10 11 24 21 568 11 21
t 577 5 1 19 4 3 21 6
t 24 22 32 18 33 681 18 25
t 14 12 1 3 22 17 572 13
t 5 6 5 6 583 19 3 13
t 6 4 14 664 10 15 17 9
t 17 18 11 11 17 23 580 22
t 10 37 649 9 27 4 2 2
t 15 9 36 17 40 23 728 9
t 9 7 26 2 17 14 38 759
t 40 27 19 11 11 725 0 7
t 28 15 11 35 24 9 28 623
t 2 2 22 3 8 12 582 24
t 2 592 12 16 5 14 8 10
t 11 1 9 33 10 729 33 26
t 21 19 579 3 24 1 16 7
t 14 24 14 16 5 19 22 588
t 579 21 24 24 6 22 18 14
t 561 11 12 5 7 24 13 7
t 782 18 3 39 0 17 7 40
t 29 4 0 16 39 780 19 23
t 20 35 27 19 800 22 14 22
t 18 580 8 23 1 2 5 9
t 21 561 20 2 24 20 7 23
t 20 12 21 27 14 19 603 38
t 8 11 12 2 595 16 18 14
t 16 29 1 0 27 22 683 38
t 22 24 15 9 7 20 21 573
t 22 11 563 1 14 17 9 18
t 10 25 570 18 10 13 19 5
t 6 19 13 595 20 18 2 1
t 19 19 18 4 1 16 755 7
t 8 1 23 4 23 570 18 7
t 19 37 25 16 704 24 7 3
t 11 608 33 22 14 28 10 15
t 6 9 2 19 14 23 19 561
t 19 562 14 9 4 15 18 9
t 34 38 17 612 35 2 13 30
t 40 1 22 37 765 33 24 17
t 16 25 17 24 596 19 2 12
t 4 28 26 4 601 0 11 5
t 10 28 22 31 26 663 22 2
t 5 14 20 572 14 12 6 14
t 27 12 1 34 682 1 26 20
t 13 23 7 2 12 18 25 595
t 28 20 36 21 761 3 22 32
t 13 25 597 10 15 25 19 20
t 4 6 26 6 728 34 24 29
t 9 4 573 1 5 7 19 1
t 779 35 19 3 18 38 5 33
t 18 742 37 5 8 11 19 11
t 9 585 24 15 19 15 22 16
t 12 5 15 564 10 16 17 2
t 24 19 14 13 20 23 20 593
t 6 2 577 9 2 14 9 11
t 13 16 12 633 22 9 25 3
t 33 11 32 33 24 18 1 695
t 15 20 582 6 16 22 1 22
t 30 625 23 33 13 18 29 3
t 13 23 12 571 1 6 14 10
t 25 9 14 14 572 14 1 13
t 748 8 11 21 36 13 29 8
t 6 28 625 8 7 4 22 25
t 4 3 578 18 6 20 18 9
t 8 38 5 29 18 15 22 693
t 740 0 31 25 6 32 19 33
t 708 15 13 2 38 4 3 3
t 19 569 5 5 10 9 17 3
t 9 26 17 28 17 4 3 674
t 1 38 27 1 11 742 2 30
t 16 565 9 25 9 1 20 1
t 13 4 574 21 12 11 13 10
t 7 593 2 3 10 9 8 5
t 1 5 14 25 33 717 4 1
t 17 9 732 10 14 40 31 32
t 11 21 15 563 17 9 17 11
t 25 10 19 23 20 581 7 23
t 0 3 672 39 38 29 13 33
t 582 4 3 5 24 14 24 17
t 15 36 24 3 1 31 669 10
t 29 40 33 609 21 35 13 11
t 569 4 19 14 21 24 21 4
t 685 0 11 16 22 25 40 28
t 19 15 30 747 18 29 27 5
t 11 4 21 4 17 2 13 579
t 26 26 27 729 8 11 12 22
t 10 17 13 14 25 599 5 8
t 1 11 777 29 26 18 13 23
t 16 12 16 3 8 1 607 33
t 16 13 10 18 19 580 2 15
t 595 17 19 23 6 15 19 1
t 8 28 1 33 25 798 36 25
t 17 24 23 4 564 25 3 18
t 16 25 10 5 3 25 22 566
t 9 605 13 19 4 40 32 29
t 21 5 14 19 596 23 23 3
t 593 7 25 9 10 4 6 2
t 6 12 590 2 16 8 1 2
t 13 19 6 21 3 10 568 25
t 19 14 3 4 20 2 19 582
t 40 14 21 739 2 28 11 2
t 21 3 20 24 6 10 572 2
t 617 38 12 27 9 16 1 31
t 22 19 573 2 6 22 11 25
t 16 581 4 21 6 16 8 11
t 12 3 794 21 30 3 21 10
t 20 20 10 10 16 562 2 25
t 2 16 572 1 24 19 20 6
t 13 592 4 11 5 24 4 22
t 3 11 13 18 584 17 10 17
t 38 40 40 791 13 15 27 14
t 33 25 4 36 22 0 622 11
t 16 22 12 626 7 10 37 40
t 11 585 23 1 17 3 23 14
t 37 27 1 668 16 17 29 0
t 14 575 16 23 25 10 5 21
t 6 9 574 24 6 17 14 18
t 2 25 22 589 9 7 22 12
t 3 6 20 3 22 571 23 20
t 19 571 17 16 16 3 10 10
t 19 2 9 20 14 19 18 581
t 12 10 582 9 24 17 15 10
t 21 16 12 15 567 8 3 5
t 701 38 36 9 29 15 24 3
t 0 0 24 10 27 21 704 28
t 11 25 21 2 1 18 2 578
t 23 6 12 2 17 585 13 8
t 8 19 1 18 22 6 9 599
t 667 20 4 28 30 5 1 34
t 13 29 4 1 2 35 15 786
t 0 37 38 732 35 22 33 31
t 29 619 1 11 26 18 21 16
t 9 21 615 28 30 0 12 19
t 20 22 3 31 760 36 20 29
t 794 22 26 25 28 7 18 7
t 0 9 5 26 10 39 32 733
t 14 20 585 9 21 22 3 24
t 18 6 19 565 7 16 7 21
t 38 36 25 30 660 3 4 1
t 23 768 6 28 27 6 40 20
t 6 38 22 27 15 28 37 730
t 17 7 751 12 0 17 19 37
t 38 29 765 6 34 33 10 17
t 18 30 35 33 9 702 32 12
t 22 12 560 9 6 19 21 4
t 3 3 23 15 1 38 608 12
t 8 29 16 35 36 30 688 0
t 2 15 15 18 5 14 593 1
t 35 39 3 21 33 38 38 699
t 40 34 777 16 29 11 40 25
t 1 2 4 703 29 40 25 14
t 24 5 563 15 19 5 25 13
t 2 666 6 20 27 1 2 2
t 20 581 14 20 2 1 5 17
t 17 14 4 11 25 560 11 17
t 693 13 36 38 0 6 18 3
t 7 12 25 23 11 23 594 1
t 27 31 13 5 18 40 31 740
t 18 21 33 40 773 13 31 13
t 11 1 13 572 9 24 16 13
t 11 18 20 590 17 6 22 24
t 20 24 39 611 26 6 22 0
t 13 8 24 5 7 568 7 18
t 20 13 23 11 25 19 24 597
t 10 13 5 10 14 5 585 8
t 3 7 11 16 1 10 11 593
t 5 25 613 25 21 5 19 13
t 39 4 32 38 7 668 23 22
t 24 26 786 33 16 28 24 36
t 11 24 592 1 25 16 17 2
t 21 1 35 31 643 14 27 27
t 5 22 5 11 24 563 11 4
t 29 34 39 24 663 5 10 2
t 684 17 31 20 10 28 2 34
t 580 6 5 2 3 20 21 21
t 40 40 22 25 626 14 15 15
t 23 5 7 16 9 597 9 10
t 19 567 1 2 14 6 21 16
t 16 9 2 5 22 27 751 16
t 24 14 1 6 578 14 24 11
t 12 14 566 1 5 17 10 15
t 40 13 40 7 6 15 770 40
t 22 593 11 15 8 24 14 16
t 25 6 22 20 591 24 20 5
t 11 31 28 35 31 768 21 26
t 20 566 16 23 17 22 25 9
t 20 19 22 584 19 25 2 1
t 7 29 9 14 34 19 31 656
t 2 8 1 15 17 12 585 24
t 3 14 575 6 24 10 16 6
t 11 3 13 16 8 2 10 599
t 631 1 7 17 20 27 2 1
t 21 594 17 6 5 8 1 21
t 21 21 12 9 11 17 595 10
t 24 29 8 14 22 3 29 673
t 3 13 744 14 1 9 27 20
t 4 24 8 14 2 29 39 778
t 563 3 8 10 15 19 16 7
t 22 11 578 24 13 25 6 3
t 32 23 13 14 37 768 11 7
t 34 37 1 12 25 31 732 38
t 7 22 22 7 565 15 6 11
t 20 12 756 34 36 37 22 3
t 13 17 5 30 12 671 14 14
t 17 20 40 34 24 18 11 670
t 13 792 1 7 27 22 23 8
t 563 25 17 3 15 6 25 21
t 5 12 32 32 27 671 37 39
t 30 24 33 638 14 11 31 16
t 13 6 21 8 20 7 14 562
t 11 29 33 5 36 30 4 761
t 4 599 4 12 25 7 4 20
t 655 30 27 27 34 17 2 33
t 0 18 16 767 6 12 22 9
t 6 4 11 1 9 24 587 14
t 24 571 9 14 15 11 24 3
t 2 38 18 35 20 24 36 630
t 8 25 17 5 23 8 19 574
t 15 2 24 31 725 37 12 24
t 15 40 12 744 35 22 34 25
t 567 11 19 17 11 7 7 1
t 11 752 2 24 40 8 3 3
t 16 12 22 6 583 4 7 1
t 11 36 31 7 23 26 739 22
t 3 21 11 10 8 597 5 15
t 689 25 1 1 15 5 29 27
t 21 18 10 5 1 11 564 9
t 18 28 20 725 35 5 20 28
t 21 18 25 8 12 566 21 4
t 14 19 26 2 12 4 756 8
t 15 15 1 9 23 576 7 7
t 25 1 3 22 11 17 22 584
t 16 571 21 15 25 16 22 1
t 596 7 2 25 7 9 4 23
t 19 33 22 685 31 18 32 34
t 9 27 20 774 33 11 6 9
t 15 26 4 11 5 605 25 17
t 19 15 32 720 7 5 24 23
t 18 13 11 7 19 36 641 25
t 33 19 13 20 35 22 681 5
t 582 10 4 17 21 16 24 3
t 10 15 25 15 1 579 10 17
t 39 669 18 11 30 36 17 35
t 24 6 37 38 37 35 1 781
t 20 22 3 563 2 23 13 9
t 5 32 28 15 24 24 23 635
t 21 707 38 38 24 33 16 17
t 23 584 3 16 16 10 16 18
t 12 568 3 3 9 24 19 3
t 16 26 708 36 25 29 12 35
t 13 560 10 16 14 11 3 10
t 24 18 582 3 2 20 21 16
t 11 21 40 9 642 28 0 10
t 23 4 22 2 18 5 21 593
t 16 35 39 13 8 666 13 10
t 21 12 783 9 7 8 1 24
t 605 18 16 12 39 13 22 7
t 15 15 575 16 7 5 19 18
t 21 4 569 21 4 6 25 5
t 16 12 6 19 597 14 25 16
t 15 17 10 17 564 7 18 19
t 13 14 7 34 723 8 40 40
t 562 5 20 18 25 11 6 17
t 8 2 40 8 34 5 761 38
t 33 23 8 7 5 4 733 26
t 24 23 659 23 4 26 7 38
t 5 36 7 35 15 2 773 11
t 15 8 22 20 19 9 564 6
t 16 11 15 586 1 23 13 1
t 4 14 599 6 11 16 16 10
t 11 14 16 14 10 571 19 7
t 0 751 39 7 22 23 37 15
t 31 37 6 23 26 13 749 7
t 10 40 1 797 34 8 14 30
t 4 25 6 598 17 7 16 3
t 16 10 14 2 17 4 10 561
t 3 6 12 20 8 13 580 22
t 6 18 0 667 3 32 20 22
t 12 12 6 22 12 5 22 584
t 13 21 29 0 37 793 28 1
t 39 10 1 21 29 3 28 798
t 23 11 4 9 575 5 23 18
t 8 24 10 15 8 9 8 597
t 796 19 27 26 23 5 9 30
t 13 15 10 29 14 750 36 33
t 5 6 641 16 19 4 25 0
t 35 680 3 40 14 5 39 8
t 4 568 2 21 12 2 23 25
t 2 585 2 8 4 22 4 11
t 22 10 10 16 11 21 8 681
t 1 5 14 23 574 16 2 1
t 577 4 17 9 2 14 3 8
t 8 743 29 38 25 30 32 2
t 575 17 3 17 5 6 3 10
t 17 622 9 22 28 34 4 12
t 25 583 21 21 1 23 14 13
t 29 768 3 16 9 39 24 28
t 6 13 8 40 36 5 640 39
t 8 25 597 20 20 4 4 2
t 32 0 10 25 634 2 8 31
t 33 40 26 6 21 27 798 3
t 5 579 12 19 20 25 25 19
t 24 12 12 772 14 0 19 21
t 21 4 10 707 40 23 17 18
t 18 29 2 38 663 35 24 5
t 8 40 31 6 28 38 774 19
t 16 8 573 2 15 15 1 17
t 21 6 12 16 24 11 13 563
t 3 19 25 19 12 0 34 693
t 8 27 7 6 18 14 607 22
t 4 33 0 30 652 15 28 29
t 19 25 29 26 2 763 15 35
t 30 9 30 675 31 28 33 39
t 39 36 3 32 6 741 22 16
t 5 26 1 29 9 17 14 721
t 8 2 10 19 567 25 14 25
t 29 14 38 29 768 0 39 21
t 5 22 21 11 591 19 15 11
t 16 4 7 6 22 17 1 564
t 609 35 20 30 37 6 23 7
t 582 3 10 5 25 11 3 10
t 26 16 19 716 13 16 13 5
t 12 20 4 588 6 6 7 23
t 36 665 20 38 36 16 16 39
t 2 39 39 17 24 786 26 37
t 31 11 21 30 40 7 27 679
t 664 11 31 2 28 9 11 36
t 0 1 675 20 39 12 31 1
t 18 22 25 24 23 587 14 2
t 20 15 17 565 14 8 12 2
t 18 573 15 1 25 8 19 20
t 6 9 18 15 570 12 12 16
t 730 18 34 6 27 18 8 32
t 40 35 20 625 22 19 8 31
t 9 4 19 20 16 21 585 21
t 24 23 13 3 580 2 8 18
t 4 23 16 571 15 1 19 24
t 594 21 12 18 3 18 14 9
t 22 6 13 7 15 9 6 590
t 6 7 9 24 20 13 599 9
t 3 40 40 676 37 28 32 37
t 5 10 1 22 577 2 12 24
t 34 24 39 672 35 1 6 28
t 692 13 30 6 27 35 21 17
t 567 4 20 18 19 14 5 19
t 581 14 16 1 24 23 8 7
t 8 11 25 39 642 1 24 18
t 589 18 25 9 2 17 16 16
t 26 643 40 39 19 6 7 10
t 590 5 2 8 13 13 8 15
t 16 4 9 6 594 3 20 11
t 4 7 18 16 10 567 16 22
t 15 15 594 4 12 7 24 10
t 17 24 26 38 21 24 17 785
t 21 1 17 22 10 565 2 7
t 4 584 23 2 12 14 10 4
t 17 21 15 1 599 5 24 21
t 36 30 5 21 23 37 765 6
t 23 7 11 14 24 591 19 22
t 13 19 19 3 10 18 11 566
t 11 23 2 5 566 9 14 14
t 6 35 38 9 687 6 37 0
t 11 4 4 21 22 2 23 588
t 15 11 8 1 9 17 591 12
t 15 25 20 31 2 787 5 25
t 20 8 10 11 23 3 1 589
t 2 5 20 31 39 27 37 650
t 17 6 582 25 20 9 14 7
t 14 4 1 10 16 16 570 2
t 22 24 19 9 10 7 689 7
t 674 32 34 9 30 22 22 12
t 15 567 1 4 18 12 12 8
t 612 21 26 6 37 28 2 40
t 9 14 23 657 3 15 11 25
t 4 8 4 21 20 9 581 16
t 15 3 39 681 31 31 22 0
t 22 10 10 21 578 13 8 18
t 24 23 25 24 19 563 20 17
t 20 14 7 10 1 21 18 576
t 1 22 19 16 593 9 12 3
t 39 29 22 2 11 3 635 3
t 24 10 17 23 594 18 13 16
t 9 1 2 571 24 2 16 22
t 2 683 31 8 9 23 16 21
t 669 6 8 1 11 4 39 29
t 11 23 1 782 23 12 29 18
t 738 22 7 34 35 33 20 39
t 8 23 12 596 25 6 13 3
t 9 21 6 23 10 582 16 17
t 13 11 16 16 674 12 1 26
t 23 25 703 2 31 5 15 23
t 14 21 687 36 21 9 6 21
t 16 13 10 39 712 4 6 8
t 12 16 14 19 563 21 15 8
t 610 13 14 18 36 23 20 13
t 25 20 5 18 33 34 680 1
t 5 3 19 4 11 19 578 3
t 15 12 21 9 24 593 23 25
t 15 10 616 37 30 29 40 26
t 9 3 21 31 40 15 2 774
t 28 17 33 609 5 14 1 24
t 32 2 29 702 15 22 31 24
t 23 734 21 13 35 29 39 22
t 2 597 25 17 21 18 16 19
t 7 27 21 706 2 30 1 34
t 16 6 25 24 2 20 34 738
t 33 24 7 26 32 730 24 16
t 573 24 2 9 4 4 4 2
t 1 0 692 3 22 2 14 22
t 573 4 21 21 11 4 17 22
t 28 20 8 795 32 5 1 18
t 4 3 25 576 13 20 11 21
t 27 0 6 32 28 0 39 687
t 10 7 9 21 17 586 23 20
t 9 22 3 20 23 6 8 567
t 15 1 31 24 13 774 39 20
t 16 10 0 15 18 3 5 782
t 21 6 22 6 26 39 12 601
t 25 39 37 16 29 623 37 31
t 29 29 695 36 22 10 23 18
t 33 17 40 14 2 777 19 25
t 20 38 35 37 40 11 703 36
t 13 16 587 5 25 11 11 11
t 18 19 1 10 18 583 3 20
t 582 10 3 25 24 11 6 1
t 32 8 3 36 25 728 25 34
t 28 19 15 9 3 24 640 7
t 3 582 5 9 21 6 22 4
t 7 15 13 12 13 593 19 13
t 11 21 8 24 6 24 597 17
t 23 25 4 7 13 574 24 14
t 5 40 19 5 634 19 32 33
t 10 5 16 577 24 5 5 8
t 31 34 23 11 40 39 757 23
t 15 12 575 22 12 11 1 5
t 25 11 8 18 21 12 3 560
t 4 755 12 23 6 5 20 40
t 26 10 17 31 13 25 34 672
t 17 5 584 25 21 22 7 15
t 31 22 4 781 2 4 17 18
t 12 6 11 22 4 8 8 572
t 8 11 599 13 25 11 14 1
t 5 5 22 8 16 570 19 5
t 20 25 5 29 26 23 40 669
t 24 9 25 779 10 26 30 1
t 17 8 8 12 619 24 7 13
t 32 39 791 18 11 10 33 27
t 739 36 11 12 20 23 34 22
t 1 32 0 26 784 29 35 25
t 5 23 6 597 18 1 16 25
t 15 20 16 7 8 587 24 22
t 9 2 2 15 9 7 10 599
t 9 28 628 13 1 2 16 10
t 4 20 643 35 37 6 22 21
t 17 2 24 14 575 18 21 2
t 17 15 18 18 16 2 565 21
t 565 23 25 10 6 2 7 1
t 25 23 10 7 593 16 23 15
t 16 22 24 561 13 24 20 16
t 23 15 13 22 588 7 11 23
t 20 25 24 7 23 12 3 586
t 35 39 10 14 16 33 36 800
t 12 10 15 16 24 11 1 560
t 10 25 9 21 19 14 11 595
t 14 19 37 5 603 9 31 39
t 27 9 630 2 27 20 27 6
t 3 577 11 3 5 8 6 20
t 8 568 16 4 5 10 12 12
t 11 22 579 20 14 18 10 6
t 25 24 21 12 9 3 8 570
t 37 20 2 30 5 785 6 30
t 6 16 591 5 11 9 11 24
t 18 753 17 31 40 33 2 7
t 17 14 4 4 23 3 572 13
t 15 660 14 22 29 15 36 7
t 31 649 30 12 38 22 10 37
t 37 7 764 6 13 36 11 14
t 586 7 16 19 23 25 23 21
t 646 21 34 40 10 35 8 17
t 19 8 576 23 4 11 12 5
t 22 10 1 1 562 17 7 20
t 32 18 9 33 34 36 674 0
t 18 12 28 17 14 37 716 14
t 24 29 16 645 22 15 37 26
t 38 15 18 10 11 7 753 28
t 11 17 787 35 37 7 0 25
t 12 584 23 11 10 4 10 14
t 11 14 15 11 582 18 3 7
t 34 662 3 6 10 10 37 13
t 0 27 16 40 36 29 27 753
t 31 22 688 23 16 36 22 28
t 32 31 25 719 39 32 7 9
t 26 751 15 19 30 29 8 20
t 1 691 21 22 20 3 11 24
t 1 9 9 24 24 560 4 18
t 6 20 5 565 12 19 20 8
t 8 572 16 4 13 24 19 3
t 6 13 8 18 7 586 22 19
t 619 38 11 1 26 3 39 14
t 598 20 6 9 4 25 10 25
t 9 586 8 7 13 1 10 10
t 10 3 14 9 598 5 12 4
t 794 29 30 29 27 40 40 19
t 3 696 21 3 30 7 14 26
t 569 18 16 21 14 5 6 13
t 12 587 14 22 7 6 13 5
t 29 7 791 35 6 14 6 21
t 32 28 13 6 688 0 33 12
t 567 5 10 22 25 6 7 15
t 3 6 36 9 5 38 761 6
t 38 18 20 3 33 776 31 24
t 9 39 0 23 35 15 799 1
t 18 12 23 5 14 572 23 21
t 25 11 24 21 1 8 14 582
t 24 39 662 14 4 35 21 23
t 20 1 740 5 2 11 21 11
t 12 22 21 19 567 4 22 2
t 17 689 13 13 9 12 5 12
t 8 585 17 3 1 24 24 2
t 12 587 9 24 8 15 16 23
t 12 24 22 4 7 8 566 19
t 27 21 661 20 39 37 17 17
t 14 584 21 7 19 21 12 7
t 15 22 25 594 20 22 19 24
t 4 39 25 8 764 33 10 27
t 3 24 1 23 592 11 23 17
t 5 10 566 23 21 13 16 9
t 7 571 22 15 8 7 6 25
t 14 19 560 14 9 8 5 20
t 18 20 22 18 15 1 583 2
t 647 32 30 3 10 3 37 0
t 36 17 760 19 29 17 26 40
t 16 1 15 31 25 713 8 35
t 3 23 4 572 13 2 10 22
t 26 10 12 20 5 714 31 11
t 38 22 3 36 26 9 33 689
t 9 15 5 590 12 23 7 19
t 11 18 8 579 13 9 11 20
t 7 14 15 22 7 575 15 14
t 7 3 14 17 596 4 5 16
t 25 34 752 37 15 37 12 8
t 0 15 24 29 19 38 702 9
t 17 587 23 17 2 16 10 5
t 8 2 22 14 597 12 12 8
t 38 633 34 9 19 10 10 33
t 21 22 25 5 2 569 19 21
t 40 18 6 39 6 26 714 20
t 6 15 577 1 13 20 22 13
t 25 4 23 9 6 13 586 19
t 597 18 14 16 1 12 16 10
t 39 5 17 25 12 4 20 655
t 19 5 14 18 574 18 4 4
t 20 24 22 18 593 7 20 11
t 10 17 589 5 12 18 25 21
t 34 15 13 5 6 30 782 4
t 15 25 18 31 25 21 19 752
t 8 24 40 692 3 39 37 4
t 2 593 14 10 19 22 20 1
t 19 10 13 18 765 22 38 6
t 21 693 15 4 22 5 22 8
t 19 28 723 37 11 5 11 34
t 7 24 6 566 1 19 22 25
t 7 5 593 18 24 16 21 14
t 3 590 3 13 1 24 4 15
t 584 24 19 11 3 19 18 6
t 13 12 7 9 16 10 10 568
t 37 711 4 17 23 39 12 18
t 2 592 21 9 23 17 7 13
t 31 22 28 1 26 752 6 36
t 32 38 704 11 4 14 19 4
t 593 21 4 2 9 18 21 22
t 9 24 15 31 29 30 39 781
t 790 32 34 1 8 14 21 0
t 18 11 565 11 12 14 16 14
t 37 674 3 0 31 38 12 17
t 16 5 12 9 4 7 568 13
t 39 25 756 24 18 15 6 0
t 16 594 4 20 15 25 23 17
t 4 25 21 39 14 4 32 782
t 23 2 567 8 6 10 12 7
t 604 23 36 28 32 39 22 2
t 18 7 14 9 24 5 583 18
t 14 15 23 18 596 7 10 4
t 13 3 23 16 37 33 716 10
t 14 23 30 733 29 26 15 6
t 5 17 6 2 590 16 6 2
t 18 0 6 25 763 12 39 12
t 19 575 9 6 2 11 2 8
t 13 584 17 3 13 4 15 16
t 13 782 15 21 13 2 15 24
t 9 24 27 18 627 0 2 11
t 29 22 15 22 617 34 11 38
t 33 33 7 18 26 674 4 23
t 0 30 31 778 11 6 2 21
t 22 32 11 35 17 4 652 35
t 37 18 9 17 31 40 39 694
t 32 25 17 35 8 32 607 27
t 26 27 6 14 750 36 2 33
t 25 12 33 5 652 26 29 16
t 5 23 17 16 35 612 21 5
t 6 2 12 5 2 17 14 565
t 14 30 13 38 8 35 35 740
t 25 19 7 1 22 561 15 9
t 20 18 15 22 39 798 10 9
t 7 14 560 25 4 11 1 11
t 8 22 8 583 17 12 24 6
t 12 15 9 571 14 24 9 24
t 16 13 22 574 6 8 3 14
t 18 695 40 34 39 17 14 0
t 3 7 9 6 22 21 595 6
t 592 10 25 23 15 19 2 16
t 24 573 19 17 2 19 13 3
t 17 13 11 2 39 779 0 33
t 17 34 2 19 22 21 22 615
t 2 14 7 773 9 1 31 0
t 24 9 12 572 6 17 1 22
t 7 23 1 16 3 567 24 15
t 6 16 580 7 14 21 14 2
t 24 10 588 7 25 18 4 9
t 12 32 36 39 10 17 27 638
t 19 571 13 18 11 7 3 20
t 24 3 5 23 20 6 594 16
t 17 24 11 16 23 15 5 589
t 17 6 24 15 11 599 25 21
t 580 10 8 20 23 11 16 10
t 5 17 562 14 19 8 6 13
t 628 16 23 29 35 18 5 8
t 16 18 16 12 23 25 599 20
t 16 6 19 20 25 9 573 16
t 24 1 14 16 9 764 39 28
t 16 15 21 6 5 595 17 6
t 30 21 4 765 16 2 22 32
t 17 5 7 1 25 19 597 20
t 10 4 7 23 16 12 12 590
t 29 710 27 3 1 18 20 37
t 18 562 23 14 7 7 22 24
t 3 11 23 15 24 21 575 16
t 6 22 38 32 6 12 26 714
t 594 4 10 11 15 21 10 12
t 8 10 597 10 11 21 18 4
t 24 25 12 19 5 565 12 25
t 19 763 16 19 33 17 18 21
t 13 35 40 25 642 21 18 7
t 25 15 20 15 11 572 15 1
t 18 13 9 564 2 1 25 5
t 35 26 28 29 720 11 14 37
t 25 16 10 5 10 10 2 566
t 18 4 25 22 577 22 7 25
t 607 3 30 2 39 38 21 12
t 13 40 30 37 14 686 4 30
t 9 693 14 32 12 18 10 31
t 20 20 4 597 13 11 24 4
t 6 18 571 22 7 11 25 3
t 17 9 16 8 11 23 1 567
t 12 21 26 11 25 787 32 36
t 573 2 22 12 19 10 3 1
t 2 17 587 5 14 12 13 20
t 9 3 12 22 740 29 5 31
t 5 29 650 14 1 17 9 31
t 30 741 19 6 15 14 6 1
t 29 9 36 800 2 19 32 3
t 21 23 7 8 1 599 11 20
t 5 15 20 568 6 4 6 18
t 12 22 36 722 13 29 28 34
t 12 2 7 18 22 568 8 20
t 594 23 10 21 22 19 8 4
t 716 12 40 33 16 29 35 37
t 37 3 35 28 23 696 36 20
t 579 13 1 17 16 6 12 2
t 15 13 19 23 20 596 8 23
t 32 788 33 37 30 23 32 38
t 15 9 6 16 18 17 593 20
t 583 23 24 6 10 9 14 10
t 11 583 13 5 7 17 3 17
t 659 19 14 29 14 28 28 16
t 11 10 566 3 16 17 4 6
t 8 30 715 26 1 7 12 32
t 0 1 27 5 20 22 758 38
t 5 589 9 12 15 1 5 6
t 14 10 36 663 37 13 8 13
t 6 16 15 590 23 12 11 16
t 12 16 19 22 1 7 587 2
t 26 7 30 6 10 3 37 798
t 18 17 18 7 4 24 578 4
t 10 597 9 10 23 1 10 13
t 20 4 8 9 1 4 576 7
t 562 19 4 1 22 21 9 17
t 21 1 20 1 23 20 578 12
t 709 29 31 34 9 15 8 14
t 9 577 1 2 18 15 12 11
t 2 5 7 1 21 29 625 18
t 27 31 19 4 17 638 27 11
t 23 19 4 577 5 20 16 25
t 4 17 21 22 11 562 13 15
t 17 19 15 589 2 17 17 11
t 636 27 40 24 26 26 32 21
t 4 569 16 12 6 21 12 9
t 24 572 2 5 16 6 20 16
t 3 562 16 20 17 25 20 23
t 26 34 27 17 686 25 1 28
t 15 8 14 15 13 6 20 580
t 23 20 20 14 7 14 596 5
t 10 24 1 19 3 561 16 13
t 38 24 660 31 36 28 1 29
t 16 1 1 14 2 1 570 12
t 4 24 3 18 18 4 587 7
t 4 16 9 576 10 20 12 4
t 20 15 20 573 18 12 25 16
t 7 2 20 24 24 15 14 596
t 575 3 9 19 19 8 10 24
t 560 13 24 7 19 18 9 12
t 13 12 21 587 1 2 17 7
t 14 29 25 11 16 792 16 22
t 2 560 13 17 2 3 12 16
t 14 7 13 14 651 28 21 2
t 4 566 16 16 10 20 23 10
t 19 3 10 24 15 18 578 12
t 20 25 592 14 7 8 4 9
t 12 574 25 9 1 5 5 2
t 39 3 3 31 13 740 31 3
t 700 28 9 20 3 25 16 38
t 571 7 11 13 24 19 1 14
t 18 15 2 726 36 27 22 10
t 575 1 13 4 13 11 17 5
t 11 28 21 34 737 4 7 6
t 35 5 23 30 14 638 25 0
t 4 4 570 11 17 1 21 19
t 25 15 10 563 6 4 22 6
t 34 39 23 26 728 37 5 6
t 16 39 37 795 11 16 17 6
t 9 14 14 11 18 13 25 587
t 642 21 25 37 13 38 12 10
t 38 22 38 778 28 25 30 2
t 1 30 672 8 6 26 23 28
t 2 21 23 569 19 14 4 7
t 31 1 34 28 6 661 2 13
t 10 9 8 573 14 18 16 7
t 22 14 14 6 9 569 23 13
t 27 15 10 35 791 25 2 37
t 18 2 11 12 608 8 27 37
t 23 2 10 9 21 1 571 23
t 625 34 33 12 3 8 29 1
t 2 8 8 597 20 9 20 13
t 0 15 34 756 1 34 34 39
t 757 17 31 29 23 21 30 39
t 10 19 595 8 13 4 19 3
t 790 27 31 18 1 2 14 4
t 7 37 13 13 30 25 10 641
t 27 12 14 20 3 677 33 3
t 562 1 11 16 15 19 10 5
t 40 727 38 27 23 4 6 1
t 39 30 33 19 40 708 32 32
t 9 25 591 1 22 25 23 18
t 20 18 12 8 16 575 20 5
t 3 23 17 11 10 2 2 584
t 17 1 566 8 9 17 15 18
t 2 23 19 11 9 13 583 15
t 13 17 580 16 14 12 25 23
t 14 20 11 21 9 566 23 19
t 8 14 24 18 564 9 5 23
t 14 2 12 3 15 743 27 4
t 3 770 30 2 26 25 31 25
t 12 19 18 2 2 18 23 599
t 0 1 32 36 26 23 663 31
t 674 8 12 18 19 18 33 21
t 7 564 23 5 12 21 10 5
t 10 7 11 6 9 14 563 16
t 1 11 0 17 746 13 2 40
t 9 13 23 594 2 21 16 1
t 18 561 11 2 11 17 3 24
t 35 707 32 22 15 38 13 34
t 6 5 11 13 589 16 25 11
t 38 34 35 36 9 638 2 37
t 15 5 15 10 18 573 23 19
t 8 5 17 12 16 1 11 578
t 22 13 2 17 25 23 576 22
t 13 1 5 16 19 2 567 13
t 9 563 16 18 12 2 7 24
t 31 40 11 17 788 15 21 27
t 27 727 36 0 37 19 3 12
t 20 16 585 21 16 3 9 19
t 24 10 21 595 8 8 25 9
t 8 24 17 14 575 2 23 13
t 18 14 647 30 1 8 8 27
t 3 5 10 1 13 11 10 571
t 24 11 21 580 23 8 21 17
t 23 24 17 584 8 4 24 6
t 2 17 7 4 7 592 8 18
t 8 7 3 785 4 24 12 38
t 23 2 17 1 17 13 574 1
t 1 2 29 680 5 40 17 34
t 19 14 6 5 14 746 31 4
t 563 25 18 21 16 17 7 14
t 15 21 35 34 14 672 9 27
t 20 10 2 6 6 19 569 16
t 0 774 27 33 13 20 28 13
t 33 28 32 39 16 32 21 702
t 5 17 17 3 19 25 19 564
t 24 18 20 9 12 13 5 570
t 17 21 21 25 581 16 1 11
t 577 6 8 5 21 14 12 7
t 24 11 23 22 5 9 10 565
t 0 672 18 21 10 0 22 25
t 13 599 10 13 8 5 4 19
t 14 593 20 13 24 20 17 21
t 20 4 5 9 597 25 14 3
t 29 40 17 26 22 608 5 3
t 605 22 29 24 23 10 23 28
t 16 10 4 3 19 582 2 23
t 7 9 24 12 596 3 24 17
t 585 9 6 23 4 13 22 23
t 20 6 5 24 1 7 588 21
t 25 561 7 24 19 5 4 11
t 6 591 16 18 11 18 22 5
t 10 1 21 10 13 7 592 18
t 21 2 19 11 14 6 578 15
t 605 28 15 12 14 12 6 16
t 12 13 18 6 19 18 587 22
t 5 18 9 10 5 25 576 21
t 5 3 20 565 7 9 12 20
t 11 14 1 14 8 24 596 17
t 32 35 16 10 26 22 681 27
t 16 9 5 10 560 4 20 15
t 0 35 787 16 28 38 5 15
t 22 35 23 20 21 8 29 756
t 9 19 12 11 13 5 574 20
t 1 20 587 22 22 16 25 5
t 16 8 25 6 564 7 22 6
t 16 1 12 17 565 18 22 20
t 16 566 18 12 22 9 2 8
t 16 38 29 636 4 5 7 14
t 10 6 18 36 24 710 21 22
t 575 21 19 7 23 20 12 7
t 12 1 10 14 573 12 8 18
t 15 586 7 11 6 22 10 6
t 9 5 21 21 599 7 20 24
t 22 579 25 2 13 8 21 19
t 31 11 629 16 18 10 38 27
t 8 24 31 35 29 21 31 666
t 25 21 594 7 24 9 9 7
t 24 16 2 5 2 22 568 19
t 14 20 579 24 11 17 18 21
t 13 9 6 6 20 569 22 7
t 14 8 4 35 21 23 751 22
t 30 7 12 40 19 8 678 11
t 2 10 2 8 9 16 578 15
t 15 595 15 13 19 10 23 2
t 21 19 2 22 12 24 579 17
t 22 14 37 22 13 617 37 9
t 17 768 40 8 9 39 4 15
t 9 3 15 5 18 3 593 11
t 20 4 798 27 36 0 32 31
t 670 4 28 33 40 39 27 24
t 26 34 35 798 36 29 22 28
t 9 12 16 2 5 7 9 572
t 12 20 2 5 22 582 23 24
t 24 10 3 20 24 565 3 5
t 4 22 566 4 17 5 24 6
t 2 6 583 6 16 1 16 15
t 1 10 571 23 10 8 9 8
t 29 790 11 38 28 12 31 1
t 2 11 565 5 1 18 10 24
t 34 7 20 40 785 11 31 32
t 2 29 10 676 22 25 34 21
t 566 11 1 6 24 1 22 6
t 7 1 5 3 9 24 2 577
t 24 566 11 11 3 5 20 7
t 6 13 24 13 746 40 22 17
t 38 685 12 27 37 30 6 8
t 638 39 35 5 15 19 27 13
t 2 5 571 11 7 11 14 15
t 0 32 24 37 35 1 16 631
t 34 3 9 2 685 40 5 2
t 14 665 28 36 24 17 14 39
t 20 28 4 626 37 21 24 7
t 568 22 6 25 12 14 19 14
t 3 566 1 7 10 12 18 10
t 13 21 10 23 3 587 12 20
t 578 19 14 24 9 7 11 19
t 12 25 3 26 22 748 13 11
t 10 15 598 6 14 24 21 12
t 33 14 33 1 10 757 11 11
t 739 6 24 1 35 22 28 1
t 22 13 4 2 3 23 582 12
t 3 12 12 593 22 24 13 13
t 1 10 0 39 753 29 35 37
t 7 1 586 8 22 8 24 4
t 1 18 17 11 19 20 22 596
t 36 35 17 15 699 0 27 30
t 25 12 25 1 25 23 571 2
t 2 561 11 2 18 7 20 10
t 592 5 11 10 19 25 22 24
t 2 14 20 564 10 22 18 22
t 17 635 10 18 33 24 10 7
t 15 23 6 588 13 22 5 9
t 12 590 8 1 4 11 7 7
t 764 1 25 26 34 27 7 40
t 9 9 11 569 22 21 10 15
t 16 578 4 24 15 16 10 14
t 0 39 32 2 743 28 22 39
t 11 21 34 7 0 29 668 38
t 583 1 23 4 13 5 15 8
t 8 15 20 565 14 3 20 18
t 24 579 11 15 6 7 18 13
t 13 2 25 19 25 13 572 19
t 25 13 26 5 3 13 0 643
t 769 31 15 13 35 20 23 32
t 23 1 17 13 585 8 9 20
t 578 18 15 16 18 5 3 21
t 675 9 40 8 14 29 39 32
t 19 581 14 2 17 1 20 10
t 3 21 29 39 4 13 26 664
t 18 39 20 9 11 29 744 38
t 5 5 17 20 563 17 1 5
t 18 15 4 574 24 25 5 6
t 15 12 769 40 25 3 28 25
t 35 10 27 32 641 9 34 13
t 35 605 31 9 40 39 28 13
t 14 9 598 1 4 4 21 14
t 7 571 23 6 11 15 3 5
t 581 7 4 23 12 13 3 16
t 12 18 578 2 23 9 5 6
t 597 3 22 18 6 11 24 2
t 24 19 29 33 737 24 29 9
t 6 0 11 32 710 9 6 28
t 4 14 15 24 17 17 582 21
t 11 39 35 20 611 19 14 32
t 34 11 1 38 13 7 14 651
t 30 747 16 30 26 17 15 21
t 11 17 25 562 25 23 14 4
t 21 19 5 3 15 3 587 6
t 5 10 623 31 24 3 1 39
t 22 18 12 582 25 7 15 9
t 17 23 566 22 21 18 11 22
t 27 5 774 15 23 6 24 13
t 587 14 8 23 23 21 18 21
t 3 9 17 23 24 23 569 4
t 9 18 39 0 25 21 22 761
t 17 24 20 590 18 3 22 17
t 9 22 588 19 18 12 23 15
t 1 9 604 5 16 34 24 32
t 17 1 25 5 9 592 20 1
t 10 7 4 20 10 19 19 582
t 577 6 14 8 24 1 25 17
t 711 21 6 38 9 3 39 28
t 11 5 31 699 24 3 1 32
t 37 24 10 663 23 29 9 29
t 9 18 24 22 5 793 15 26
t 571 7 9 18 21 16 12 15
t 18 1 17 1 7 17 24 593
t 19 19 27 634 32 3 26 29
t 19 17 29 793 18 7 33 31
t 34 0 38 27 15 30 676 14
t 12 19 577 1 12 3 2 10
t 3 31 16 0 21 3 34 657
t 5 7 1 24 5 20 567 20
t 15 4 8 562 7 21 18 23
t 1 3 25 3 9 21 572 12
t 18 583 18 11 15 7 3 6
t 15 7 22 1 30 30 2 648
t 22 11 11 14 8 24 5 593
t 19 16 1 12 591 7 10 25
t 17 25 13 6 591 20 8 11
t 11 21 16 16 19 7 9 566
t 25 565 13 8 5 14 22 18
t 25 24 591 24 14 11 21 14
t 25 6 6 25 566 25 19 14
t 15 9 587 5 11 11 16 8
t 13 23 605 29 29 10 10 38
t 4 6 19 22 0 21 3 620
t 22 13 570 8 18 12 8 5
t 1 2 24 14 9 1 11 573
t 24 16 1 15 15 10 2 589
t 6 18 35 20 32 690 26 19
t 34 21 29 6 24 739 12 1
t 4 8 17 25 589 23 7 20
t 11 16 19 566 16 11 13 2
t 19 20 2 6 2 584 18 8
t 3 0 35 3 25 16 734 15
t 17 3 24 14 7 597 18 22
t 35 10 38 2 17 769 23 4
t 21 31 36 12 644 2 19 8
t 3 5 12 9 8 15 18 566
t 13 17 599 4 3 11 7 4
t 2 16 4 25 10 14 574 9
t 13 24 726 6 7 39 6 7
t 18 21 656 40 40 1 37 34
t 6 21 14 24 21 596 21 1
t 9 10 25 21 5 585 5 5
t 2 31 656 11 26 12 34 14
t 35 33 22 613 13 34 12 20
t 582 20 23 22 8 11 14 20
t 24 2 560 15 3 16 25 16
t 3 19 568 1 25 21 2 1
t 3 23 23 31 29 0 11 702
t 729 8 39 14 15 25 31 12
t 5 7 19 13 6 11 9 710
t 38 2 653 33 31 33 25 30
t 3 21 11 26 23 12 15 702
t 6 563 2 10 17 7 23 12
t 14 13 578 7 23 5 13 9
t 17 9 22 766 36 38 17 37
t 18 24 9 13 7 2 8 584
t 9 24 39 33 32 612 4 13
t 32 10 3 38 9 642 10 3
t 576 23 15 22 10 19 13 15
t 571 25 17 2 17 10 18 16
t 1 3 25 13 14 570 7 22
t 767 11 9 25 7 3 4 30
t 26 6 33 31 8 796 31 18
t 9 22 25 6 17 3 597 23
t 25 4 8 576 10 12 9 4
t 1 18 22 23 24 573 17 6
t 14 21 21 19 596 20 7 22
t 709 11 4 17 1 4 30 23
t 11 25 2 567 15 22 25 11
t 12 8 19 560 13 13 6 6
t 12 14 22 23 11 580 19 14
t 18 29 3 2 729 33 32 23
t 25 685 21 4 21 16 13 6
t 25 23 7 1 569 11 3 24
t 21 12 17 16 0 39 4 602
t 4 4 15 17 578 11 8 11
t 18 8 16 16 9 16 2 598
t 8 12 562 7 9 13 6 6
t 22 33 23 28 13 613 4 5
t 20 12 9 23 13 16 20 565
t 3 16 10 7 20 580 16 21
t 2 31 727 10 21 24 4 24
t 40 27 30 25 767 12 39 23
t 647 5 35 0 6 22 29 21
t 0 40 24 25 790 33 14 7
t 753 21 34 40 32 32 20 38
t 30 636 34 26 18 5 31 0
t 5 571 7 3 17 5 1 5
t 772 31 31 27 19 26 29 40
t 19 11 10 690 21 26 40 8
t 12 19 7 1 18 582 23 9
t 22 1 583 20 5 9 13 8
t 666 22 1 25 18 9 23 15
t 3 3 1 21 25 14 567 9
t 4 31 23 742 4 40 34 40
t 4 2 25 13 16 5 22 583
t 5 12 20 22 25 12 590 10
t 698 20 38 10 20 4 30 14
t 6 7 9 4 24 2 586 2
t 8 35 5 639 22 20 32 13
t 4 25 22 17 1 17 594 7
t 30 9 26 11 26 20 651 18
t 17 6 570 11 13 16 19 9
t 669 24 6 33 38 39 37 31
t 23 40 20 23 644 14 34 31
t 9 8 40 18 0 21 12 616
t 797 0 29 17 3 25 1 5
t 789 37 0 0 27 27 6 39
t 786 32 38 4 37 25 10 32
t 2 21 16 581 16 16 12 10
t 0 1 22 22 608 17 12 15
t 7 24 23 561 4 3 18 19
t 16 1 6 16 11 12 16 573
t 20 24 8 14 39 27 18 616
t 27 620 6 22 11 37 25 33
t 560 25 20 11 19 17 20 19
t 13 9 20 10 12 25 574 2
t 591 2 5 4 16 15 18 24
t 11 11 18 22 11 9 4 590
t 11 5 19 10 9 6 10 565
t 581 1 4 20 9 8 16 1
t 21 626 10 38 4 37 21 7
t 598 2 25 1 16 22 5 15
t 37 20 5 25 625 6 28 17
t 24 583 14 9 15 2 10 17
t 561 19 25 21 22 20 15 23
t 11 23 634 24 11 32 7 37
t 22 2 565 19 14 17 4 7
t 15 15 19 17 18 6 6 578
t 40 22 2 630 29 3 5 34
t 15 23 20 37 22 654 4 24
t 15 1 7 24 598 6 4 15
t 10 643 21 28 32 32 5 39
t 4 5 16 21 2 739 23 32
t 13 10 22 10 24 25 15 574
t 16 3 18 25 16 582 23 17
t 10 25 15 7 565 5 10 20
t 23 11 570 20 12 20 15 12
t 22 15 20 2 19 10 23 589
t 20 22 19 14 595 24 2 18
t 593 16 25 7 3 17 6 17
t 5 27 27 6 4 732 25 6
t 18 25 659 37 20 22 3 27
t 23 19 19 586 13 10 17 14
t 32 638 24 18 4 29 18 9
t 31 36 15 19 22 28 789 39
t 564 10 17 4 21 11 11 22
t 588 15 15 15 18 1 7 21
t 12 16 3 1 18 13 588 6
t 797 17 7 0 11 3 9 25
t 11 32 11 27 681 12 14 12
t 21 22 32 30 23 37 700 20
t 12 13 591 5 17 2 9 15
t 581 13 21 12 23 23 7 19
t 12 33 20 667 32 1 19 26
t 14 15 10 18 3 4 25 591
t 5 7 6 16 13 11 574 23
t 12 29 8 35 24 645 24 33
t 20 22 8 17 9 595 4 25
t 1 23 8 19 3 18 569 5
t 39 37 13 22 7 27 657 27
t 21 18 19 10 15 580 9 10
t 14 612 33 3 25 36 2 5
t 22 590 23 15 21 13 10 24
t 17 9 7 16 34 24 24 650
t 6 0 658 38 32 30 33 18
t 790 4 26 8 5 30 13 9
t 5 33 18 37 5 10 609 1
t 31 36 39 755 19 19 10 4
t 566 20 1 17 12 25 19 13
t 15 23 16 14 1 16 561 4
t 3 10 8 584 22 21 10 17
t 13 660 30 35 27 24 39 26
t 4 23 8 576 6 20 20 20
t 7 14 10 24 25 597 16 23
t 606 19 15 17 6 25 23 27
t 38 31 733 38 33 36 28 36
t 749 8 14 28 24 18 33 6
t 11 17 36 672 23 2 14 27
t 21 23 19 1 22 1 8 592
t 20 18 10 4 25 584 8 25
t 8 16 8 5 16 3 9 590
t 17 32 12 6 39 9 712 19
t 18 11 21 7 583 12 17 22
t 15 592 14 21 20 2 15 25
t 0 17 14 26 672 14 8 8
t 15 32 5 38 16 13 667 15
t 5 9 24 21 8 579 20 24
t 640 13 6 28 20 32 2 16
t 13 17 6 25 582 9 1 3
t 641 14 24 16 8 1 8 22
t 23 20 21 594 16 13 19 6
t 2 25 21 17 8 15 583 22
t 21 11 16 22 22 13 12 567
t 38 36 633 21 0 6 40 1
t 7 20 2 25 10 5 596 10
t 18 40 36 793 22 15 14 31
t 647 18 2 6 10 23 23 2
t 22 13 593 21 20 9 6 20
t 4 563 20 7 3 4 20 9
t 2 9 26 11 10 3 636 17
t 8 23 16 576 17 12 18 13
t 580 10 24 20 25 9 17 21
t 575 10 22 24 19 11 23 5
t 15 17 2 13 5 10 572 11
t 30 34 36 13 12 18 768 31
t 11 18 18 22 576 6 5 13
t 644 7 33 28 37 37 15 35
t 1 22 21 25 23 593 23 21
t 24 18 799 30 23 31 20 31
t 590 1 24 8 17 23 7 16
t 29 35 9 604 8 37 3 36
t 685 40 8 19 30 23 6 0
t 13 1 12 12 18 570 6 20
t 18 29 19 38 9 707 4 23
t 38 795 22 2 40 38 27 38
t 7 12 12 4 11 23 570 12
t 7 2 4 1 1 3 579 23
t 2 16 12 6 24 6 9 598
t 14 2 8 8 18 560 17 3
t 3 14 24 22 566 11 18 24
t 17 10 6 12 590 12 9 13
t 28 5 18 16 13 25 26 685
t 33 11 18 14 22 14 6 735
t 17 7 9 6 15 5 563 6
t 17 17 668 11 21 19 25 16
t 2 10 25 794 33 26 27 32
t 17 1 581 4 25 12 9 14
t 5 18 25 5 18 9 593 8
t 39 687 6 30 25 35 35 37
t 10 8 13 2 21 9 10 584
t 1 5 12 1 21 2 597 2
t 15 5 17 16 9 13 3 596
t 5 20 19 7 24 4 575 22
t 39 776 24 40 24 28 27 25
t 563 25 5 20 11 4 6 16
t 5 22 23 16 40 19 15 668
t 597 13 24 12 17 16 3 11
t 9 39 12 11 13 603 29 7
t 25 10 586 24 5 20 3 16
t 560 18 19 8 9 12 16 19
t 25 569 11 17 1 24 4 11
t 23 4 25 763 8 21 33 16
t 9 30 14 36 4 9 30 666
t 20 8 586 17 2 7 14 1
t 24 0 31 27 644 12 38 27
t 18 10 12 25 560 24 1 20
t 20 9 15 583 11 19 7 13
t 25 11 604 23 2 36 15 29
t 11 23 771 23 2 36 5 23
t 12 596 20 6 12 18 11 13
t 31 26 22 737 2 13 24 19
t 36 25 696 1 18 17 8 19
t 14 22 2 599 18 7 5 12
t 15 3 19 21 21 597 17 12
t 9 14 5 19 13 2 596 22
t 26 2 606 24 35 36 23 15
t 603 7 22 25 34 34 30 33
t 771 10 34 18 26 13 28 1
t 579 1 25 3 8 9 3 3
t 15 24 6 565 5 20 23 7
t 21 23 7 34 12 16 797 38
t 14 18 1 2 1 15 21 593
t 1 7 17 589 23 10 11 14
t 12 2 598 14 5 25 15 1
t 579 9 18 21 17 3 16 25
t 4 11 17 8 11 25 586 9
t 1 22 12 21 23 583 13 3
t 25 5 2 20 591 7 14 21
t 4 640 36 25 32 30 16 10
t 25 18 2 27 9 12 34 708
t 29 33 35 21 14 21 733 20
t 29 32 31 11 742 6 39 22
t 19 22 23 10 24 19 23 684
t 13 14 570 8 11 18 3 10
t 6 1 4 6 581 15 13 20
t 34 8 27 9 18 774 0 29
t 2 8 23 7 25 33 772 33
t 570 5 20 5 25 6 23 21
t 2 8 11 789 25 29 37 12
t 25 1 10 25 24 5 9 586
t 8 28 6 16 33 7 24 775
t 7 756 3 17 28 20 10 6
t 7 35 40 34 30 630 21 28
t 30 20 36 16 33 691 0 11
t 10 18 572 23 22 15 5 22
t 11 25 565 19 9 25 2 20
t 1 31 22 32 15 11 732 7
t 4 576 7 13 15 17 8 19
t 25 14 39 611 21 12 14 4
t 23 7 24 4 20 18 9 596
t 22 563 14 14 10 5 21 1
t 32 20 34 20 615 16 22 24
t 24 15 25 14 6 25 6 596
t 12 22 19 18 583 14 6 4
t 36 40 0 14 34 4 28 637
t 24 20 33 37 26 24 790 34
t 19 581 19 18 23 12 16 4
t 19 19 16 19 562 8 10 5
t 19 11 10 577 6 2 20 2
t 12 12 7 4 7 583 19 7
t 707 10 16 38 8 30 7 40
t 9 2 1 12 22 7 561 12
t 19 23 6 8 578 6 23 17
t 9 23 23 8 586 14 22 10
t 705 3 36 32 4 11 13 0
t 22 22 23 589 15 10 4 4
t 0 32 26 22 30 26 675 7
t 6 11 40 14 755 30 19 13
t 3 23 3 6 736 26 25 22
t 18 10 15 20 4 562 18 14
t 763 40 18 5 21 37 35 5
t 6 17 9 6 1 575 16 25
t 2 28 25 29 24 31 680 2
t 36 775 37 6 16 37 3 23
t 599 15 23 21 5 6 23 19
t 727 4 10 40 40 18 12 7
t 10 727 8 14 33 28 17 32
t 4 25 3 14 12 21 27 663
t 11 15 15 20 17 569 25 2
t 6 5 14 19 578 22 24 5
t 2 19 24 18 14 589 18 3
t 28 28 763 28 0 5 11 31
t 690 9 36 10 18 20 27 28
t 21 22 9 24 594 19 6 1
t 17 2 4 24 2 20 14 582
t 27 25 30 23 36 21 35 779
t 35 37 39 25 697 7 1 6
t 4 7 14 23 15 17 16 593
t 5 4 8 586 10 4 18 3
t 14 12 5 2 24 575 3 9
t 25 20 6 5 1 2 582 4
t 11 0 32 31 624 6 27 31
t 24 11 25 20 3 592 12 6
t 18 28 20 3 16 733 32 32
t 9 4 19 9 580 21 8 4
t 8 12 4 22 13 8 566 11
t 5 11 23 22 1 15 22 570
t 1 23 5 11 27 17 28 648
t 28 25 22 33 39 616 25 26
t 780 6 31 39 21 14 28 18
t 722 9 2 18 14 8 25 25
t 23 38 13 21 33 32 29 788
t 16 19 28 9 692 35 28 18
t 6 17 11 592 3 5 20 22
t 8 583 10 20 15 22 2 1
t 3 18 23 18 23 18 23 584
t 12 5 1 594 2 10 25 25
t 10 2 18 12 22 5 571 19
t 39 16 662 25 35 3 24 40
t 8 25 15 8 2 564 14 23
t 9 9 581 18 18 20 10 15
t 12 24 22 17 561 2 5 18
t 7 9 24 14 17 19 599 7
t 31 37 18 36 785 26 27 29
t 24 18 12 15 19 14 561 24
t 33 33 10 37 639 5 21 23
t 9 3 5 26 727 10 1 29
t 36 16 4 18 717 22 10 37
t 24 574 2 8 6 22 19 10
t 0 682 20 0 15 0 21 31
t 32 1 1 32 695 27 30 32
t 11 32 22 32 19 19 33 702
t 2 11 15 3 24 25 14 586
t 591 7 18 9 19 20 14 20
t 763 40 22 2 16 19 39 23
t 40 38 634 32 27 13 34 35
t 1 5 8 25 560 13 10 3
t 13 643 22 37 3 26 9 32
t 5 39 38 14 17 3 3 624
t 5 18 22 7 14 561 13 10
t 24 9 23 563 25 12 24 16
t 7 12 12 3 9 24 6 560
t 12 36 6 34 8 33 6 792
t 22 24 2 20 587 4 16 24
t 36 601 8 38 21 14 19 0
t 24 2 18 4 11 1 4 587
t 29 12 636 29 32 3 27 31
t 29 0 26 6 31 781 2 19
t 596 9 1 19 21 23 13 14
t 26 8 646 27 21 33 15 21
t 39 10 694 23 20 22 7 37
t 24 748 33 22 10 6 34 19
t 6 23 32 792 7 26 38 11
t 16 590 10 4 5 15 15 18
t 14 10 6 23 23 8 572 11
t 36 40 16 2 40 28 17 626
t 571 4 5 21 2 8 14 20
t 3 8 3 12 28 17 683 35
t 39 8 36 715 4 13 11 38
t 19 14 31 720 37 4 19 8
t 39 26 3 35 5 1 11 785
t 20 20 25 564 18 17 9 1
t 2 661 19 32 37 9 0 17
t 14 21 13 29 31 671 28 31
t 10 618 7 9 35 1 23 18
t 567 10 20 5 17 17 3 2
t 779 22 1 38 16 35 2 20
t 15 578 19 7 14 6 8 22
t 18 10 18 4 15 1 9 583
t 39 40 25 766 21 36 40 38
t 18 26 16 14 13 25 20 714
t 23 22 599 12 17 4 14 12
t 28 23 40 32 30 633 20 33
t 24 10 19 1 566 20 6 20
t 12 7 11 18 19 17 21 567
t 22 739 27 18 6 3 8 31
t 31 13 21 21 5 13 609 24
t 24 18 8 8 5 20 18 590
t 28 7 2 16 10 1 31 732
t 16 20 15 27 10 25 34 743
t 21 17 12 25 12 2 1 593
t 34 704 6 27 33 19 37 40
t 18 4 17 12 9 597 9 1
t 18 25 17 563 10 12 4 21
t 3 11 12 8 22 565 4 1
t 668 3 35 32 2 17 27 27
t 642 25 13 16 22 1 21 20
t 8 579 7 7 19 4 24 25
t 12 7 2 25 3 660 6 35
t 2 24 564 18 9 1 3 6
t 13 7 21 9 599 16 14 24
t 3 586 9 15 6 11 13 13
t 5 24 596 1 1 23 14 12
t 17 10 13 21 4 16 588 25
t 5 20 3 566 6 18 19 22
t 34 33 17 0 11 691 1 31
t 29 40 1 4 39 615 9 24
t 22 11 27 33 31 40 40 628
t 17 16 8 1 5 16 574 10
t 5 16 23 7 7 593 25 15
t 4 27 36 19 11 36 19 679
t 1 13 23 571 17 2 14 21
t 13 16 31 11 28 32 697 13
t 562 11 21 9 21 12 13 18
t 709 34 30 1 23 0 37 10
t 37 18 27 29 687 14 2 32
t 30 4 28 39 25 632 27 35
t 648 17 36 34 29 6 27 11
t 14 4 6 3 8 1 577 15
t 16 5 14 593 3 23 7 18
t 15 22 33 10 12 12 32 791
t 12 3 769 29 24 19 23 1
t 695 17 8 39 16 35 34 37
t 567 23 6 15 3 21 9 8
t 14 10 17 6 591 4 13 5
t 29 6 36 728 15 12 23 15
t 10 6 5 3 7 6 581 9
t 15 14 2 7 18 1 567 1
t 8 32 639 40 24 4 16 8
t 32 16 38 27 11 13 14 690
t 10 4 10 17 580 17 4 20
t 24 17 9 5 26 721 11 14
t 25 7 21 582 24 7 2 17
t 21 12 2 8 3 10 14 564
t 641 15 37 3 40 5 4 22
t 5 1 14 25 12 581 18 21
t 25 618 6 32 13 34 27 29
t 8 32 22 29 17 19 650 11
t 568 24 9 24 12 11 4 24
t 4 27 741 5 30 3 28 37
t 4 3 6 25 15 13 10 597
t 19 19 18 13 6 3 740 21
t 9 33 27 17 16 20 724 20
t 602 23 25 24 2 11 8 23
t 20 19 18 2 5 8 561 13
t 17 11 3 590 3 1 19 15
t 791 11 5 9 36 20 3 11
t 21 15 16 15 3 40 29 662
t 17 20 8 3 6 13 9 577
t 15 12 13 37 6 38 0 741
t 12 24 22 6 20 20 23 575
t 571 20 10 8 24 11 9 8
t 5 10 21 3 9 8 565 21
t 8 22 17 3 16 21 571 8
t 8 6 19 6 3 564 12 19
t 22 6 8 598 19 6 16 23
t 20 590 2 4 17 9 5 20
t 29 20 793 28 34 31 28 4
t 11 35 746 22 14 22 22 31
t 25 693 4 38 3 14 5 14
t 12 590 19 21 7 14 2 10
t 4 799 21 21 10 4 7 5
t 22 19 15 24 14 16 562 15
t 0 37 8 40 7 4 666 9
t 14 11 20 25 580 23 17 12
t 8 34 663 8 31 39 14 11
t 753 3 1 31 30 16 2 37
t 30 18 36 21 11 37 646 19
t 13 34 31 22 3 18 22 783
t 18 39 779 40 30 7 35 25
t 18 0 36 38 11 772 20 6
t 39 15 23 9 0 39 37 750
t 1 40 773 34 31 18 24 12
t 2 22 8 1 4 14 571 1
t 5 18 599 22 22 4 15 16
t 13 17 20 25 602 8 32 16
t 20 37 0 18 684 17 13 12
t 2 726 24 38 28 20 38 28
t 25 10 4 5 560 10 3 9
t 31 36 31 31 622 40 2 36
t 29 14 11 19 36 690 13 12
t 25 2 2 20 3 21 13 585
t 592 9 19 14 20 20 16 6
t 6 11 791 8 24 15 32 40
t 747 16 30 11 36 30 2 2
t 10 31 22 728 16 11 12 22
t 11 19 13 10 1 5 580 14
t 21 15 23 7 11 23 596 5
t 21 11 11 2 22 599 12 9
t 19 788 39 3 1 7 6 40
t 21 568 4 11 22 20 24 1
t 2 16 24 0 5 27 779 7
t 596 10 5 24 8 14 9 14
t 14 748 13 33 36 22 21 12
t 21 34 32 33 6 3 703 11
t 14 1 20 592 13 23 13 5
t 6 12 597 4 5 14 5 6
t 609 5 9 5 9 22 25 0
t 19 19 28 29 730 12 11 14
t 15 576 18 21 4 13 7 12
t 37 9 36 7 15 608 28 6
t 13 16 31 649 30 33 3 31
t 22 7 567 22 9 25 20 7
t 5 19 8 1 24 5 21 577
t 562 3 2 25 12 16 13 3
t 17 2 40 25 606 16 18 12
t 27 31 17 11 33 8 792 4
t 27 35 30 626 29 40 13 11
t 18 24 588 15 23 21 23 16
t 35 15 1 618 31 18 31 38
t 4 3 15 23 594 4 10 13
t 8 13 17 3 37 31 722 9
t 28 773 13 33 9 12 22 32
t 1 597 24 3 14 20 14 24
t 3 12 4 7 1 598 12 22
t 14 9 24 578 14 15 14 8
t 19 13 571 13 2 8 10 7
t 21 23 0 18 22 18 720 7
t 29 34 17 1 19 25 29 621
t 23 566 12 15 17 3 2 25
t 29 21 11 3 634 4 38 21
t 21 22 14 568 10 5 19 23
t 15 18 21 2 24 577 15 15
t 745 4 19 7 3 1 31 27
t 18 570 18 20 10 25 3 20
t 19 24 19 15 33 25 37 697
t 11 24 3 3 22 7 584 8
t 7 36 37 34 10 19 16 773
t 9 6 568 7 18 15 12 13
t 24 12 22 567 20 14 13 1
t 16 569 6 8 12 11 22 24
t 16 632 0 28 27 25 12 24
t 8 14 8 1 3 585 1 15
t 20 2 24 19 3 11 587 12
t 38 723 14 37 28 40 35 24
t 1 22 578 13 12 14 16 16
t 28 18 14 14 5 1 4 786
t 12 18 15 583 8 11 3 11
t 8 24 25 577 11 21 15 12
t 25 591 14 22 13 9 12 23
t 24 20 19 5 15 31 18 755
t 10 560 25 18 17 2 12 18
t 3 5 24 22 21 586 15 5
t 10 36 754 4 4 8 24 4
t 6 26 3 4 1 9 672 28
t 9 23 6 13 570 12 7 25
t 25 8 2 16 571 7 24 3
t 32 12 25 673 9 8 39 28
t 2 17 20 21 8 569 21 2
t 29 11 20 691 29 38 2 19
t 15 2 5 23 17 13 597 14
t 1 1 2 22 2 20 565 21
t 10 18 9 5 562 19 3 18
t 12 14 24 9 569 17 25 25
t 23 31 29 36 17 4 669 37
t 18 560 22 20 13 21 10 16
t 31 14 14 29 7 9 15 707
t 5 20 1 14 12 6 6 582
t 36 1 13 3 10 614 18 37
t 23 13 15 16 20 591 5 13
t 18 17 597 10 22 7 9 16
t 17 630 21 18 31 0 10 38
t 10 11 14 580 9 13 5 2
t 25 22 581 19 3 24 20 10
t 19 1 19 18 25 13 586 7
t 28 10 14 22 30 728 37 34
t 22 22 595 8 18 18 6 10
t 16 28 17 33 610 22 22 11
t 10 2 4 592 6 14 11 7
t 16 3 7 565 25 2 3 1
t 725 9 4 6 17 28 21 32
t 24 8 763 5 31 6 2 11
t 10 17 14 24 16 21 579 22
t 19 20 582 19 14 8 7 20
t 18 35 38 40 9 26 693 11
t 15 23 39 36 24 28 23 606
t 33 25 624 22 40 14 10 11
t 25 19 23 7 7 14 5 572
t 634 10 40 35 16 6 27 12
t 25 571 20 9 8 4 24 10
t 12 25 24 599 1 14 16 15
t 24 578 17 23 18 20 20 10
t 39 26 2 33 40 22 682 40
t 12 18 3 599 25 14 23 23
t 24 5 2 15 14 10 578 13
t 18 21 11 12 25 25 573 2
t 21 10 561 21 1 18 23 20
t 8 18 21 17 598 23 9 6
t 18 36 3 14 694 22 1 39
t 20 25 5 11 1 2 582 16
t 0 20 633 12 3 39 15 1
t 6 25 5 1 585 2 23 18
t 3 567 6 6 18 17 17 5
t 7 23 2 23 3 768 3 23
t 34 28 743 28 19 12 37 37
t 2 28 5 28 775 25 16 23
t 23 17 11 12 16 4 576 6
t 570 23 13 10 14 21 7 10
t 6 590 22 8 19 15 13 13
t 5 18 560 15 18 23 10 18
t 17 14 17 597 22 12 9 13
t 27 31 715 18 6 12 17 8
t 4 596 1 11 2 5 21 8
t 7 16 9 598 8 5 19 22
t 25 2 599 2 11 2 12 17
t 24 14 15 0 15 18 666 31
t 8 576 20 14 10 5 11 9
t 13 593 3 5 11 12 12 14
t 14 25 6 3 6 583 4 3
t 6 32 29 14 680 30 6 19
t 18 592 23 11 2 2 19 18
t 9 33 11 21 7 20 614 1
t 21 3 568 23 9 21 9 15
t 568 21 1 22 22 19 1 15
t 5 22 6 4 12 14 14 569
t 4 9 5 22 19 16 2 576
t 24 8 14 19 17 577 11 16
t 25 18 3 593 19 7 5 20
t 23 19 14 599 7 19 25 18
t 3 32 40 18 31 755 40 15
t 7 11 560 17 15 1 22 1
t 13 1 597 10 21 13 6 16
t 24 25 21 21 20 22 18 585
t 729 18 15 17 35 7 30 2
t 16 23 35 23 9 26 605 19
t 26 13 682 17 22 31 36 34
t 21 17 13 28 1 17 733 13
t 34 0 740 24 28 19 2 40
t 561 23 16 11 8 7 23 23
t 36 14 32 672 1 15 32 25
t 7 23 37 5 38 36 5 637
t 19 17 9 4 7 575 9 18
t 2 28 664 28 5 20 16 32
t 20 13 563 16 22 1 12 11
t 14 1 9 17 7 592 23 4
t 15 24 19 20 18 19 581 6
t 22 13 3 18 23 581 13 25
t 30 26 27 20 22 26 685 20
t 24 31 18 27 15 653 35 19
t 5 18 5 11 20 569 17 24
t 1 790 37 39 39 33 40 40
t 749 28 16 16 0 8 24 33
t 757 35 15 25 38 4 10 4
t 733 33 24 28 19 32 9 28
t 4 11 695 22 6 31 7 39
t 32 40 704 15 39 5 12 11
t 15 585 2 18 5 8 12 6
t 19 12 10 580 14 19 7 7
t 12 561 14 10 24 11 7 7
t 24 7 2 20 14 713 29 4
t 40 39 15 601 39 1 13 12
t 28 31 19 24 13 30 662 13
t 19 8 4 24 9 23 20 566
t 16 575 2 2 1 1 25 2
t 17 2 21 14 16 24 7 596
t 6 23 23 13 22 15 27 766
t 23 1 591 14 12 19 12 8
t 9 24 663 26 6 22 5 31
t 794 25 25 20 10 13 15 35
t 18 8 5 634 18 20 30 14
t 15 24 750 19 22 2 34 8
t 695 22 2 20 7 6 9 36
t 20 593 8 8 13 3 20 13
t 21 5 17 24 2 596 14 11
t 12 11 23 570 25 4 10 16
t 21 11 24 10 9 10 12 593
t 36 31 5 23 19 617 5 40
t 24 16 21 564 14 7 1 24
t 21 13 20 22 595 21 10 17
t 1 24 30 12 1 611 22 30
t 13 20 8 16 587 10 9 24
t 31 30 761 18 11 15 7 27
t 22 14 14 2 5 11 24 573
t 2 23 2 3 21 1 8 592
t 3 5 26 18 16 22 6 678
t 596 15 25 4 16 15 8 3
t 11 8 13 8 7 714 17 29
t 9 23 29 8 19 1 31 687
t 21 11 2 19 1 9 564 10
t 599 11 13 13 10 12 19 22
t 6 22 576 5 11 19 18 21
t 19 7 594 3 18 1 10 3
t 7 39 15 693 14 34 34 4
t 39 5 755 5 31 32 9 10
t 23 18 593 7 9 10 7 12
t 29 5 793 12 5 8 39 35
t 596 2 12 9 16 23 3 22
t 8 22 11 1 23 592 16 18
t 9 21 5 25 5 576 18 5
t 14 23 7 10 12 1 564 24
t 25 10 12 15 14 567 13 8
t 21 25 1 21 18 15 583 24
t 20 11 578 20 17 5 16 1
t 1 16 744 11 1 28 12 8
t 25 579 3 4 24 19 24 5
t 590 20 12 8 22 12 15 24
t 19 568 25 20 19 11 20 11
t 20 636 14 5 17 4 1 8
t 10 6 26 37 752 36 11 12
t 22 23 11 25 25 24 24 596
t 22 793 2 11 8 37 30 33
t 21 24 4 19 12 581 11 7
t 20 27 2 10 5 737 5 29
t 23 24 591 21 4 19 13 3
t 10 3 21 595 9 11 7 23
t 40 724 2 40 11 12 35 24
t 12 37 14 15 29 10 10 618
t 1 3 6 7 752 37 19 9
t 5 10 4 6 24 24 573 24
t 8 11 15 19 588 5 11 19
t 23 17 1 10 2 583 24 14
t 36 614 32 10 37 0 2 37
t 3 23 591 3 21 1 24 5
t 22 9 10 15 21 578 17 13
t 7 3 24 9 1 22 21 581
t 595 4 3 25 1 22 13 19
t 31 13 21 23 758 2 2 8
t 18 24 0 1 26 22 763 25
t 590 19 8 10 22 20 20 16
t 14 2 16 4 9 18 589 2
t 10 19 15 28 24 680 10 25
t 5 9 22 19 14 4 3 561
t 6 37 27 22 1 32 9 650
t 724 13 37 1 0 7 22 4
t 35 26 10 6 742 39 14 34
t 2 6 10 23 13 12 572 4
t 757 17 4 14 11 29 30 27
t 28 29 13 641 22 12 34 23
t 15 585 3 17 18 16 17 20
t 30 39 26 0 18 34 621 38
t 18 2 16 18 562 20 21 23
t 24 23 572 15 10 9 16 19
t 23 589 18 20 19 13 16 17
t 19 3 28 4 730 10 6 7
t 20 568 15 13 4 1 4 11
t 12 28 723 40 32 2 36 38
t 17 3 579 4 25 22 9 12
t 13 35 18 683 30 27 21 11
t 9 8 24 9 587 23 23 14
t 38 19 4 6 12 36 616 19
t 19 20 6 40 39 39 12 773
t 4 598 25 1 9 12 21 3
t 8 11 5 5 24 5 25 567
t 6 561 25 12 18 18 12 25
t 22 21 4 12 15 16 567 1
t 15 20 24 7 23 8 15 569
t 20 35 13 21 3 21 30 794
t 4 24 24 6 2 623 32 24
t 33 25 32 24 758 23 1 23
t 4 20 0 8 12 694 30 34
t 6 11 14 4 577 18 5 9
t 785 39 24 0 18 14 0 5
t 13 9 29 753 11 29 12 16
t 1 572 10 21 4 1 2 9
t 14 4 22 24 563 3 13 12
t 733 3 23 8 13 6 16 15
t 34 16 3 628 26 20 34 12
t 22 39 6 751 14 8 29 14
t 15 14 6 14 4 577 13 4
t 26 29 731 34 16 1 36 24
t 7 25 785 4 39 32 38 29
t 11 2 24 589 18 1 8 5
t 16 24 28 32 37 20 35 762
t 8 1 23 7 588 21 12 11
t 17 4 12 7 25 24 594 8
t 21 21 17 796 37 17 0 24
t 28 21 33 3 6 4 9 747
t 17 38 10 0 743 29 38 18
t 12 3 5 4 20 5 569 10
t 25 15 3 1 593 21 18 11
t 769 23 27 4 24 19 3 7
t 8 22 22 17 2 15 597 7
t 3 10 27 4 25 2 703 27
t 34 14 36 16 11 27 37 691
t 22 2 18 21 6 9 579 7
t 17 795 25 6 17 3 1 25
t 32 17 663 5 5 9 36 29
t 13 24 0 30 26 730 17 2
t 2 9 636 1 14 2 10 34
t 39 610 24 24 1 23 27 31
t 0 40 19 38 11 37 18 660
t 646 34 40 28 19 10 19 4
t 7 15 1 696 33 11 17 0
t 0 8 23 34 16 22 714 10
t 31 36 5 15 16 766 28 14
t 564 1 18 8 12 17 13 11
t 22 19 22 1 19 576 24 23
t 4 18 13 9 561 23 10 18
t 5 15 6 687 10 40 27 29
t 14 674 29 19 11 24 4 25
t 20 11 753 5 25 38 25 40
t 2 13 8 580 13 14 11 23
t 22 12 10 26 20 656 17 21
t 11 22 22 35 22 12 11 744
t 7 8 563 21 21 9 23 21
t 39 11 9 18 755 15 40 35
t 18 23 12 17 2 578 14 25
t 14 10 28 762 18 18 18 27
t 565 22 14 24 22 6 12 3
t 5 11 5 795 14 11 15 39
t 24 21 25 562 20 5 22 3
t 15 0 779 22 40 15 17 29
t 13 2 6 1 578 19 14 14
t 28 17 2 0 18 32 794 24
t 36 7 18 4 39 800 28 1
t 25 18 25 580 5 6 3 1
t 35 709 33 21 7 21 6 39
t 582 16 21 10 25 11 21 18
t 3 18 576 25 20 22 16 8
t 14 20 10 24 568 15 25 3
t 32 29 36 40 28 713 2 40
t 31 6 3 33 20 603 39 28
t 1 15 18 22 16 5 5 563
t 567 7 9 15 5 14 2 8
t 3 19 16 13 24 22 24 578
t 4 578 5 17 25 24 11 10
t 23 23 4 19 18 7 578 3
t 1 5 20 1 16 15 11 597
t 13 5 596 17 9 22 5 24
t 3 10 18 572 12 7 21 14
t 39 34 17 30 9 658 33 19
t 7 17 15 4 1 2 583 21
t 14 19 595 3 18 4 7 3
t 771 25 5 35 22 35 8 1
t 10 39 40 620 8 6 33 39
t 21 574 22 8 24 2 16 24
t 11 14 596 14 9 13 12 24
t 12 18 4 4 583 10 22 15
t 21 5 18 14 9 567 6 19
t 603 25 18 16 38 13 22 26
t 611 18 16 3 38 11 36 26
t 7 16 10 579 6 1 10 3
t 19 15 11 2 578 22 22 1
t 29 36 21 31 21 14 16 767
t 6 25 8 568 5 10 21 10
t 8 12 567 22 18 24 16 16
t 20 2 789 34 38 37 36 1
t 1 15 5 15 581 13 1 15
t 15 11 32 775 39 20 14 9
t 571 10 1 22 1 19 21 13
t 11 20 608 9 32 39 33 24
t 22 5 23 598 6 17 8 20
t 18 22 12 35 759 12 31 6
t 26 14 791 8 3 25 28 16
t 15 4 572 23 3 13 20 10
t 3 7 38 35 20 33 792 27
t 13 9 24 15 592 5 23 4
t 617 38 10 31 24 0 3 4
t 3 37 29 23 1 2 772 15
t 27 23 4 700 12 11 16 30
t 9 1 1 3 3 581 8 13
t 37 11 27 9 761 32 31 10
t 18 21 594 25 10 4 18 17
t 9 21 13 14 16 4 584 10
t 24 3 25 28 733 15 20 11
t 24 33 24 4 33 27 692 31
t 19 25 21 18 20 4 589 13
t 15 581 11 15 21 4 18 11
t 13 19 21 11 34 602 1 33
t 20 11 15 22 1 590 6 1
t 15 14 23 22 14 4 6 580
t 8 18 4 11 25 27 761 20
t 666 9 31 6 9 5 37 31
t 5 9 16 4 7 0 624 39
t 15 12 669 12 26 8 39 6
t 2 8 3 5 14 14 568 23
t 7 22 12 702 17 30 31 23
t 13 3 4 580 15 7 8 17
t 6 2 19 563 6 18 15 24
t 598 1 3 5 2 20 16 4
t 22 12 22 6 25 595 8 3
t 7 31 21 28 21 3 27 684
t 22 22 11 5 7 595 23 15
t 25 12 10 622 35 1 40 40
t 14 10 567 16 2 8 8 23
t 7 20 9 20 2 569 18 20
t 4 40 34 21 1 10 771 19
t 24 21 15 19 585 22 5 19
t 7 13 21 13 19 571 3 12
t 7 9 8 9 2 570 24 15
t 18 4 563 6 8 8 25 7
t 7 0 40 620 9 11 29 38
t 32 14 33 29 30 679 19 11
t 7 14 16 564 5 22 11 5
t 10 566 9 21 4 8 11 16
t 8 20 13 10 4 17 12 560
t 19 573 5 2 4 24 5 21
t 17 24 12 7 582 24 2 3
t 17 24 12 12 561 13 20 23
t 9 20 22 22 566 7 10 11
t 15 597 19 18 2 7 24 5
t 7 15 5 568 14 4 23 15
t 10 20 19 3 12 572 10 19
t 12 21 566 7 24 18 3 14
t 19 3 40 3 13 605 18 15
t 18 22 593 7 8 4 2 23
t 19 24 4 5 5 12 589 13
t 13 1 4 10 584 10 6 2
t 569 6 16 1 17 25 1 15
t 13 14 19 12 653 25 24 37
t 23 7 7 3 19 25 14 573
t 19 18 16 6 575 24 2 10
t 0 22 3 0 4 14 661 38
t 37 796 9 40 35 35 30 30
t 15 4 18 706 29 28 14 23
t 34 14 31 19 32 34 2 622
t 19 11 594 13 8 20 7 5
t 5 20 18 40 38 627 18 35
t 25 34 7 24 38 31 18 680
t 1 574 4 2 8 18 25 3
t 31 15 12 0 29 632 33 0
t 746 5 16 16 0 5 35 0
t 24 15 9 5 24 19 591 17
t 18 38 39 2 26 640 27 19
t 2 4 17 17 25 18 20 571
t 7 37 14 14 731 1 13 9
t 7 9 761 3 28 33 40 11
t 8 23 16 24 19 12 23 592
t 6 22 577 6 10 7 21 14
t 2 9 24 21 23 585 6 13
t 16 11 1 17 12 565 20 1
t 13 7 1 599 6 18 21 3
t 10 32 4 12 25 34 12 791
t 16 10 26 9 771 0 9 25
t 617 35 25 40 33 26 6 1
t 23 31 25 19 16 35 36 684
t 15 21 16 10 12 9 598 15
t 8 3 574 15 20 5 8 14
t 40 15 33 26 2 723 30 28
t 9 17 7 5 10 25 23 597
t 34 23 648 4 38 32 18 12
t 10 8 608 23 22 29 8 39
t 582 7 2 3 24 25 9 9
t 20 20 25 18 22 15 21 593
t 35 34 703 7 26 0 5 40
t 26 23 20 663 29 12 21 1
t 4 572 4 6 4 8 7 7
t 5 18 7 1 8 579 6 24
t 9 26 28 31 30 11 785 19
t 14 39 2 12 655 23 32 30
t 18 14 35 35 729 17 21 31
t 8 20 4 30 35 35 645 3
t 1 4 23 11 39 15 603 7
t 1 9 3 10 23 11 596 24
t 5 4 25 21 1 15 14 575
t 16 11 569 17 18 2 10 6
t 2 12 15 24 25 3 593 6
t 14 14 14 3 24 17 7 560
t 2 20 15 12 20 16 18 572
t 12 20 688 27 6 16 16 34
t 4 27 34 22 21 0 14 647
t 4 4 23 22 12 14 585 9
t 5 730 1 26 23 6 20 21
t 6 23 596 25 12 11 3 6
t 23 16 5 4 6 586 22 12
t 2 32 16 32 9 13 12 640
t 17 754 35 32 7 13 15 15
t 37 35 19 24 0 27 724 35
t 1 582 5 8 11 21 22 17
t 11 566 5 23 11 9 14 15
t 25 14 20 6 24 589 20 4
t 21 19 563 6 23 14 5 15
t 26 29 36 4 8 644 22 17
t 560 23 13 11 20 2 11 8
t 11 30 604 32 38 38 13 24
t 580 2 1 11 22 20 25 1
t 12 3 566 19 16 2 14 1
t 24 3 4 20 7 1 1 579
t 22 23 15 593 13 9 19 3
t 19 7 576 23 10 7 22 12
t 10 688 24 7 15 35 21 33
t 5 10 575 11 6 13 18 10
t 13 17 14 6 15 2 19 580
t 16 21 9 10 18 579 21 2
t 19 11 8 9 21 7 571 6
t 2 12 18 1 20 593 1 8
t 16 20 39 25 607 25 37 7
t 17 3 26 20 16 21 674 11
t 12 3 17 9 10 21 11 588
t 11 3 15 587 18 13 15 6
t 15 576 12 14 14 22 20 7
t 14 18 10 576 21 11 8 19
t 40 8 623 11 30 14 33 38
t 577 5 10 20 12 7 8 8
t 6 13 27 24 680 20 0 20
t 23 16 17 4 16 13 23 566
t 13 9 10 6 15 12 561 2
t 4 8 5 12 560 25 4 5
t 10 9 593 24 14 16 6 7
t 11 5 25 21 5 23 25 580
t 588 9 24 2 7 3 1 2
t 15 12 1 22 19 10 14 582
t 9 4 8 714 29 16 3 0
t 15 726 35 1 14 31 35 35
t 574 24 8 25 4 3 1 21
t 19 26 11 9 693 6 25 11
t 660 27 7 4 12 16 37 0
t 0 7 760 9 5 21 16 38
t 16 5 569 19 18 15 25 1
t 19 6 18 633 15 7 18 0
t 20 36 0 775 25 32 4 12
t 7 22 571 1 19 21 1 15
t 28 652 8 12 25 39 5 29
t 13 16 13 573 6 5 7 13
t 4 4 15 587 19 12 14 4
t 25 566 19 12 20 21 10 4
t 2 11 6 22 4 17 599 4
t 38 2 12 28 703 1 35 27
t 4 561 9 9 18 11 10 25
t 35 28 19 0 20 21 619 22
t 3 13 12 28 20 735 27 29
t 3 3 11 7 9 23 10 572
t 18 10 14 12 2 11 595 12
t 4 563 10 17 18 1 24 9
t 14 10 11 4 566 20 8 2
t 26 19 28 15 737 25 5 27
t 10 664 2 27 38 21 30 31
t 12 5 11 20 23 2 595 12
t 15 561 24 22 9 19 15 12
t 6 772 27 23 37 29 30 27
t 578 20 22 5 3 22 21 13
t 3 4 593 10 1 8 24 21
t 39 14 26 719 19 5 7 13
t 4 19 8 4 20 2 590 3
t 589 13 24 18 25 10 3 18
t 36 5 6 23 25 6 646 36
t 25 34 5 736 2 15 39 22
t 14 25 40 22 38 18 629 40
t 17 560 24 6 5 5 20 13
t 20 3 3 9 16 568 21 3
t 25 3 12 14 10 2 571 13
t 40 19 30 786 13 29 18 9
t 561 14 22 22 7 3 24 13
t 18 38 12 17 8 5 35 685
t 3 23 14 14 592 6 21 3
t 666 7 25 8 6 6 31 16
t 3 18 14 22 585 12 25 8
t 27 37 8 24 4 22 11 701
t 6 30 18 31 11 14 25 771
t 5 573 4 21 9 9 10 13
t 5 9 16 16 21 17 25 563
t 3 22 6 3 7 3 566 14
t 10 4 568 4 14 21 20 14
t 30 1 28 31 33 679 17 29
t 11 33 35 38 9 39 694 14
t 11 20 14 7 595 3 17 14
t 4 6 11 19 1 579 6 22
t 22 21 24 16 5 22 8 583
t 18 5 6 15 39 617 6 32
t 15 33 22 18 11 18 729 13
t 10 7 639 8 9 22 31 34
t 29 6 36 40 38 22 671 37
t 12 6 7 27 13 642 36 24
t 3 643 21 11 28 23 39 27
t 652 35 12 21 38 37 29 9
t 17 1 591 13 25 8 23 4
t 596 16 8 20 14 14 3 14
t 14 2 40 20 5 780 15 24
t 756 33 39 34 8 5 1 37
t 581 14 12 5 21 7 20 9
t 12 21 23 7 568 14 3 18
t 3 11 22 26 768 35 5 19
t 2 18 583 9 1 13 4 17
t 17 3 605 25 17 34 12 27
t 4 6 18 1 642 36 9 26
t 20 3 38 34 22 627 31 32
t 15 17 8 21 10 567 16 3
t 32 31 5 39 636 34 28 26
t 20 569 17 18 17 6 7 21
t 13 13 7 564 20 10 2 13
t 6 4 8 23 1 16 20 586
t 599 10 3 22 2 17 22 21
t 18 8 5 2 578 1 12 20
t 16 29 6 4 744 4 0 21
t 21 18 2 5 593 11 14 10
t 22 688 38 26 15 38 21 37
t 755 34 37 39 34 24 24 26
t 5 29 9 40 26 639 39 12
t 12 14 597 10 10 6 8 15
t 2 22 583 20 20 23 12 17
t 656 24 16 27 7 33 14 32
t 10 3 25 627 24 33 15 22
t 16 26 9 767 20 28 30 18
t 10 14 20 1 9 589 19 25
t 1 577 1 1 5 22 2 17
t 11 25 10 696 12 4 15 11
t 11 574 6 20 18 21 4 22
t 3 9 31 40 620 30 24 3
t 15 1 6 38 21 17 34 788
t 4 22 31 17 9 695 36 18
t 20 15 21 12 15 705 16 35
t 21 562 12 6 17 12 22 13
t 2 18 14 592 4 12 3 21
t 15 20 4 17 24 23 22 572
t 16 588 8 19 4 17 1 25
t 38 33 4 28 34 732 17 16
t 8 4 18 10 9 16 599 7
t 24 27 797 7 40 10 25 3
t 9 589 25 7 24 7 23 21
t 26 13 4 25 696 0 1 23
t 8 25 25 10 0 6 37 785
t 32 28 616 5 23 30 37 34
t 14 24 590 8 24 8 20 20
t 16 25 4 584 20 13 18 1
t 584 17 13 11 12 22 11 9
t 18 24 14 2 13 6 746 25
t 10 739 39 1 37 4 11 35
t 32 1 4 22 682 21 12 31
t 568 2 24 6 21 13 16 19
t 11 18 8 20 573 24 14 21
t 12 4 561 4 6 16 7 2
t 589 6 22 17 21 24 8 22
t 10 16 572 18 25 24 18 24
t 25 24 20 7 4 8 589 2
t 19 1 11 11 588 25 6 18
t 11 5 8 14 578 1 10 10
t 29 6 33 650 30 16 30 33
t 40 22 698 9 12 9 24 8
t 10 8 576 10 12 7 1 25
t 16 12 32 700 28 21 16 24
t 7 11 1 18 655 7 6 17
t 4 579 17 10 17 25 1 10
t 20 17 571 1 22 13 16 12
t 34 40 14 620 40 11 33 19
t 700 14 9 34 14 9 13 19
t 25 27 10 11 21 675 1 40
t 12 12 14 586 16 3 8 8
t 23 586 9 3 11 15 22 21
t 10 598 14 6 7 12 7 24
t 9 576 1 12 18 23 10 11
t 6 13 23 12 8 17 568 25
t 5 4 10 9 9 597 17 9
t 6 16 5 22 15 571 5 6
t 567 15 8 17 13 12 3 24
t 728 31 12 6 15 3 38 35
t 4 588 3 10 10 19 16 2
t 16 20 12 570 24 13 17 2
t 571 16 16 23 8 20 1 1
t 23 13 14 7 23 19 24 569
t 12 9 15 582 23 10 4 10
t 4 594 18 14 8 2 10 7
t 731 15 4 21 18 7 9 31
t 34 21 780 32 10 6 30 19
t 12 13 25 25 5 568 7 21
t 2 570 13 14 7 15 21 25
t 12 3 38 21 33 21 646 21
t 10 21 21 14 22 597 25 8
t 31 24 636 5 3 39 25 7
t 16 24 26 24 638 19 26 25
t 598 10 16 12 5 7 14 11
t 29 16 3 14 12 753 18 26
t 15 26 9 14 656 26 22 33
t 13 16 0 9 12 19 645 29
t 24 16 20 3 2 12 2 590
t 24 3 14 569 25 6 20 5
t 11 35 16 16 26 18 646 25
t 38 657 11 21 9 3 26 13
t 17 3 16 12 15 23 595 19
t 12 22 18 34 37 21 781 27
t 8 581 14 4 23 6 20 13
t 2 11 21 4 17 2 9 560
t 19 17 5 4 19 597 3 6
t 19 762 32 16 36 20 15 15
t 23 24 773 36 14 39 0 31
t 23 573 17 2 10 21 7 8
t 33 756 15 39 35 8 27 14
t 574 15 10 13 9 18 17 4
t 581 20 1 16 19 20 4 6
t 6 1 560 19 3 23 13 19
t 16 23 10 572 19 15 14 18
t 23 24 6 14 14 8 583 25
t 19 10 11 21 3 587 15 23
t 6 36 36 40 33 734 23 20
t 9 572 25 22 7 17 7 13
t 15 16 10 19 13 12 579 15
t 18 14 16 2 3 590 18 13
t 4 34 28 5 631 26 39 31
t 6 25 14 23 19 578 22 11
t 19 584 23 2 14 2 3 18
t 5 12 9 571 24 2 13 4
t 15 24 11 17 1 10 569 22
t 30 40 19 674 40 1 33 7
t 560 9 8 6 24 4 8 21
t 22 18 22 22 592 17 7 9
t 12 16 1 14 1 4 2 590
t 11 23 17 18 12 19 596 1
t 7 23 653 18 3 12 12 1
t 19 1 565 19 5 11 17 22
t 22 5 5 586 5 4 4 16
t 28 6 664 3 36 3 6 29
t 8 10 8 17 10 9 6 573
t 19 4 21 0 2 32 748 7
t 29 33 10 27 13 4 6 752
t 24 23 593 14 20 16 15 9
t 18 17 13 22 1 16 40 716
t 24 18 18 599 23 16 4 13
t 19 675 24 1 19 21 20 17
t 19 21 589 2 2 7 20 2
t 13 1 26 6 13 632 0 12
t 16 20 7 6 23 3 19 571
t 22 10 8 11 6 22 17 562
t 24 3 21 8 10 22 582 19
t 20 10 590 5 22 19 2 10
t 8 22 4 719 38 28 35 20
t 20 21 5 16 25 565 6 24
t 25 2 12 10 587 11 21 23
t 25 19 22 18 19 21 21 576
t 13 34 18 21 0 2 761 28
t 15 15 8 38 799 5 26 30
t 13 3 17 10 583 23 3 10
t 0 34 28 37 18 617 0 20
t 7 22 6 16 22 25 598 16
t 3 9 586 5 1 15 10 10
t 17 15 717 38 6 14 7 36
t 7 588 23 17 18 18 4 16
t 18 20 9 589 24 2 8 25
t 25 40 21 24 22 34 753 32
t 1 4 16 12 1 3 17 560
t 580 20 8 17 11 24 2 7
t 24 574 23 15 6 19 15 6
t 28 0 6 759 26 15 2 16
t 5 13 17 694 1 29 2 4
t 561 15 13 20 17 20 1 9
t 8 20 595 3 6 8 19 3
t 579 4 19 24 7 25 20 8
t 591 15 5 2 3 11 8 25
t 3 567 20 24 5 21 25 11
t 23 16 32 38 29 701 25 8
t 575 5 17 3 12 2 5 7
t 8 9 21 14 3 10 6 590
t 737 23 28 10 20 5 22 40
t 26 38 36 13 655 4 26 27
t 15 565 22 13 18 1 1 7
t 16 25 25 726 31 19 16 20
t 19 40 27 13 31 16 605 22
t 25 13 4 15 571 10 1 12
t 595 10 15 18 8 15 7 25
t 27 27 30 31 799 11 37 6
t 4 13 584 25 10 5 3 19
t 14 564 8 23 20 7 25 9
t 6 12 33 35 14 725 23 2
t 799 35 38 30 24 22 7 21
t 3 17 24 587 16 24 21 21
t 583 21 8 23 12 8 6 5
t 9 19 773 38 35 34 20 38
t 22 8 9 4 12 15 588 24
t 12 596 20 12 22 11 24 22
t 29 754 14 24 13 31 3 36
t 36 33 666 5 18 27 9 1
t 5 4 24 1 2 13 565 21
t 751 37 25 0 27 32 8 21
t 1 578 16 23 18 7 16 1
t 15 14 567 12 11 19 10 14
t 37 13 633 20 27 35 3 40
t 560 23 3 19 23 12 17 2
t 5 722 38 19 36 21 18 4
t 24 583 2 13 3 2 15 22
t 23 6 21 587 22 9 14 22
t 6 7 31 11 694 29 34 8
t 25 26 3 26 26 38 604 2
t 5 570 24 10 2 7 5 20
t 610 2 35 2 4 22 28 16
t 21 9 10 11 10 578 13 24
t 591 4 7 20 8 18 9 19
t 759 26 35 15 36 25 36 9
t 2 4 20 11 9 22 564 4
t 592 19 7 16 10 15 19 3
t 1 19 27 36 16 619 10 22
t 7 21 680 35 35 36 25 21
t 31 31 38 37 651 18 4 39
t 569 12 13 13 4 13 4 20
t 572 7 11 21 13 5 16 16
t 23 6 9 563 23 22 13 12
t 12 20 20 12 8 596 20 5
t 32 8 40 19 12 25 6 670
t 4 25 37 0 758 22 29 25
t 40 30 22 40 13 719 8 15
t 12 31 667 34 7 7 27 19
t 25 23 21 24 9 21 594 8
t 8 16 22 15 5 1 578 1
t 11 22 35 635 30 7 31 21
t 23 762 10 29 34 36 23 39
t 1 15 20 7 19 593 25 6
t 18 2 1 27 9 25 13 648
t 12 6 22 1 12 597 9 10
t 14 12 11 17 40 10 10 743
t 22 11 6 5 20 560 15 2
t 7 14 13 8 25 587 19 22
t 582 1 6 3 4 24 13 8
t 33 5 19 33 21 792 6 37
t 38 15 29 21 22 753 4 18
t 19 648 33 2 30 14 21 31
t 20 562 7 11 14 9 12 10
t 11 4 0 0 26 745 26 15
t 569 6 23 4 1 13 19 17
t 13 20 16 11 582 25 25 12
t 35 22 24 29 27 624 9 12
t 19 14 15 20 5 2 581 9
t 19 11 19 10 17 590 2 7
t 10 23 587 22 5 1 17 23
t 9 11 14 20 13 22 6 566
t 13 10 586 22 9 20 12 19
t 3 6 13 11 19 3 3 577
t 14 27 19 785 12 8 22 14
t 30 32 39 10 31 32 26 679
t 4 5 5 22 586 20 18 2
t 36 1 3 12 687 40 8 14
t 1 22 661 33 37 14 21 29
t 14 9 8 586 5 25 10 4
t 577 4 25 18 8 7 6 11
t 8 11 13 736 18 0 15 18
t 683 28 39 35 34 23 35 35
t 17 17 569 22 6 23 16 7
t 2 9 21 22 576 17 18 15
t 9 36 696 32 25 25 37 12
t 18 23 38 18 17 27 24 675
t 11 1 23 21 11 569 6 10
t 17 8 24 571 13 2 15 25
t 20 4 19 11 561 7 10 19
t 12 18 6 16 14 13 1 587
t 4 19 4 22 11 582 11 13
t 18 711 13 24 36 28 1 20
t 16 32 25 5 20 799 2 37
t 24 12 19 5 573 4 10 9
t 577 2 3 23 25 18 22 24
t 7 22 8 1 14 564 5 1
t 2 15 15 5 14 578 14 18
t 31 16 34 38 26 772 33 0
t 21 21 20 16 7 6 5 590
t 25 21 8 592 19 18 5 21
t 2 6 24 19 25 568 20 1
t 22 5 570 19 11 22 13 20
t 19 25 22 19 4 5 574 7
t 6 586 24 9 23 8 5 11
t 7 13 6 766 12 15 4 19
t 16 11 7 17 3 21 584 18
t 21 38 34 40 10 652 2 35
t 24 6 5 10 19 18 584 11
t 790 36 3 33 26 21 15 22
t 16 38 711 1 28 24 38 14
t 18 690 11 30 26 14 33 8
t 24 12 2 25 582 12 20 4
t 18 8 12 591 10 11 7 6
t 3 16 35 33 1 646 32 8
t 10 10 20 22 3 641 7 33
t 23 21 19 24 599 14 10 21
t 11 9 26 710 24 3 33 3
t 24 796 17 6 32 18 11 37
t 7 22 33 0 40 32 671 29
t 9 2 18 22 23 3 20 596
t 11 19 13 5 32 9 670 40
t 4 22 2 592 17 13 3 8
t 20 31 21 2 9 38 31 665
t 21 36 26 12 7 744 16 32
t 11 17 28 9 6 11 5 663
t 39 25 2 630 22 23 37 11
t 16 9 758 20 29 29 22 6
t 3 18 570 13 18 21 15 25
t 18 12 9 22 0 767 22 7
t 15 1 580 4 4 19 5 10
t 3 18 6 20 24 18 592 5
t 26 7 39 11 695 37 16 11
t 23 6 21 21 589 21 18 6
t 11 585 6 10 16 10 6 4
t 3 19 17 17 2 577 14 16
t 5 34 2 760 21 18 29 40
t 16 15 11 596 1 17 13 10
t 5 15 19 15 2 38 24 761
t 20 18 12 12 12 576 7 1
t 35 23 23 763 17 32 18 17
t 40 5 800 21 21 16 15 15
t 742 21 24 31 14 24 32 6
t 2 1 12 14 2 565 11 20
t 574 15 18 4 1 3 8 4
t 9 17 25 587 4 9 10 4
t 16 27 790 13 24 20 5 24
t 737 9 40 39 2 15 3 9
t 24 21 665 2 36 1 19 5
t 16 24 24 6 11 596 2 23
t 21 22 33 685 24 35 33 27
t 16 24 6 4 593 1 21 11
t 22 0 2 722 24 6 28 2
t 6 2 15 21 14 2 20 595
t 35 706 22 17 2 14 11 40
t 20 599 8 3 11 23 19 15
t 29 38 778 31 14 6 36 9
t 3 12 25 12 562 24 9 7
t 3 4 1 15 564 20 2 21
t 1 16 40 29 5 36 743 13
t 2 15 2 793 12 38 0 39
t 9 38 37 18 663 37 14 36
t 8 15 20 16 16 23 23 586
t 13 40 24 34 25 747 37 8
t 3 2 10 17 584 25 10 3
t 583 11 6 25 7 17 11 5
t 23 10 33 9 36 729 29 30
t 21 12 5 28 31 17 622 7
t 18 2 14 23 19 582 6 14
t 569 4 16 2 22 17 16 1
t 684 33 10 27 4 15 17 26
t 35 24 9 730 33 20 25 9
t 1 12 18 2 25 17 21 576
t 571 24 24 22 16 19 18 22
t 16 674 29 4 10 25 34 14
t 25 3 20 584 15 16 22 20
t 29 609 3 27 17 19 8 35
t 5 23 18 612 0 17 4 8
t 21 7 18 17 6 585 25 17
t 26 601 7 27 23 27 35 33
t 23 18 6 30 8 20 624 31
t 30 8 5 25 26 777 34 30
t 26 7 5 686 20 37 19 12
t 765 15 14 36 12 29 18 16
t 12 12 8 23 18 565 19 3
t 21 6 606 0 6 23 22 22
t 40 37 10 35 40 27 798 15
t 24 7 573 9 4 8 8 12
t 12 6 17 592 19 1 20 23
t 18 5 24 12 595 17 11 2
t 10 16 19 568 25 7 20 2
t 26 779 22 0 28 30 24 15
t 8 38 36 14 26 30 16 707
t 21 32 9 693 8 28 32 36
t 23 570 8 21 14 11 1 18
t 18 579 2 18 12 9 21 6
t 0 23 36 38 34 26 644 19
t 4 30 32 20 13 5 712 6
t 8 32 37 25 794 34 18 39
t 580 20 6 6 15 8 13 12
t 3 6 4 591 14 10 10 12
t 23 4 5 23 3 581 2 7
t 12 5 1 13 17 5 13 598
t 1 15 10 5 10 13 21 566
t 27 670 3 27 10 5 17 14
t 29 9 31 27 31 638 19 14
t 20 20 7 19 4 22 587 6
t 38 23 36 22 16 35 623 20
t 2 26 18 9 16 32 3 794
t 800 8 29 26 20 23 32 24
t 3 14 20 560 1 18 22 9
t 718 16 26 14 32 11 35 19
t 28 15 10 14 29 10 765 9
t 565 4 14 10 22 24 12 1
t 20 31 11 8 28 25 18 692
t 30 18 30 7 14 782 2 4
t 4 27 0 4 39 22 667 24
t 35 779 12 8 11 36 17 1
t 2 7 2 4 38 33 27 675
t 23 25 779 28 22 3 5 15
t 708 39 24 18 0 16 10 40
t 17 10 572 16 7 11 1 2
t 21 7 650 9 15 11 22 2
t 31 22 6 3 24 16 701 36
t 27 750 28 8 17 36 12 21
t 20 4 6 10 21 14 571 3
t 36 25 22 3 21 19 11 776
t 31 1 15 17 634 25 40 2
t 15 579 12 16 8 6 23 17
t 5 0 769 22 4 31 14 39
t 8 2 21 14 3 6 17 563
t 23 9 13 15 14 582 20 14
t 35 17 609 40 9 38 6 14
t 31 28 22 16 11 678 36 39
t 695 39 30 21 24 39 10 26
t 7 15 19 7 19 24 6 571
t 17 39 23 753 11 38 12 25
t 598 10 13 17 17 24 19 5
t 17 674 12 34 11 29 15 17
t 16 19 16 29 25 26 741 26
t 3 19 22 1 569 12 25 25
t 614 26 39 9 33 3 7 36
t 38 2 4 735 10 7 12 6
t 21 33 22 777 34 18 6 11
t 3 1 15 8 8 20 571 4
t 747 23 2 1 30 28 0 14
t 33 10 13 39 11 6 37 775
t 24 20 40 747 39 3 7 35
t 17 25 7 566 18 13 10 25
t 13 1 18 3 14 4 17 589
t 731 28 21 36 27 19 11 5
t 11 14 15 5 6 1 12 569
t 30 776 22 35 6 6 14 1
t 18 11 5 7 25 19 14 581
t 38 25 32 662 32 4 36 20
t 5 18 12 573 6 11 24 10
t 29 646 11 22 12 2 5 10
t 20 24 32 7 28 0 654 14
t 8 564 9 6 17 14 21 15
t 2 33 26 3 38 742 35 3
t 0 7 14 19 40 12 36 752
t 9 11 19 8 23 572 9 14
t 35 37 24 28 25 733 32 21
t 10 23 638 28 0 40 34 36
t 21 13 10 593 5 24 12 15
t 13 18 20 7 8 17 13 591
t 737 21 34 5 2 21 30 15
t 12 5 5 8 9 14 591 1
t 17 3 17 25 17 7 18 597
t 11 13 25 12 23 3 579 1
t 26 32 618 2 38 9 25 20
t 596 6 19 24 9 22 24 24
t 27 752 26 40 0 19 37 15
t 15 34 37 705 29 4 25 30
t 13 17 5 569 4 10 3 12
t 9 2 22 38 31 39 27 731
t 38 28 20 8 25 676 27 23
t 15 2 5 12 15 565 21 23
t 10 10 12 1 19 6 560 7
t 23 20 2 15 570 20 16 25
t 21 6 5 586 23 13 20 24
t 22 11 6 16 13 7 591 2
t 22 8 19 16 17 7 7 583
t 21 8 19 20 569 21 17 19
t 637 27 39 30 16 9 11 27
t 586 14 3 5 16 14 22 1
t 39 24 37 32 33 40 670 13
t 19 1 14 589 10 16 3 15
t 27 38 30 21 26 15 720 2
t 24 597 5 10 17 18 2 16
t 719 9 12 10 16 29 14 22
t 2 25 11 12 10 19 566 3
t 9 15 12 10 25 5 568 2
t 15 19 564 19 16 11 5 2
t 24 2 574 3 2 6 7 3
t 23 9 33 795 36 32 13 37
t 14 17 16 11 591 17 17 11
t 13 18 17 7 9 5 20 578
t 11 7 29 0 667 3 7 37
t 5 0 34 37 749 0 32 28
t 2 11 584 3 13 19 20 7
t 26 1 10 22 660 38 33 38
t 581 10 5 13 12 25 23 14
t 30 677 32 31 36 33 18 26
t 648 0 1 6 7 31 25 35
t 2 574 22 1 17 6 7 2
t 27 771 15 37 21 34 15 8
t 12 26 22 14 38 20 635 8
t 7 7 6 670 17 39 16 8
t 1 21 14 25 3 6 14 562
t 17 14 568 14 17 17 25 21
t 799 22 13 18 22 29 32 13
t 21 12 1 5 592 22 14 23
t 14 9 566 7 24 24 9 25
t 16 32 40 673 30 0 39 0
t 7 19 3 23 22 26 9 739
t 12 1 21 591 9 7 25 12
t 17 598 5 16 25 25 24 4
t 24 4 22 568 15 12 18 6
t 8 21 23 19 12 9 2 597
t 16 10 1 15 14 1 595 9
t 13 5 19 21 18 581 17 14
t 12 8 6 4 21 13 577 24
t 24 15 23 3 19 9 580 21
t 18 23 19 11 4 11 12 570
t 678 22 26 5 35 16 30 15
t 3 22 18 8 6 8 571 17
t 21 8 562 10 3 18 6 15
t 38 14 36 23 707 36 29 30
t 4 12 23 7 566 12 5 18
t 22 1 1 25 17 25 584 12
t 18 30 11 23 11 26 768 8
t 2 12 761 36 38 26 3 2
t 8 588 4 8 22 15 20 8
t 21 9 8 5 8 18 592 14
t 23 797 1 13 7 9 15 23
t 21 21 10 11 6 6 19 582
t 8 786 26 23 32 0 29 28
t 12 19 25 1 20 568 2 13
t 23 33 33 7 28 778 29 35
t 1 20 16 13 8 5 561 23
t 34 800 7 30 24 39 14 18
t 11 15 37 13 11 9 601 23
t 9 13 568 23 3 14 16 3
t 10 14 5 1 21 588 12 23
t 12 38 23 1 630 39 14 1
t 2 40 13 34 37 724 4 17
t 14 7 26 39 26 5 710 23
t 597 7 14 25 13 11 4 8
t 7 583 21 9 3 17 4 11
t 23 14 17 10 564 23 14 8
t 20 619 29 19 13 24 1 5
t 17 8 2 31 649 21 16 6
t 561 4 7 9 10 2 18 24
t 10 20 5 16 16 9 18 588
t 36 709 9 14 33 5 16 1
t 6 18 4 19 7 14 24 578
t 25 13 586 25 16 8 2 16
t 3 13 11 1 6 573 8 6
t 0 5 14 11 5 37 631 8
t 19 13 19 595 17 2 5 5
t 0 24 696 32 1 36 1 34
t 566 12 25 15 21 19 19 25
t 19 560 23 7 13 25 16 2
t 25 15 8 22 568 3 21 22
t 20 13 5 2 700 13 11 2
t 20 738 19 31 4 0 11 32
t 13 4 19 25 9 12 5 560
t 12 17 598 7 1 10 1 9
t 16 10 13 4 22 7 571 19
t 8 16 4 14 572 3 6 17
t 10 577 25 10 14 14 3 2
t 19 8 20 8 13 568 23 13
t 21 21 22 17 755 3 5 6
t 17 7 17 578 12 14 19 20
t 7 18 6 11 15 584 24 14
t 13 1 9 11 3 11 561 3
t 598 14 17 3 20 6 6 13
t 17 17 3 595 22 11 1 5
t 569 1 9 19 7 22 7 24
t 3 627 16 25 33 16 2 23
t 2 588 21 13 12 13 14 14
t 564 2 25 9 16 3 4 4
t 33 34 0 15 10 722 28 24
t 562 4 12 6 3 11 22 22
t 22 0 666 9 9 8 27 35
t 1 26 15 710 38 31 4 2
t 16 569 20 5 24 10 8 24
t 709 34 3 33 31 14 21 20
t 23 3 18 3 19 6 583 21
t 1 590 6 3 24 17 4 24
t 21 4 37 4 13 19 777 5
t 29 17 688 20 40 17 5 40
t 27 37 17 800 23 40 26 4
t 677 36 18 29 30 10 22 40
t 30 4 25 20 8 17 626 24
t 33 34 7 799 31 16 9 0
t 17 10 567 25 21 18 17 7
t 18 10 17 4 19 19 585 4
t 21 23 3 588 10 6 17 17
t 36 0 1 30 14 8 631 0
t 36 25 18 774 10 19 30 7
t 8 19 5 17 572 2 7 16
t 34 1 634 20 33 12 27 39
t 5 577 23 1 4 24 15 19
t 18 5 21 9 13 6 22 587
t 15 600 39 37 31 13 5 21
t 4 3 4 4 23 15 2 573
t 8 24 6 15 9 25 636 30
t 19 11 5 595 15 3 12 16
t 17 22 23 12 20 19 9 588
t 5 16 23 29 5 674 12 14
t 9 575 15 15 12 18 5 22
t 21 9 4 6 19 25 592 7
t 585 8 3 1 20 13 4 16
t 25 583 10 15 16 5 15 5
t 23 23 13 5 22 581 3 4
t 4 18 12 574 8 20 24 12
t 6 10 15 13 578 2 25 13
t 23 6 1 591 8 12 9 12
t 20 4 592 24 21 17 4 5
t 8 21 711 39 14 32 8 29
t 2 13 698 32 37 11 12 6
t 575 23 16 23 2 9 3 3
t 11 7 6 11 20 15 567 7
t 6 22 13 12 590 15 6 25
t 40 36 8 36 15 669 15 25
t 34 26 705 8 32 26 37 12
t 2 18 30 755 25 15 23 1
t 7 2 25 7 18 17 561 13
t 7 24 12 5 17 21 1 572
t 34 12 22 0 33 35 688 27
t 10 16 15 15 2 580 11 2
t 595 19 7 3 11 18 19 20
t 8 23 14 23 12 24 1 595
t 15 20 31 777 34 35 2 25
t 22 17 8 5 5 15 569 25
t 0 750 37 14 19 35 14 12
t 21 19 25 15 571 8 13 16
t 5 13 19 7 610 11 1 7
t 23 5 586 17 24 13 22 7
t 9 16 6 566 22 8 7 12
t 20 1 17 565 6 10 19 21
t 26 18 20 2 27 15 5 675
t 2 16 24 13 11 23 596 24
t 18 4 40 35 39 29 25 674
t 12 23 6 10 21 565 2 7
t 9 31 16 1 14 16 641 21
t 19 21 9 23 18 15 11 574
t 11 25 17 20 14 2 10 582
t 4 15 17 596 18 9 11 1
t 4 21 20 8 6 12 6 572
t 31 3 14 40 27 680 28 8
t 18 32 36 13 9 31 20 605
t 10 2 8 19 16 585 19 23
t 8 6 38 16 12 10 747 13
t 18 19 10 568 1 22 16 20
t 591 22 22 1 18 24 21 4
t 683 4 30 0 11 16 6 38
t 9 31 27 6 40 23 5 712
t 6 1 7 11 18 13 23 583
t 578 20 16 3 23 21 19 21
t 9 20 10 9 588 3 7 7
t 10 568 19 11 5 3 18 5
t 6 10 13 11 24 24 4 597
t 2 19 14 25 18 10 14 599
t 25 17 17 7 26 40 7 715
t 14 7 10 19 19 23 10 565
t 14 19 18 12 598 13 12 2
t 17 11 17 566 9 21 10 6
t 31 39 32 27 40 27 14 653
t 9 662 39 21 1 12 40 38
t 14 630 12 22 1 13 23 30
t 16 7 18 2 5 594 5 6
t 25 32 615 28 15 26 40 32
t 28 17 3 29 20 730 16 28
t 38 33 2 29 24 39 702 13
t 33 20 10 8 727 19 27 34
t 24 25 24 21 2 6 25 580
t 22 564 15 2 8 14 16 4
t 23 1 35 6 659 1 10 2
t 3 2 40 38 726 26 26 6
t 8 18 3 3 25 594 25 12
t 13 15 6 2 5 23 22 599
t 3 22 17 13 2 1 564 4
t 17 587 1 24 21 23 7 25
t 18 21 2 11 18 598 7 11
t 29 30 748 30 22 12 21 5
t 40 22 31 21 12 23 655 38
t 10 2 576 19 13 13 4 7
t 25 4 28 30 3 658 23 15
t 16 38 23 18 1 2 33 781
t 645 40 20 39 6 31 4 32
t 1 16 584 18 20 18 23 12
t 23 20 792 27 15 16 36 15
t 11 11 6 0 38 759 14 32
t 18 17 40 34 4 732 31 4
t 4 39 9 2 17 10 22 614
t 15 25 578 25 4 9 5 12
t 5 21 18 33 632 21 20 14
t 2 591 11 11 5 16 14 1
t 5 20 30 22 35 603 12 18
t 25 594 25 6 14 15 23 21
t 14 12 8 571 20 1 15 20
t 627 15 34 28 3 17 33 12
t 7 30 604 20 21 38 8 20
t 6 16 35 26 722 31 34 6
t 12 15 22 5 585 19 19 20
t 32 31 18 23 0 4 701 4
t 21 18 16 33 661 36 9 37
t 566 20 22 1 1 10 11 13
t 4 14 2 4 21 11 561 11
t 28 20 6 4 15 21 9 698
t 16 588 5 9 3 12 7 1
t 595 20 21 7 22 23 12 25
t 16 24 10 11 1 13 11 560
t 26 751 27 21 30 15 14 3
t 27 627 37 3 20 7 36 10
t 13 1 10 21 657 34 34 6
t 32 9 21 743 10 5 23 8
t 1 21 24 20 7 13 573 1
t 576 16 4 14 5 19 2 6
t 21 23 598 19 22 19 1 1
t 27 26 23 11 39 733 0 26
t 17 2 680 2 9 2 36 31
t 2 19 577 22 10 17 3 19
t 8 10 11 12 8 25 17 581
t 3 31 773 9 37 11 28 29
t 4 22 4 10 24 8 20 562
t 29 760 34 25 21 17 40 4
t 26 10 6 38 22 16 6 769
t 17 11 19 25 2 17 589 1
t 22 599 9 13 4 5 22 19
t 28 29 658 29 39 10 32 16
t 36 10 8 737 9 14 12 15
t 4 631 27 34 25 21 19 16
t 17 15 21 23 25 561 12 9
t 22 10 7 9 582 22 5 18
t 35 678 3 0 28 4 7 40
t 9 567 25 13 15 23 22 14
t 5 20 4 31 610 26 21 9
t 562 7 5 24 19 3 6 15
t 10 7 10 574 3 7 7 19
t 13 7 7 575 14 21 25 6
t 574 5 17 21 10 18 13 11
t 13 1 602 26 31 33 36 37
t 17 24 578 5 1 20 2 4
t 595 3 10 5 7 7 3 13
t 31 2 20 21 1 40 642 1
t 15 564 12 25 9 13 18 1
t 695 11 11 39 17 22 4 6
t 590 7 7 20 9 5 4 2
t 1 33 27 652 24 1 21 22
t 14 5 15 24 580 2 4 15
t 4 19 8 571 16 2 20 21
t 7 21 15 3 15 11 572 20
t 2 24 8 566 7 12 13 12
t 19 19 38 22 721 0 39 40
t 31 769 8 19 29 29 37 13
t 13 9 20 13 8 571 8 7
t 39 658 11 5 32 20 3 36
t 27 724 30 23 29 19 28 37
t 5 10 582 13 13 5 18 9
t 28 679 33 38 21 6 9 38
t 1 7 28 13 28 792 35 19
t 6 596 9 4 4 24 15 24
t 40 35 36 12 624 25 34 1
t 7 23 590 12 22 11 15 12
t 12 31 680 31 15 25 7 14
t 25 10 561 6 18 10 5 24
t 21 792 15 23 40 13 14 21
t 19 595 8 22 14 12 14 19
t 7 22 25 5 748 3 7 33
t 8 10 18 3 10 23 14 581
t 561 13 17 8 13 23 25 24
t 31 25 0 2 26 4 24 678
t 13 594 6 3 22 20 24 5
t 22 21 1 24 10 3 3 589
t 7 10 20 17 24 582 7 19
t 17 2 578 15 14 24 17 2
t 25 24 23 2 593 24 6 2
t 22 15 19 8 590 10 20 17
t 1 30 634 6 0 18 7 39
t 18 16 14 593 8 7 16 10
t 647 8 2 12 5 11 21 2
t 3 37 11 11 38 26 795 18
t 572 9 8 8 18 21 18 23
t 12 22 17 22 24 25 583 15
t 20 2 2 587 17 14 10 11
t 22 29 18 8 606 12 2 34
t 22 11 1 12 16 19 9 576
t 33 701 17 5 7 23 34 6
t 19 567 9 12 25 8 16 18
t 11 19 18 15 596 25 18 15
t 21 28 4 11 23 22 38 761
t 40 36 5 620 38 3 16 23
t 11 30 21 12 24 733 4 5
t 20 568 2 12 9 24 25 10
t 576 21 24 6 17 23 20 9
t 24 586 3 20 20 13 19 7
t 17 40 21 26 24 20 30 668
t 13 583 24 24 23 11 21 16
t 6 2 15 20 15 560 14 14
t 19 12 670 5 11 22 6 30
t 4 587 14 1 17 15 6 22
t 23 588 5 21 4 15 20 24
t 24 21 13 25 20 591 15 14
t 13 3 18 24 578 13 1 15
t 6 18 19 23 24 581 6 9
t 4 8 14 9 585 25 11 20
t 35 2 613 27 35 16 3 29
t 12 9 22 9 23 580 22 15
t 11 11 587 21 13 20 2 7
t 0 13 2 4 25 29 33 644
t 0 0 40 30 7 12 30 603
t 15 21 9 17 564 7 16 19
t 22 1 15 24 24 8 588 22
t 32 15 10 15 33 9 765 18
t 583 21 2 15 23 22 14 24
t 18 9 599 1 2 1 8 16
t 24 17 10 581 23 11 13 20
t 28 32 692 22 13 31 26 38
t 19 17 573 3 1 8 22 6
t 15 5 757 3 24 16 15 7
t 24 17 7 588 1 4 22 20
t 18 36 29 29 27 10 793 34
t 21 591 4 24 21 4 24 5
t 6 19 5 567 14 18 4 13
t 25 20 7 572 17 7 10 3
t 18 12 21 13 592 24 23 16
t 36 12 4 33 666 11 8 16
t 31 8 1 27 30 14 13 655
t 0 619 11 18 26 29 21 37
t 9 3 20 19 16 35 14 682
t 22 11 5 15 16 22 12 571
t 1 6 12 3 597 25 2 9
t 19 650 11 40 19 27 19 34
t 24 14 10 17 25 8 1 586
t 16 7 25 37 752 9 0 36
t 18 20 5 11 581 11 20 10
t 12 5 16 563 13 4 18 9
t 4 2 22 8 583 4 10 5
t 18 11 6 15 617 29 32 30
t 26 38 5 15 18 14 711 26
t 19 40 28 768 3 12 1 7
t 24 13 2 8 3 24 2 598
t 15 10 14 25 9 26 7 780
t 36 25 19 15 19 21 671 24
t 23 598 9 8 8 10 8 3
t 25 12 32 31 39 11 799 21
t 32 6 16 39 37 38 649 30
t 14 711 23 3 17 3 5 6
t 23 14 21 24 18 588 22 15
t 38 11 15 25 15 1 9 661
t 2 10 21 17 18 12 570 21
t 27 29 36 22 20 8 797 37
t 31 9 11 782 11 39 32 26
t 5 13 1 14 3 20 722 27
t 38 40 4 19 31 13 23 642
t 25 39 5 614 28 9 36 8
t 38 7 30 6 6 731 4 7
t 12 7 5 13 9 591 24 15
t 18 6 2 574 10 8 1 8
t 3 16 12 12 15 18 20 564
t 591 19 22 5 6 5 24 17
t 24 578 24 3 12 24 12 13
t 37 35 28 34 15 12 608 22
t 9 2 38 10 5 23 602 6
t 1 18 598 6 9 6 20 7
t 27 19 35 22 8 693 4 5
t 637 3 21 31 38 28 25 36
t 6 31 12 10 651 27 7 26
t 8 1 7 21 8 4 584 3
t 785 10 26 11 16 35 4 34
t 13 24 11 3 24 25 579 12
t 718 19 33 23 39 22 13 35
t 33 38 26 695 18 23 0 10
t 17 31 37 800 2 40 18 10
t 586 23 18 3 20 12 21 21
t 17 23 2 22 578 19 14 19
t 563 14 16 6 24 21 20 8
t 1 26 10 9 34 0 791 39
t 29 9 39 2 21 754 16 14
t 10 580 1 20 6 16 17 14
t 8 7 707 1 23 12 37 14
t 578 18 23 4 9 3 5 18
t 5 2 12 3 4 16 571 6
t 19 18 575 5 5 5 16 12
t 594 14 13 4 5 24 10 11
t 8 10 1 16 22 15 17 596
t 11 21 9 23 590 22 16 17
t 765 22 9 13 10 25 9 22
t 599 13 25 1 24 2 1 13
t 14 4 24 675 23 29 35 12
t 589 24 19 20 23 13 22 10
t 22 8 0 30 31 20 31 727
t 4 13 573 8 23 1 2 24
t 588 13 16 15 12 16 16 23
t 30 10 20 22 36 25 791 12
t 4 585 11 12 3 19 25 7
t 21 11 8 24 10 14 567 17
t 6 26 22 27 2 631 32 20
t 5 8 569 21 6 1 4 23
t 2 694 25 0 36 6 27 16
t 30 13 31 33 34 28 662 16
t 3 572 17 17 24 1 2 19
t 30 8 2 16 20 788 33 27
t 586 6 23 17 21 7 21 13
t 14 590 8 17 2 12 3 3
t 14 29 23 741 9 15 40 39
t 25 1 21 592 11 20 11 5
t 15 620 1 5 25 0 35 18
t 15 11 594 25 15 9 17 9
t 4 14 15 14 21 560 7 21
t 20 38 18 28 13 630 30 1
t 24 11 8 17 1 8 15 563
t 772 7 24 17 1 12 8 6
t 10 16 17 23 19 588 11 17
t 13 29 766 29 30 24 10 3
t 23 18 575 17 3 19 3 25
t 22 4 6 12 588 18 4 8
t 14 0 26 40 30 19 704 15
t 9 573 18 4 23 8 22 12
t 18 12 9 9 584 23 25 1
t 19 26 40 18 4 31 604 27
t 14 39 23 661 4 37 25 15
t 9 38 28 14 745 25 26 19
t 594 8 4 6 17 3 17 19
t 4 10 11 7 5 17 2 577
t 9 8 21 18 11 581 15 20
t 654 25 3 13 1 23 2 25
t 10 572 14 23 24 15 21 11
t 7 31 25 19 14 770 26 21
t 38 16 9 6 21 16 732 30
t 2 5 10 17 10 13 11 571
t 11 15 10 7 568 9 4 14
t 9 23 0 16 14 664 25 24
t 31 2 21 23 647 10 3 37
t 15 2 1 28 33 759 2 12
t 14 6 20 18 1 14 22 577
t 30 37 20 27 38 11 37 748
t 23 18 24 571 9 9 4 19
t 609 17 9 19 37 39 17 15
t 684 15 0 37 12 3 18 21
t 13 8 25 9 15 24 577 21
t 17 1 14 1 20 578 19 11
t 4 659 11 25 32 3 25 27
t 21 586 20 24 7 3 20 20
t 7 17 6 3 9 17 8 570
t 17 21 574 8 5 9 20 16
t 18 31 3 604 10 23 1 11
t 19 791 14 4 25 16 35 5
t 10 19 11 6 13 12 570 22
t 10 37 8 0 3 32 20 775
t 14 14 8 11 5 7 562 17
t 13 25 10 1 677 19 31 20
t 11 14 0 691 1 20 2 11
t 11 20 10 8 12 2 13 596
t 24 1 13 6 2 25 570 25
t 7 39 15 23 9 15 661 31
t 10 564 19 18 1 12 7 8
t 17 7 24 566 21 20 12 2
t 4 11 29 637 30 10 8 7
t 22 10 18 16 21 23 10 583
t 10 15 596 20 11 11 23 19
t 20 9 17 4 588 9 7 8
t 582 6 15 24 6 8 18 1
t 11 19 9 7 586 16 15 24
t 30 32 619 21 16 38 2 18
t 2 17 10 21 25 571 22 12
t 30 750 11 16 36 28 13 17
t 586 13 22 5 11 2 18 6
t 23 0 39 687 32 25 5 39
t 3 36 6 14 4 731 32 6
t 34 14 17 37 16 33 1 751
t 9 25 25 594 2 2 1 6
t 2 10 9 582 9 1 25 19
t 568 14 20 3 12 11 2 19
t 19 27 18 12 7 28 775 9
t 25 9 22 565 4 24 22 18
t 2 16 17 10 574 16 9 2
t 565 21 24 2 10 5 23 13
t 17 38 28 642 4 31 34 21
t 9 6 1 568 23 12 12 20
t 21 9 22 16 579 23 13 24
t 10 3 2 24 21 787 34 5
t 20 590 2 4 24 23 13 16
t 21 19 4 10 17 569 2 14
t 19 37 38 0 18 17 708 9
t 34 29 21 11 714 10 5 15
t 12 11 1 22 10 25 575 9
t 14 20 567 19 11 14 21 10
t 4 579 9 2 24 25 15 7
t 19 22 28 0 28 6 670 16
t 16 15 13 6 10 588 4 10
t 27 11 0 32 10 17 4 774
t 20 18 20 36 39 14 606 29
t 19 6 14 24 20 574 2 16
t 2 33 31 18 641 32 29 20
t 566 24 13 2 9 17 6 6
t 766 23 9 19 32 1 29 39
t 593 5 9 20 16 22 16 16
t 2 4 15 17 5 579 8 16
t 22 19 16 18 5 574 25 11
t 584 10 4 12 7 10 4 14
t 3 20 13 594 12 13 13 11
t 1 25 30 8 38 9 671 36
t 9 5 19 566 10 10 16 25
t 765 20 32 13 35 33 15 10
t 13 591 5 25 22 11 24 5
t 18 3 572 6 5 15 16 16
t 25 21 7 31 3 705 16 33
t 34 23 16 1 24 39 25 715
t 10 664 39 5 31 37 3 16
t 14 5 3 16 25 22 11 594
t 647 29 3 17 4 36 35 15
t 30 619 20 34 33 16 26 15
t 19 763 28 40 3 36 30 22
t 18 5 3 13 8 8 583 20
t 568 6 15 19 25 21 4 9
t 25 22 571 4 23 24 17 9
t 15 14 587 20 15 23 3 1
t 587 19 19 1 22 15 13 11
t 7 10 9 3 5 577 8 6
t 6 3 21 23 0 36 32 725
t 1 593 14 13 12 15 4 25
t 37 25 12 26 8 16 0 763
t 11 9 1 582 17 10 5 20
t 3 2 20 579 25 5 19 18
t 675 37 12 4 23 26 23 21
t 40 29 6 24 5 38 8 690
t 8 2 38 15 13 0 21 777
t 7 23 22 15 25 14 24 576
t 13 788 5 2 29 1 15 2
t 27 4 747 9 4 0 12 6
t 584 21 9 10 14 12 3 12
t 13 23 7 17 17 9 586 15
t 23 25 587 5 7 18 1 20
t 1 9 3 17 16 7 19 592
t 25 40 617 31 37 22 14 19
t 12 22 17 26 20 26 19 684
t 604 26 15 17 14 23 8 15
t 2 3 595 6 14 4 25 16
t 6 1 1 5 587 25 8 14
t 25 582 19 5 23 10 4 23
t 35 8 36 620 32 15 2 19
t 24 17 792 1 5 34 27 21
t 19 16 24 17 575 19 12 1
t 2 25 16 731 16 12 32 10
t 6 15 17 594 24 1 22 12
t 21 25 20 562 1 21 21 13
t 16 9 593 18 11 14 12 21
t 11 8 12 17 22 594 16 21
t 17 20 593 1 16 15 7 14
t 29 40 7 22 673 15 9 26
t 2 26 14 37 4 696 33 12
t 22 36 751 8 23 30 12 4
t 20 3 3 7 21 17 4 566
t 24 37 7 2 702 26 35 4
t 4 0 739 36 28 4 9 10
t 13 16 25 37 787 11 8 38
t 596 11 23 15 17 21 18 20
t 24 15 13 593 18 8 12 13
t 39 39 9 32 35 693 0 3
t 4 3 9 588 23 7 4 4
t 11 18 588 20 19 25 6 4
t 11 14 25 581 23 14 2 22
t 12 19 574 25 16 16 3 24
t 11 597 20 6 17 2 4 19
t 23 22 583 5 14 1 22 14
t 6 662 9 16 17 23 10 7
t 21 10 6 573 7 4 20 7
t 14 25 2 23 28 40 782 10
t 5 11 577 21 19 9 4 11
t 628 17 20 2 13 12 7 11
t 16 6 5 10 564 17 24 15
t 572 7 4 17 9 10 10 1
t 2 14 23 6 7 16 571 6
t 14 2 39 769 14 17 14 16
t 37 24 3 23 28 33 716 34
t 12 15 14 11 12 21 12 560
t 20 716 24 26 13 5 36 1
t 24 25 695 1 4 34 21 32
t 23 23 15 8 14 20 23 597
t 764 32 28 36 13 27 4 5
t 18 39 36 22 0 25 645 25
t 22 38 709 12 37 2 31 26
t 7 18 6 16 25 7 585 12
t 10 5 21 16 564 12 9 23
t 34 37 783 3 22 2 5 4
t 1 8 12 16 567 13 18 18
t 9 14 8 5 15 4 597 7
t 14 24 19 23 583 14 19 8
t 17 26 630 15 18 7 11 15
t 23 561 2 21 11 12 21 25
t 18 4 16 563 22 7 6 14
t 15 7 4 21 8 11 23 567
t 31 16 37 8 20 5 37 725
t 24 21 13 3 9 587 4 20
t 597 21 11 18 3 14 20 23
t 24 17 22 564 21 23 11 17
t 16 5 5 2 587 12 22 8
t 24 15 8 9 4 3 591 23
t 29 9 663 1 9 32 27 28
t 16 10 27 20 670 40 8 20
t 20 13 590 17 1 18 11 4
t 26 37 17 16 4 702 39 15
t 15 12 585 15 5 20 21 5
t 684 20 11 4 4 25 4 38
t 5 5 17 588 21 10 10 10
t 16 12 24 12 10 573 5 12
t 27 38 5 1 634 7 1 6
t 20 18 6 12 18 25 579 18
t 12 3 672 32 39 5 18 5
t 4 8 15 590 21 15 1 9
t 8 11 8 22 564 20 11 14
t 14 35 724 29 20 25 19 14
t 19 14 20 0 667 6 4 39
t 36 20 756 15 18 16 31 10
t 22 563 25 4 6 24 4 7
t 12 583 20 11 2 13 16 3
t 16 8 15 7 9 22 563 1
t 3 22 4 9 8 9 3 587
t 14 23 5 20 609 36 38 33
t 21 14 561 2 23 23 9 23
t 574 7 23 15 25 11 5 11
t 12 36 36 18 5 35 10 618
t 11 18 19 4 21 582 14 2
t 33 25 26 763 23 16 29 2
t 12 22 11 595 5 21 14 16
t 19 23 15 11 9 25 13 596
t 24 14 35 10 728 2 2 26
t 5 6 590 20 21 20 16 13
t 598 11 25 5 1 11 7 3
t 30 20 32 731 19 34 14 8
t 12 13 662 13 4 3 20 7
t 562 19 9 17 21 22 14 3
t 25 10 13 1 577 19 9 14
t 34 34 8 29 13 10 36 674
t 30 26 12 697 11 19 3 7
t 22 23 2 3 3 9 22 561
t 10 15 25 584 24 16 3 22
t 21 38 34 11 15 38 39 744
t 4 3 8 12 23 18 5 584
t 5 24 24 595 13 12 11 8
t 13 9 573 5 13 4 22 1
t 1 4 13 16 17 7 589 19
t 36 21 699 21 24 26 13 4
t 24 5 14 8 19 8 585 17
t 24 13 589 4 2 18 10 13
t 9 14 21 1 9 589 11 25
t 6 25 5 31 729 37 18 5
t 10 560 5 12 4 9 19 8
t 1 3 3 6 7 563 4 25
t 6 17 25 7 593 25 8 17
t 596 20 25 6 13 7 12 14
t 587 13 1 8 7 16 21 13
t 22 5 598 9 10 6 13 1
t 6 7 9 5 12 577 5 23
t 10 757 21 2 29 22 17 34
t 9 2 6 583 25 21 18 13
t 10 5 567 18 1 17 6 9
t 16 3 24 12 596 19 3 20
t 38 39 6 25 775 21 34 21
t 783 9 6 4 18 9 37 13
t 29 7 38 27 10 20 13 736
t 0 3 753 27 25 1 9 17
t 21 13 22 593 25 11 13 22
t 591 25 7 5 17 21 21 19
t 22 16 5 2 18 13 16 584
t 14 22 13 9 3 581 7 4
t 10 798 19 28 14 35 6 25
t 19 5 23 1 13 11 586 17
t 560 11 5 24 7 17 15 23
t 37 5 5 38 11 11 32 776
t 9 8 14 3 18 21 590 22
t 21 595 4 23 17 18 22 13
t 27 30 13 23 11 26 36 726
t 10 585 24 7 6 9 14 7
t 8 19 19 23 568 22 21 5
t 31 5 5 10 690 5 19 6
t 4 2 3 597 14 24 9 23
t 14 18 4 13 593 16 13 21
t 7 575 10 16 3 20 15 16
t 0 0 10 1 25 38 6 782
t 2 675 33 33 10 8 4 22
t 20 1 2 6 38 0 13 694
t 28 28 7 2 30 20 680 6
t 16 16 10 25 24 561 16 11
t 0 781 10 18 3 15 0 33
t 21 25 19 12 595 2 19 8
t 14 7 11 33 38 24 667 10
t 0 19 641 31 36 32 39 29
t 20 3 9 8 35 8 10 731
t 5 618 3 9 27 26 13 2
t 5 578 15 22 2 13 17 22
t 40 0 23 34 37 3 3 602
t 38 29 13 20 726 17 17 38
t 8 11 39 20 6 19 40 619
t 7 24 7 751 22 2 31 6
t 9 15 34 14 9 24 795 39
t 753 7 17 40 24 23 33 6
t 25 20 12 24 22 20 562 23
t 595 12 24 20 12 17 16 15
t 4 39 36 13 21 630 13 9
t 13 701 15 6 24 11 40 10
t 36 29 40 17 9 30 720 27
t 15 20 35 23 23 32 603 32
t 22 572 18 12 21 11 1 25
t 718 39 6 37 33 7 21 24
t 6 772 36 28 5 9 34 17
t 31 606 38 23 14 5 21 32
t 757 6 7 11 8 29 25 17
t 16 18 714 35 24 29 14 35
t 25 21 35 717 24 16 8 22
t 24 34 26 14 690 24 1 32
t 20 25 583 12 22 16 21 23
t 33 12 26 686 0 24 10 34
t 11 11 14 571 24 14 19 9
t 20 2 16 16 25 22 17 567
t 21 576 25 7 6 13 17 14
t 12 25 597 11 17 20 16 12
t 12 4 21 13 572 11 18 5
t 20 24 25 22 593 12 15 18
t 6 23 22 21 7 584 22 19
t 3 7 9 11 12 24 590 24
t 21 4 3 595 15 1 5 20
t 26 24 38 780 30 27 19 39
t 8 34 11 34 16 14 40 736
t 25 12 0 21 786 19 1 32
t 15 37 16 663 35 26 9 6
t 36 39 34 11 15 29 16 700
t 24 13 35 30 14 772 31 8
t 9 4 38 679 35 1 13 5
t 5 10 598 23 6 8 18 14
t 19 17 735 8 21 20 33 15
t 5 2 24 590 9 11 8 1
t 595 2 9 22 14 12 3 24
t 6 1 7 562 18 19 21 7
t 13 19 13 17 13 10 8 597
t 578 7 8 8 13 8 5 13
t 22 2 40 4 20 15 772 35
t 28 35 12 39 33 35 35 684
t 13 590 14 6 23 6 15 9
t 622 14 8 40 0 26 40 23
t 17 4 13 594 9 10 22 5
t 24 576 13 25 10 1 12 8
t 569 16 22 9 16 5 4 19
t 32 774 7 15 19 22 11 22
t 23 673 28 11 29 31 36 16
t 6 20 19 571 18 8 19 3
t 576 22 9 25 14 12 21 1
t 23 5 16 3 7 13 7 564
t 779 24 24 4 19 40 39 39
t 15 13 22 20 7 6 590 24
t 10 16 20 1 562 10 14 18
t 22 1 20 20 594 17 16 8
t 19 25 13 23 599 7 10 15
t 16 35 8 2 755 30 12 24
t 1 5 24 13 788 7 4 25
t 27 8 13 9 35 30 40 696
t 1 13 10 587 14 20 20 14
t 9 12 20 22 561 17 11 24
t 2 17 6 6 5 3 595 2
t 21 5 32 6 31 31 39 690
t 3 6 25 569 11 22 25 17
t 23 10 686 23 2 17 40 19
t 29 6 763 36 22 17 23 22
t 16 38 3 27 1 699 36 1
t 5 22 16 18 25 20 598 10
t 10 19 21 24 16 567 4 20
t 24 24 16 639 40 3 27 28
t 15 13 29 31 31 33 771 9
t 15 25 18 8 22 9 16 566
t 25 28 11 796 23 34 9 12
t 594 14 22 21 5 3 19 16
t 6 16 20 1 575 6 13 22
t 774 37 37 24 29 25 27 2
t 591 18 15 12 3 5 6 1
t 1 4 15 11 25 21 569 11
t 19 0 26 14 727 40 29 2
t 25 23 27 8 607 38 23 18
t 1 567 22 4 24 23 23 5
t 16 8 37 752 34 0 6 20
t 24 2 16 22 18 15 581 18
t 22 34 29 6 34 748 17 39
t 1 7 10 28 0 4 792 27
t 14 18 17 22 3 3 572 17
t 6 568 8 11 2 5 17 13
t 9 7 37 17 16 724 23 9
t 27 33 22 37 13 616 33 20
t 22 569 3 8 1 11 22 25
t 582 8 2 1 1 6 12 7
t 10 18 30 21 711 33 38 33
t 570 1 12 7 3 14 13 25
t 1 14 562 21 12 20 14 17
t 644 29 16 38 17 36 37 12
t 23 25 25 25 584 6 9 18
t 10 21 1 13 21 580 15 8
t 9 20 22 577 6 1 4 2
t 22 9 2 14 561 5 6 9
t 788 20 26 38 10 40 28 27
t 1 699 35 10 38 16 28 31
t 29 11 13 685 24 36 8 39
t 8 14 582 16 2 5 3 12
t 11 20 18 568 9 1 4 8
t 19 1 578 14 7 15 16 25
t 15 21 21 18 596 11 8 10
t 4 574 22 15 12 24 10 15
t 38 17 38 29 5 20 732 25
t 15 4 7 19 7 2 568 10
t 10 15 12 14 21 18 12 591
t 10 7 18 699 9 18 4 24
t 11 12 24 2 23 568 2 15
t 3 13 4 23 13 10 14 565
t 17 20 15 12 9 21 15 577
t 10 19 15 24 8 1 567 17
t 34 34 24 23 11 23 24 651
t 0 28 38 6 33 16 723 12
t 8 10 12 11 21 6 564 2
t 3 6 21 15 22 592 1 21
t 2 32 16 34 39 9 713 20
t 4 3 18 3 7 11 771 15
t 38 31 10 1 4 676 39 22
t 7 5 20 572 10 24 11 12
t 34 621 38 13 15 4 0 11
t 1 680 8 32 27 20 21 36
t 4 3 599 1 18 13 14 21
t 21 2 24 9 9 7 10 596
t 8 20 9 4 567 24 9 20
t 10 28 19 14 28 37 760 22
t 24 582 2 11 19 22 20 8
t 16 23 15 23 599 3 7 20
t 23 16 6 560 20 9 25 11
t 12 34 17 11 37 683 30 39
t 4 20 28 36 3 650 22 16
t 27 697 13 31 6 29 30 23
t 595 3 8 9 12 21 23 12
t 21 3 11 18 17 14 576 10
t 40 14 29 713 6 37 7 8
t 38 7 3 15 14 783 24 23
t 577 18 19 7 19 8 16 20
t 4 8 7 17 10 595 11 23
t 5 2 16 4 19 4 587 5
t 9 24 11 7 23 593 3 6
t 24 38 12 19 37 614 16 19
t 36 759 14 30 15 32 14 30
t 16 11 8 731 5 37 28 8
t 19 17 31 19 35 657 18 40
t 7 6 8 11 23 21 21 578
t 21 5 12 21 22 15 572 21
t 15 4 0 9 15 29 24 621
t 16 2 19 8 4 589 1 19
t 6 654 39 7 16 28 9 1
t 6 17 19 16 15 21 3 594
t 15 744 24 23 24 40 3 6
t 20 21 12 14 563 5 21 14
t 2 11 26 15 30 22 24 793
t 24 31 28 657 19 3 22 17
t 26 13 8 16 623 36 19 19
t 10 728 4 16 29 10 6 11
t 10 27 4 18 765 38 19 2
t 31 13 39 3 26 27 23 696
t 8 17 24 598 15 15 24 14
t 13 15 580 14 11 1 24 10
t 5 577 22 15 17 23 5 6
t 8 23 7 580 16 3 22 6
t 23 12 4 27 756 11 27 13
t 24 8 18 21 35 22 666 14
t 20 2 6 5 587 23 7 12
t 21 5 599 21 18 9 7 24
t 11 12 8 5 599 11 25 4
t 25 11 2 24 15 25 18 561
t 35 28 9 780 8 12 2 34
t 1 595 10 6 19 4 9 23
t 22 11 30 6 18 787 34 34
t 20 6 22 8 19 6 11 578
t 9 36 710 22 35 8 9 26
t 28 11 4 38 787 35 17 9
t 2 6 16 580 2 16 20 21
t 12 28 32 40 29 25 624 24
t 13 13 20 25 13 7 7 588
t 3 15 11 1 570 5 22 25
t 10 4 20 39 13 38 673 20
t 18 13 8 14 11 595 9 11
t 2 23 7 20 3 583 24 13
t 15 12 11 2 11 2 1 592
t 26 28 27 18 695 32 36 3
t 25 8 12 9 19 597 7 6
t 15 30 3 18 656 32 8 30
t 10 8 18 17 24 563 22 19
t 2 4 13 13 15 23 566 13
t 24 640 39 26 29 36 25 8
t 707 5 10 11 18 31 13 2
t 9 708 14 21 36 21 15 32
t 34 10 11 766 2 9 29 4
t 0 40 21 30 18 788 2 14
t 6 39 631 8 29 4 19 24
t 10 11 4 578 24 4 7 15
t 37 5 15 16 7 24 763 6
t 669 10 9 40 28 30 11 34
t 9 8 5 16 11 590 5 16
t 24 25 589 11 1 14 8 19
t 27 26 21 15 18 608 22 17
t 8 23 19 3 18 565 9 3
t 15 3 11 703 8 36 12 6
t 23 25 753 28 6 30 9 14
t 17 743 11 27 10 23 2 13
t 12 14 12 38 3 24 12 603
t 22 24 15 2 575 7 2 5
t 23 33 19 9 779 12 29 29
t 16 35 36 32 5 26 25 781
t 40 3 700 2 36 0 21 12
t 12 18 9 24 13 12 25 592
t 15 9 34 28 6 646 34 29
t 15 8 8 2 6 12 4 563
t 38 12 2 22 26 10 676 3
t 4 10 8 23 586 17 5 10
t 21 784 7 40 1 40 11 19
t 574 18 9 12 3 5 6 8
t 24 15 2 23 596 12 24 14
t 4 31 11 38 1 12 32 700
t 24 36 685 29 38 14 15 19
t 8 5 10 21 14 699 12 9
t 10 16 568 14 24 2 1 18
t 22 3 9 18 26 26 14 782
t 658 5 3 13 14 23 27 16
t 17 11 10 8 589 19 1 23
t 20 3 14 22 19 7 576 14
t 22 11 3 17 565 9 3 4
t 21 4 24 5 4 20 3 569
t 18 3 576 23 20 2 16 7
t 24 10 19 13 576 17 20 20
t 26 33 0 37 26 6 757 21
t 21 13 4 39 35 24 2 630
t 17 39 6 738 6 37 8 38
t 25 13 12 22 4 10 568 18
t 17 14 12 16 8 587 8 11
t 15 16 568 12 4 6 23 13
t 27 35 758 7 9 39 38 16
t 588 23 12 12 16 17 21 13
t 618 21 7 1 25 14 31 21
t 16 11 16 10 12 2 19 583
t 22 20 0 722 16 38 38 5
t 36 35 27 4 690 15 0 4
t 20 23 9 17 11 17 24 591
t 15 36 793 3 27 32 5 23
t 2 24 20 585 20 4 21 2
t 1 12 6 573 9 10 2 4
t 24 10 1 573 3 1 11 7
t 1 13 9 15 579 24 3 15
t 17 13 15 18 23 560 20 22
t 18 13 19 12 23 595 14 13
t 7 7 23 18 14 736 19 2
t 6 4 592 2 23 9 2 10
t 768 5 39 37 15 14 2 0
t 0 20 26 614 13 21 33 22
t 14 24 29 0 627 11 27 24
t 22 9 26 28 0 14 6 733
t 24 13 24 598 13 21 18 10
t 25 11 38 9 18 17 6 628
t 7 9 40 12 745 39 12 10
t 5 20 21 24 15 1 16 579
t 20 8 12 11 602 10 9 21
t 14 22 17 14 580 5 21 24
t 14 727 38 29 7 3 28 13
t 9 0 642 33 35 29 23 8
t 4 20 18 2 591 5 3 20
t 19 7 13 12 560 4 25 22
t 7 22 9 2 25 598 20 20
t 2 3 15 1 20 571 7 4
t 572 10 10 16 17 9 8 20
t 24 8 14 2 587 14 25 13
t 22 24 18 568 17 16 18 22
t 24 17 16 5 4 20 17 592
t 36 15 20 687 19 15 22 33
t 19 13 569 20 17 6 7 5
t 5 40 39 0 0 26 23 641
t 29 7 13 10 621 8 30 36
t 754 39 12 22 35 39 6 7
t 4 25 5 17 25 578 17 16
t 13 20 3 14 34 704 5 17
t 3 590 10 9 22 13 8 8
t 19 18 25 7 16 12 597 8
t 13 5 11 9 580 7 13 15
t 4 20 22 579 18 24 25 24
t 20 26 610 12 8 26 18 19
t 18 11 566 18 23 23 19 3
t 15 1 36 1 14 2 743 30
t 25 11 590 8 22 8 9 12
t 33 33 15 24 29 32 16 700
t 1 583 14 20 12 20 7 14
t 12 13 15 568 4 12 11 25
t 5 3 17 19 9 15 564 20
t 7 579 7 4 12 9 19 22
t 24 1 12 25 33 33 20 762
t 14 580 24 1 12 9 11 17
t 14 11 4 583 21 5 8 16
t 19 609 16 40 40 38 5 23
t 33 16 671 23 9 36 1 3
t 7 15 22 653 8 18 24 2
t 563 22 21 24 22 22 4 1
t 26 698 27 3 31 21 6 20
t 20 2 1 21 578 4 12 5
t 7 2 22 26 36 702 20 30
t 22 10 19 561 5 4 20 24
t 6 5 12 9 4 2 3 575
t 12 6 25 25 4 569 20 12
t 14 4 9 19 580 14 12 7
t 569 14 20 13 17 10 16 3
t 11 12 4 5 3 14 18 587
t 9 19 587 2 17 3 22 19
t 6 20 21 11 583 18 22 17
t 3 6 564 10 20 5 10 12
t 33 22 1 24 38 606 21 8
t 23 9 23 20 15 22 574 1
t 588 9 5 18 9 4 22 8
t 14 17 13 18 38 661 13 25
t 18 1 14 1 581 17 7 15
t 13 25 25 14 25 5 2 733
t 6 10 17 22 15 8 580 2
t 8 3 19 580 9 3 4 5
t 13 10 30 36 9 8 13 643
t 24 4 5 40 13 774 1 27
t 2 14 19 16 25 4 567 5
t 24 7 18 19 19 560 8 21
t 560 12 16 1 5 9 12 9
t 5 695 2 5 5 39 15 22
t 27 7 793 27 40 15 7 33
t 36 37 27 2 27 7 7 670
t 24 11 16 17 23 563 17 8
t 7 592 7 24 6 18 13 9
t 9 22 20 24 24 20 19 577
t 14 20 16 6 9 593 20 25
t 593 14 20 6 17 5 18 15
t 10 580 2 6 10 15 6 12
t 22 17 4 568 6 22 3 3
t 567 11 25 12 1 2 24 22
t 9 15 9 588 2 25 22 21
t 16 9 3 22 15 20 592 22
t 571 23 15 24 8 25 23 11
t 37 19 721 21 26 25 21 34
t 23 8 576 22 8 25 13 24
t 27 39 11 33 606 5 31 18
t 575 21 2 3 13 14 12 9
t 585 21 24 2 12 18 2 1
t 2 12 4 24 623 20 38 31
t 19 16 17 2 15 20 580 9
t 18 14 23 13 588 22 4 24
t 15 16 14 1 25 11 586 22
t 22 574 4 14 9 18 25 25
t 598 4 2 10 6 5 6 12
t 31 18 1 17 782 20 17 24
t 6 16 10 16 12 561 10 24
t 28 24 15 40 10 641 18 3
t 1 22 21 6 20 680 30 12
t 568 12 13 6 15 9 4 20
t 17 39 681 34 20 12 29 35
t 17 24 747 18 22 9 28 2
t 9 596 25 17 15 8 3 12
t 24 2 19 599 17 12 2 16
t 18 10 591 6 14 1 9 14
t 12 792 31 37 32 2 28 37
t 5 22 5 16 19 14 1 588
t 34 0 34 705 40 18 17 2
t 23 17 7 18 16 573 15 22
t 5 12 12 39 36 40 36 783
t 0 620 17 38 23 7 8 28
t 9 11 566 3 10 21 5 4
t 758 27 16 14 40 11 30 37
t 575 16 23 14 24 10 5 7
t 733 26 13 16 12 9 30 24
t 37 20 628 18 25 18 25 22
t 13 5 9 14 686 22 38 17
t 1 3 1 28 636 39 17 28
t 9 612 37 3 33 27 37 28
t 8 25 21 8 7 1 4 587
t 11 11 13 581 15 22 22 17
t 2 14 561 10 17 10 19 15
t 35 2 31 32 674 37 34 6
t 11 16 2 3 583 13 24 10
t 0 22 27 668 33 9 26 7
t 6 40 3 765 8 30 22 2
t 19 8 3 10 10 570 16 23
t 1 24 7 13 5 576 10 13
t 6 23 4 23 20 582 20 14
t 14 23 12 15 17 3 585 10
t 7 23 10 11 564 1 20 3
t 14 581 23 9 25 24 13 12
t 12 562 2 6 5 8 3 13
t 13 579 5 2 14 18 11 9
t 3 4 3 565 2 15 13 22
t 2 3 11 22 14 577 23 12
t 4 37 19 701 23 9 39 13
t 11 0 3 12 13 695 9 1
t 10 23 25 11 12 13 17 580
t 574 15 11 17 20 24 3 20
t 9 32 5 14 11 664 12 27
t 22 14 28 26 646 23 8 36
t 6 24 13 20 3 14 7 581
t 13 21 18 11 14 2 564 23
t 574 1 23 20 8 16 17 19
t 33 34 24 5 642 13 11 11
t 10 4 15 621 35 1 9 6
t 20 1 21 16 589 8 10 15
t 4 4 6 3 23 572 23 7
t 31 3 39 20 40 13 669 8
t 33 652 40 15 16 22 30 32
t 784 8 17 3 4 8 32 21
t 14 2 4 599 9 19 25 7
t 5 16 19 6 25 8 14 589
t 2 23 28 27 600 4 7 16
t 14 574 10 19 3 20 1 12
t 21 577 24 22 12 14 22 5
t 36 9 679 2 5 3 15 38
t 11 29 0 638 9 36 19 1
t 9 19 23 23 16 20 580 18
t 601 0 18 4 19 1 18 14
t 733 1 4 5 17 26 12 8
t 13 8 18 9 18 8 5 571
t 8 15 19 17 15 560 14 18
t 597 6 15 13 13 12 9 15
t 23 5 20 25 15 1 7 567
t 12 570 19 20 21 5 23 16
t 571 18 13 1 13 15 4 7
t 25 37 19 686 22 39 28 2
t 8 13 21 12 19 561 22 17
t 5 15 20 715 16 26 14 27
t 3 19 3 12 8 9 593 15
t 12 8 23 21 777 34 37 27
t 4 11 26 18 4 677 12 32
t 19 20 18 12 595 21 20 24
t 12 29 21 21 1 23 26 661
t 22 574 13 23 9 10 1 23
t 39 637 38 4 25 7 22 38
t 20 14 7 12 562 24 25 21
t 5 584 18 1 21 21 18 25
t 14 5 22 13 10 562 7 2
t 3 577 11 12 15 2 11 8
t 563 25 23 7 22 13 23 4
t 20 587 15 5 22 14 17 7
t 609 16 20 34 26 25 34 0
t 5 20 5 571 24 1 16 8
t 23 27 35 15 771 39 31 29
t 20 8 561 15 13 4 22 19
t 7 18 25 23 8 595 17 24
t 19 6 14 7 25 571 8 1
t 7 21 4 7 11 5 599 11
t 16 680 3 39 5 9 0 28
t 0 715 12 7 38 12 13 35
t 23 2 12 13 16 574 24 23
t 1 12 18 15 11 588 21 15
t 596 18 12 3 18 9 20 6
t 33 4 10 736 20 34 11 39
t 39 9 1 22 40 786 20 25
t 24 15 8 23 7 587 14 7
t 12 586 8 2 15 24 24 1
t 5 2 794 20 26 39 26 8
t 38 34 0 8 647 10 13 28
t 10 5 11 591 7 8 9 9
t 22 566 16 25 22 19 15 10
t 9 22 27 20 743 26 31 26
t 16 17 21 587 8 15 8 12
t 4 8 2 18 16 634 8 32
t 22 13 27 9 798 1 38 32
t 3 19 2 18 10 585 24 24
t 11 20 8 4 13 19 576 2
t 23 14 11 15 566 24 16 22
t 14 15 19 8 598 12 18 11
t 33 13 664 26 20 10 27 38
t 27 2 672 1 17 36 12 32
t 648 37 11 21 20 0 28 29
t 29 15 25 16 30 34 768 10
t 3 26 5 665 9 7 4 9
t 22 13 18 11 1 4 2 595
t 9 26 765 9 1 23 3 11
t 21 2 3 4 12 22 4 775
t 40 11 795 11 11 6 32 33
t 0 27 24 22 40 16 627 20
t 1 29 1 796 34 16 25 15
t 14 3 568 24 3 14 4 17
t 21 19 19 25 19 5 563 14
t 20 13 17 563 10 18 6 24
t 15 32 36 34 15 778 5 34
t 9 35 616 7 12 35 38 1
t 17 30 38 8 2 699 2 35
t 20 10 630 1 6 26 7 35
t 20 27 23 637 25 33 24 33
t 4 566 12 8 21 9 14 18
t 6 2 14 575 19 3 13 5
t 14 579 17 13 2 16 20 2
t 2 5 14 567 7 5 14 6
t 20 678 40 29 37 5 6 34
t 2 682 6 34 15 38 11 40
t 19 7 9 12 575 25 13 10
t 16 10 9 8 13 8 10 590
t 26 771 4 2 36 22 13 3
t 34 29 26 35 729 27 37 23
t 21 572 25 18 24 5 15 4
t 577 6 14 6 17 9 1 23
t 757 0 26 23 19 17 15 13
t 2 10 23 15 1 16 24 586
t 579 25 16 25 17 9 6 16
t 32 27 14 20 10 34 780 28
t 30 35 37 23 31 6 38 764
t 40 12 752 13 26 11 20 40
t 33 19 639 1 9 11 14 8
t 15 4 17 11 21 39 12 665
t 33 32 27 38 32 22 651 28
t 22 11 3 13 21 23 562 17
t 34 25 39 10 737 27 6 0
t 7 19 18 17 13 599 1 3
t 22 9 4 14 564 5 5 7
t 3 21 18 12 23 16 701 32
t 4 9 6 586 16 15 2 24
t 14 18 1 726 29 18 18 3
t 1 15 8 9 13 2 582 19
t 20 587 21 4 24 16 22 1
t 17 589 9 21 8 14 2 2
t 1 6 21 7 5 21 563 21
t 13 20 15 20 17 13 580 20
t 18 2 14 2 21 560 11 17
t 32 15 0 14 700 20 0 14
t 39 7 40 38 3 697 14 33
t 7 33 34 15 22 36 698 9
t 732 10 40 28 8 21 36 22
t 578 11 3 17 12 8 11 7
t 24 14 30 40 744 26 34 38
t 39 10 17 14 11 30 10 659
t 3 596 6 25 2 1 13 20
t 27 625 2 34 36 23 36 10
t 21 2 16 584 23 12 11 11
t 7 13 599 25 6 11 19 3
t 11 2 10 15 16 570 14 6
t 7 5 4 562 17 13 19 9
t 18 1 21 23 593 25 17 3
t 12 21 39 3 28 4 25 779
t 11 11 27 23 1 34 24 746
t 6 19 16 16 8 20 571 5
t 587 8 19 12 20 20 13 6
t 22 33 19 37 10 629 3 20
t 5 21 17 654 37 4 31 38
t 24 3 16 22 4 582 23 19
t 9 10 1 24 13 586 8 22
t 11 15 8 12 11 597 16 24
t 30 34 16 15 659 13 25 0
t 20 24 3 8 9 19 12 598
t 16 5 10 24 575 14 12 9
t 777 2 26 33 7 12 17 23
t 20 13 8 617 16 13 11 7
t 561 4 9 8 5 12 13 13
t 10 6 19 6 24 578 12 23
t 31 765 15 7 1 5 8 10
t 5 12 10 6 23 573 12 7
t 8 575 17 25 7 5 5 23
t 11 3 10 5 3 579 7 19
t 10 4 7 2 11 14 25 589
t 4 19 24 11 706 32 20 0
t 19 8 34 21 14 791 31 22
t 21 22 7 587 24 22 10 23
t 687 34 39 28 0 0 1 23
t 576 23 15 14 19 15 9 11
t 27 35 13 25 785 9 23 10
t 33 638 17 2 27 26 25 18
t 731 11 12 23 18 27 12 38
t 10 20 13 10 2 5 584 18
t 2 21 16 25 16 19 21 585
t 19 5 14 10 586 23 18 12
t 11 12 22 17 5 733 35 6
t 19 11 20 7 599 11 14 7
t 20 578 1 11 11 18 15 5
t 781 27 19 30 28 21 30 18
t 15 568 19 2 12 14 4 7
t 16 572 24 12 3 11 18 25
t 20 36 20 618 35 37 39 13
t 594 17 22 5 10 25 24 3
t 5 25 23 3 10 24 564 13
t 14 1 12 568 2 6 7 19
t 29 7 7 32 25 671 18 8
t 17 6 3 3 9 25 24 575
t 798 29 24 16 36 26 6 33
t 2 20 22 16 12 2 596 17
t 9 4 577 6 14 22 25 14
t 596 7 24 13 12 16 16 16
t 34 34 3 35 22 26 602 2
t 21 582 18 25 14 11 15 16
t 25 23 21 11 12 626 23 38
t 4 5 16 9 20 23 5 583
t 12 5 22 1 4 582 24 24
t 37 19 8 740 23 8 19 16
t 9 10 17 566 20 2 19 20
t 654 13 26 0 14 8 5 23
t 10 17 582 19 5 4 16 4
t 5 16 8 11 12 560 24 25
t 5 3 18 21 36 17 2 752
t 19 33 9 792 10 10 36 39
t 2 24 790 28 17 14 15 14
t 17 710 24 33 18 34 24 25
t 16 1 575 18 20 7 15 19
t 14 32 1 37 29 710 4 37
t 21 1 693 37 10 32 26 35
t 648 28 20 7 30 30 28 3
t 28 37 0 32 11 6 35 793
t 13 3 5 15 681 17 8 12
t 17 22 19 8 37 10 771 22
t 4 31 17 26 742 1 0 1
t 634 27 37 15 38 7 23 10
t 14 25 17 20 6 566 14 17
t 11 15 8 9 19 579 20 18
t 32 14 721 18 21 20 12 5
t 21 652 31 3 13 21 32 0
t 567 10 4 17 25 6 11 2
t 25 2 11 17 714 17 8 31
t 6 5 578 1 19 22 8 19
t 26 5 17 18 8 25 6 767
t 2 19 6 563 19 17 4 15
t 38 3 36 3 15 26 709 7
t 4 25 5 30 13 24 16 703
t 37 31 32 34 730 23 11 1
t 1 636 14 25 13 15 38 2
t 6 2 682 34 7 5 32 9
t 13 563 25 11 24 21 21 3
t 561 25 25 24 8 22 13 25
t 3 8 17 15 6 22 571 18
t 3 2 40 760 7 32 40 28
t 32 27 25 0 38 26 23 655
t 565 25 2 4 7 7 22 14
t 8 1 34 19 702 32 21 24
t 24 2 21 568 24 6 8 6
t 13 1 600 7 0 4 4 26
t 19 12 17 11 17 583 18 8
t 21 7 19 20 6 9 24 580
t 625 9 40 12 11 17 35 29
t 13 11 577 10 8 18 4 25
t 2 10 10 570 6 25 5 21
t 15 12 12 16 14 17 3 570
t 578 15 2 7 12 2 5 24
t 10 22 12 4 2 25 580 22
t 3 32 16 23 26 28 698 38
t 12 2 17 19 7 588 2 3
t 17 8 23 593 12 7 21 22
t 33 6 9 36 2 2 37 730
t 592 2 8 22 16 20 23 11
t 587 19 6 24 23 2 4 3
t 4 566 9 8 16 8 10 1
t 675 20 10 1 2 2 23 10
t 20 26 40 5 1 19 26 672
t 13 10 14 18 562 12 22 20
t 3 628 31 40 14 9 13 40
t 22 24 4 564 1 16 10 2
t 21 12 26 26 630 30 4 39
t 38 38 34 618 21 12 14 10
t 5 4 14 4 21 21 6 574
t 21 35 14 2 34 30 36 648
t 773 6 38 19 7 28 23 5
t 14 19 4 17 2 596 9 11
t 5 10 581 9 16 25 5 21
t 20 37 23 642 40 27 6 13
t 14 579 6 24 5 23 22 25
t 5 15 24 7 571 10 8 25
t 11 16 24 596 20 13 21 15
t 18 779 39 18 20 15 2 2
t 18 13 3 0 670 19 13 2
t 8 24 17 9 597 22 2 11
t 798 11 11 35 27 19 35 29
t 34 16 9 30 632 25 22 34
t 40 14 29 30 9 3 35 721
t 18 33 8 6 37 1 662 40
t 20 22 6 22 587 13 22 17
t 40 37 11 28 746 19 34 35
t 19 39 38 31 27 28 706 34
t 566 1 6 3 19 24 20 4
t 9 5 18 23 15 572 10 7
t 6 595 18 25 25 23 21 6
t 6 23 19 4 2 24 571 25
t 12 9 12 571 24 6 18 2
t 22 36 20 761 7 20 39 18
t 14 1 4 4 13 20 7 591
t 34 21 697 16 1 2 14 16
t 17 34 8 27 16 731 8 24
t 5 38 640 12 33 15 39 20
t 1 18 18 599 11 2 15 7
t 16 6 7 8 579 21 24 3
t 23 14 11 4 20 4 21 592
t 17 4 13 19 24 6 6 563
t 7 4 2 26 33 37 676 4
t 22 18 7 12 25 570 12 14
t 40 31 1 38 1 19 723 12
t 25 15 12 24 599 15 4 4
t 22 39 39 16 1 27 639 36
t 12 1 22 1 21 13 591 15
t 24 18 562 20 7 8 5 16
t 7 3 5 2 1 560 17 17
t 5 7 25 3 9 571 25 14
t 6 22 2 5 8 630 10 3
t 26 6 21 9 18 705 19 10
t 24 16 17 573 24 18 4 17
t 31 20 39 21 9 25 780 4
t 21 21 12 10 25 21 16 567
t 21 25 36 39 12 30 745 33
t 11 22 23 20 6 14 23 575
t 0 24 17 15 682 39 34 13
t 32 37 18 3 5 24 17 633
t 24 7 8 19 3 17 8 576
t 15 15 715 40 37 7 21 20
t 5 730 28 23 40 14 17 33
t 18 16 2 590 3 25 24 13
t 32 35 5 24 22 12 787 5
t 10 37 27 5 8 28 6 797
t 12 568 12 7 12 25 1 11
t 765 32 9 6 16 32 27 35
t 23 2 20 13 25 595 15 12
t 28 764 22 25 0 32 5 14
t 584 1 18 25 24 20 20 10
t 642 16 10 37 8 33 0 20
t 8 10 16 16 18 597 7 20
t 23 20 3 3 5 10 21 592
t 12 25 561 10 7 17 10 21
t 20 5 2 3 574 22 3 9
t 2 19 6 3 9 11 585 7
t 3 11 17 18 11 574 15 6
t 17 7 16 5 5 584 11 6
t 2 2 24 5 22 5 594 21
t 21 562 16 4 5 7 17 17
t 574 6 11 23 5 5 20 7
t 30 39 12 4 620 4 31 29
t 4 33 39 38 12 699 37 10
t 12 12 40 35 39 10 15 627
t 35 22 13 34 30 733 34 19
t 17 22 19 9 10 7 12 577
t 8 21 572 8 7 13 5 24
t 20 28 33 610 27 35 15 8
t 0 1 10 35 10 636 26 20
t 23 6 20 576 3 3 20 17
t 6 6 12 12 574 7 18 16
t 6 0 7 27 653 30 4 10
t 10 16 14 14 578 3 15 1
t 11 17 573 12 13 20 23 15
t 11 21 597 10 1 20 12 7
t 22 1 594 12 5 24 16 19
t 599 19 20 4 15 24 1 4
t 29 29 15 32 718 6 22 25
t 25 2 2 8 591 1 2 16
t 19 30 8 27 40 1 17 708
t 18 627 0 35 40 4 11 38
t 10 23 22 12 7 576 20 6
t 10 14 6 578 20 8 14 6
t 24 36 7 6 21 15 39 762
t 12 30 663 14 3 11 12 35
t 19 4 18 23 14 11 590 15
t 7 13 19 4 25 21 727 12
t 20 2 21 19 586 12 2 22
t 4 793 19 40 9 8 12 6
t 17 22 13 8 10 564 11 4
t 14 570 20 10 10 5 13 10
t 34 18 1 38 37 731 39 8
t 31 7 38 752 15 17 6 3
t 563 4 24 20 25 22 21 11
t 23 14 23 590 16 8 25 1
t 12 25 25 20 24 21 596 23
t 19 24 19 25 4 6 1 565
t 568 19 5 9 10 10 22 5
t 8 20 18 6 22 18 570 16
t 16 11 581 24 10 17 10 14
t 23 22 10 11 16 13 592 11
t 17 15 779 0 40 37 11 2
t 569 4 21 23 14 4 18 16
t 37 25 773 31 22 28 9 15
t 20 659 23 29 17 3 21 36
t 21 18 3 6 11 14 566 4
t 29 6 23 8 8 8 618 37
t 16 39 635 37 37 37 2 8
t 22 32 621 14 9 11 11 19
t 13 587 11 6 2 14 7 13
t 20 12 560 8 1 10 1 11
t 11 579 21 7 13 22 20 3
t 30 27 23 30 681 4 2 7
t 17 17 10 573 22 12 17 4
t 23 12 15 561 9 7 17 4
t 781 18 18 29 26 24 38 30
t 613 22 5 4 38 31 39 27
t 0 3 14 30 20 685 36 19
t 27 36 4 30 16 754 1 22
t 8 15 14 15 3 585 9 8
t 617 3 6 32 36 2 40 29
t 18 7 25 733 36 39 30 32
t 26 26 4 10 31 6 643 28
t 4 13 3 3 9 597 17 8
t 21 20 20 9 585 8 19 2
t 576 20 5 5 18 19 24 24
t 14 21 10 629 2 14 5 34
t 19 572 10 21 3 3 16 11
t 30 9 35 36 26 18 30 750
t 9 25 14 599 11 12 23 23
t 0 617 11 4 22 1 1 8
t 3 561 23 15 25 16 9 19
t 1 14 3 1 12 18 569 7
t 11 9 0 4 28 672 32 8
t 17 15 25 565 21 22 13 5
t 11 20 3 10 20 22 1 595
t 23 12 9 589 7 16 1 8
t 726 21 15 15 0 23 39 26
t 19 11 17 5 13 8 564 8
t 11 8 1 13 18 18 596 23
t 18 732 16 29 20 34 7 14
t 9 4 20 22 15 11 573 25
t 24 562 14 12 21 17 5 19
t 34 29 2 707 15 27 12 15
t 6 21 15 19 581 23 23 12
t 14 10 3 573 18 18 23 21
t 12 11 9 590 12 11 8 12
t 21 23 18 24 11 3 17 586
t 16 599 19 11 22 13 21 16
t 6 5 576 22 17 19 10 1
t 25 24 10 780 25 21 33 25
t 21 14 11 7 1 4 24 560
t 4 23 21 5 574 7 23 11
t 9 19 37 1 23 21 796 35
t 23 3 575 16 16 3 1 18
t 32 15 32 37 672 9 19 39
t 2 11 28 8 33 35 622 20
t 592 1 23 19 6 12 6 19
t 15 4 10 8 587 12 6 25
t 19 26 654 36 36 23 9 23
t 3 5 15 570 2 12 22 20
t 22 7 5 13 11 23 578 6
t 16 3 22 7 19 16 568 22
t 7 1 562 13 5 23 25 23
t 20 18 18 23 17 20 566 22
t 775 26 40 40 26 18 34 27
t 37 16 38 675 12 36 4 32
t 4 652 10 29 12 9 29 33
t 6 565 9 17 19 22 19 8
t 6 600 21 22 26 23 0 19
t 21 6 17 2 3 9 13 561
t 11 19 612 38 6 11 24 39
t 9 26 17 11 38 29 654 11
t 10 2 18 12 15 592 20 23
t 24 10 16 585 20 25 25 1
t 23 4 0 24 13 15 717 27
t 2 19 27 36 606 37 4 38
t 22 10 23 6 37 24 9 717
t 16 7 17 6 560 24 19 16
t 24 24 9 766 27 7 34 28
t 9 2 6 7 2 10 25 561
t 20 25 8 10 6 20 569 15
t 586 24 1 8 13 18 2 11
t 19 3 23 21 17 562 14 22
t 1 31 34 767 16 27 29 2
t 16 17 18 16 26 2 602 27
t 6 35 18 4 602 28 10 16
t 3 747 32 18 23 17 23 3
t 22 9 23 19 5 25 19 578
t 38 6 10 18 23 40 644 0
t 562 5 19 6 2 18 19 18
t 16 23 24 15 16 6 595 8
t 18 562 11 14 20 23 2 11
t 17 19 11 3 5 23 21 564
t 2 2 0 13 732 28 33 5
t 35 2 17 35 757 34 27 21
t 9 10 11 23 563 12 22 7
t 6 15 20 19 588 21 16 19
t 24 568 1 10 14 3 2 18
t 5 3 22 9 3 592 18 4
t 707 9 31 21 22 22 7 35
t 20 1 1 20 23 19 3 567
t 0 28 37 36 743 24 24 16
t 6 17 573 10 2 12 6 14
t 34 25 8 28 23 736 12 28
t 16 8 17 23 23 15 567 24
t 605 25 38 19 26 22 25 26
t 40 16 3 36 644 30 21 15
t 13 26 32 7 39 3 22 702
t 10 2 11 20 25 7 15 588
t 18 19 5 24 8 3 563 18
t 39 20 31 26 3 39 2 746
t 28 19 34 11 26 10 649 16
t 22 2 25 1 16 6 20 587
t 23 589 2 2 5 11 4 1
t 33 9 12 25 4 692 14 24
t 27 13 26 2 15 702 0 10
t 8 20 22 7 569 6 7 23
t 9 23 21 23 12 2 2 567
t 573 22 18 12 14 8 17 9
t 38 18 7 25 728 38 0 39
t 4 1 585 25 21 5 25 22
t 4 24 23 578 23 25 4 24
t 6 3 17 21 562 12 14 11
t 17 2 16 19 21 16 565 20
t 34 25 34 13 2 694 27 18
t 20 698 28 37 12 15 25 18
t 29 18 29 723 16 15 18 2
t 24 7 4 17 9 7 575 24
t 21 20 17 19 17 11 2 591
t 15 7 21 15 10 1 585 7
t 24 21 1 27 32 37 25 714
t 21 17 594 21 22 13 1 21
t 730 13 23 38 7 32 6 19
t 29 38 14 1 0 690 11 40
t 19 16 9 592 16 1 25 4
t 16 673 22 23 5 24 29 12
t 31 20 19 11 19 38 37 647
t 13 24 7 21 14 14 13 585
t 22 22 15 24 9 18 22 570
t 7 778 33 6 40 25 1 23
t 10 26 10 759 6 21 35 22
t 587 23 7 3 18 6 22 19
t 22 5 6 16 2 6 572 9
t 16 1 14 18 22 21 23 594
t 30 7 21 705 5 4 7 2
t 4 35 20 710 10 3 14 38
t 14 677 4 34 16 33 7 23
t 2 7 12 11 5 20 25 576
t 571 18 10 20 22 13 11 25
t 15 37 612 31 15 40 21 11
t 20 25 735 27 31 34 31 20
t 1 37 19 35 772 14 8 1
t 25 22 15 591 5 15 19 21
t 21 15 562 21 16 20 11 13
t 19 14 20 11 1 562 22 22
t 5 2 5 568 13 23 7 22
t 11 676 33 2 19 0 15 6
t 579 23 22 19 10 11 19 4
t 1 16 11 592 7 9 25 6
t 11 575 25 13 16 10 4 23
t 4 25 40 8 6 25 16 773
t 2 11 1 586 9 4 4 1
t 8 22 24 2 13 563 24 21
t 16 33 6 0 11 37 652 11
t 8 22 19 579 11 6 18 23
t 37 32 2 9 19 717 29 27
t 21 22 37 39 33 3 35 654
t 14 786 9 13 16 0 18 32
t 24 583 17 10 4 15 16 7
t 14 35 30 25 17 40 627 15
t 35 39 37 704 17 6 9 9
t 5 18 8 1 21 9 581 6
t 7 10 7 575 3 19 5 14
t 575 17 19 6 4 1 21 23
t 724 11 35 3 24 20 33 28
t 3 24 6 586 12 18 12 23
t 576 2 19 2 25 16 7 18
t 37 17 27 25 667 3 35 13
t 26 603 25 36 40 15 24 11
t 18 9 8 5 22 6 12 579
t 9 7 33 10 12 3 736 40
t 7 25 13 4 11 1 584 7
t 24 9 15 592 10 8 4 1
t 12 32 29 32 681 12 28 32
t 22 4 697 24 17 13 25 16
t 1 8 746 31 0 27 29 40
t 575 4 16 6 9 5 17 24
t 3 6 21 741 34 1 31 34
t 20 13 578 15 3 17 1 3
t 16 6 25 10 7 705 13 13
t 19 21 4 13 12 597 4 2
t 30 36 35 17 26 629 23 17
t 13 22 2 19 20 17 3 584
t 19 15 6 21 4 24 566 9
t 25 24 8 17 1 596 14 19
t 22 11 4 565 8 22 19 3
t 23 38 29 3 6 23 7 660
t 17 591 16 25 7 3 18 9
t 9 23 11 20 19 1 22 577
t 702 28 21 7 31 0 16 34
t 596 12 16 13 13 5 7 25
t 1 666 24 28 17 40 8 15
t 35 14 747 2 20 14 11 31
t 6 23 6 10 587 11 8 5
t 15 17 8 565 7 13 1 23
t 748 13 26 19 4 26 36 6
t 30 5 33 29 27 677 14 17
t 14 13 12 643 6 33 19 4
t 11 7 31 37 36 0 697 21
t 40 31 24 10 13 23 20 641
t 3 22 567 4 17 8 15 4
t 32 38 5 40 36 33 12 650
t 23 2 591 2 16 25 18 6
t 1 15 14 6 22 593 9 4
t 37 10 26 27 2 714 1 16
t 26 22 10 22 4 14 782 7
t 10 37 30 0 28 20 33 682
t 25 593 3 20 1 10 16 22
t 563 1 24 6 11 12 18 17
t 652 40 37 0 22 8 28 31
t 7 1 25 25 11 5 569 10
t 9 13 584 20 25 3 11 11
t 567 17 7 18 21 1 18 16
t 19 15 9 19 16 594 3 24
t 21 9 13 11 15 21 596 21
t 20 11 22 10 567 6 20 23
t 780 12 26 38 10 12 14 13
t 584 3 11 17 8 9 18 14
t 15 3 20 592 1 7 19 10
t 40 18 21 13 13 11 605 37
t 20 7 8 19 3 596 23 21
t 40 32 6 26 20 24 749 36
t 8 4 0 10 34 13 636 13
t 599 9 22 1 7 13 13 1
t 18 31 26 38 8 771 14 38
t 28 31 4 24 25 15 690 14
t 19 3 584 12 15 22 19 13
t 34 674 11 10 18 13 23 3
t 18 19 741 37 19 17 3 14
t 18 22 735 25 37 30 13 36
t 20 2 3 15 12 15 1 598
t 783 27 5 23 19 29 19 21
t 20 7 18 2 26 31 19 778
t 38 6 636 37 40 35 17 37
t 588 15 12 4 12 24 2 12
t 594 5 12 3 5 21 24 21
t 16 15 21 14 564 15 6 13
t 3 8 2 8 40 694 39 36
t 3 10 15 23 12 598 22 13
t 566 18 1 7 20 21 9 12
t 658 5 20 40 4 26 40 18
t 11 17 12 5 15 5 5 578
t 10 34 26 0 619 6 29 10
t 571 20 20 2 12 24 10 21
t 13 6 26 4 34 24 4 719
t 571 23 24 24 8 3 25 15
t 18 20 13 14 23 19 566 4
t 10 40 11 37 14 0 15 733
t 11 4 11 19 25 13 13 567
t 21 21 589 1 9 5 11 21
t 5 12 23 19 25 17 11 583
t 16 597 11 10 22 22 23 20
t 3 17 17 576 25 6 25 19
t 2 581 9 23 7 19 17 17
t 12 17 34 2 17 39 690 2
t 11 1 3 4 13 11 569 1
t 6 25 2 575 23 3 7 7
t 653 38 31 1 2 35 29 23
t 20 7 24 17 572 1 15 22
t 3 23 1 592 2 14 22 20
t 14 14 14 22 16 7 578 7
t 22 718 7 22 8 11 28 16
t 37 20 798 16 5 9 10 7
t 1 15 6 573 25 8 13 13
t 6 30 15 31 12 732 5 15
t 710 19 33 10 32 40 15 32
t 30 18 16 612 28 25 21 5
t 36 11 629 20 20 21 34 34
t 33 14 613 1 33 35 6 32
t 23 24 13 11 12 19 24 568
t 5 5 2 21 720 10 34 11
t 563 21 12 22 4 17 22 8
t 30 759 19 10 26 19 25 8
t 734 5 32 39 26 14 28 32
t 1 618 0 18 14 2 40 0
t 582 12 3 8 10 18 7 19
t 22 3 21 30 34 3 15 604
t 2 40 11 30 10 724 16 16
t 3 25 9 15 7 581 19 17
t 19 25 743 26 15 15 36 15
t 13 12 21 18 2 6 567 22
t 10 1 23 1 577 4 14 13
t 17 6 2 14 1 21 568 12
t 7 11 10 6 24 589 17 23
t 721 14 33 0 19 14 11 31
t 37 33 19 742 27 27 1 4
t 580 9 6 19 15 15 14 15
t 23 18 19 25 19 23 590 23
t 29 2 39 0 24 771 4 23
t 7 36 7 37 18 768 35 36
t 22 39 34 31 12 714 36 29
t 25 40 3 13 37 602 8 33
t 16 9 17 2 588 16 18 18
t 20 13 18 9 9 578 19 7
t 19 9 721 28 12 28 19 24
t 592 15 25 19 24 17 24 6
t 34 38 8 21 22 23 657 35
t 8 31 19 15 26 10 699 5
t 22 36 25 607 28 32 27 6
t 12 23 19 13 16 25 5 561
t 17 34 730 32 2 27 14 20
t 4 25 24 19 592 7 12 12
t 23 7 594 4 11 9 24 2
t 3 646 5 13 14 28 38 4
t 23 35 35 6 22 20 605 4
t 5 20 787 0 5 2 14 0
t 5 594 22 15 1 14 2 23
t 20 19 11 20 2 22 3 589
t 18 787 36 35 31 6 22 38
t 27 21 25 13 750 21 19 25
t 4 614 28 32 19 22 33 23
t 8 19 0 36 15 13 5 761
t 10 23 568 11 11 11 24 1
t 39 15 38 733 14 35 2 12
t 13 3 626 30 15 16 28 7
t 612 15 28 33 12 2 39 8
t 16 21 571 7 16 14 15 22
t 35 6 34 24 4 799 7 3
t 12 4 5 11 18 10 34 721
t 26 28 691 29 8 6 26 7
t 576 12 11 8 13 24 20 2
t 4 32 39 789 27 26 20 37
t 30 16 12 22 21 13 38 740
t 16 28 18 685 27 5 9 6
t 9 27 14 673 11 7 29 18
t 16 6 14 15 17 589 2 9
t 7 8 19 15 20 599 22 13
t 24 9 14 24 3 10 566 10
t 2 22 25 10 2 19 23 593
t 29 29 8 0 38 31 653 30
t 1 22 26 0 727 7 37 22
t 8 3 22 14 4 7 561 17
t 6 3 13 23 9 7 4 579
t 13 587 17 16 23 23 12 23
t 15 2 10 11 3 3 566 14
t 3 21 24 22 579 9 11 15
t 9 2 21 1 23 21 19 571
t 5 26 722 21 9 40 23 10
t 36 25 22 18 667 18 39 33
t 2 7 579 18 15 4 8 18
t 17 560 21 3 25 22 2 19
t 746 37 8 7 18 10 7 20
t 6 13 771 31 26 34 37 3
t 20 677 18 22 39 26 17 7
t 9 29 795 6 30 13 40 13
t 15 798 33 14 17 38 31 24
t 10 11 14 12 574 23 21 13
t 17 592 17 7 21 25 15 4
t 30 793 20 22 27 36 32 34
t 31 18 38 24 7 30 674 38
t 38 39 1 793 25 0 17 2
t 6 23 23 2 595 7 22 21
t 17 5 12 5 578 7 8 9
t 3 20 12 10 572 23 25 20
t 31 6 18 24 8 674 2 27
t 20 14 11 18 25 25 575 6
t 12 6 16 6 2 563 22 7
t 27 8 24 1 38 7 14 706
t 28 12 0 28 25 32 15 606
t 2 24 19 10 9 19 570 4
t 12 24 24 2 582 9 21 6
t 36 21 28 614 40 9 12 29
t 18 38 10 29 29 706 29 1
t 6 19 25 24 573 19 3 23
t 4 25 19 17 20 12 588 25
t 30 34 776 26 40 14 12 37
t 16 33 763 38 18 16 20 27
t 3 18 9 14 38 7 774 17
t 653 40 20 24 36 35 23 25
t 21 22 21 9 5 7 20 590
t 5 10 13 14 562 22 6 1
t 28 29 32 36 22 784 28 9
t 38 20 29 14 12 756 10 22
t 30 11 10 24 770 1 30 12
t 10 11 572 12 1 15 3 11
t 1 12 36 0 797 24 31 28
t 35 29 18 690 32 1 28 15
t 14 17 568 2 6 5 12 21
t 10 14 11 584 9 19 4 20
t 20 4 17 2 11 20 3 576
t 24 581 16 15 23 13 14 1
t 3 21 578 15 12 10 8 7
t 23 1 24 9 11 598 24 17
t 17 25 25 26 14 610 27 15
t 24 24 22 8 13 11 20 579
t 13 6 597 9 8 23 24 5
t 29 28 16 24 620 22 15 10
t 5 19 1 21 1 24 17 589
t 5 17 5 10 7 9 595 2
t 581 10 6 8 17 9 20 22
t 13 5 594 25 18 12 25 17
t 5 16 2 1 719 34 1 4
t 666 28 34 2 5 29 35 9
t 23 6 3 12 568 20 13 4
t 6 12 5 21 12 24 1 575
t 19 25 28 24 37 21 724 25
t 11 13 560 19 21 24 20 3
t 5 9 14 5 570 15 16 20
t 32 19 14 5 23 29 4 647
t 0 5 700 25 0 25 8 2
t 7 590 8 7 16 7 17 10
t 584 18 25 24 19 12 2 6
t 18 3 7 24 24 1 592 11
t 16 3 0 20 0 743 26 0
t 18 9 561 13 16 22 20 6
t 19 29 40 17 26 38 11 776
t 22 586 7 17 1 21 12 8
t 24 4 22 755 3 37 22 24
t 23 757 18 6 21 25 37 13
t 25 20 15 7 1 23 12 588
t 1 10 30 753 13 35 37 30
t 40 25 720 35 11 0 32 27
t 15 13 3 20 1 592 8 8
t 17 19 569 16 16 14 11 1
t 24 13 9 8 24 24 25 560
t 12 18 3 14 3 13 573 3
t 13 23 9 591 10 10 15 15
t 26 11 21 628 28 7 29 13
t 673 4 26 1 30 15 37 39
t 1 18 20 9 16 578 2 4
t 4 21 12 15 561 2 21 14
t 11 586 4 19 12 14 12 4
t 31 24 21 33 637 18 12 31
t 19 741 17 6 16 0 7 1
t 19 4 25 2 10 596 21 18
t 15 568 9 7 6 16 20 5
t 35 10 35 743 13 19 8 36
t 6 25 7 25 27 765 19 2
t 10 1 574 6 8 5 14 4
t 11 18 11 23 37 775 3 23
t 25 1 16 2 18 11 591 14
t 25 688 24 33 30 0 32 31
t 38 15 30 10 33 39 735 20
t 2 23 10 14 15 5 590 2
t 4 13 18 13 18 21 584 9
t 8 9 4 1 15 17 19 588
t 11 4 20 36 5 7 3 738
t 23 10 33 37 773 39 6 2
t 20 13 9 9 582 21 13 8
t 9 572 3 17 20 20 12 1
t 11 19 9 13 14 597 15 8
t 21 12 19 20 630 26 31 32
t 715 33 17 0 10 31 23 16
t 30 19 39 39 34 791 9 9
t 24 10 632 13 24 21 33 38
t 28 17 33 15 28 1 7 610
t 27 33 38 16 622 39 30 10
t 608 1 2 6 31 33 6 2
t 10 16 11 21 591 19 7 1
t 29 12 33 13 26 691 39 23
t 9 572 21 17 6 15 25 24
t 4 1 10 15 31 758 18 19
t 25 561 23 10 20 9 15 11
t 12 11 587 1 5 12 19 15
t 15 11 35 1 39 664 1 34
t 629 32 40 36 32 9 9 32
t 20 11 5 579 22 21 3 15
t 25 23 6 5 570 22 3 18
t 573 8 21 21 20 10 3 9
t 669 23 17 6 30 23 21 39
t 11 21 7 24 596 15 11 25
t 33 27 34 36 786 28 28 38
t 14 7 4 7 585 11 16 7
t 9 13 16 3 10 10 582 10
t 733 37 38 14 11 17 23 1
t 20 683 25 19 21 38 9 40
t 9 8 25 10 589 15 19 5
t 24 13 25 16 21 16 604 22
t 32 776 15 38 28 34 33 8
t 9 3 567 12 4 4 9 16
t 8 27 35 19 726 9 37 5
t 14 12 586 9 1 25 7 19
t 21 3 19 23 22 6 22 587
t 10 17 12 562 10 14 13 14
t 8 23 19 11 24 3 17 568
t 9 38 670 2 1 19 23 33
t 17 13 10 7 573 15 6 15
t 35 39 17 5 28 19 40 605
t 5 23 32 40 36 12 4 790
t 15 5 24 6 13 573 5 3
t 11 15 0 627 3 30 13 8
t 3 573 25 7 24 6 25 11
t 7 6 15 5 22 564 13 7
t 598 3 23 3 19 4 4 25
t 563 21 17 9 12 1 20 16
t 9 20 6 8 38 660 23 25
t 36 20 3 706 3 8 32 35
t 34 16 20 701 10 18 2 18
t 15 19 3 1 569 9 6 17
t 15 7 29 29 21 3 24 690
t 582 25 8 8 12 5 14 22
t 7 575 5 9 13 23 12 11
t 11 26 783 21 3 40 24 35
t 4 2 598 23 21 5 22 9
t 8 8 5 8 21 23 586 16
t 25 8 25 15 7 16 570 15
t 1 13 7 22 18 8 18 572
t 584 12 21 8 5 2 20 7
t 596 15 6 19 21 19 2 8
t 27 19 16 18 2 30 710 1
t 564 20 24 15 20 1 17 13
t 1 577 25 19 25 24 17 21
t 23 17 20 588 1 18 10 5
t 16 13 17 585 16 7 19 12
t 16 21 12 23 2 3 9 560
t 638 10 9 14 29 13 40 0
t 20 4 24 4 9 580 18 22
t 1 16 6 589 3 14 25 14
t 598 2 4 7 16 6 17 24
t 20 17 24 6 1 581 8 18
t 38 20 11 19 33 36 788 22
t 15 13 20 17 9 25 23 564
t 11 20 598 21 17 23 7 23
t 10 11 19 7 560 12 9 5
t 36 37 34 2 0 32 698 3
t 24 20 9 3 5 11 594 3
t 35 16 19 791 17 8 36 35
t 14 566 1 19 24 4 6 11
t 21 40 30 21 14 701 19 29
t 17 8 645 35 29 37 12 8
t 1 578 2 24 23 20 8 12
t 795 26 21 6 27 0 1 5
t 18 4 566 7 20 19 1 23
t 17 8 16 585 24 23 14 21
t 591 6 19 22 24 9 6 6
t 16 14 19 1 7 5 598 13
t 34 34 35 19 759 26 14 14
t 9 667 26 9 39 31 38 10
t 25 22 7 39 26 32 621 33
t 22 11 11 21 14 12 582 18
t 16 21 1 16 17 21 2 575
t 30 22 799 19 16 14 2 28
t 25 33 770 29 33 40 27 14
t 21 583 7 7 6 22 3 2
t 25 25 25 24 571 11 3 19
t 23 7 19 1 7 21 563 2
t 29 21 34 6 18 679 39 31
t 16 4 11 1 1 11 22 574
t 18 11 20 21 20 24 22 596
t 14 15 22 23 25 23 589 21
t 588 17 24 6 3 12 14 19
t 31 37 2 1 616 8 1 1
t 14 14 12 5 565 13 14 16
t 40 37 19 36 24 679 9 26
t 14 700 39 26 12 20 13 11
t 1 12 9 588 8 22 2 15
t 5 13 7 18 6 5 24 571
t 12 13 14 14 32 752 2 32
t 25 4 23 576 11 16 13 6
t 22 10 24 14 3 588 25 20
t 31 11 794 10 33 33 15 13
t 9 1 21 18 22 575 11 8
t 584 16 4 25 24 13 16 2
t 21 11 11 6 22 18 7 577
t 1 25 8 2 19 10 576 17
t 26 3 10 39 17 32 648 38
t 20 23 617 7 39 7 22 6
t 18 23 2 15 18 8 15 573
t 1 36 713 36 39 20 3 6
t 562 7 5 7 25 22 24 4
t 3 30 26 15 38 8 691 37
t 15 18 23 22 21 595 21 12
t 11 17 1 16 1 5 580 23
t 14 40 22 8 38 713 4 5
t 22 8 21 33 5 36 15 622
t 22 9 4 15 24 572 7 25
t 23 565 24 7 22 15 11 23
t 26 17 780 11 10 0 5 11
t 9 14 7 24 560 1 11 24
t 6 23 33 5 19 603 26 32
t 17 2 7 3 25 1 9 570
t 19 569 18 18 23 9 18 5
t 8 689 40 7 35 18 10 33
t 21 681 39 25 3 15 29 37
t 23 6 577 6 5 5 1 2
t 10 13 33 14 36 33 3 756
t 37 15 40 789 17 4 0 6
t 10 672 18 2 24 33 29 21
t 23 25 8 561 15 21 1 5
t 567 13 24 3 11 10 4 16
t 7 20 7 20 15 20 615 30
t 15 10 16 13 595 24 18 7
t 35 26 35 13 5 17 9 663
t 577 19 20 10 23 6 16 16
t 38 40 612 36 13 34 25 18
t 35 35 36 790 4 15 5 30
t 24 23 16 565 18 3 2 6
t 2 25 18 14 5 13 16 572
t 19 26 32 27 740 40 7 10
t 5 8 596 16 5 16 8 24
t 31 17 12 34 39 678 34 3
t 11 13 6 3 5 570 5 6
t 36 24 775 22 27 31 32 34
t 675 11 27 35 39 3 12 1
t 28 25 37 37 18 8 673 26
t 12 16 561 1 25 7 14 16
t 2 28 746 11 12 17 40 9
t 22 564 18 1 2 20 12 8
t 17 9 599 18 15 18 7 15
t 25 23 785 38 34 10 34 27
t 25 3 17 581 18 24 7 10
t 23 14 15 20 15 575 6 20
t 18 3 757 38 40 36 3 8
t 758 0 3 30 32 38 39 36
t 28 728 13 7 17 36 5 5
t 24 12 12 4 16 590 20 17
t 3 23 6 4 18 3 16 589
t 3 16 15 567 1 14 16 8
t 564 14 13 14 22 9 10 7
t 9 7 12 21 16 14 16 567
t 22 36 38 28 10 758 26 29
t 24 561 7 10 2 5 1 9
t 19 9 21 572 21 11 12 10
t 31 0 10 40 28 773 2 7
t 11 574 4 22 6 13 11 24
t 9 21 10 575 6 22 11 18
t 19 35 0 32 16 783 36 20
t 578 2 12 5 18 3 21 14
t 15 6 29 29 784 5 34 15
t 591 22 6 23 24 18 16 14
t 10 25 7 13 6 595 15 8
t 1 12 7 16 20 566 19 23
t 16 8 16 6 18 594 16 8
t 20 11 27 643 16 24 15 22
t 28 662 15 5 29 39 27 35
t 35 32 35 40 9 0 633 5
t 13 567 13 11 3 20 1 12
t 39 604 2 34 24 6 7 19
t 29 8 1 667 18 19 20 22
t 6 575 22 3 24 20 20 10
t 2 18 19 16 4 1 597 24
t 18 724 36 3 20 27 29 2
t 628 40 10 13 28 16 0 30
t 14 20 4 776 5 24 24 5
t 21 27 0 40 15 32 15 764
t 27 30 19 689 29 8 33 10
t 15 12 16 6 21 19 6 573
t 9 6 586 24 18 19 1 11
t 22 16 34 30 789 7 13 24
t 2 2 20 19 1 16 25 569
t 8 19 574 10 1 18 15 19
t 24 21 11 34 33 683 10 9
t 34 38 21 17 16 605 16 32
t 14 23 19 12 683 15 11 39
t 27 29 40 750 19 7 12 2
t 2 2 13 23 8 5 13 575
t 30 13 1 32 15 16 717 5
t 13 13 2 1 584 5 7 10
t 10 13 13 19 2 585 11 5
t 9 15 25 18 20 4 3 580
t 20 14 9 2 2 23 591 24
t 16 25 36 17 3 717 40 0
t 38 13 751 14 19 6 17 10
t 782 12 16 1 34 19 31 26
t 20 23 5 3 20 13 9 592
t 790 7 0 40 25 21 9 35
t 24 28 25 28 23 33 783 40
t 560 9 2 8 18 24 14 19
t 11 27 38 2 32 29 14 761
t 29 31 39 0 26 778 27 14
t 20 21 13 5 22 19 18 592
t 16 7 4 25 13 572 9 18
t 17 560 24 3 10 25 16 24
t 588 5 3 5 22 17 12 15
t 29 18 777 16 24 37 29 32
t 561 11 25 5 15 4 5 19
t 25 26 2 38 21 22 11 675
t 14 14 593 1 17 9 14 3
t 37 35 8 721 14 11 24 40
t 3 14 25 23 566 12 8 13
t 29 28 39 6 20 37 690 23
t 16 13 589 9 21 22 19 19
t 30 34 33 607 5 12 25 40
t 25 10 22 6 576 18 11 3
t 20 5 10 25 682 11 18 34
t 18 22 23 639 26 15 10 14
t 11 3 6 15 22 25 566 5
t 4 6 11 16 19 596 15 8
t 23 3 10 23 577 23 21 10
t 1 9 33 8 1 601 38 9
t 765 15 29 1 29 25 25 38
t 7 579 8 1 20 22 20 1
t 576 4 21 1 17 19 16 19
t 20 7 15 5 8 3 23 581
t 3 670 16 17 3 31 12 17
t 583 18 7 15 17 1 13 21
t 11 1 12 14 0 776 17 39
t 17 38 3 40 669 6 30 20
t 16 24 17 10 16 25 22 568
t 22 19 561 3 11 14 17 23
t 9 9 14 1 22 3 587 25
t 10 11 18 23 11 8 8 592
t 8 21 1 12 22 598 6 6
t 15 21 13 10 562 22 6 15
t 7 19 562 7 15 23 14 22
t 4 564 3 18 25 14 11 11
t 14 568 12 16 5 17 21 3
t 9 800 1 8 40 34 19 40
t 18 3 9 4 4 14 579 16
t 25 22 570 11 24 19 7 15
t 10 23 564 13 17 15 14 7
t 18 3 19 9 5 10 571 2
t 6 25 12 5 575 19 23 1
t 591 6 15 24 2 25 13 25
t 574 3 9 6 8 17 18 14
t 795 39 30 35 3 37 31 7
t 10 4 8 6 571 15 10 9
t 36 1 39 642 9 19 36 9
t 14 21 568 20 10 12 2 22
t 2 14 15 574 17 8 18 20
t 571 2 5 25 5 10 15 5
t 40 34 694 34 32 2 22 40
t 7 23 560 8 7 5 24 13
t 11 19 13 1 7 3 8 568
t 8 1 22 580 21 12 23 24
t 15 642 0 33 10 0 32 40
t 13 8 23 578 2 10 8 1
t 14 7 7 8 21 586 10 2
t 15 21 12 19 8 13 599 5
t 8 696 22 38 1 13 32 36
t 9 1 19 24 22 6 20 595
t 8 6 567 18 9 14 2 10
t 3 18 9 21 590 13 20 6
t 2 12 12 585 1 4 7 13
t 3 22 7 12 15 662 10 16
t 25 26 11 30 20 13 24 744
t 1 13 11 570 19 2 12 1
t 25 19 737 7 19 31 24 11
t 15 3 14 5 12 15 573 5
t 40 36 6 34 611 18 40 17
t 13 763 8 19 9 29 14 9
t 6 25 9 24 8 11 12 574
t 31 5 28 16 661 6 34 2
t 34 5 752 8 28 24 3 40
t 23 690 18 39 31 0 39 17
t 22 3 29 0 9 26 36 790
t 619 23 24 9 2 22 9 28
t 2 24 582 20 12 11 12 1
t 15 12 8 584 3 14 21 11
t 2 3 1 1 12 24 12 569
t 10 13 7 13 14 10 584 9
t 32 4 25 32 21 796 40 13
t 13 4 10 590 8 23 7 20
t 12 25 568 4 24 6 22 21
t 29 22 734 16 39 22 18 24
t 32 687 5 5 13 21 32 40
t 18 10 20 24 20 25 700 15
t 38 40 10 28 642 2 16 29
t 4 27 8 25 631 33 1 34
t 37 39 18 39 0 753 11 1
t 38 792 36 4 40 14 24 13
t 37 781 26 37 2 17 32 34
t 20 582 15 20 23 6 17 24
t 24 24 21 34 792 7 11 31
t 13 15 575 18 13 9 6 23
t 5 22 698 8 16 28 24 39
t 6 19 23 22 4 565 18 12
t 1 641 8 22 11 4 6 25
t 13 19 5 572 12 4 24 9
t 17 13 12 588 8 20 2 25
t 2 21 736 12 8 27 29 16
t 6 27 27 784 33 28 26 6
t 760 3 31 12 8 21 1 38
t 703 15 8 14 9 24 22 5
t 2 587 10 19 19 7 5 12
t 22 3 18 10 5 580 7 7
t 0 719 25 18 23 2 7 24
t 589 11 17 14 14 7 6 16
t 11 5 24 9 4 24 13 596
t 36 17 34 1 40 715 24 30
t 12 589 17 8 7 14 17 25
t 20 11 1 585 15 17 24 4
t 6 3 11 23 14 12 598 14
t 5 40 17 15 23 11 616 16
t 31 6 681 31 2 35 23 25
t 9 5 19 7 14 4 7 576
t 14 769 8 5 34 29 22 0
t 24 8 10 7 24 21 589 14
t 17 8 4 5 12 8 21 597
t 36 39 28 22 17 24 623 32
t 25 18 14 13 21 581 10 23
t 1 1 10 14 20 626 20 36
t 24 8 18 15 19 12 592 15
t 1 31 3 4 16 646 32 10
t 13 769 30 26 7 35 23 27
t 8 4 25 24 23 19 569 5
t 2 12 25 16 32 24 736 29
t 21 23 4 14 8 568 1 25
t 4 32 1 14 658 33 6 10
t 22 1 592 22 13 6 2 4
t 14 7 576 4 9 20 23 14
t 604 15 40 34 11 36 19 24
t 35 39 34 620 21 34 29 3
t 27 19 37 750 14 33 9 11
t 23 0 26 40 21 649 25 17
t 18 21 19 25 15 575 23 9
t 17 24 575 18 6 19 13 10
t 758 10 15 27 35 18 37 18
t 583 23 20 14 14 8 13 25
t 27 653 20 0 11 23 38 31
t 11 22 19 6 2 624 39 1
t 10 6 25 19 2 15 562 6
t 4 7 14 7 18 579 3 13
t 582 24 5 25 16 19 8 15
t 5 20 19 21 9 6 571 21
t 17 16 12 18 6 599 8 19
t 19 2 14 2 1 10 3 576
t 8 6 8 2 1 4 9 568
t 18 25 560 7 10 15 25 25
t 4 21 10 4 593 7 7 11
t 23 567 1 7 18 1 6 5
t 11 33 724 23 39 4 36 23
t 38 11 24 39 18 790 27 40
t 15 596 9 8 1 19 20 17
t 2 22 566 11 20 20 1 1
t 15 2 18 8 9 567 20 7
t 26 28 20 3 33 34 8 612
t 2 19 22 9 582 4 19 9
t 22 19 18 594 18 24 24 24
t 581 15 10 7 17 4 8 23
t 10 33 8 18 6 35 0 700
t 2 9 11 2 4 25 687 22
t 14 1 13 22 25 11 575 8
t 4 12 22 22 14 569 12 5
t 566 13 16 7 1 14 13 21
t 20 4 12 1 594 5 6 11
t 6 23 15 8 579 25 22 21
t 8 3 591 14 4 16 3 25
t 13 3 24 17 589 12 2 15
t 3 18 580 7 14 23 13 19
t 21 22 585 14 25 2 24 3
t 10 28 30 37 12 37 600 13
t 704 11 2 18 26 39 8 37
t 722 33 10 19 8 36 27 4
t 622 29 28 14 21 21 37 6
t 8 19 17 13 19 1 23 566
t 13 2 13 564 18 25 9 13
t 14 6 9 8 11 22 7 574
t 21 32 628 9 15 5 1 17
t 11 11 12 596 22 25 12 10
t 14 0 20 25 5 720 38 39
t 683 0 9 10 39 12 6 13
t 25 7 8 17 5 25 23 581
t 0 32 6 32 0 12 686 25
t 22 20 13 12 25 589 1 22
t 21 6 22 579 13 21 2 9
t 40 17 637 13 27 0 18 2
t 13 6 5 14 21 695 26 38
t 1 5 11 584 24 19 2 10
t 25 16 37 16 19 19 8 733
t 3 25 20 22 36 1 678 21
t 15 564 10 8 12 14 22 25
t 732 4 37 27 24 13 3 2
t 563 20 16 4 13 17 6 17
t 5 17 26 7 26 24 39 788
t 4 568 18 17 2 22 6 11
t 14 16 3 5 23 9 3 565
t 31 22 30 33 0 27 40 650
t 13 17 723 30 21 15 18 12
t 8 1 19 11 646 20 31 36
t 9 13 15 10 23 585 23 4
t 3 36 31 0 16 9 2 692
t 15 15 25 21 574 6 7 1
t 2 12 6 6 5 626 2 10
t 3 18 24 1 20 10 582 23
t 788 12 34 4 13 33 26 18
t 29 5 11 643 4 11 40 19
t 34 34 20 30 30 798 8 13
t 599 23 1 4 9 2 24 5
t 20 14 18 19 23 12 11 581
t 18 22 772 3 27 17 34 39
t 638 23 6 26 24 10 28 36
t 13 16 12 19 750 1 24 1
t 15 35 22 20 5 702 0 14
t 9 7 23 16 1 12 24 582
t 17 3 2 565 20 8 24 6
t 8 5 1 596 25 19 17 19
t 22 1 2 585 11 18 4 16
t 17 23 9 11 8 581 3 16
t 26 5 22 717 24 20 10 36
t 2 16 3 583 1 2 14 11
t 16 24 9 6 15 8 579 2
t 16 3 15 8 591 4 16 21
t 39 19 38 3 13 16 4 613
t 32 23 17 28 691 13 38 5
t 23 11 1 16 21 591 18 12
t 25 18 6 585 21 17 11 18
t 9 11 14 579 16 21 23 1
t 40 14 19 34 618 29 6 15
t 12 17 6 594 17 13 2 20
t 6 715 25 2 4 5 21 6
t 19 7 17 20 586 24 9 23
t 19 7 23 605 40 13 38 30
t 586 7 20 24 14 3 13 16
t 605 2 36 11 35 35 3 20
t 21 11 5 11 572 12 2 24
t 11 7 575 20 2 4 19 15
t 14 567 18 6 7 11 5 2
t 7 13 664 39 23 15 2 31
t 25 18 26 2 796 4 17 10
t 3 5 11 3 12 13 599 4
t 2 20 8 13 18 573 18 13
t 38 29 756 28 2 0 12 14
t 18 24 14 4 25 586 21 25
t 10 10 577 4 21 24 5 2
t 5 19 9 18 769 34 13 38
t 16 12 567 9 18 11 7 13
t 15 3 16 20 19 16 24 584
t 21 15 24 563 17 24 4 13
t 30 23 0 36 10 13 19 739
t 22 5 24 6 14 22 23 572
t 19 7 15 22 3 591 23 14
t 3 4 6 584 1 22 12 18
t 10 6 12 16 576 5 13 2
t 35 16 5 24 2 11 647 21
t 4 2 581 3 21 3 6 22
t 40 7 738 5 17 4 8 7
t 626 35 31 25 10 38 1 22
t 20 1 572 10 13 13 21 7
t 16 10 26 648 40 29 22 4
t 15 14 25 23 18 578 14 8
t 659 20 7 30 7 38 31 14
t 38 34 28 4 15 30 636 7
t 2 13 14 37 8 779 33 0
t 38 35 32 674 3 36 3 29
t 9 3 8 12 708 26 30 16
t 17 17 17 21 13 16 560 17
t 15 590 21 7 10 4 3 25
t 10 592 10 21 5 17 6 5
t 8 23 22 15 10 1 561 17
t 23 11 2 595 15 20 17 4
t 563 12 5 16 20 22 6 3
t 9 7 3 22 564 20 6 7
t 21 19 22 589 24 21 8 12
t 1 1 35 25 37 26 36 755
t 23 36 15 666 28 4 34 35
t 12 628 24 17 28 1 15 1
t 585 13 17 6 7 10 13 22
t 1 18 1 15 790 2 15 2
t 6 593 10 21 25 22 12 14
t 10 8 23 14 23 21 573 15
t 16 1 8 572 25 25 12 20
t 1 23 25 10 20 6 13 563
t 31 32 733 1 37 30 13 2
t 4 12 11 22 19 16 22 574
t 4 34 29 11 40 3 4 754
t 4 16 582 19 24 4 21 1
t 22 2 10 28 25 726 40 27
t 8 1 705 7 30 13 24 12
t 9 28 1 14 4 686 10 22
t 13 5 8 23 568 14 1 20
t 636 18 22 10 32 17 7 10
t 6 27 721 38 22 14 9 3
t 568 20 4 9 16 5 6 19
t 23 596 1 11 6 21 2 1
t 3 33 37 27 36 645 13 26
t 20 587 10 12 6 17 2 9
t 584 17 1 16 25 7 4 9
t 15 597 10 9 17 6 14 15
t 17 571 15 8 14 1 11 15
t 18 19 2 575 10 1 11 17
t 13 6 12 23 6 12 8 595
t 21 24 596 14 23 23 17 15
t 1 562 3 4 6 7 13 14
t 8 12 1 706 26 26 22 35
t 8 17 11 563 25 16 11 4
t 18 14 38 15 22 24 793 24
t 33 21 38 8 32 26 606 28
t 7 18 31 23 1 16 20 774
t 19 21 11 2 587 3 4 10
t 15 17 18 2 789 11 19 23
t 689 23 37 36 25 22 30 13
t 573 8 4 23 21 10 16 24
t 29 15 22 15 26 771 26 14
t 2 21 11 6 17 16 2 563
t 18 1 25 587 11 21 20 13
t 2 23 2 591 24 16 20 1
t 6 23 2 14 20 3 7 567
t 29 17 24 23 34 16 695 23
t 692 31 36 23 37 25 20 2
t 39 37 26 5 617 12 24 2
t 15 6 22 705 28 29 29 8
t 2 12 1 9 593 24 19 11
t 7 11 595 11 16 10 3 2
t 40 19 21 629 15 8 2 1
t 34 763 24 29 40 5 40 29
t 13 17 36 12 645 40 27 4
t 26 32 38 33 38 785 14 22
t 12 5 24 12 17 19 9 590
t 11 570 16 16 17 7 7 13
t 16 4 668 10 16 17 0 18
t 8 20 8 6 5 12 574 5
t 14 35 632 38 13 4 21 36
t 29 6 7 12 26 659 12 30
t 28 0 15 22 18 796 20 27
t 32 0 720 35 25 40 17 27
t 586 24 4 11 10 22 6 19
t 4 8 581 7 6 14 1 24
t 20 14 18 7 14 578 20 4
t 14 566 17 18 22 7 19 3
t 23 23 5 589 18 9 12 21
t 5 583 10 20 14 23 24 23
t 6 10 9 8 791 38 25 5
t 35 33 38 600 31 28 1 34
t 35 0 720 21 23 25 33 9
t 665 21 23 24 7 35 34 30
t 15 10 24 20 6 14 9 573
t 21 14 15 717 20 26 10 22
t 14 11 12 575 12 25 19 20
t 24 621 36 38 36 20 3 11
t 570 24 8 17 15 4 21 20
t 23 22 29 5 5 14 701 38
t 26 0 40 23 717 22 28 8
t 15 11 15 11 721 39 8 14
t 11 25 5 10 5 1 596 9
t 5 18 22 5 22 24 568 15
t 12 3 10 36 5 4 21 685
t 2 36 29 40 11 0 23 704
t 0 632 3 15 13 28 25 31
t 20 584 2 8 1 2 1 11
t 21 20 2 23 23 3 20 565
t 16 20 581 15 20 16 8 17
t 14 17 7 657 31 16 29 29
t 8 11 591 2 18 5 14 21
t 6 619 24 29 2 37 15 17
t 2 28 38 20 19 751 14 1
t 6 35 37 15 38 21 11 624
t 33 31 12 664 4 17 19 13
t 33 20 605 34 8 10 32 21
t 2 571 2 20 18 10 23 12
t 10 19 22 13 25 15 23 586
t 8 28 18 685 33 21 9 20
t 7 5 22 9 17 10 18 570
t 30 15 26 12 20 38 651 28
t 23 24 3 14 578 12 18 1
t 38 17 25 40 30 6 14 738
t 40 32 22 34 18 32 31 768
t 7 10 4 6 4 586 5 9
t 25 3 596 9 21 24 24 25
t 18 13 569 3 18 20 6 7
t 18 10 4 17 588 5 8 15
t 33 39 8 676 40 34 38 37
t 11 10 8 7 15 13 578 3
t 28 653 19 28 9 22 23 14
t 8 25 20 35 798 2 19 35
t 3 6 583 4 2 24 12 24
t 3 25 7 22 25 24 599 22
t 9 8 1 7 24 13 583 20
t 23 754 2 17 31 7 29 35
t 25 25 11 597 2 14 15 4
t 14 9 20 22 2 3 12 565
t 29 32 789 21 27 15 37 32
t 14 3 604 13 5 12 34 20
t 20 36 18 739 39 36 38 20
t 3 5 9 11 13 16 12 575
t 21 9 13 29 25 794 20 26
t 2 651 40 38 28 5 2 28
t 5 19 9 13 15 578 15 22
t 18 40 26 23 9 6 674 40
t 11 1 18 18 22 5 12 596
t 659 36 4 35 29 30 7 17
t 11 15 19 580 9 9 11 24
t 8 16 39 36 9 33 635 35
t 7 9 24 18 4 573 18 25
t 13 1 11 6 8 23 561 10
t 7 24 14 705 13 29 36 16
t 14 12 11 574 7 13 18 20
t 18 25 12 15 573 13 9 13
t 6 26 626 30 21 5 29 0
t 12 16 11 12 18 21 7 582
t 11 1 566 17 8 9 16 9
t 601 22 30 31 23 5 2 29
t 797 23 32 1 8 10 26 23
t 5 1 4 16 24 4 582 21
t 16 8 24 21 20 2 567 22
t 24 16 564 9 22 4 24 12
t 32 24 6 739 8 35 19 17
t 0 14 1 33 27 663 24 18
t 5 25 572 7 25 20 22 3
t 777 11 19 32 24 38 23 9
t 4 8 13 595 10 23 12 4
t 19 20 21 598 5 20 14 17
t 18 5 2 7 4 8 11 589
t 23 20 31 36 650 33 34 7
t 25 6 36 19 757 30 20 26
t 9 20 5 718 31 33 15 32
t 8 575 21 2 5 18 19 15
t 25 20 19 10 561 7 6 9
t 34 3 24 13 13 31 725 28
t 20 19 25 594 14 22 10 7
t 1 14 4 8 586 23 25 14
t 8 29 10 38 679 23 15 22
t 35 655 36 27 40 13 8 23
t 40 605 16 21 18 15 3 29
t 40 21 1 656 25 26 15 15
t 18 26 679 29 2 33 32 33
t 5 21 617 24 40 40 0 11
t 11 15 14 24 19 595 24 3
t 16 25 1 6 5 574 25 24
t 592 10 20 22 21 12 15 15
t 13 788 17 5 27 18 17 24
t 2 10 3 577 18 11 1 11
t 19 561 1 16 10 18 21 2
t 20 25 12 575 6 1 19 25
t 5 14 20 599 12 22 19 19
t 16 18 5 19 16 565 10 17
t 9 638 4 32 30 12 35 23
t 22 7 29 24 24 22 762 31
t 38 0 37 27 668 19 25 31
t 2 11 25 18 564 8 9 21
t 590 16 9 23 12 14 12 12
t 10 35 38 20 3 3 36 618
t 19 2 22 9 3 596 16 22
t 24 14 26 27 8 3 623 18
t 4 14 568 19 22 17 25 5
t 17 5 30 8 3 28 28 798
t 18 16 21 17 22 21 574 19
t 23 31 29 31 29 629 34 31
t 34 10 5 39 10 34 706 18
t 7 12 9 7 570 7 10 23
t 561 6 11 2 3 9 9 13
t 29 17 13 28 29 665 5 25
t 28 27 33 20 26 36 604 2
t 1 10 14 763 30 34 16 2
t 23 1 18 660 38 7 26 5
t 7 25 8 594 16 25 2 7
t 29 15 40 26 696 10 37 5
t 9 13 16 22 14 10 12 573
t 577 14 8 10 22 25 10 11
t 25 594 24 24 20 22 17 3
t 591 3 25 22 22 22 2 9
t 17 10 20 8 18 10 8 567
t 645 38 16 11 27 33 39 19
t 16 35 17 21 33 27 22 754
t 39 0 37 36 1 6 0 614
t 18 2 18 599 20 8 8 21
t 22 14 15 10 17 25 5 562
t 22 705 9 25 1 8 11 25
t 29 734 28 3 38 34 18 4
t 4 7 23 13 590 25 2 20
t 30 18 6 29 15 36 4 604
t 19 2 17 593 13 14 3 7
t 13 2 19 14 16 15 597 2
t 28 33 33 24 13 600 24 34
t 21 25 2 10 2 19 7 564
t 22 19 592 25 4 12 18 7
t 6 20 25 15 566 17 18 25
t 37 9 24 4 24 21 767 20
t 39 779 2 38 40 37 29 21
t 724 15 37 4 24 33 20 31
t 1 15 13 22 1 5 5 587
t 15 22 20 12 596 12 6 1
t 35 23 37 16 7 30 3 616
t 3 22 775 29 26 6 17 37
t 8 21 21 3 19 6 22 648
t 25 651 8 7 13 33 10 32
t 562 14 22 9 21 15 15 5
t 16 1 13 30 30 39 758 17
t 8 1 22 6 1 4 14 579
t 18 8 567 18 24 20 9 9
t 13 26 32 755 1 15 14 9
t 562 4 17 23 14 5 14 16
t 15 7 575 10 10 22 4 13
t 20 747 18 11 12 34 28 11
t 33 4 11 19 15 797 25 21
t 9 579 6 17 2 3 3 11
t 657 38 32 34 37 0 16 17
t 7 24 12 28 705 36 24 17
t 35 7 3 11 36 605 14 1
t 20 9 25 4 12 584 14 4
t 13 1 10 30 700 24 34 27
t 23 18 567 4 8 4 2 15
t 24 10 10 20 7 585 24 14
t 739 20 25 28 7 24 27 16
t 21 22 11 564 16 13 23 17
t 14 18 11 13 20 17 583 16
t 15 14 657 13 6 15 25 5
t 2 17 6 20 6 597 4 14
t 32 15 28 34 674 3 9 34
t 9 20 17 18 24 574 14 12
t 1 6 11 34 32 708 8 22
t 730 14 23 17 11 30 13 35
t 23 16 13 1 593 21 8 18
t 582 4 13 8 21 13 8 25
t 20 17 10 15 597 11 2 5
t 16 10 15 8 1 5 592 9
t 3 562 18 4 22 10 10 25
t 20 11 9 25 581 17 11 5
t 2 567 20 3 12 19 21 12
t 1 25 773 0 9 15 19 13
t 3 23 19 23 9 567 20 7
t 20 14 10 18 16 23 2 595
t 9 20 17 4 32 23 748 2
t 5 3 19 11 563 4 1 7
t 23 0 30 17 25 16 715 13
t 25 7 11 6 11 18 23 591
t 582 20 1 20 11 10 23 11
t 779 10 18 9 40 6 3 40
t 14 6 6 3 24 36 24 675
t 575 9 9 14 25 23 25 13
t 9 15 593 12 24 20 4 20
t 4 3 17 7 6 584 19 14
t 29 16 22 9 33 728 5 20
t 35 603 4 34 12 23 30 23
t 19 5 10 5 594 10 17 23
t 21 25 6 581 19 8 9 23
t 0 22 25 698 21 24 37 16
t 20 584 9 7 19 9 3 12
t 7 22 24 18 4 16 20 570
t 3 569 25 17 9 15 4 13
t 11 3 36 23 21 27 25 772
t 14 19 586 12 12 16 20 8
t 12 570 14 10 10 19 16 6
t 13 22 6 7 23 590 13 8
t 3 2 12 1 23 567 10 20
t 38 24 39 0 31 628 21 9
t 11 585 21 9 18 13 13 18
t 20 8 15 6 8 595 7 21
t 560 17 12 4 4 10 16 12
t 25 23 17 22 20 25 18 794
t 16 21 23 14 582 22 3 16
t 24 19 3 19 582 4 21 24
t 19 16 17 24 593 15 22 19
t 19 1 21 23 8 14 21 560
t 34 10 33 23 18 766 31 25
t 725 17 11 3 2 12 3 14
t 15 16 38 37 28 24 22 787
t 794 8 32 38 15 26 2 35
t 5 24 18 14 9 8 594 15
t 3 35 1 39 37 0 699 3
t 34 769 20 17 3 24 4 32
t 22 592 8 8 23 14 10 21
t 19 4 2 9 562 21 10 25
t 24 7 14 567 12 24 1 3
t 0 12 633 31 9 14 39 20
t 786 22 9 26 29 0 28 5
t 2 567 16 7 24 19 17 13
t 9 8 23 13 16 5 580 19
t 4 755 34 30 21 11 9 33
t 19 562 25 9 25 25 18 17
t 5 31 32 23 14 6 26 797
t 22 21 18 1 12 563 16 6
t 27 14 7 4 612 21 4 34
t 14 19 8 14 9 593 5 7
t 21 22 12 16 588 25 22 23
t 23 16 19 599 25 9 21 10
t 1 8 594 19 3 21 6 16
t 13 21 13 3 14 593 4 20
t 6 39 5 26 32 16 672 6
t 22 8 2 595 1 10 20 9
t 711 5 29 39 0 29 2 0
t 24 22 4 19 6 1 583 10
t 27 27 22 36 13 23 7 792
t 7 7 38 700 1 2 34 5
t 581 21 15 5 22 4 17 9
t 26 26 28 10 25 688 4 37
t 39 799 22 33 6 17 0 15
t 9 17 12 25 564 4 13 4
t 22 40 756 29 30 8 33 4
t 18 31 25 6 10 637 0 9
t 24 4 4 7 30 664 25 6
t 10 711 34 25 38 14 2 16
t 7 32 13 9 17 17 760 5
t 8 4 21 565 6 7 13 8
t 17 10 9 8 22 6 2 569
t 21 646 9 7 15 22 13 36
t 31 22 13 0 2 721 27 29
t 23 6 561 13 8 13 9 18
t 19 12 34 19 632 30 11 28
t 3 13 596 6 25 6 25 18
t 24 11 21 760 30 27 11 35
t 24 14 18 20 599 20 8 25
t 769 13 8 12 21 23 12 2
t 9 6 583 9 24 16 14 18
t 670 20 3 21 6 3 38 30
t 627 31 16 6 36 37 39 34
t 14 30 39 667 36 27 18 29
t 0 19 27 20 40 29 623 19
t 40 717 37 8 16 31 23 26
t 3 6 16 24 15 573 14 16
t 791 40 31 24 32 22 15 3
t 2 20 5 14 598 10 18 10
t 14 7 575 15 18 22 18 3
t 3 581 14 6 17 14 18 22
t 8 16 8 25 581 25 16 10
t 10 23 17 567 3 6 16 3
t 19 29 696 13 1 21 14 21
t 1 1 20 2 5 1 561 17
t 19 17 21 575 20 25 20 24
t 15 7 578 25 13 6 17 1
t 4 5 616 20 5 40 26 38
t 29 9 34 29 35 31 29 732
t 38 8 20 27 30 39 722 18
t 19 28 25 679 20 7 36 24
t 17 578 4 1 14 11 20 2
t 25 22 17 37 3 624 1 26
t 560 18 2 21 16 15 6 7
t 17 10 12 3 25 15 574 7
t 4 19 14 6 1 19 584 24
t 8 579 22 3 11 10 21 15
t 12 7 25 14 20 17 573 24
t 571 7 7 1 18 4 6 11
t 15 29 26 6 23 30 31 650
t 22 29 32 26 39 733 38 23
t 10 15 17 11 25 24 7 573
t 23 10 27 34 15 19 669 13
t 40 23 624 22 27 9 25 28
t 20 33 624 13 38 24 7 26
t 13 14 569 21 17 20 24 24
t 652 1 25 8 33 15 25 12
t 9 6 17 1 599 5 20 13
t 24 1 6 14 20 16 578 21
t 4 8 20 25 23 4 572 2
t 4 8 10 14 10 6 598 4
t 786 9 5 38 32 38 4 13
t 3 11 5 16 23 572 23 6
t 21 34 749 7 5 33 4 18
t 10 589 16 2 16 10 25 12
t 24 17 17 19 22 1 572 25
t 8 11 21 3 25 6 3 597
t 5 15 575 6 1 19 23 13
t 698 39 14 30 0 30 40 2
t 23 25 8 23 24 6 1 576
t 26 11 9 32 12 648 16 10
t 573 25 23 14 6 17 5 1
t 12 650 6 23 35 36 26 10
t 18 8 1 590 21 6 19 18
t 15 25 25 11 9 14 560 20
t 3 12 19 16 21 17 595 14
t 764 11 38 39 14 2 38 21
t 20 607 17 16 29 11 4 13
t 19 24 5 18 574 18 3 2
t 10 16 35 653 2 8 8 36
t 19 13 21 23 577 2 8 18
t 34 30 3 30 701 20 35 5
t 1 2 23 597 6 21 17 4
t 6 6 13 6 598 15 23 20
t 4 38 6 39 25 1 719 6
t 19 10 18 25 579 8 7 11
t 40 24 32 37 23 4 0 603
t 9 599 16 9 9 14 25 10
t 30 8 39 21 40 15 1 696
t 2 6 20 560 15 6 17 10
t 20 18 21 16 18 562 13 11
t 29 11 8 24 633 4 3 3
t 20 17 14 10 577 1 5 5
t 25 14 22 13 25 578 1 4
t 6 5 583 8 3 5 1 9
t 23 5 1 591 3 1 24 7
t 595 23 6 3 5 23 9 1
t 2 7 10 20 3 10 13 564
t 644 15 21 31 5 37 5 40
t 11 602 36 12 3 7 9 33
t 16 590 22 16 6 6 3 21
t 14 13 6 9 7 14 578 14
t 7 26 16 34 21 675 4 13
t 7 13 11 15 576 1 16 24
t 17 604 37 29 34 36 7 6
t 22 2 23 17 12 18 14 566
t 27 11 20 33 616 12 32 1
t 7 10 15 18 1 22 15 589
t 5 24 583 9 11 6 24 15
t 11 14 22 21 561 2 23 12
t 670 7 21 39 32 29 29 17
t 18 10 24 11 7 1 599 4
t 15 596 11 18 19 7 5 21
t 582 10 7 5 11 3 9 24
t 752 12 35 19 10 18 2 18
t 24 7 19 7 15 560 25 16
t 763 1 39 30 14 5 26 24
t 645 33 14 25 17 17 31 4
t 582 5 6 21 24 19 9 17
t 20 16 17 24 2 15 13 587
t 35 15 28 699 39 40 11 31
t 32 31 26 1 12 9 652 3
t 8 24 9 33 6 7 35 730
t 34 32 31 18 20 5 648 11
t 565 9 16 8 13 23 12 10
t 38 40 19 26 39 705 26 20
t 27 2 12 7 730 13 33 23
t 8 21 1 578 13 23 3 9
t 6 11 20 20 586 18 6 17
t 20 3 2 33 24 27 18 761
t 566 13 11 11 24 15 8 18
t 17 24 21 12 15 4 14 597
t 37 34 28 19 736 28 36 29
t 5 8 25 15 581 4 16 15
t 19 20 13 23 8 13 574 8
t 562 25 6 8 10 18 7 12
t 9 577 3 21 16 12 11 23
t 13 14 18 14 11 594 14 18
t 3 22 21 589 21 16 14 25
t 23 17 14 575 16 13 12 17
t 4 609 19 38 36 37 27 17
t 37 29 27 33 749 4 3 17
t 5 652 18 23 11 5 20 6
t 570 8 20 25 25 16 22 22
t 13 21 27 17 5 625 29 10
t 37 3 14 40 40 24 660 27
t 18 38 13 756 20 13 30 20
t 579 1 16 4 8 3 9 24
t 33 25 34 18 691 2 30 30
t 31 630 26 25 5 25 18 19
t 22 16 12 17 21 579 13 25
t 14 31 11 30 748 29 12 36
t 4 7 564 23 4 19 16 6
t 790 12 18 35 0 19 39 12
t 594 17 24 13 25 12 22 4
t 20 9 2 19 15 572 7 22
t 22 5 11 4 14 561 19 1
t 21 16 22 2 8 25 574 14
t 3 2 17 20 12 4 579 24
t 10 578 12 6 2 7 25 24
t 22 24 18 2 697 40 30 0
t 23 2 13 732 0 7 5 39
t 4 18 3 8 595 23 5 6
t 9 21 21 5 571 1 22 24
t 675 31 2 27 14 0 17 3
t 567 15 10 4 24 15 25 11
t 24 16 13 7 16 565 21 5
t 19 1 587 4 2 22 10 5
t 9 624 21 35 37 5 34 23
t 741 13 23 10 23 17 9 5
t 17 18 11 23 24 14 9 596
t 19 2 39 38 26 722 2 1
t 34 30 10 3 641 16 3 35
t 561 24 8 25 10 13 11 22
t 8 20 26 684 26 24 28 15
t 10 8 22 10 574 18 22 22
t 15 23 6 24 2 11 582 12
t 23 2 34 22 0 19 721 25
t 20 11 586 9 1 15 14 21
t 624 26 6 36 31 26 24 40
t 564 5 5 12 4 8 13 12
t 673 37 26 7 31 33 5 23
t 29 14 19 14 12 638 31 6
t 25 19 9 15 16 592 21 17
t 19 21 10 17 10 19 10 560
t 7 560 8 18 20 17 24 24
t 25 11 16 8 7 19 584 15
t 20 4 19 10 632 35 29 2
t 10 2 20 22 7 23 9 582
t 10 12 3 3 24 565 25 5
t 15 15 13 21 5 14 21 583
t 18 8 12 560 3 14 17 23
t 23 15 29 23 4 7 1 619
t 38 710 8 32 7 1 7 8
t 15 25 21 578 17 9 20 3
t 33 13 29 683 32 21 31 20
t 2 1 14 4 571 10 11 22
t 583 8 13 19 11 20 13 24
t 35 7 13 6 5 685 8 1
t 656 1 23 12 20 19 33 10
t 13 14 20 9 22 10 584 16
t 38 18 29 614 3 4 24 37
t 12 7 583 4 17 11 25 3
t 10 7 5 16 10 20 20 593
t 16 11 8 5 20 23 2 572
t 7 8 1 21 21 25 588 9
t 3 34 27 780 33 11 29 18
t 40 40 31 26 19 36 5 678
t 15 23 25 17 597 18 18 16
t 8 24 20 20 9 596 4 8
t 18 13 1 16 4 569 21 18
t 3 18 14 562 4 20 3 15
t 22 16 24 595 21 17 9 18
t 12 22 17 23 7 11 574 2
t 15 3 3 24 27 23 40 658
t 6 26 3 674 14 10 5 5
t 2 20 15 584 11 11 20 24
t 12 12 15 597 8 6 17 23
t 19 24 2 11 15 9 24 562
t 13 5 40 4 21 1 4 719
t 25 16 35 5 12 8 39 795
t 17 19 1 8 3 23 24 596
t 17 37 758 38 20 39 12 5
t 726 23 28 5 25 18 6 32
t 40 619 18 31 33 14 2 23
t 24 20 12 9 581 6 25 6
t 6 24 573 6 9 22 22 6
t 25 5 5 13 5 577 2 24
t 27 9 29 733 18 17 37 8
t 32 7 640 31 26 19 31 4
t 10 683 37 17 3 37 13 0
t 25 10 30 35 38 29 604 32
t 19 7 573 15 2 16 11 13
t 22 6 18 6 566 24 21 20
t 20 20 26 22 798 29 4 12
t 18 25 1 24 15 17 575 18
t 21 17 566 13 12 23 7 20
t 37 17 17 39 735 27 37 19
t 22 570 1 20 21 20 4 17
t 24 4 16 19 9 24 585 9
t 35 19 8 30 642 19 9 26
t 2 25 568 22 20 6 15 24
t 2 3 21 40 9 1 673 4
t 578 13 25 21 8 3 18 13
t 13 34 24 1 24 24 693 30
t 12 6 23 21 10 6 568 4
t 25 21 1 13 15 581 21 22
t 11 36 0 14 16 36 634 28
t 13 2 792 10 3 31 34 24
t 3 8 1 2 577 15 19 22
t 34 30 12 22 11 11 14 712
t 25 20 576 25 24 15 19 14
t 27 3 648 40 30 16 27 35
t 2 8 30 23 34 732 17 20
t 8 25 6 2 5 566 7 1
t 34 661 5 15 24 15 25 12
t 13 7 27 612 36 7 18 4
t 596 17 17 5 25 7 9 12
t 40 38 38 28 15 4 21 600
t 15 18 4 591 18 15 23 4
t 2 1 24 4 561 14 16 13
t 17 7 11 18 584 6 10 23
t 36 0 655 10 23 16 36 32
t 30 32 11 10 17 779 17 33
t 9 5 19 1 17 13 20 572
t 21 10 10 10 3 32 31 712
t 4 2 2 24 585 25 7 6
t 8 25 39 28 32 719 35 7
t 12 9 1 678 15 19 38 37
t 19 10 3 587 19 16 7 9
t 2 8 9 17 597 23 24 14
t 15 15 23 20 10 599 10 19
t 15 622 39 32 33 0 2 4
t 17 592 18 3 8 13 14 11
t 12 11 23 31 33 25 673 12
t 27 21 12 34 4 712 13 26
t 18 19 14 568 20 6 22 15
t 32 3 27 10 8 737 25 13
t 8 23 4 13 581 17 15 10
t 11 14 3 25 568 6 23 20
t 748 16 1 31 23 3 40 20
t 21 22 685 39 37 10 40 28
t 1 4 1 20 567 1 8 10
t 9 20 3 563 10 20 9 20
t 28 1 34 22 1 32 33 782
t 11 26 12 22 13 14 20 744
t 698 34 37 36 30 38 19 39
t 22 11 18 10 13 16 591 12
t 13 653 26 23 26 29 19 31
t 15 2 584 13 24 23 17 20
t 6 11 583 16 3 23 11 2
t 574 6 17 14 5 14 10 9
t 22 18 15 14 12 10 7 565
t 12 599 23 7 10 19 2 25
t 3 5 9 23 588 10 3 9
t 25 22 599 3 12 3 9 15
t 31 708 34 25 20 34 20 12
t 12 24 763 27 15 32 18 30
t 37 649 2 13 36 15 6 33
t 37 668 26 13 17 7 7 39
t 788 7 32 1 10 19 8 9
t 1 6 7 24 12 5 9 599
t 20 28 27 6 776 40 15 27
t 8 5 13 18 595 25 14 10
t 596 22 8 11 11 16 2 16
t 33 27 40 2 22 35 793 16
t 661 4 25 19 21 39 31 1
t 25 3 23 4 598 21 13 2
t 22 5 10 596 13 9 1 23
t 3 16 18 1 579 25 9 11
t 14 10 5 568 7 15 13 11
t 27 27 32 5 700 28 6 37
t 16 23 2 25 12 11 3 576
t 14 36 18 15 14 14 680 30
t 14 12 6 2 17 14 13 564
t 24 651 8 36 35 7 7 6
t 579 13 22 4 21 20 15 15
t 23 10 21 22 22 575 13 16
t 1 9 9 18 14 21 21 587
t 24 2 30 629 9 18 17 34
t 39 28 4 37 12 1 776 40
t 20 31 29 7 23 27 743 30
t 6 6 22 1 3 16 16 586
t 2 674 32 35 34 38 2 6
t 38 36 37 618 22 33 18 2
t 36 0 24 6 624 7 19 20
t 6 6 790 21 19 13 3 7
t 6 32 778 34 36 21 31 38
t 8 2 3 8 596 11 22 5
t 23 4 16 12 563 17 13 11
t 666 21 21 7 24 21 9 38
t 8 11 12 28 34 35 750 35
t 5 18 654 37 32 1 23 3
t 3 15 1 763 0 12 28 37
t 5 4 7 19 21 24 599 9
t 14 2 22 1 7 569 11 2
t 18 562 9 16 16 9 4 17
t 17 8 7 18 2 12 563 11
t 35 784 33 35 40 38 38 16
t 6 2 647 4 27 8 36 6
t 1 15 590 25 10 22 5 13
t 16 4 17 579 18 5 4 23
t 9 25 14 582 16 10 23 13
t 15 592 21 16 24 23 11 11
t 39 2 22 26 786 29 22 31
t 28 38 727 12 4 6 8 11
t 30 35 22 7 15 39 33 703
t 40 6 4 38 3 38 16 693
t 23 32 25 36 724 6 34 13
t 16 19 4 1 588 23 9 1
t 16 37 746 17 24 15 19 2
t 8 11 12 19 25 13 585 19
t 9 5 11 23 594 8 24 14
t 22 5 36 778 32 18 36 8
t 14 5 716 25 6 5 33 0
t 22 4 1 5 566 6 21 16
t 13 7 23 20 5 1 22 585
t 39 2 22 29 8 736 37 11
t 724 17 9 2 38 3 25 3
t 10 593 18 13 22 4 15 20
t 39 700 10 10 5 0 30 21
t 9 9 18 17 679 9 8 15
t 23 565 12 13 21 20 4 18
t 29 5 36 34 20 8 10 778
t 25 11 30 711 8 27 28 20
t 32 1 30 11 20 29 12 659
t 39 8 6 13 725 35 23 29
t 25 693 20 38 13 2 13 21
t 36 20 12 39 35 13 5 762
t 584 19 24 19 6 16 23 19
t 21 23 21 569 20 25 19 22
t 2 12 15 11 9 580 15 22
t 36 24 20 23 37 17 625 10
t 593 12 11 8 16 6 18 24
t 8 18 566 2 8 24 21 12
t 15 16 19 589 12 18 13 6
t 564 16 13 17 7 6 25 22
t 23 17 14 19 4 14 23 599
t 36 752 21 7 39 24 34 16
t 19 588 7 14 18 4 2 17
t 14 1 11 15 22 579 2 7
t 12 6 10 706 19 26 33 20
t 32 748 36 30 9 3 39 19
t 5 17 16 12 21 591 20 4
t 9 16 565 6 15 8 7 2
t 20 13 16 14 21 582 9 23
t 8 23 3 5 9 9 687 29
t 8 5 2 20 18 1 22 561
t 723 38 35 0 16 2 14 33
t 13 24 12 14 16 762 13 17
t 6 578 6 13 8 5 5 2
t 7 36 698 1 8 8 31 12
t 8 24 12 4 592 18 15 13
t 21 6 25 29 14 26 766 16
t 19 24 35 24 24 28 33 719
t 12 16 5 23 16 586 3 15
t 18 25 13 580 19 25 23 22
t 30 23 14 28 617 31 15 5
t 19 23 9 6 20 9 23 582
t 11 19 14 3 15 5 6 777
t 2 4 8 10 591 12 23 15
t 31 39 15 1 30 655 32 27
t 5 597 23 24 23 18 11 18
t 4 2 25 15 13 560 7 4
t 8 14 35 600 10 23 0 2
t 11 39 8 23 36 33 695 29
t 32 3 37 32 1 29 665 9
t 12 4 591 19 6 4 16 1
t 3 38 18 32 787 33 31 22
t 6 606 40 14 29 39 27 40
t 751 35 32 26 11 17 12 23
t 20 8 16 744 25 5 37 24
t 23 19 574 3 21 8 23 17
t 23 13 5 9 2 8 579 8
t 12 751 10 36 7 20 5 36
t 663 25 4 18 20 13 24 10
t 17 24 18 2 5 17 562 11
t 34 11 35 2 32 38 6 682
t 35 2 706 33 5 36 13 9
t 561 14 23 8 22 15 12 17
t 31 13 26 700 14 19 28 0
t 25 1 2 585 23 25 15 21
t 20 580 12 22 18 13 13 19
t 7 4 23 4 17 22 597 6
t 12 7 7 572 9 6 19 16
t 26 21 606 27 27 12 25 29
t 615 33 26 7 36 20 11 30
t 5 25 9 14 21 3 570 20
t 9 572 16 13 25 6 4 24
t 18 5 24 22 797 3 30 31
t 560 10 24 18 13 18 18 18
t 29 713 20 32 11 3 33 13
t 17 6 30 26 35 21 613 6
t 12 15 20 16 10 18 8 567
t 28 39 10 5 1 735 20 12
t 25 596 8 21 17 18 12 24
t 37 29 33 27 29 660 10 26
t 598 13 17 7 8 11 24 15
t 5 3 564 24 5 23 4 6
t 18 15 594 7 6 6 14 24
t 27 16 735 22 40 19 31 7
t 14 24 560 8 17 19 25 5
t 9 14 18 4 25 564 8 2
t 733 13 22 38 32 4 16 19
t 9 1 595 2 17 24 9 17
t 25 22 8 7 9 583 12 6
t 36 1 32 10 22 17 760 32
t 21 32 791 30 18 26 15 15
t 6 14 639 12 36 19 30 27
t 29 5 17 616 24 3 1 36
t 12 21 17 4 16 22 564 2
t 31 608 22 29 19 36 0 39
t 4 2 28 40 0 19 600 38
t 4 13 16 21 596 22 25 25
t 566 11 4 8 11 20 10 8
t 0 686 8 5 34 18 17 26
t 770 5 39 24 30 26 40 12
t 10 25 38 19 15 13 791 36
t 15 683 9 34 10 22 34 37
t 13 10 592 2 11 15 21 3
t 8 24 8 24 10 17 595 13
t 24 580 13 21 11 4 16 22
t 36 711 25 7 37 15 37 37
t 3 20 3 21 719 35 8 23
t 22 4 15 4 562 5 18 25
t 752 33 8 29 24 33 13 20
t 4 6 577 4 22 25 1 14
t 19 2 25 722 40 24 26 6
t 28 30 15 19 31 8 632 19
t 587 8 14 13 16 17 16 1
t 27 16 652 31 31 10 30 2
t 7 20 2 8 22 17 572 12
t 16 15 697 4 13 32 31 20
t 4 1 18 11 6 1 25 567
t 11 4 6 5 10 25 25 562
t 13 12 0 18 22 36 774 34
t 5 16 9 573 23 5 17 3
t 1 2 22 20 20 581 12 11
t 764 22 21 6 17 23 5 34
t 15 5 24 11 586 7 21 8
t 5 10 7 4 567 18 20 9
t 35 17 8 7 7 0 3 724
t 16 567 11 15 25 18 11 9
t 16 10 15 10 3 22 16 587
t 17 25 3 22 25 16 755 5
t 12 20 38 2 3 14 790 40
t 23 746 12 24 0 25 0 30
t 6 27 36 29 6 37 702 12
t 581 3 6 11 17 5 16 10
t 33 36 9 19 18 638 24 8
t 0 0 4 686 32 14 28 19
t 12 12 3 10 566 20 10 21
t 9 38 4 25 29 30 36 789
t 2 709 6 25 33 17 11 40
t 40 9 644 20 31 35 1 30
t 19 21 10 13 562 11 5 4
t 647 2 18 40 35 38 24 28
t 35 29 774 7 21 25 16 19
t 35 38 3 14 690 34 7 26
t 12 5 16 12 1 792 18 3
t 16 9 565 5 19 1 8 9
t 7 20 3 18 4 5 575 11
t 3 18 21 570 12 14 20 9
t 7 15 2 22 8 1 6 598
t 38 34 27 40 732 0 35 22
t 8 23 4 577 3 12 14 10
t 6 25 22 6 21 25 590 21
t 24 5 14 562 19 11 9 12
t 27 6 35 32 658 21 26 10
t 29 38 0 23 39 759 38 40
t 18 21 14 17 583 13 4 13
t 19 15 8 632 24 27 34 22
t 27 12 19 30 26 10 608 35
t 3 566 24 4 15 11 15 24
t 13 2 8 16 8 594 21 3
t 23 561 4 4 13 11 16 11
t 2 16 27 19 35 16 8 784
t 21 13 560 19 17 4 21 1
t 6 3 598 24 12 18 23 14
t 30 18 729 10 26 31 21 37
t 23 12 21 578 4 6 21 19
t 3 1 21 679 36 34 24 4
t 2 21 10 11 9 23 16 581
t 3 37 17 37 0 3 19 741
t 25 2 4 5 582 18 7 25
t 19 1 714 16 10 18 27 14
t 22 32 6 23 19 9 31 772
t 20 25 15 5 10 25 582 10
t 27 1 16 11 5 15 680 2
t 1 12 22 11 6 5 9 573
t 8 3 567 15 8 8 19 15
t 11 20 23 21 14 5 19 597
t 33 30 1 29 741 28 17 6
t 38 10 35 21 18 0 777 18
t 19 4 4 5 23 584 13 16
t 1 16 7 598 7 8 3 23
t 5 9 22 587 3 1 21 15
t 22 16 22 575 14 22 25 3
t 5 25 15 7 569 7 1 17
t 728 21 10 32 10 31 24 26
t 14 20 575 3 24 20 13 3
t 13 15 593 6 20 11 15 3
t 1 40 24 776 4 10 33 0
t 12 40 21 32 7 39 684 2
t 3 20 9 17 579 22 15 1
t 11 3 18 562 20 23 21 11
t 2 10 15 569 11 8 9 3
t 22 677 8 39 3 12 40 40
t 760 17 39 13 35 9 38 26
t 25 14 12 21 23 2 25 595
t 38 767 38 39 21 29 29 19
t 15 21 16 577 20 9 9 23
t 9 11 8 602 24 28 6 2
t 0 24 28 16 16 31 799 30
t 24 23 39 25 22 6 692 9
t 1 26 15 40 713 0 1 28
t 5 563 20 11 22 23 4 25
t 24 32 12 8 37 741 14 27
t 12 9 7 1 10 578 24 20
t 14 1 11 21 591 18 3 16
t 33 23 672 16 2 33 23 30
t 20 9 20 567 15 6 8 19
t 14 14 6 11 8 2 674 9
t 682 18 15 28 19 38 34 39
